접수일,처리부서,접수번호,청구제목,청구내용,결정구분,처리기간
2024-01-21,해솔시 정보통신과,FOI-2024-00001,푸른마루 교차로 CCTV 영상정보 공개 청구,푸른마루 교차로에서 발생한 교통사고 확인을 위해 사고 당일 오후 시간대 방범용 CCTV 영상정보 공개를 청구합니다. 사고 경위 확인에 필요합니다.,공개,15
2024-12-20,여울시 단비구 정보통신과,FOI-2024-00002,한울초 주변 통학로 CCTV 설치 현황 공개 청구,"한울초 주변 통학로에 설치된 방범용 CCTV의 설치 위치, 설치 연도, 화소 수, 관리 부서를 공개하여 주시기 바랍니다. 자녀 통학 안전 확인 목적입니다.",부분공개,18
2022-08-29,누리시 바른구 정보통신과,FOI-2022-00003,새빛시장 주변 CCTV 영상 보관기간 관련 자료 청구,"새빛시장 주변에 설치된 CCTV 영상정보의 보관기간과 열람 절차, 최근 1년간 영상 열람 요청 처리 건수를 공개하여 주시기 바랍니다.",공개,8
2023-03-13,새봄시 한울구 안전총괄과,FOI-2023-00004,새빛시장 주변 절도 사고 관련 영상 열람 청구 (4호),새빛시장 내에서 귀중품이 사라지는 사고가 발생했습니다. 근무 시간 중 발생하여 시장 내 CCTV 영상 확인이 시급합니다. 제품 진열대 주변과 출입구 촬영분을 요청합니다.,공개,16
2022-11-01,누리시 바른구 정보통신과,FOI-2022-00005,맑은마을 커뮤니티센터 내 안전 사고 영상 열람 청구 (5호),커뮤니티센터 이용 중 엘리베이터 고장으로 불편을 겪었습니다. 사고 발생 경위 확인과 시설 관리 파악을 위해 해당 시간 엘리베이터 내부·로비 CCTV 영상을 청구합니다.,부분공개,3
2024-01-26,너울시 물빛구 안전총괄과,FOI-2024-00006,가온로 보행구간 고령자 안전 관련 영상 열람 청구 (6호),가온로 보행구간에서 노인이 넘어지는 사고가 발생했습니다. 보행 인프라 안전확인을 위해 사고 발생 시간 전후 구간 CCTV 영상을 청구합니다. 오후 3시경 해당 구간을 확인 부탁드립니다.,공개,7
2023-08-20,누리시 바른구 정보통신과,FOI-2023-00007,한울초 주변 통학로 안전 점검 영상 열람 청구 (7호),손주 등교길 안전을 확인하고 싶어 해당 구간 CCTV 영상 청구를 합니다. 한울초 주변 통학로에서 아침 7시부터 8시 사이의 영상으로 학생들과 보호자 출입 현황을 확인하고자 합니다.,공개,16
2025-01-11,새봄시 한울구 안전총괄과,FOI-2025-00008,도담천 산책로 고령자 이용실태 영상 열람 청구 (8호),도담천 산책로를 자주 이용하는데 최근 시설 상태가 걱정됩니다. 산책로 주요 구간의cctv 영상을 확인하여 안전하게 이용하고자 합니다. 특히 계절이 바뀌는 시기의 영상을 요청합니다.,공개,1
2025-12-04,해솔시 정보통신과,FOI-2025-00009,미르로 교차로 보행자 신호 위반 관련 영상 열람 청구 (9호),미르로 교차로에서 매일 반복되는 보행자 신호 위반 실태를 확인하고자 합니다.보행자 안전을 위해 신호위반 시간대와 현황이 담긴 영상을 요청합니다.,부분공개,10
2023-11-09,너울시 물빛구 정보통신과,FOI-2023-00010,가람공공청사 주변 무장애 시설 확인 영상 열람 청구 (10호),공공청사 주변의 시설 이용 실태를 확인하고 싶습니다. 휠체어 사용자로 출입하는 분의 동선을 파악하기 위한 영상 청구를 합니다. 청사 정문 주변 구간을 요청합니다.,부분공개,12
2025-07-23,가람시 열린구 안전총괄과,FOI-2025-00011,새봄역 환승구역 학생 하학 관련 영상 열람 청구 (11호),자녀가 새봄역 환승구역에서 하학 후 귀가 시 이상 상황을 겪었다 합니다.확인을 위해 오후 5시에서 6시 사이의 환승구역 영상 열람을 청구합니다.,비공개,2
2022-01-22,가람시 열린구 안전총괄과,FOI-2022-00012,열린마을 공원 놀이터 안전 관련 영상 열람 청구 (12호),공원 놀이터에서 아이들 간 다툼이 있었다고 합니다.시설와관리책임 확인을 위해 해당 시간 공원 놀이대 주변 촬영분을 요청합니다.,부분공개,12
2025-07-29,가람시 열린구 정보통신과,FOI-2025-00013,해솔문화광장 야간 프로그램 참여 관련 영상 열람 청구 (13호),문화광장에서 열린 야간 행사에 참여했으나 귀가 후 소지품이 없는 걸 확인했습니다. 행사 현장의 영상 확인이 필요하여 청구합니다. 행사 종료 시간 전후를 포함해 주세요.,비공개,18
2024-02-28,가람시 새빛구 안전총괄과,FOI-2024-00014,온빛도서관 앞 도로 학생 안전 관련 영상 열람 청구 (14호),도서관 앞 도로에서 학생들이 뛰어가는 모습이 걱정됩니다.지역네트워크 차원에서 해당 구간 영상 확인을 요청합니다.,부존재,16
2025-03-31,누리시 바른구 정보통신과,FOI-2025-00015,라온체육센터 주변 운동 이용자 안전 관련 영상 열람 청구 (15호),체육센터 이용 후 야간에 이상 인물 접근이 있었다 합니다.운동시설자 안전을 위해 야간 조명 구간 영상을 청구합니다.,공개,7
2022-01-05,라온군 안전총괄과,FOI-2022-00016,세움산업단지 입구 출입 관리 영상 열람 청구 (16호),산업단지 입구에서 작업복 소지품이 사라지는 사고가 발생했습니다.시설 입출고 현황 파악을 위해 사고 발생일 전후 입구 CCTV 영상을 요청합니다.,부분공개,9
2024-06-20,새봄시 한울구 정보통신과,FOI-2024-00017,한들동 생활권 근로자 하교길 안전 영상 열람 청구 (17호),산업단지으로 늦은 후 한들동 생활권 구간을 걸어갑니다.귀가자의 안전을 위해 주요 경로 CCTV 영상을 확인하고 싶습니다.,공개,7
2022-06-16,미래군 안전총괄과,FOI-2022-00018,너울천 산책로 야간 이용자 안전 관련 영상 열람 청구 (18호),산책로 야간 조명이 약해 불빛 아래에서 실족 사고가 났습니다.시설 안전 점검을 위해 사고 발생 시간 너울천 산책로 영상을 청구합니다.,공개,11
2022-06-08,라온군 안전총괄과,FOI-2022-00019,맑은마을 커뮤니티센터 근로자 복지 관련 영상 열람 청구 (19호),커뮤니티센터 근무 중 시설물 이상으로 불편을 겪었습니다.근로환경자료 확보를 위해 해당 시간 시설 내부 영상을 요청합니다.,공개,3
2024-04-22,온빛시 정보통신과,FOI-2024-00020,빛솔광장 일대 야간 보행 관련 영상 열람 청구 (20호),빛솔광장 일대에서 늦은 시간 보행 시 의심 대상이 발견되었습니다.귀가자의 확보를 위해 해당 구간 영상을 열람 청구합니다.,부분공개,12
2023-05-27,새봄시 한울구 안전총괄과,FOI-2023-00021,새빛시장 한복 재료 구매 관련 영상 열람 청구 (21호),시장에서 한복용 직물을 구매했는데 무게 분쟁이 발생했습니다.상거래 분쟁 해결을 위해 해당 매장 주변 CCTV 영상을 요청합니다. 오후 2시경 구매 건입니다.,공개,12
2025-09-12,너울시 물빛구 정보통신과,FOI-2025-00022,해솔문화광장 전통 문화 행사 관련 영상 열람 청구 (22호),문화광장에서 개최된 전통 행사 중 소품 손상이 발생했습니다.행사 진행 현황 확인을 위해 행사 시간대 영상을 청구합니다.,부분공개,9
2025-10-06,세움시 맑은구 정보통신과,FOI-2025-00023,가람공공청사 주변 전통 공예 체험 관련 영상 열람 청구 (23호),공공청사 전통 공예 체험 프로그램 참여 후 작품이 훼손된 것을 확인했습니다.체험 과정 영상 확인을 위해 해당 시간대 촬영분을 요청합니다.,부분공개,14
2025-02-23,세움시 맑은구 정보통신과,FOI-2025-00024,온빛도서관 앞 전통 시장 구간 영상 열람 청구 (24호),도서관 앞 전통 시장 구간에서 산책 중 분쟁이 발생했습니다.지역 안전 실태 파악을 위해 해당 시간 시장 주변 영상을 청구합니다.,부분공개,6
2022-08-15,너울시 물빛구 안전총괄과,FOI-2022-00025,미르로 교차로 인근 전통 마을 영상 열람 청구 (25호),미르로 교차로 인근 전통 마을에서 전통 공예품 수급 관련 상담 후 귀가 중 지장이 발생했습니다.동네확인을 위해 해당 구간 영상을 요청합니다.,비공개,1
2025-07-31,온빛시 교통행정과,FOI-2025-00026,한울초 주변 통학로 교통신호 체계 변경 이력 및 안전 점검 기록 청구 (26호),"한울초 주변 통학로에서 최근 신호 체계가 변경된 것으로 파악됩니다. 자녀가 홀로 등교하고 있어 신호 변경이 초등학생 보행 안전에 미치는 영향이 걱정됩니다. 해당 구간의 신호 체계 변경 이력, 안전 점검 일정 및 결과를 공개하여 주시기 바랍니다.",비공개,7
2023-01-17,온빛시 교통행정과,FOI-2023-00027,가온로 보행구간 주정차 단속 경위 및 위반 차량 처리 내역 청구 (27호),"가온로 보행구간에서 주정차 단속이 집중적으로 이루어지고 있습니다. 한부모 가구로서 차량이 주요 이동 수단인데, 단속 기준과 위반 차량에 대한 처리 경위 및 결과가 불분명합니다. 단속 일시, 단속 근거 조항, 위반 차량 처리 내역의 공개를 요청합니다.",공개,8
2023-04-02,빛솔시 아람구 교통행정과,FOI-2023-00028,푸른마루 교차로 신호 고장 및 교체 이력 공개 청구 (28호),"푸른마루 교차로에서 신호 고장이 반복적으로 발생하고 있습니다. 출퇴근길에 이용하는 주요 교차로인 만큼 고장 원인, 보수 이력, 신호 교체 일정이 어떻게 되는지 알고 싶습니다. 해당 교차로 신호 관련 고장 접수 일시, 보수 이력, 교체 계획을 공개하여 주시기 바랍니다.",공개,2
2022-06-24,누리시 바른구 교통행정과,FOI-2022-00029,새빛시장 주변 불법주정차 민원 처리 현황 및 개선 계획 청구 (29호),"새빛시장 주변도로에 불법주정차가 빈번하여 보행자에 위험합니다. 시장 이용 고객과 인근 주민들 사이에서 민원이 다수 접수된 것으로 파악되는데, 현재까지의 민원 처리 현황과 개선 계획이 어떤지 확인이 필요합니다. 민원 접수 및 처리 결과, 향후 개선 계획을 공개하여 주시기 바랍니다.",비공개,18
2025-01-29,새봄시 한울구 안전총괄과,FOI-2025-00030,누리버스 정류장 접근로 신호 체계 및 안전시설 현황 청구 (30호),"누리버스 정류장을 이용하려는 시민들이 접근로에서 신호를 제대로 인식하지 못하는 상황이 발생하고 있습니다. 대 교통 이용자 관점에서 해당 구간의 신호 체계 및 안전시설 현황이 어떤지, 개선 요청이 있었다면 어떻게 조치되었는지 알고 싶습니다. 접근로 신호 현황, 안전시설 설치 및 개선 이력을 공개하여 주시기 바랍니다.",공개,3
2025-07-19,도담군 교통행정과,FOI-2025-00031,도담천 산책로 주변 신호등 계획 및 주민 의견 수렴 기록 청구 (31호),"도담천 산책로를 자주 이용하는데 특정 구간에 신호등이 없어 안전이 걱정됩니다. 앞서 주민 들수렴이 있었다는 이야기를 들었는데, 구체적으로 어떤 의견이 수렴되었고 계획이 현재 어떤 단계에 있는지 알고 싶습니다. 해당 구간 관련 의견 수렴 내용 및 계획을 공개하여 주시기 바랍니다.",공개,18
2025-06-03,가람시 새빛구 교통행정과,FOI-2025-00032,샘물동 생활권 일대 신호 빈도 및 보수 반응 시간 기록 청구 (32호),"샘물동 생활권 일대에서 신호이 빈번하여 불편을 겪고 있습니다. 구직 중인으로 출퇴근길에 신호로 인한 교통이 활동에 직접 영향을 미칩니다. 최근 반기 간 해당 지역 신호 빈도, 접수에서 보수 완료까지 반응 시간, 이력을 공개하여 주시기 바랍니다.",부분공개,13
2022-12-22,누리시 바른구 안전총괄과,FOI-2022-00033,열린마을 공원 주변 주정차 단속 및 단속 배치 기준 청구 (33호),"열린마을 공원 주변도로에 주정차 단속이 언제, 어떤 기준으로 이루어지는지 파악이 되지 않아 불이익을 받을까 걱정입니다. 단속이 공원 이용에 불편을 주지 않으면서도 교통 안전은 확보되어야 한다고 생각합니다. 해당 구간 단속 계획, 단속 배치 기준, 단속 시간대 및 근거를 공개하여 주시기 바랍니다.",부분공개,13
2022-05-23,빛솔시 아람구 안전총괄과,FOI-2022-00034,미르로 교차로 신호 전환 주기 변경 이력 및 영향 평가 자료 청구 (34호),"미르로 교차로에서 신호 전환 주기가 변경된 후 교통 흐름이 변화한 것을 체감하고 있습니다. 변경 전후의 시간, 변경 결정 근거, 변경 후 교통 영향 평가 자료가 있는지를 알고 싶습니다. 부모님과 함께 거주하는으로, 해당 교차로를 자주 보행하므로 안전이 중요합니다. 변경 이력 및 평가 자료를 공개하여 주시기 바랍니다.",부분공개,1
2025-03-07,너울시 물빛구 안전총괄과,FOI-2025-00035,새봄역 환승구역 주변 불법주정차 단속 현황 및 CCTV 설치 근거 청구 (35호),"새봄역 환승구역 주변에 불법주정차가 심해 대중교통 이용이 불편합니다. CCTV 설치 근거와 현재 단속 현황이 어떤지, 추가로 단속 설비가 필요한지 여부를 판단하기 위해 자료를 요청합니다. 불법주정차 단속 현황, CCTV 설치 및 운용 근거, 단속 효과 분석 자료를 공개하여 주시기 바랍니다.",비공개,16
2022-05-02,새봄시 한울구 교통행정과,FOI-2022-00036,한들동 생활권 어린이 보호 구역 신호 체계 및 단속 실태 청구 (36호),"한들동 생활권 내 어린이 보호 구역의 신호 체계가 정상적으로 작동하는지 확인이 필요합니다. 해당 구간에 거주하는 부모로서, 자녀의 안전이 최우선입니다. 어린이 보호 구역 신호 가동 현황, 단속 실태 및 위반 발생 빈도, 안전 점검 결과를 공개하여 주시기 바랍니다.",공개,18
2023-07-07,도담군 안전총괄과,FOI-2023-00037,가람공공청사 주변 주차 위반 단속 기준 및 이의신청 처리 절차 청구 (37호),"가람공공청사 주변에서 주정차 위반으로 과태료 부과를 받았는데, 단속 기준과 이의신청 절차에 대해 명확한 안내를 받은 적이 없습니다. 전직 기술자였던으로 근거 법리와 절차에 대해 정확히 알고 싶습니다. 주차 위반 단속 기준, 이의신청 처리 절차, 최근 처리 사례를 공개하여 주시기 바랍니다.",공개,15
2025-06-14,세움시 맑은구 안전총괄과,FOI-2025-00038,너울천 산책로 진입로 신호 보완 요청 처리 경과 및 조치 결과 청구 (38호),"너울천 산책로 진입로에 신호 시설이 부족하여 보행자와 차량 간 접촉 위험이 있다고 판단되어 구청에 보완을 요청한 바 있습니다. 요청 이후 어떤 조치가 이루어졌는지, 추가 계획은 없는지 확인이 필요합니다. 보완 요청 접수 및 처리 경과, 향후 조치 계획의 공개를 요청합니다.",부분공개,12
2024-06-18,너울시 물빛구 안전총괄과,FOI-2024-00039,빛솔광장 일대 야간 신호 가시성 확보 조치 현황 청구 (39호),"빛솔광장 일대에서 야간에 신호의 가시성이 떨어져 보행 안전이 우려됩니다. 고령화된 동네라 더 위험합니다. 야간 신호 가시성 확보를 위한 조치가 어떤 것이 있는지, 계획이 있다면 일정은 어떻게 되는지 공개하여 주시기 바랍니다.",부분공개,12
2024-04-27,가람시 새빛구 안전총괄과,FOI-2024-00040,세움산업단지 입구 신호 체계 업그레이드 계획 및 주민 설명회 자료 청구 (40호),"세움산업단지 입구 교차로에서 대형 차량 운행이 빈번한데 신호 체계가 이에 적합하지 않다는 지적이 있습니다. 업그레이드 계획이 있다는 소식을 들었는데, 구체적으로 어떤 개선인지, 주민 설명회 자료가 있다면공개해 주시기 바랍니다. 업그레이드 계획 내용, 주민 설명회 자료 및 의견 수렴 결과를 공개하여 주시기 바랍니다.",공개,12
2024-07-17,너울시 물빛구 교통행정과,FOI-2024-00041,온빛도서관 앞 보행자 신호 시간 조정 내역 및 근거 청구 (41호),온빛도서관 앞 보행자 신호 시간이 지나치게 짧아 가 안전하게 건너기 어렵습니다. 시간이 조정된 적이 있다면 그 내역과 조정 근거가 무엇인지 알고 싶습니다. 최근 보행자 신호 시간 조정 이력 및 조정 근거 자료를 공개하여 주시기 바랍니다.,공개,4
2022-05-08,세움시 맑은구 안전총괄과,FOI-2022-00042,라온체육센터 주변 불법주정차 집중 단속 기간 및 세부 방법 청구 (42호),"라온체육센터 주변도로에 불법주정차가 많아 체육센터 이용객과 지역 주민 간 갈등이 발생하고 있습니다. 집중 단속 기간과 세부 방법, 단속 후 개선 효과가 있었는지 확인이 필요합니다. 집중 단속 시기, 방법, 단속 및 개선 효과를 담은 자료를 공개하여 주시기 바랍니다.",부분공개,20
2022-07-16,너울시 물빛구 안전총괄과,FOI-2022-00043,해솔문화광장 주변 신호 고장 대응 매뉴얼 및 반응 시간 기준 청구 (43호),"해솔문화광장 주변 교차로에서 신호 고장 시 대응이 신속하지 않아 교통 정체가 자주 발생합니다. 현재 구청이 보유한 신호 고장 대응 매뉴얼과 반응 시간 기준이 어떤지, 과거 사례에서 실제 반응 시간이 기준에 부합했는지 알고 싶습니다. 대응 매뉴얼 및 반응 시간 기준, 최근 대응 결과를 공개하여 주시기 바랍니다.",부분공개,9
2024-12-08,여울시 단비구 교통행정과,FOI-2024-00044,맑은마을 커뮤니티센터 앞 주정차 위반 과태료 부과 및 감면 기준 청구 (44호),"맑은마을 커뮤니티센터 앞 도로에서 주정차 위반으로 과태료 부과를 받았으나, 부과 금액 산정 근거와 감면 가능 여부가 불분명합니다. 부과 기준과 감면 요건에 대해 정확한 안내를 받고 싶습니다. 과태료 부과 기준, 산정 방식, 감면 요건 및 최근 적용 사례를 공개하여 주시기 바랍니다.",부분공개,9
2024-07-22,도담군 안전총괄과,FOI-2024-00045,미래복합센터 인근 교차로 신호음향장치 설치 현황 및 계획 청구 (45호),"미래복합센터 인근 교차로에 시각장애인을 위한 음향장치가 있는지, 또 설치 계획이 있는지 확인이 필요합니다. 사회복지 관련 종사자로서 이동권 보장의 관점에서 관심이 큽니다. 해당 교차로 음향장치 설치 현황, 최근 계획 및 예산 배정 내역을 공개하여 주시기 바랍니다.",비공개,8
2022-05-04,빛솔시 아람구 교통행정과,FOI-2022-00046,가온로 보행구간 신호체계 변경에 관한 환경영향평가 자료 청구 (46호),"가온로 보행구간에서 최근 신호체계가 전면 변경되었습니다. 변경에 따른 환경영향, 특히 소음 및 대기 환경에 미치는 영향이 우려되어 관련 평가 자료가 있는지 확인이 필요합니다. 신호체계 변경에 따른 환경영향평가 여부 및 평가 결과를 공개하여 주시기 바랍니다.",부분공개,12
2024-04-26,새봄시 한울구 교통행정과,FOI-2024-00047,새빛시장 주변 불법주정차 단속 설비 도입 및 효과 분석 자료 청구 (47호),"새빛시장 주변 불법주정차 문제를 해결하기 위해 단속 설비가 도입되었다는 소식을 들었습니다. 어떤 설비가 도입되었고, 도입 전후의 단속 효과 차이가 있는지 구체적인 분석 자료가 있는지 알고 싶습니다. 단속 설비 도입 시기 및 종류, 도입 전후 단속 효과 분석 자료를 공개하여 주시기 바랍니다.",부분공개,16
2024-08-14,누리시 바른구 교통행정과,FOI-2024-00048,누리버스 정류장 앞 신호처리 대상 차량 유형 기준 청구 (48호),"누리버스 정류장 앞 신호가 대중교통 우선 신호로 운용되고 있다는 이야기를 들었습니다. 어떤 차량 유형이 우선 처리 대상인지, 그 기준이 무엇인지 명확히 알고 싶습니다. 대중교통 신호의 대상 차량 유형, 우선 처리 기준 및 운영 시간을 공개하여 주시기 바랍니다.",공개,7
2024-09-27,도담군 안전총괄과,FOI-2024-00049,한울초 주변 통학로 교통안전시설 사업 예산 및 추진 일정 청구 (49호),"한울초 주변 통학로에 교통안전시설 사업이 추진되고 있다는 안내를 받았습니다. 구체적으로 어떤 시설이되는지, 예산 규모는どの인지, 추진 일정은 어떻게 되는지 상세히 알고 싶습니다. 시설 종류, 예산 규모, 추진 일정 및 완료 목표 시점을 공개하여 주시기 바랍니다.",공개,19
2023-05-08,여울시 단비구 교통행정과,FOI-2023-00050,푸른마루 교차로 주정차 단속신청 처리 사례 및 비율 청구 (50호),"푸른마루 교차로 주변에서 주정차 위반으로 과태료 부과 후신청을 하려는으로,신청이 어떻게 처리되었는지, 결정どの인지 알고 싶습니다.신청 처리 사례 수, 인정 비율 및 주요 인정 사유를 집계한 자료를 공개하여 주시기 바랍니다.",부분공개,9
2024-07-05,미래군 건축허가과,FOI-2024-00051,샘물동 생활권 내 건축허가 및 불법건축물 현황에 관한 청구 (51호),"샘물동 생활권 일대에서 최근 수년간 건축허가 처리 현황과 불법건축물 단속 결과, 그리고 철거 집행 현황을 알려주세요. 철로 설치원으로서 현장 출퇴근 경로 주변 건축 공사의 적법성이 안전 근무 여건에 영향을 미치므로 필요합니다.",공개,20
2025-02-24,새봄시 한울구 건축허가과,FOI-2025-00052,푸른마루 교차로 인접 건축현장 안전 조치 및 허가 이월 공사에 대한 청구 (52호),푸른마루 교차로 부근에서 진행된 건축공사의 허가 이월 처리 경위와 현장 안전 조치 이행 현황을 요청합니다. 매일 해당 교차로를 이용하며 대형 차량 통행 빈도가 높아 안전 확인이 시급합니다.,공개,8
2022-06-27,새봄시 한울구 건축허가과,FOI-2022-00053,미래복합센터 인근 불법 옥상물 단속 및 행정 처분에 관한 청구 (53호),"미래복합센터 인근 단지에 대한 건축허가 없이 증축된 옥상 건축물에 대한 단속 경위, 현지 조사일시, 그리고 행정 처분 내용을 알려주세요. 복합시설 이용객의 보행 안전과 직결되는 사안입니다.",공개,7
2024-09-17,여울시 단비구 건축허가과,FOI-2024-00054,새빛시장 주변 상가 건물 리모델링 허가 처리 절차 및 불법 공사 현황에 관한 청구 (54호),새빛시장 주변 상가 건물 리모델링 공사에 관한 건축허가 신청부터 인허가까지 처리기간과 불법 공사로 행정처분을 받은 내역을 요청합니다. 시장 상인들과의 거래 관계로 인해 영업 환경 파악이 필요합니다.,비공개,7
2024-06-16,미래군 도시계획과,FOI-2024-00055,한울초 주변 통학로 불법 경비원실 설치 및 건축물 용도 변경 허가 여부에 관한 청구 (55호),"한울초 주변 통학로에 설치된 건물 내 경비원실 설치가 건축물 용도 변경 허가를 받았는지, 미허가 시 어떤 행정 절차를 진행했는지 알려주세요. 초등학생 자녀의 등하교 안전을 위해 필요합니다.",부분공개,19
2024-03-08,너울시 물빛구 도시계획과,FOI-2024-00056,가온로 보행구간 인접 불법 주차장 조성에 관한 건축허가 및 단속 기록 청구 (56호),"가온로 보행구간 옆 대지에서 건축허가 없이 조성된 불법 주차장에 대한 허가 신청 이력, 현지 조사 결과, 그리고 행정처분 내용을 알려주세요. 보행자 안전에 직접적인 위협이 되는 사안입니다.",부분공개,3
2022-07-04,예담시 늘품구 건축허가과,FOI-2022-00057,세움산업단지 입구 공동주택 불법 Balkon 확장 부분 철거 조치 및 법적 근거에 관한 청구 (57호),"세움산업단지 입구 공동주택에서 건축허가 없이 Balkon를 확장한 부분에 대한 시정 조치 법적 근거, 그리고 동 구조물의 안전진단 결과를 요청합니다. 산업단지로 출근하는 동거 가족의 안전이 걱정됩니다.",공개,2
2022-05-19,해솔시 건축허가과,FOI-2022-00058,도담천 산책로 주변 불법 담장 축조 및 경관 위반 처분에 관한 청구 (58호),"도담천 산책로 주변 토지에 건축허가 없이 축조된 담장에 대한 허가 신청 이력, 경관 위반 판단 근거, 그리고 행정처분 내용을 알려주세요. 산책로 이용객으로서 쾌적한 환경 유지에 관심이 있습니다.",부분공개,20
2022-06-29,온빛시 도시계획과,FOI-2022-00059,맑은마을 커뮤니티센터 인접 필지 건축허가 및 불법 축조 현황에 관한 청구 (59호),맑은마을 커뮤니티센터 맞은편 필지에서 최근 3년간 건축허가 처리 현황과 불법 축조물이 있으면 그 단속 결과를 요청합니다. 고령 부모님이 커뮤니티센터를 이용하므로 주변 환경 안전 파악이 필요합니다.,부분공개,17
2023-03-19,예담시 늘품구 건축허가과,FOI-2023-00060,누리버스 정류장 인접 불법 점포 증축 건물 안전 점검 결과에 관한 청구 (60호),누리버스 정류장 옆 건물에서 불법 증축된 점포 부분에 대한 안전 점검 실시 여부와 그 결과를 요청합니다. 승객 승하차 시 해당 건물 직접 통과하므로 안전 확인이 시급합니다.,부분공개,13
2022-07-22,가람시 새빛구 건축허가과,FOI-2022-00061,온빛도서관 앞 불법 노점 상가 설치 건축물 용도 위반 처분에 관한 청구 (61호),"온빛도서관 앞 공지에 설치된 노점 상가 건축물에 대한 건축물 용도 변경 허가 여부와 위반 시 부과한 과태료 금액, 그리고 향후 관리 계획을 알려주세요. 도서관 이용객의 안전과 환경을 위해 필요합니다.",공개,10
2023-04-14,여울시 단비구 건축허가과,FOI-2023-00062,라온체육센터 주변 불법 주차장 조성에 대한 건축허가 및 환경영향평가 관계에 관한 청구 (62호),"라온체육센터 주변 대지에서 건축허가 없이 조성된 불법 주차장에 대한 허가 신청 이력, 환경영향평가 면제 여부, 그리고 향후 정화 계획이 있는지 알려주세요. 체육시설 이용객의 주차 환경 파악이 필요합니다.",공개,11
2023-08-05,가람시 새빛구 건축허가과,FOI-2023-00063,새봄역 환승구역 불법 지하층 용도 변경 및 피난 안전 설비 현황에 관한 청구 (63호),"새봄역 환승구역 지하 상가에서 건축물 용도 변경 없이 음식점 구역으로 운영된 사실이 있는지, 그리고 피난 안전 설비 기준 충족 여부를 알려주세요. 매일 환승 이용 시 안전 확인이 필요합니다.",부분공개,1
2025-05-25,미래군 건축허가과,FOI-2025-00064,가람공공청사 주변 불법 외부 광고물 설치 및 건축물 외부 허가 관계에 관한 청구 (64호),"가람공공청사 주변 건물에서 건축물 외부 허가 없이 설치된 대형 외부 광고물에 대한 허가 신청 이력, 현지 조사 결과, 그리고 철거 명령 내용을 알려주세요. 공공청사 주변 경관 및 안전에 관심이 있습니다.",공개,18
2024-06-06,미래군 건축허가과,FOI-2024-00065,한들동 생활권 다가구 주택 불법 발코니 확장 부분 철거 명령 및 집행 현황에 관한 청구 (65호),"한들동 생활권 내 다가구 주택에서 건축허가 없이 확장한 발코니에 대한 철거 명령 시기, 집행 예정일, 그리고 최종 집행 여부를 알려주세요. 이웃 주거 환경에 미치는 영향이 걱정되어 청구합니다.",공개,14
2024-07-24,예담시 늘품구 건축허가과,FOI-2024-00066,미르로 교차로 인접 대지 불법 Semi 지하실 증축 및 구조 안전성에 관한 청구 (66호),"미르로 교차로 부근 대지에서 건축허가 없이 증축한 Semi 지하실에 대한 허가 신청 이력, 구조 안전성 확인 여부, 그리고 시정 명령 내용을 요청합니다. 교차로 주변 지반 안전과 직접 연관되는 사안입니다.",공개,14
2025-11-28,가람시 열린구 건축허가과,FOI-2025-00067,열린마을 공원 인접 불법 건축물 축조 및 공원 용도 훼손 여부에 관한 청구 (67호),"열린마을 공원 인접 대지에서 건축허가 없이 축조된 건축물에 대한 단속 경위와 공원 용도 훼손 판단 근거, 그리고 향후 환원 계획이 있는지 알려주세요. 공원 이용객의 안전과 환경 보전이 중요합니다.",부분공개,9
2023-03-07,가람시 열린구 건축허가과,FOI-2023-00068,새빛시장 주변 상가 불법 내부 증축 부분 사용 전허가 여부에 관한 청구 (68호),"새빛시장 주변 상가 내부에서 건축허가 없이 증축한 부분이 사용 전허가를 받았는지, 미허가 시 영업 정지 명령 내용을 알려주세요. 시장의 영업 환경 및 소비자 안전 파악이 필요합니다.",공개,8
2024-01-23,해솔시 도시계획과,FOI-2024-00069,해솔문화광장 인접 다가구주택 불법 지붕 변경 및 경관 영향 평가에 관한 청구 (69호),"해솔문화광장 옆 다가구주택에서 건축허가 없이 변경한 지붕 형태에 대한 허가 신청 이력, 경관 영향 평가 여부, 그리고 행정처분 내용을 요청합니다. 광장 주변 경관 보호가 중요합니다.",공개,3
2024-04-23,라온군 도시계획과,FOI-2024-00070,한울초 주변 통학로 불법 현수막 게시물 설치 건축물 외벽 안전 점검 결과에 관한 청구 (70호),한울초 주변 통학로 건물의 외벽에 허가 없이 설치된 대형 현수막 게시물에 대한 허가 신청 여부와 외벽 안전 점검 결과를 알려주세요. 자녀의 등하교 통학로 안전을 위해 반드시 확인이 필요합니다.,부분공개,5
2024-09-27,온빛시 도시계획과,FOI-2024-00071,도담천 산책로 주변 도로 점용 건축물 허가 및 불법 점용 현황에 관한 청구 (71호),도담천 산책로 옆 도로 점용 구역에 건축된 건축물에 대한 도로점용 허가 신청 이력과 불법 점용 시 부과한 과태료 금액을 알려주세요. 산책로 보행자 안전과 직결됩니다.,공개,10
2024-07-28,도담군 건축허가과,FOI-2024-00072,가온로 보행구간 인접 대지 불법 Partial 철거 후 재건축 허가 처리 과정에 관한 청구 (72호),"가온로 보행구간 옆 대지에서 Partial 철거 후 재건축 허가 신청 시 처리 기간과 허가 조건, 그리고 불법 공사로 조사된 경위를 요청합니다. 보행자 안전과 관련된 허가 과정의 투명성이 중요합니다.",공개,2
2024-08-23,라온군 건축허가과,FOI-2024-00073,미래복합센터 인근 공동주택 불법 주차장 확장 부분 구조 안전성 평가 결과에 관한 청구 (73호),미래복합센터 인근 공동주택에서 건축허가 없이 확장한 지하 주차장 부분에 대한 구조 안전성 평가 결과와 시정 요구 내용을 요청합니다. 고령 부모님이 거주하는 단지 주변 안전이 걱정됩니다.,부존재,10
2025-04-23,도담군 도시계획과,FOI-2025-00074,샘물동 생활권 내 공가 관리 상태 및 불법 점유 단속 현황에 관한 청구 (74호),"샘물동 생활권 내 공가로 방치된 건물에 대한 관리 상태 점검 결과와 불법 점유 단속 경위, 그리고 향후 조치 계획을 알려주세요. 지역 주거 환경 안전과 직결되는 사안입니다.",부분공개,13
2024-01-23,도담군 건축허가과,FOI-2024-00075,새봄역 환승구역 주변 불법 투기Advertisement 설치 건축물 경관 위반 행정처분 내역에 관한 청구 (75호),"새봄역 환승구역 주변 건물에서 건축허가 없이 설치한 대형 투기Advertisement에 대한 허가 신청 이력, 경관 위반 판단 근거, 그리고 부과한 과태료 금액을 요청합니다. 환승구역 경관 개선이 필요합니다.",공개,5
2025-11-30,미래군 안전총괄과,FOI-2025-00076,세움산업단지 가동시간 변경에 따른 소음 영향 조사 요청 (76호),"최근 세움산업단지의 야간 가동이 증가하면서 새벽 4시경부터 기계음이 발생하고 있습니다. 맞벌이 가구로서 자녀의 등교 준비와 수면 시간이되고 있어, 산업단지의 가동시간 제한 실시 여부와 소음 측정 결과를 요청합니다.",공개,4
2024-05-09,가람시 새빛구 환경위생과,FOI-2024-00077,가온로 보행구간 불법주정차으로 인한 대기오염 실태 파악 (77호),가온로 보행구간 일대에서 화물차량의 장시간 주정차가 빈번하여 미세먼지 농도가 높게 측정되고 있습니다. 보행자 안전과 대기질 개선을 위해 해당 구간의 차량 주정차 실태 조사 결과와 대기오염 측정 데이터를 공개해 주시기 바랍니다.,공개,7
2024-01-09,너울시 물빛구 안전총괄과,FOI-2024-00078,새빛시장 주변 음식물 폐기물 처리 현황 및 악취 측정 결과 (78호),새빛시장 주변에서 음식물 폐기물 처리 부적지로 인한 악취 문제가 지속되고 있습니다. 시장 내 폐기물 수거 일정에 대한 자료와 최근 6개월간 악취 측정 결과를 요청하여 주민들의 건강 피해를 확인하고자 합니다.,부분공개,12
2022-05-24,가람시 열린구 안전총괄과,FOI-2022-00079,한울초 주변 통학로의 공사장 소음·분진 피해 대응 현황 (79호),한울초 주변 통학로에서 진행 중인 공사장으로 인해 공사장 소음과 분진으로 학생들의 통학에 불편이 발생하고 있습니다. 공사 기간 중 소음·분진 저감 이행 여부와 피해 접수 내용을 알려주시기 바랍니다.,부분공개,6
2023-06-26,새봄시 한울구 안전총괄과,FOI-2023-00080,도담천 산책로 사업장의 야간 소음 실태 및 측정 기록 (80호),도담천 산책로에 인접한 사업장에서 야간 음압 발생으로 산책객과 인근 주민들이 불편을 겪고 있습니다. 최근 1년간 해당 사업장 주변의 소음 측정 결과와 단속 이력을 요청합니다.,공개,8
2022-08-10,새봄시 한울구 환경위생과,FOI-2022-00081,샘물동 생활권 공장 배기가스 배출허용기준 초과 이력 조회 (81호),"샘물동 생활권 내에 소재한 일부 공장에서 배기가스 배출허용기준을 초과한다는 주민 신고가 있었습니다. 해당 사업장에 대한 환경개선명령 발부 내역과, 행정 현황을 알려주시기 바랍니다.",공개,11
2022-01-29,가람시 새빛구 환경위생과,FOI-2022-00082,누리버스 정류장 근처 폐기물 매립 현장의 토양오염 조사 결과 (82호),누리버스 정류장 근처 야적된 폐기물 매립 현장에서 이상 냄새와 지표수 변색 문제가 reported되고 있습니다. 해당 부지의 토양 및 지하수 오염 조사 결과와 처리 계획을 요청합니다.,부존재,8
2024-08-15,온빛시 환경위생과,FOI-2024-00083,미르로 교차로 교통소음 실태조사 및 저감 검토 현황 (83호),미르로 교차로 주변 아파트에서 교통소음이 심각하여 거주자들의 수면 장애와 생활 불편이 발생하고 있습니다. 해당 구간의 교통소음 실태조사 결과와 방음벽 등 저감 검토 현황을 알려주시기 바랍니다.,부분공개,10
2024-05-02,누리시 바른구 환경위생과,FOI-2024-00084,온빛도서관 앞 불법 방치 폐기물 수거 및 환경정화 실적 (84호),"온빛도서관 앞 공터에 대형 폐기물이 장기간 방치되어 도서관 이용객과 주변 주민들이 불편을 겪고 있습니다. 해당 부지의 폐기물 수거 이력과 환경정화 실적, 향후 관리 계획을 요청합니다.",비공개,19
2025-11-04,해솔시 환경위생과,FOI-2025-00085,새봄역 환승구역 지하주차장 환기시설 가동 및 에너지 소비 (85호),"새봄역 환승구역 지하주차장의 환기시설 가동음이 주민들에게 불편을 주고 있다는 신고가 있습니다. 환기시설 가동 현황, 소음 측정 결과, 연간 에너지 소비량을 알려주시기 바랍니다.",비공개,14
2025-09-25,미래군 환경위생과,FOI-2025-00086,푸른마루 교차로 간이청소시설 악취 확산 방지실시 내역 (86호),"푸른마루 교차로 인근 간이청소시설에서 악취가 확산되어 주변 주민들의 일상이 영향받고 있습니다. 악취 방지 설치 현황과 해당 시설의 위생 점검 주기, recent 점검 결과를 요청합니다.",공개,2
2022-08-06,너울시 물빛구 환경위생과,FOI-2022-00087,한들동 생활권 대기환경개선사업 추진 현황 및 예산 배분 (87호),한들동 생활권의 대기환경개선을 위한 사업 추진 현황과 관련 예산 배분 내역을 알고 싶습니다. 해당 지역의 대기질 측정소 설치 계획과 저공해 차량 지원사업 등의 세부 추진 일정을 알려주시기 바랍니다.,부분공개,19
2024-03-30,도담군 안전총괄과,FOI-2024-00088,열린마을 공원 축대 공사현장 분진 저감 이행 여부 (88호),"열린마을 공원 축대 공사장에서 분진이 다량으로 발생하여 인근 주택가에 영향을 주고 있습니다. 공사기간 분진 저감 이행 현황과, 측정 결과를 요청합니다.",공개,19
2022-01-17,온빛시 환경위생과,FOI-2022-00089,라온체육센터 주변 야외음악공연 소음 내용 및 결과 (89호),라온체육센터 주변에서 주말마다 진행되는 야외음악공연으로 인해 소음이 심각하다는 민원이 제출되었습니다. 해당 공연에 대한 소음 관련 내용과 최종 처리 결과를 알려주시기 바랍니다.,부분공개,11
2024-06-14,해솔시 안전총괄과,FOI-2024-00090,가람공공청사 주변 음식물 처리시설 운영 현황 및 위생검사 결과 (90호),"가람공공청사 주변 음식물 처리시설에서 발생하는 악취로들의이 영향을 받고 있습니다. 시설의 가동 현황, 악취 제거 시설 설치 여부, 최근 위생검사 결과를 요청합니다.",비공개,12
2022-05-20,여울시 단비구 환경위생과,FOI-2022-00091,미래복합센터 인근현장의 야간 공사 인정 여부 및 기준 (91호),"미래복합센터 인근 건설현장에서 야간 공사가 실시되고 있어 거주자들이 불편을 겪고 있습니다. 해당 현장의 야간 공사 인정 여부와 허용 기준,내용을 알려주시기 바랍니다.",부분공개,14
2023-10-15,도담군 환경위생과,FOI-2023-00092,맑은마을 커뮤니티센터 흡연부스 설치 현황 및 흡연실 환경 (92호),맑은마을 커뮤니티센터 흡연부스에서 담배 연기 누출로 인해 회의실 이용이 불편하다는 민원이 있습니다. 흡연실 설치 기준과 현재 흡연실의 환기시설 갖추기 여부를 요청합니다.,부분공개,8
2024-01-20,미래군 환경위생과,FOI-2024-00093,너울천 산책로 수질 조사 결과 및 수생태계 변화 분석 (93호),너울천 산책로를 따라 수량이 줄고 물빛이 변색되었다는 주민들의 제보가 있습니다. 최근 2년간 너울천 수질 측정 결과와 수생태계 변화 분석 자료를 공개해 주시기 바랍니다.,공개,20
2023-08-02,새봄시 한울구 환경위생과,FOI-2023-00094,빛솔광장 일대 불법 투기된 폐건자재 처리 현황 및 단속 실적 (94호),빛솔광장 일대 공터에 대형 폐건자재가 불법 투기되어 미관과 환경 문제가 reported되고 있습니다. 해당 구역의 폐건자재 수거 처리 현황과 불법 투기 단속 실적을 요청합니다.,공개,15
2025-12-04,가람시 열린구 환경위생과,FOI-2025-00095,세움산업단지 인근 대기배출시설 설치허가 내용 및 굴뚝 측정 결과 (95호),세움산업단지 인근 대기배출시설의 설치허가 내용과 굴뚝 자동측정기기 측정 결과 공개를 요청합니다. 최근 1년간의 굴뚝 매연 농도 측정치와 환경기준 초과 여부를 알려주시기 바랍니다.,공개,1
2024-05-03,가람시 열린구 안전총괄과,FOI-2024-00096,해솔문화광장 생태계 교란종의 분포 조사 및 제거 계획 (96호),해솔문화광장 내에 외래 종 식물이 확산되어 토착 생태계에 영향을 주고 있다는 우려가 있습니다. 해당 지역의 생태계 교란종 분포 조사 결과와 현재까지의 제거 작업을 알려주시기 바랍니다.,공개,19
2024-11-30,온빛시 환경위생과,FOI-2024-00097,샘물동 생활권 폐수배출시설 지도 점검 실적 및 개선 내역 (97호),샘물동 생활권 내 폐수배출시설에 대한 지도 점검 실적과 개선 발부 현황을 알고 싶습니다. 해당 사업장에 대한 행정처분 이력과 개선 이행 여부를 요청합니다.,공개,7
2023-09-27,너울시 물빛구 환경위생과,FOI-2023-00098,가온로 보행구간 과속차량 단속 현황 및 속도저감 효과 (98호),가온로 보행구간에서 과속차량으로 인한 소음과 안전 문제가 지속되고 있습니다. 해당 구간의 과속 단속 실적과 최근 설치된 속도저감시설の 효과를 알려주시기 바랍니다.,부분공개,13
2025-10-21,미래군 환경위생과,FOI-2025-00099,새빛시장 주변 음식물 폐기물 수거차량 Operating 시간 조정 여부 (99호),"새빛시장 주변 음식물 폐기물 수거차량이 새벽에 운행되어 소음으로 인해 주민들이 불편을 겪고 있습니다. 수거차량의 Operating 시간 조정이 가능한지, 조정이 이루어졌다면 그 내용을 알려주시기 바랍니다.",부분공개,17
2025-11-26,가람시 열린구 안전총괄과,FOI-2025-00100,한울초 주변 통학로 교차로 신호체계 변경에 따른 소음 변화 (100호),"한울초 주변 통학로 교차로의 신호체계 변경 후, 차량과 급정거 소음이 증가했다는 민원이 있습니다. 신호체계 변경 전후의 교통소음 측정 결과를 비교하여 알려주시기 바랍니다.",부분공개,2
2025-05-22,너울시 물빛구 복지정책과,FOI-2025-00101,단열공 직종 종사자 안전교육 운영비 집행 내역 (101호),최근 근로 현장 안전사고가 빈번하게 발생하고 있습니다. 해당 직종의 작업자 안전교육 프로그램 운영비 집행내역을 알고 싶습니다. 최근 3년간 단열 시공 관련 안전교육 예산 집행내역을 요청합니다.,공개,15
2024-12-13,누리시 바른구 복지정책과,FOI-2024-00102,아파트 장기수선충당금 적립 및 사용 실적 (102호),"주거하는 아파트의 장기수선충당금이 적립 및 사용된 내역을 알고 싶습니다. 관리주체별로 집행된 항목과 금액, 시기를 구체적으로 확인할 수 있는 자료를 요청합니다.",부분공개,11
2024-10-17,빛솔시 아람구 복지정책과,FOI-2024-00103,새빛시장 주변 노후 상가 리모델링 지원 예산 (103호),시장을 자주 이용하지만 상가 건물 노후화로 보행 위험이 걱정됩니다. 시장 주변 상가 리모델링 지원에 투입된 복지예산 집행내역을 요청합니다.,부분공개,11
2024-02-01,미래군 복지정책과,FOI-2024-00104,가온로 보행구간 가로등 교체 사업비 세부 내역 (104호),아파트에서 시장까지 이어지는 보행구간 야간 조명이 부족하여 안전이 우려됩니다. 해당 구간 가로등 교체 및 사업에 투입된 예산의 세부 내역을 요청합니다.,부분공개,3
2025-12-14,누리시 바른구 재무회계과,FOI-2025-00105,맑은마을 커뮤니티센터 노인 프로그램 운영비 (105호),배우자와 함께 참여할 수 있는 복지 프로그램 확대을 희망합니다. 해당 센터에서 운영 중인 노인 대상 프로그램 예산 집행 현황을 알고 싶습니다.,공개,6
2024-12-05,해솔시 재무회계과,FOI-2024-00106,청년 직업훈련 수당 지급 현황 및 사업 예산 (106호),구직활동 중 경제적 부담이 크며 직업훈련 수당 지급 지연 사례가 있는 것으로 알고 있습니다. 해당 수당 지급 사업의 전체 예산 규모와 최근 1년간 집행 현황을 요청합니다.,부분공개,19
2025-07-01,해솔시 재무회계과,FOI-2025-00107,폐기물 처리 종사자 직업병 건강검진 지원 사업비 (107호),이전 직장에서 유해물질에 노출되었을 가능성이 있어 건강검진 지원이 필요하다고 판단됩니다. 전직 폐기물 처리 종사자 대상 건강검진 지원 사업의 예산 배정 및 집행 내역을 요청합니다.,부분공개,7
2022-02-23,여울시 단비구 재무회계과,FOI-2022-00108,새봄역 환승구역 희망 직종 맞춤형 예산 (108호),혼자 거주하며 자취 비용 부담이 크고 취업을 희망합니다. 환승구역에서 개최된 직종별 지원에 사용된 예산 내역을 요청합니다.,부분공개,12
2024-01-24,해솔시 복지정책과,FOI-2024-00109,25세 미만 청년 주거안정 지원금 지급 내역 (109호),구직으로 인한 소득 감소로 주거비 부담이 커졌습니다. 해당 연령대 주거안정 지원금 지급 현황과 전체 지원 예산 대비 집행 비율을 알고 싶습니다.,부분공개,18
2025-11-13,예담시 늘품구 재무회계과,FOI-2025-00110,가온로 보행구간 24시간 편의점 예산 지원 현황 (110호),야간 통학길에 편의점이 없어 음식가합니다. 보행구간 내 24시간 영업 편의점에 대한 행정지원 예산이 있는지 확인하고 싶습니다.,공개,20
2022-03-20,세움시 맑은구 재무회계과,FOI-2022-00111,공군 소속 현역 부사관 가족 사업비 집행 현황 (111호),복무 중 가족과의 연락 부족 등으로 걱정이 됩니다. 현역 부사관 가정을 위한사업 예산 규모와 집행 현황을 알고 싶습니다.,부분공개,17
2024-04-29,온빛시 복지정책과,FOI-2024-00112,누리버스 정류장 주변 보행자 안전시설 설치 사업비 (112호),부동산 임차를 위해 주변지역을 확인하던 중 정류장 주변 보행자 안전시설이 부족함을 인지했습니다. 해당 구역 보행자 안전시설 설치 사업에 투입된 예산 내역을 요청합니다.,공개,13
2022-03-02,도담군 재무회계과,FOI-2022-00113,미르로 교차로 주변 임대주택 공급 정책 관련 예산 (113호),향후 제대 후 전역 후 주거 확보가 걱정됩니다. 해당 교차로 주변 임대주택 건설 사업 추진 현황과 관련 예산 배정 내역을 요청합니다.,부분공개,3
2022-10-26,미래군 재무회계과,FOI-2022-00114,28세 이하 제대군인 창업지원금 집행 현황 (114호),전역 후 창업 준비 중이며 관련 지원제도에 관심이 많습니다. 해당 연령대 제대군인 창업지원금 지급 현황과 전체 예산 대비 집행 비율을 알고 싶습니다.,공개,12
2023-03-27,라온군 복지정책과,FOI-2023-00115,가람공공청사 주변 녹지 확충 사업비 세부 내역 (115호),주말 등 여가 시간에 녹지 공간 활용을 희망합니다. 공공청사 주변 녹지 확충 사업의 예산 세부 배분 내역을 요청합니다.,부분공개,4
2022-06-23,미래군 복지정책과,FOI-2022-00116,한울초 주변 통학로 가로등 및 보안등 설치 예산 (116호),자녀의 등하교 안전이 가장 큰 걱정입니다. 통학로 가로등 및 보안등 설치 사업에 투입된 예산 집행 내역을 요청합니다.,부존재,2
2022-09-24,누리시 바른구 재무회계과,FOI-2022-00117,미래복합센터 인근 Fey Playground 설치 및 유지보수비 (117호),아이들이 놀 수 있는 공원시설이 부족합니다. 복합센터 인근 Fey Playground 설치 및 연간 유지보수에 투입된 예산 내역을 요청합니다.,비공개,8
2023-01-20,새봄시 한울구 복지정책과,FOI-2023-00118,철도운송 종사자 교통비 지원사업 예산 규모 및 집행 (118호),출퇴근 교통비가 지출의 큰 부분을 차지합니다. 철도운송 관련 종사자 교통비 지원사업의 예산 규모와 집행 현황을 알고 싶습니다.,부존재,6
2025-10-22,가람시 새빛구 재무회계과,FOI-2025-00119,아파트 단지 내 어린이시설 안전점검 실시 내역 (119호),단지에 설치된 놀이시설 안전점검 결과와 개선 공사에 투입된 비용이 궁금합니다. 최근 2년간 아파트 단지 내 놀이시설 안전점검 및 보수 비용 집행 내역을 요청합니다.,부분공개,7
2022-07-27,너울시 물빛구 재무회계과,FOI-2022-00120,새빛시장 주변 시장 예산 집행 현황 (120호),아내가 장보기 이용하는 시장 주변 교통환경 개선이 필요합니다. 시장 주변 보행환경 개선 사업에 투입된 복지예산 집행 내역을 요청합니다.,부분공개,12
2025-09-02,너울시 물빛구 복지정책과,FOI-2025-00121,행사 전시 기획자 사업장 임대료 지원사업 예산 규모 (121호),배우자와 별거하며 자녀를 홀로 키우며 경력 단절 없이 일하고 싶지만 사업장 임대료 부담이 큽니다. 자영업자 임대료 지원사업의 예산 규모와 선정 기준을 알고 싶습니다.,공개,4
2025-03-09,빛솔시 아람구 복지정책과,FOI-2025-00122,연립주택거주 한부모 가족 자녀돌봄 서비스 예산 (122호),자녀의 방과 후 돌봄이 가장 큰 고민입니다. 한부모 가정을 대상으로 한 돌봄 서비스 종류와 각 서비스에 투입된 예산 내역을 요청합니다.,부존재,10
2022-03-04,세움시 맑은구 재무회계과,FOI-2022-00123,빛솔광장 일대 청소년 진로진학 체험 프로그램 예산 (123호),자녀의 진로 설정에 도움이 되는 프로그램을 찾고 있습니다. 해당 지역에서 운영된 청소년 진로진학 체험 프로그램 종류와 운영비 집행 현황을 알고 싶습니다.,부분공개,11
2022-04-04,새봄시 한울구 재무회계과,FOI-2022-00124,49세 여성 재취업 지원 교육훈련비 지원사업 집행 현황 (124호),경력 재입성을 위한 교육훈련비 지원제도가 있는지 확인하고 싶습니다. 중장년 여성 재취업 지원 교육훈련비 지원사업의 예산 배정 및 집행 현황을 요청합니다.,비공개,17
2025-05-04,새봄시 한울구 복지정책과,FOI-2025-00125,연립주택거주 세대 에너지효율 개선 지원사업 예산 내역 (125호),세탁기와 난방 비용 부담이 크며 에너지효율 개선 지원이 필요합니다. 연립주택 세대 에너지효율 개선 지원사업에 대한 예산 배정과 개별 지원 금액 집행 내역을 요청합니다.,공개,13
2023-11-18,해솔시 기획감사과,FOI-2023-00126,샘물동 생활권 노인일자리사업 예산 집행 내역 청구 (126호),"전직 매장 정리원으로 구직 중인 자가 최근 샘물동 생활권 내에서 운영되는 노인일자리사업의 예산 집행 내역을 청구합니다. 해당 사업에 투입된 예산 규모, 일자리 종류별 인건비 지급 현황, 사업 추진 기간 등을 구체적으로 확인하고자 합니다. 특히 채움동 일부 지역 지원금이 해당 사업에 적합하게 배분되었는지 살펴보고 싶습니다.",공개,18
2024-07-24,빛솔시 아람구 기획감사과,FOI-2024-00127,새빛시장 주변 환경위생 지도점검 예산 사용 내역 (127호),"새빛시장 주변 상가 지역에 대한 환경위생 지도점검 업무에 사용된 예산의 세부 사용 내역을 청구합니다. 지도점검에 투입된 인력 비용, 홍보물 제작비, 단속 장비 구매비 등이 포함된 전체 지출 내역을 확인하고 싶습니다. 공용 시설 관리 비용이 시장 상인들에게 불필요한 부담이 되지는 않았는지 살펴보고자 합니다.",부분공개,10
2023-07-17,여울시 단비구 재무회계과,FOI-2023-00128,가온로 보행구간 안전시설 설치 예산 내역 (128호),"가온로 보행구간 보행자 안전시설 설치 사업에 투입된 예산의 세부 집행 내역을 청구합니다. 해당 구간 보도에 설치된 볼라드, 미끄럼 방지 시설, 시각장애인을 위한 점자블록 등의 설치 비용과 공사비 지출 내역을 구체적으로 확인하고자 합니다. 예산이 설계대로 집행되었는지 투명하게 공개해 주시기 바랍니다.",부분공개,17
2022-12-14,세움시 맑은구 기획감사과,FOI-2022-00129,푸른마루 교차로 교통안전 예산 집행 현황 (129호),"푸른마루 교차로 일대 교통안전 개선 사업에 사용된 예산의 집행 현황을 청구합니다. 신호등 교체, 과속방지턱 설치, 도로 표시선 도색 등에 투입된 예산 규모와 각 항목별 지출 내역을 확인하고자 합니다. 해당 교차로 교통사고 감소 효과가 예산 투입 대비 달성되었는지도 함께 알 수 있도록 해 주십시오.",공개,14
2025-03-11,예담시 늘품구 기획감사과,FOI-2025-00130,누리버스 정류장 주변 버스 이용 환경개선 예산 내역 (130호),"누리버스 정류장 주변 버스 이용 환경개선 사업에 투입된 예산의 세부 사용 내역을 청구합니다. 정류장 승강장 확장,ベンチ, 비상벨 설치 등에 사용된 비용의 구체적인 지출 내역을 확인하고자 합니다. 특히 교통 약자 배려 시설 설치에 예산이 얼마나 배분되었는지 관심을 가지고 있습니다.",부분공개,15
2022-02-03,예담시 늘품구 재무회계과,FOI-2022-00131,세움산업단지 입구 포장도로 보수 예산 사용 내역 (131호),"세움산업단지 입구 포장도로 보수 사업에 투입된 예산의 세부 사용 내역을 청구합니다. 도로 포장 공사비, 배수시설 개선비, 교통 통제 인력 비용 등이 포함된 전체 지출 내역을 확인하고자 합니다. 특히 폐쇄アス팔트 포장 자재비가 적절하게 집행되었는지 살펴보고 싶습니다.",부분공개,13
2025-09-10,미래군 재무회계과,FOI-2025-00132,가람공공청사 주변 주차장 확대 공사 예산 내역 (132호),"가람공공청사 주변 주차장 확대 공사 사업에 투입된 예산의 세부 집행 내역을 청구합니다. 부지 매입비, 지반 공사비, 노면 포장비, 주차 관리 시스템 설치비 등이 포함된 전체 지출 내역을 확인하고자 합니다. 기존 주차장 이용자 불편 해소에 예산이 효과적으로 사용되었는지 궁금합니다.",공개,4
2023-07-27,누리시 바른구 기획감사과,FOI-2023-00133,미래복합센터 인근 도로확장 사업 예산 집행 내역 (133호),"미래복합센터 인근 도로확장 사업에 투입된 예산의 집행 내역을 상세히 청구합니다. 해결 비용, 보상금 지급 현황, 도로 구조물 설치비, 가로등 이전비 등의 세부 지출 내역을 확인하고자 합니다. 사업 추진 과정에서 예기치 못한 비용이 발생했는지도 궁금합니다.",부분공개,9
2023-01-18,온빛시 재무회계과,FOI-2023-00134,한울초 주변 통학로 안전 점검 예산 사용 내역 (134호),"한울초 주변 통학로 안전 점검 사업에 투입된 예산의 사용 내역을 청구합니다. 통학로 안전 점검 인력 배치 비용, 시설 점검비, 안내 물품 제작비, 지적 시설 보수비 등의 세부 지출 내역을 확인하고자 합니다. 학교 시기전후 예산 집행 차이가 있었는지도 알고 싶습니다.",부분공개,3
2022-03-13,너울시 물빛구 기획감사과,FOI-2022-00135,미르로 교차로 신호체계 개선 예산 내역 (135호),"미르로 교차로 신호체계 개선 사업에 투입된 예산의 세부 사용 내역을 청구합니다. 신호등 제어기 교체비, 감응식 신호 시스템 도입비, 도로 표시선 도색비 등의 지출 내역을 확인하고자 합니다. 해당 교차로 교통 체증 해소에 예산이 효과적으로 사용되었는지 투명하게 공개해 주십시오.",부분공개,10
2023-01-27,가람시 열린구 재무회계과,FOI-2023-00136,열린마을 공원 놀이시설 교체 사업 예산 사용 내역 (136호),"열린마을 공원 놀이시설 교체 사업에 투입된 예산의 사용 내역을 청구합니다. 기존 시설 철거비, 놀이시설 구매비, 설치 공사비, 안전 점검비 등의 세부 지출 내역을 확인하고자 합니다. 특히 방범 카메라 예산이 놀이시설 안전 관리에 포함되었는지도 궁금합니다.",부분공개,6
2024-08-18,온빛시 기획감사과,FOI-2024-00137,도담천 산책로 조명설비 확충 예산 집행 현황 (137호),"도담천 산책로 조명설비 확충 사업에 투입된 예산의 집행 현황을 상세히 청구합니다. 가로등 비용, led 조명 교체비, 전선 매설 공사비, 유지보수비 등의 지출 내역을 확인하고자 합니다. 야간 안전한 산책로 이용을 위한 예산이 적절하게 배분되었는지 관심이 큽니다.",공개,10
2025-08-18,너울시 물빛구 재무회계과,FOI-2025-00138,맑은마을 커뮤니티센터 복지 프로그램 예산 내역 (138호),"맑은 마을 커뮤니티센터 운영ssa 프로그램 예산의 세부 사용 내역을 청구합니다. 프로그램 강사료, 활동 재료비,사용, participantes 구매비 등의 지출 내역을 확인하고자 합니다. 특히 조부모와 손자녀가 함께 참여하는 다세대 프로그램 예산이 얼마나 배분되었는지 궁금합니다.",공개,1
2025-01-17,예담시 늘품구 재무회계과,FOI-2025-00139,한들동 생활권 공동 구매사업 예산 사용 내역 (139호),"한들동 생활권 공동 구매사업에 투입된 예산의 사용 내역을 청구합니다. 공동 구매 플랫폼 구축비, 시범사업 운영비, 참여 지원금, 홍보비 등의 지출 내역을 확인하고자 합니다. 지역 주민 생활비 부담 경감에 해당 사업이 효과적이었는지 살펴보고 싶습니다.",부분공개,13
2023-01-26,해솔시 재무회계과,FOI-2023-00140,온빛도서관 앞 마을광장 환경정비 예산 내역 (140호),"온빛도서관 앞 마을광장 환경정비 사업에 투입된 예산의 세부 사용 내역을 청구합니다. 화단 조성비, 흡음 시설 설치비, 이용객 안내판 제작비, 공원 벤치 교체비 등의 지출 내역을 확인하고자 합니다. 특히 장애인 편의시설 예산이 포함되어 있었는지도 궁금합니다.",공개,4
2022-01-28,새봄시 한울구 기획감사과,FOI-2022-00141,새봄역 환승구역 대중교통 연계시설 예산 사용 내역 (141호),"새봄역 환승구역 대중교통 연계시설 확충 사업에 투입된 예산의 사용 내역을 청구합니다. 환승 주차장 설치비, 보관소비, 승강장 연결 통로 공사비, 안내표지판 제작비 등의 지출 내역을 확인하고자 합니다. 철도 이용객 편의 증진을 위한 예산이 적절하게 배분되었는지 살펴보고 싶습니다.",공개,10
2023-05-24,여울시 단비구 기획감사과,FOI-2023-00142,해솔문화광장 축제 운영 예산 집행 내역 (142호),"해솔문화광장 지역 축제 운영에 투입된 예산의 세부 집행 내역을 청구합니다.무대 설치비, 행사 기획비, 공연팀 초빙비, 주차장 운영비, 안내 자원봉사자 활동비 등의 지출 내역을 확인하고자 합니다. 지역 상권 활성화를 위한 축제 예산이 지역상인에게 실질적인 도움이 되었는지 궁금합니다.",부분공개,18
2023-08-13,너울시 물빛구 기획감사과,FOI-2023-00143,너울천 산책로 생태 복원 사업 예산 사용 내역 (143호),"너울천 산책로 생태 복원 사업에 투입된 예산의 사용 내역을 청구합니다. 수생식물 심기 비용, 습지 복원 공사비, 생물 서식처 조성비, 환경 모니터링비 등의 지출 내역을 확인하고자 합니다. 특히 예산이 자연친화적 공법 적용에 얼마나 배분되었는지 관심을 가지고 있습니다.",공개,16
2022-06-30,여울시 단비구 기획감사과,FOI-2022-00144,빛솔광장 일대 범죄예방 환경설계 예산 내역 (144호),"빛솔광장 일대 범죄예방 환경설계 사업에 투입된 예산의 세부 사용 내역을 청구합니다. Cie свет화시설비, 방범 카메라 설치비, 조망 확보를 위한 식생 정리비, 유해시설 개선비 등의 지출 내역을 확인하고자 합니다. 지역사회 안전한 거리 조성을 위한 예산이 효과적으로 집행되었는지 살펴보고 싶습니다.",공개,9
2022-06-29,예담시 늘품구 기획감사과,FOI-2022-00145,라온체육센터 주변 체육시설 확충 예산 사용 내역 (145호),"라온체육센터 주변 체육시설 확충 사업에 투입된 예산의 사용 내역을 청구합니다. 노외 체육시설 설치비, elder 운동기구비, 옥외 피트니스 시설 구축비, 안전 펜스 설치비 등의 지출 내역을 확인하고자 합니다. 특히 노인 복지 증진을 위한 운동기구 예산 배분이 주목됩니다.",비공개,11
2025-08-27,라온군 재무회계과,FOI-2025-00146,샘물동 생활권 국민연금 가입자 지역사업 예산 (146호),"전직 매장 정리원으로 국민연금 가입자 지역지원 대상에 포함된 자가 해당 지원사업 예산의 세부 사용 내역을 청구합니다. 직업 훈련비, 취업 알선 비용, 교통비 지원금, 수당 지급액 등의 지출 내역을 확인하고자 합니다. 지원사업 선정 기준과 예산 배분이 실질적으로 구직자에게 도움이 되었는지 궁금합니다.",공개,15
2023-11-10,누리시 바른구 기획감사과,FOI-2023-00147,세움산업단지 퇴직 노동자 재취업 교육 예산 내역 (147호),"전직 콘크리트 믹서 트럭 운전원으로 퇴직 후 재취업 교육을 받은 자가 해당 교육 사업 예산의 세부 사용 내역을 청구합니다. 직종 전환 훈련비, 실습 재료비, 자격증 취득 지원비, 생활 안정 수당 등의 지출 내역을 확인하고자 합니다. 산업단지와 연계된 직업 훈련 프로그램 예산이 적절히 배분되었는지 살펴보고 싶습니다.",부분공개,9
2024-04-15,가람시 새빛구 기획감사과,FOI-2024-00148,새빛시장 주변 지역경제 활성화 특별예산 사용 내역 (148호),"전직 판매직 근로자로 지역경제 활성화 특별예산이 새빛시장 주변에 어떻게 사용되었는지 청구합니다. 시장 리모델링 지원비, 상인 홍보 마케팅비, 공동판매장 개설 지원금, 전통시장 경쟁력 강화비 등의 지출 내역을 확인하고자 합니다. 시장 상인들과 함께하는 지역경제 활성화 예산이 실질적인 매출 향상에 기여했는지 궁금합니다.",부분공개,20
2024-01-28,라온군 기획감사과,FOI-2024-00149,가온로 보행구간 무장애 길 조성 예산 집행 현황 (149호),"고령 사회를 대비하여 가온로 보행구간 무장애 길 조성 사업에 투입된 예산의 세부 집행 내역을 청구합니다. 경사면 설치비, 점자블록비, 음성 안내 시설 도입비, 휠체어 리프트 공사비 등의 지출 내역을 확인하고자 합니다. 고령자 및 장애인 이동권 보장을 위한 예산이 적절하게 사용되었는지 살펴보고 싶습니다.",부분공개,8
2023-07-08,새봄시 한울구 기획감사과,FOI-2023-00150,해솔문화광장 지역문화 공동체 활성화 예산 내역 (150호),"전직로서 지역사회 문화 활동에 관심이 있는 자가 해솔문화광장 지역문화 공동체 활성화 사업에 투입된 예산의 사용 내역을 청구합니다. 주민자치회 활동비, 문화 프로그램 운영비, 전통 문화 체험비, 주민 화합 행사비 등의 지출 내역을 확인하고자 합니다. 특히 세대 간 교류 프로그램 예산이 얼마나 배분되었는지 관심을 가지고 있습니다.",부분공개,17
2025-03-29,가람시 열린구 재무회계과,FOI-2025-00151,해솔문화광장 축제 행사의 수의계약 세부 근거 및 계약 금액 고지 요청 (151호),"최근 해솔문화광장에서 열린 축제 행사가 수의계약으로 진행되었다고 들었습니다. 행사 전시 기획 경력이 있어 수의계약 결정의 적정성과 계약 금액 산정 기준이 궁금합니다. 해당 수의계약의 사전규격 공개 여부와 계약 체결일, 계약 정보도 함께 알려주시기 바랍니다.",공개,19
2024-12-09,가람시 새빛구 재무회계과,FOI-2024-00152,새봄역 환승구역 공공 미술 작품 설치 입찰 관련 서류 공개 청구 (152호),"새봄역 환승구역에 공공 미술 작품 설치 사업이 진행되었다고 파악됩니다. 해당 입찰의 참가 자격 기준, 평가 배점표, 심사위원 명단 그리고 낙찰 업체 선정 사유를 구체적으로 알려주시기 바랍니다. 공정한 경쟁 입찰이 이루어졌는지 확인이 필요합니다.",부분공개,6
2025-12-09,빛솔시 아람구 재무회계과,FOI-2025-00153,가온로 보행구간 개선 공사 수의계약 결정 기록 열람 청구 (153호),"가온로 보행구간 개선 공사가 수의계약으로 진행되었다고 확인됩니다. 구간 특성상 다수의 시민이 이용하는 곳으로 계약의 투명성이 중요합니다. 수의계약 결정 사유서, 견적서 비교 내역, 계약 금액 결정 근거를 제공하여 주시기 바랍니다.",부분공개,15
2023-07-11,세움시 맑은구 재무회계과,FOI-2023-00154,미래복합센터 인근 주차장 운영 용역 입찰 결과 및 선정 기준 공개 (154호),"미래복합센터 인근 주차장 운영 용역 입찰 결과를 확인하고자 합니다. 입찰 공고일, 참가 업체 수, 투찰가 현황, 낙찰 업체 선정 사유 그리고 계약 기간과 금액이 어떻게 결정되었는지 상세히 알려주시기 바랍니다.",비공개,3
2022-09-05,라온군 재무회계과,FOI-2022-00155,새빛시장 주변 상가 facade 개선 사업 입찰 관련 정보 공개 청구 (155호),"새빛시장 주변 상가 facade 개선 사업의 입찰 정보를 요청합니다. 사업 계획서, 입찰 참가 자격 제한 사항, 기술 평가 배점 기준 그리고 최종 낙찰가를 포함하여 시장 상인들 사이에서된 해당 사업의 투명성 여부를 확인하고자 합니다.",부분공개,19
2022-08-03,가람시 새빛구 일자리경제과,FOI-2022-00156,산업용 로봇 사업의 수의계약 및 입찰 비교 분석 자료 요청 (156호),"산업용 로봇 사업에 대해 수의계약으로 진행되었다는 연락을 받았습니다. 당사는 산업용 기계장비 관련 매출이 있어 해당 사업의 수의계약 결정 사유, 여러 업체 견적 비교 내용, 계약 금액이 시장 시가 대비 적정한지를 확인하고자 합니다.",부분공개,8
2025-06-22,여울시 단비구 일자리경제과,FOI-2025-00157,세움산업단지 입구 보안 설비 교체 공사 입찰 참가 기록 공개 (157호),"세움산업단지 입구 보안 설비 교체 공사가 입찰로 진행되었다고 파악됩니다. 당사는 보안 설비 관련 제품을 취급하는 영업 조직으로 참가 자격 여부를 확인하고자 합니다. 입찰 공고 내용, 참가 업체 수, 낙찰 업체 선정 근거 및 계약 금액을 알려주시기 바랍니다.",공개,9
2022-05-20,너울시 물빛구 일자리경제과,FOI-2022-00158,누리버스 정류장 주변 환경 개선 용역 계약 결과 및 적격심사 내역 (158호),"누리버스 정류장 주변 환경 개선 용역 계약이 적격심사로 진행되었다고 확인됩니다. 기계장비 기술 영업으로 일하며 적격심사 기준에 관심이 많습니다. 심사 항목별 배점, 최소한 기술능력 평가 점수 기준 그리고 낙찰 업체의 기술능력 시공 실적 내역을 제공하여 주시기 바랍니다.",공개,10
2025-12-17,여울시 단비구 일자리경제과,FOI-2025-00159,가람공공청사 전산 시스템 고도화 사업 입찰 결과 분석 자료 요청 (159호),"가람공공청사 전산 시스템 고도화 사업 입찰 결과에 대한 정보를 요청합니다. 전산 시스템 도입은 공공 서비스 품질에 직접적인 영향을 미치므로 입찰의 투명성이 중요합니다. 입찰 참가 업체 목록, 기술력 평가 항목, 가격 평가 배점 그리고 낙찰 업체 선정 근거를 상세히 알려주시기 바랍니다.",비공개,17
2024-11-18,예담시 늘품구 일자리경제과,FOI-2024-00160,한울초 주변 통학로 안전시설 설치 사업 입찰 및 수의계약 혼합 사안 (160호),"한울초 주변 통학로 안전시설 설치 사업 중 일부가 수의계약, 나머지가 입찰로 각각 진행되었다고 확인됩니다. 자녀가 해당 학교에 재학 중으로 사업의 적정성과 한울초 주변 통학로 안전 개선 공사의 투명성이 매우 중요합니다. 수의계약 부분과 입찰 부분의 구분 기준, 각각의 계약 금액을 알려주시기 바랍니다.",공개,6
2025-03-19,라온군 재무회계과,FOI-2025-00161,도담천 산책로 조경 식재 용역 수의계약 사전규격 공개 청구 (161호),"도담천 산책로 조경 식재 용역이 수의계약으로 추진되었다는 정보를 입수하였습니다. 이전에 전자 제품 기계 설치 및 정비 업무를 수행한 경험이 있어 용역 계약의 적정성 여부가 궁금합니다. 수의계약 결정 사유, 업체 선정 과정, 계약 금액 산정 기준 및 사전규격 고지 내용을 제공하여 주시기 바랍니다.",부분공개,6
2023-06-26,라온군 재무회계과,FOI-2023-00162,맑은마을 커뮤니티센터 설비 교체 입찰 참가 업체 기술력 비교 자료 (162호),"맑은마을 커뮤니티센터 설비 교체 입찰 결과에 대한 정보를 요청합니다. 입찰 참가 업체들의 기술력 평가 점수와 가격 평가 점수 각각의 비중, 그리고 최종 낙찰 업체가 선정된 구체적인 사유를 확인하여 투명한 입찰 절차가 이루어졌는지 파악하고자 합니다.",부분공개,2
2024-07-23,온빛시 일자리경제과,FOI-2024-00163,나들이길 다세대주택 가스보일러 교체 공사 입찰 결과 및 계약 내역 (163호),"우리 단지에 Gaspar 보일러 교체 공사가 입찰로 진행되었다고 확인됩니다. 공동주택 관리 차원에서 입찰 절차의 투명성과 적정 계약 금액 여부를 확인하고자 합니다. 입찰 공고 내용, 참가 업체 수, 낙찰 업체 선정 사유, 계약 금액 그리고 공사 시공 기간을 알려주시기 바랍니다.",공개,20
2025-05-19,해솔시 재무회계과,FOI-2025-00164,가온로 상가 자동화 설비 도입 사업 수의계약 근거 및 계약서 공개 (164호),"가온로 상가 자동화 설비 도입 사업이 수의계약으로 추진되었다고 파악됩니다. 자동화 설비 분야에 전문 기술이 있는로서 수의계약 결정의 적정성과 계약 금액이 적정한지 확인이 필요합니다. 수의계약 결정 근거, 계약 상대방 정보, 계약 금액 및 사전규격 고지 내용을 요청합니다.",부분공개,5
2023-02-08,누리시 바른구 일자리경제과,FOI-2023-00165,샘물동 생활권 내 노후 설비 현대화 사업 입찰 자격 제한 기준 확인 (165호),"샘물동 생활권 내 노후 설비 현대화 사업 입찰에 참가하고자 합니다. 전자 제품 기계 설치 및 정비 분야 경력이 있으나 입찰 참가 자격 제한이 있을 것으로 예상됩니다. 입찰 참가 자격 제한 기준, 기술력 평가 항목, 시공 실적 요건 그리고 적격심사 최소 합격 점수를 알려주시기 바랍니다.",부분공개,9
2022-11-03,도담군 일자리경제과,FOI-2022-00166,목재케이스 제조 원자재 구매 입찰의 수의계약 전환 사안 확인 청구 (166호),"최근 공공기관에서 목재케이스 및 나무상자 제조 원자재 구매 입찰이 수의계약으로 전환되었다는 소식을 접하였습니다. 당업 종사자로서 이러한 수의계약 전환이 시장 가격에 미치는 영향과 수의계약 결정의 구체적인 사유를 알고 싶습니다. 해당 구매 건의 입찰 공고 내용, 수의계약 전환 결정 시기 및 사유를 알려주시기 바랍니다.",공개,8
2025-09-01,가람시 새빛구 일자리경제과,FOI-2025-00167,가람공공청사 주변 도로 포장 공사 입찰 참가 업체 시공 실적 비교 (167호),"가람공공청사 주변 도로 포장 공사 입찰 결과를 확인하고자 합니다. 당사는 도로 포장 공사를 전문으로 수행하는 업체로 입찰 참가 자격과 낙찰 업체 선정 기준의 투명성을 검증하고 싶습니다. 입찰 참가 자격 기준, 주요 시공 실적 평가 항목, 낙찰 업체 선정 사유 및 계약 금액을 알려주시기 바랍니다.",부분공개,13
2025-07-23,해솔시 일자리경제과,FOI-2025-00168,새빛시장 내 포장마차 설치 허가 및 입찰 관련 정보 공개 청구 (168호),"새빛시장 내 포장마차 설치 허가와 관련된 입찰 또는 수의계약 정보가 필요합니다. 시장 형성과정에서 영업장을 확보하기 위해 수의계약 및 입찰 결과의 투명성을 확인하고자 합니다. 포장마차 설치 허가 기준, 입찰 공고 내역 또는 수의계약 결정 사유, 계약 금액 및 업체 선정 근거를 알려주시기 바랍니다.",공개,16
2025-03-12,세움시 맑은구 일자리경제과,FOI-2025-00169,도담천 산책로 내 벤치 및 Ciecle 설비 입찰 결과 공개 청구 (169호),"도담천 산책로에 설치된 벤치 및 Ciecle 설비의 입찰 결과를 확인하고자 합니다. 산책로 설비의 질이 지역 주민의 생활 환경에 직접적인 영향을 미치므로 입찰 절차의 투명성이 중요합니다. 입찰 공고 내용, 참가 업체 수, 낙찰 업체 선정 사유, 계약 금액 및 사양 적합성 검토 내역을 알려주시기 바랍니다.",비공개,18
2025-08-15,가람시 열린구 재무회계과,FOI-2025-00170,목재케이스 포장재 재활용 지원 사업 입찰 참여 기회 및 기준 공개 (170호),"목재케이스 포장재 재활용 지원 사업이 입찰로 진행된다고 파악됩니다. 친환경 포장재 제조 업종으로 해당 입찰에 참가하고 싶으나 참가 자격과 평가 기준을 파악하기 어렵습니다. 입찰 공고 일정, 참가 자격 제한, 평가 항목 및 배점 기준, 낙찰 업체 선정 근거를 상세히 알려주시기 바랍니다.",부분공개,3
2024-04-26,라온군 재무회계과,FOI-2024-00171,가온로 보행구간 가로등 LED 교체 사업 수의계약 및 입찰 혼합 사안 (171호),"가온로 보행구간 가로등 LED 교체 사업이 수의계약과 입찰이 혼합된 방식으로 진행되었다는 정보를 확인하였습니다. 교통 계획 및 설계 경력이 있어 공공시설 교체 사업의 계약 방식이 궁금합니다. 수의계약과 입찰로 각각 진행된 부분의 범위, 수의계약 결정 사유, 입찰 부분의 낙찰 업체 선정 근거 및 계약 금액을 알려주시기 바랍니다.",부분공개,14
2024-01-15,라온군 일자리경제과,FOI-2024-00172,한들동 생활권 교통안전 시설물 설치 입찰 결과 및 계약 내역 공개 (172호),"한들동 생활권 내 교통안전 시설물 설치 입찰 결과를 확인하고자 합니다. 교통 계획 및 설계 분야 경력이 있어 해당 입찰의 평가 기준과 선정 절차를 전문적인 시각에서 확인하고 싶습니다. 입찰 참가 자격 기준, 기술력 평가 항목 및 배점, 낙찰 업체 선정 사유, 계약 금액을 알려주시기 바랍니다.",비공개,18
2022-07-27,해솔시 일자리경제과,FOI-2022-00173,미래복합센터 주차 관제 시스템 도입 입찰 참가 기록 및 계약 결과 (173호),"미래복합센터 주차 관제 시스템 도입 입찰 결과를 확인하고자 합니다. 교통 계획 및 설계 분야 종사자로서 스마트시티 관련 공공사업을 관심 있게 지켜보고 있습니다. 입찰 공고 내용, 참가 업체 수, 평가 항목 및 배점 기준, 낙찰 업체 선정 사유, 계약 금액 및 시스템 사양을 알려주시기 바랍니다.",부분공개,15
2024-05-03,미래군 재무회계과,FOI-2024-00174,가람공공청사 주변 자전거 도로 확 포장 공사 입찰 참여 기회 확인 (174호),"가람공공청사 주변 자전거 도로 확 포장 공사가 진행된다고 파악됩니다. 교통 계획 및 설계 분야 경력이 있어 해당 입찰에 참가하고자 하나 참가 자격과 평가 기준을 알기 어려웁니다. 입찰 참가 자격 제한, 시공 실적 요건, 기술력 평가 항목 및 배점, 낙찰 업체 선정 근거를 알려주시기 바랍니다.",부분공개,20
2024-11-11,여울시 단비구 일자리경제과,FOI-2024-00175,새봄역 환승구역 내 대중교통 정보 시스템 개선 입찰 결과 공개 청구 (175호),"새봄역 환승구역 내 대중교통 정보 시스템 개선 입찰 결과를 확인하고자 합니다. 대중교통 이용자이자 교통 계획 및 설계 분야 경력자로서 환승구역의 교통 정보 시스템 품질이 시민 이동 편의에 직접적인 영향을 미친다고 생각합니다. 입찰 참가 자격 기준, 평가 항목 및 배점, 낙찰 업체 선정 사유, 계약 금액 및 시스템 사양을 알려주시기 바랍니다.",부분공개,1
2024-01-28,새봄시 한울구 기획감사과,FOI-2024-00176,구직자 고용촉진장려금 선정 기준 및 심사 과정 공개 (176호),새봄역 환승구역 소재 구직자종합지원센터에서 실시한 고용촉진장려금 지원사업 선정 과정에서 본인의 신청 서류 심사 점수와 탈락 사유를 구체적으로 알려줄 것을 청구합니다. 특히 심사위원의 전공 분야 고려 여부와 경력 산정 기준을 명확히 하고자 합니다.,공개,20
2025-10-27,세움시 맑은구 행정지원과,FOI-2025-00177,푸른마루 교차로 지역 채용 박람회 참가 기업 목록과 채용 직종 공개 (177호),"지난 3개월 내 푸른마루 교차로에서 개최된 채용 박람회의 참가 기업 목록과 각 기업의 채용 직종, 채용 인원을 공개해 주기를 요청합니다. 구직 활동에 참고하고자 하며 특히 제조업 관련 직종이 있는지 확인하고 싶습니다.",공개,7
2025-08-27,누리시 바른구 기획감사과,FOI-2025-00178,공공기관 계약직 채용 공고 일괄 공개 청구 (178호),과거 1년간 가람공공청사 주변 소재 공공기관에서 공고한 계약직 채용 공고를 전수 조사하여 각 공고의 응시 자격 요건과 시험 과목을 일괄 공개해 주기를 청구합니다.,부분공개,17
2022-01-21,가람시 새빛구 기획감사과,FOI-2022-00179,새빛시장 주변 고용알선 성공 사례 및 지원금 지급 내역 공개 (179호),새빛시장 주변 상가 연합에서 운영한 고용알선 사업의 성공 사례 수와 알선을 통해 취업에 성공한 주민에게 지급된 지원금 액수를 알려줄 것을 청구합니다.,비공개,7
2025-05-03,누리시 바른구 기획감사과,FOI-2025-00180,산재근로자 재취업 지원 프로그램 운영 현황과 선정 기준 공개 (180호),누리버스 정류장 인근 직업전문원에서 운영 중인 산재근로자 재취업 지원 프로그램의 과거 2년간 운영 실적과 프로그램 참여자 선정 기준을 구체적으로 공개해 주기를 청구합니다.,공개,5
2025-11-26,너울시 물빛구 행정지원과,FOI-2025-00181,고객 응대 업무 인력 운용 관련 근로기준감독 결과 공개 (181호),한울초 주변 통학로에 소재한 대형마트에서 근무하며 고객 응대 인력의 교대 근무 편성과 초과근로 실태에 대한 근로기준감독 결과 보고서를 공개해 줄 것을 청구합니다.,부분공개,16
2024-12-30,도담군 행정지원과,FOI-2024-00182,직장 내 인사 인사혁신처 심사 절차와 관련 규칙 공개 (182호),최근 실시된 기관 인사에 대한 인사혁신처 심사 절차와 그에 적용된 인사 규칙의 주요 변경 사항을 구체적으로 알려줄 것을 청구합니다.,부분공개,12
2023-05-16,여울시 단비구 기획감사과,FOI-2023-00183,판매직 급여 구조와 상여금 지급 기준에 관한 안내 공개 (183호),미르로 교차로 소재 영업 사무소에서 적용 중인 판매직 급여 구조표와 상여금 지급 기준에 대해 안내 자료를 공개해 줄 것을 요청합니다.,부분공개,18
2022-09-09,빛솔시 아람구 기획감사과,FOI-2022-00184,고용보험 실업급여 지급 일정과 수급 자격 기준 변경 안내 공개 (184호),새봄역 환승구역 소재 고용센터에서 최근 변경된 고용보험 실업급여 지급 일정과 수급 자격 기준에 대한 안내 자료를 공개해 줄 것을 청구합니다.,공개,17
2025-04-04,새봄시 한울구 기획감사과,FOI-2025-00185,계약직 전환 제도 시행 계획과 전환 심사 기준 공개 (185호),현재 계약직으로 근무하며 정규직 전환 제도 시행 계획과 전환 심사 시 주요 평가 항목 및 합격 기준을 알려줄 것을 청구합니다.,공개,12
2022-07-22,빛솔시 아람구 기획감사과,FOI-2022-00186,도장기 조작원 직무 안전교육 이수율과 사고 통계 공개 (186호),세움산업단지 입구 소재 제조업체연합회 주관 도장기 조작원 직무 안전교육의 과거 3년간 연도별 이수율과 해당 업종 산업재해 사고 통계를 공개해 줄 것을 요청합니다.,공개,16
2024-03-01,세움시 맑은구 행정지원과,FOI-2024-00187,차량 도장 현장 호흡기 보호구 착용 의무화 근거와 시행 시기 공개 (187호),"도장기 조작업무 시 호흡기 보호구 착용 의무화에 관한 법적 근거와 시행 시기, 착용 기준을 명확히 알려줄 것을 청구합니다.",부존재,14
2023-03-15,도담군 행정지원과,FOI-2023-00188,제조업 산업보건 서비스 제공 기관 목록과 이용 절차 공개 (188호),가온로 보행구간 인근 제조업 현장근로자를 대상으로 산업보건 서비스를 제공하는 기관 목록과 이용 절차를 일괄 공개해 줄 것을 요청합니다.,공개,16
2023-06-23,가람시 열린구 행정지원과,FOI-2023-00189,유해물질 취급 작업장 근로자 건강진단 결과 집계 자료 공개 (189호),도장を 수행하는장에서 실시된 유해물질 취급 근로자 건강진단 결과 집계 자료를 직업병 예방 관점에서 공개해 줄 것을 청구합니다.,공개,4
2022-03-19,가람시 새빛구 기획감사과,FOI-2022-00190,직장 내 유해물질 노출 기준치 설정 근거와 개선 계획 공개 (190호),도장 작업장 내 유해물질 노출 기준치가 어떻게 설정되었는지 근거와 현재 개선 계획이 있는지 알려줄 것을 청구합니다.,공개,3
2025-09-17,해솔시 행정지원과,FOI-2025-00191,스포츠 지도자 자격 유지 교육 이수 의무 기준 변경 안내 공개 (191호),한들동 생활권 체육관에서 활동 중인 스포츠 지도자로서 최근 자격 유지 교육 이수 의무 기준이 어떻게 변경되었는지 알려줄 것을 청구합니다.,부분공개,8
2023-09-11,가람시 새빛구 기획감사과,FOI-2023-00192,고령 스포츠 지도자 재직 지원 제도와 퇴직 후 일자리 연계 현황 공개 (192호),나이가 들어감에 따라 스포츠 지도자로서 재직 지원을 위한 제도와 퇴직 후 일자리 연계 프로그램이 있는지 현황을 알려줄 것을 청구합니다.,부분공개,10
2022-09-01,가람시 열린구 행정지원과,FOI-2022-00193,생활체육 지도자 채용 공고와 급여 수준 공개 (193호),맑은마을 커뮤니티센터에서 최근 공고한 생활체육 지도자 채용 공고의 응시 자격과 급여 수준을 구체적으로 알려줄 것을 요청합니다.,부분공개,20
2022-09-29,미래군 행정지원과,FOI-2022-00194,체육시설 운영 인력 배치 기준과 업무 분장 내역 공개 (194호),라온체육센터 주변 체육시설의 운영 인력 배치 기준과 각 직무별 업무 분장 내역을 공개해 줄 것을 청구합니다.,부분공개,2
2022-03-10,누리시 바른구 기획감사과,FOI-2022-00195,스포츠 지도자 산재보험 적용 범위와 보험금 청구 절차 안내 공개 (195호),지도자 활동 중 발생하는 부상에 대한 산재보험 적용 범위와 보험금 청구 절차를 안내해 줄 것을 청구합니다.,공개,15
2022-02-10,빛솔시 아람구 행정지원과,FOI-2022-00196,병원 영양사 배치 기준과 업무 범위에 관한 지침 공개 (196호),가람공공청사 인근 의료기관에서 임상영양사 배치 기준과 업무 범위를 정한 내부 지침 내용을 공개해 줄 것을 요청합니다.,부분공개,5
2025-05-16,너울시 물빛구 기획감사과,FOI-2025-00197,영양사 자격 갱신 교육 프로그램 과정과 이수 비용 공개 (197호),영양사 자격 갱신을 위해 이수해야 하는 교육 프로그램 목록과 각 과정의 이수 비용을 일괄 공개해 줄 것을 청구합니다.,부분공개,20
2025-11-03,도담군 기획감사과,FOI-2025-00198,의료기관 영양팀 조직 구조와 역할 현황 공개 (198호),병원 내 영양팀의 조직 구조와 각 직급별 역할 분담 현황을 임상영양사 관점에서 공개해 줄 것을 요청합니다.,부분공개,9
2023-09-17,새봄시 한울구 기획감사과,FOI-2023-00199,병원 급식 위탁 운영 업체 선정 평가 기준 공개 (199호),의료기관 급식을 위탁 운영하는 업체 선정 시 적용되는 평가 기준과 투찰가 평가 방식을 알려줄 것을 청구합니다.,부분공개,13
2023-01-13,가람시 열린구 기획감사과,FOI-2023-00200,영양상담 서비스 제공 인력 자격 기준과 교육 요구 분석 결과 공개 (200호),외래 영양상담 서비스를 제공하는 인력의 자격 기준과 교육 요구 분석 결과를 공개해 줄 것을 요청합니다.,공개,14
2023-06-17,새봄시 한울구 건축허가과,FOI-2023-00201,샘물동 생활권 놀이시설 안전점검 결과 청구 (201호),"우리 아파트 단지에 설치된 놀이시설의 안전점검 결과가 필요합니다. 최근 점검 시기와 이상 발견 여부, 보수 이력 등을 포함하여 주시기 바랍니다.",부분공개,9
2022-07-07,누리시 바른구 건축허가과,FOI-2022-00202,가온로 보행구간 안전시설 점검 기록 청구 (202호),출퇴근 시 이용하는 가온로 보행구간 가드레일 및 노면 안전시설에 대한 점검 기록을 요청합니다. 점검 주기와 발견된 결함 및 조치 내용을 포함해 주세요.,공개,4
2023-09-20,여울시 단비구 안전총괄과,FOI-2023-00203,라온체육센터 체육시설 안전점검 결과 청구 (203호),라온체육센터 내 농구장·헬스장 주요 기구의 안전점검 결과를 요청합니다. 특히 복합기기의 고정 상태와 마모 부분 점검 소견이 중요합니다.,부존재,13
2023-09-28,도담군 건축허가과,FOI-2023-00204,세움산업단지 입구 위험물 보관시설 점검 결과 청구 (204호),세움산업단지 입구 근처 저장탱크 안전장치 점검 결과를 요청합니다. 내압시험 결과와 방류 방지장치 작동 여부를 포함하여 주세요.,부존재,7
2022-02-12,새봄시 한울구 안전총괄과,FOI-2022-00205,새빛시장 주변 배수시설 안전점검 결과 청구 (205호),새빛시장 주변 배수구 덮개 및 배수관 점검 결과를 요청합니다. 최근 집중호우 시 침수 여부와 보수 이력을 포함하여 주세요.,공개,4
2022-03-28,가람시 새빛구 안전총괄과,FOI-2022-00206,한울초 주변 통학로 안전시설 점검 결과 청구 (206호),자녀의 통학로 안전을 위해 한울초 주변 신호등·과속방지턱·방범등 점검 결과를 요청합니다. 고장 발생 이력과 조치 후 재점검 여부도 포함해 주세요.,부분공개,11
2025-01-09,미래군 안전총괄과,FOI-2025-00207,미래복합센터 인근 옥상 안전시설 점검 결과 청구 (207호),미래복합센터 건물 옥상 난간 및 방호시설 점검 결과를 요청합니다. 내풍압 설계기준 대비 현재 상태와 보수 필요 부위를 포함해 주세요.,공개,1
2024-10-09,누리시 바른구 건축허가과,FOI-2024-00208,가람공공청사 주변 소방시설 점검 결과 청구 (208호),"가람공공청사 내 소화기·스프링클러 점검 결과를 요청합니다. 점검일시, 교체 시기, 작동 확인 여부를 상세히 포함해 주세요.",공개,16
2025-10-08,라온군 안전총괄과,FOI-2025-00209,온빛도서관 앞 승강시설 안전점검 결과 청구 (209호),"온빛도서관 앞 높이차 구간에 설치된 휠체어 리프트 점검 결과를 요청합니다. 마지막 점검 시기와 이상 유무, 안전장치 작동 여부를 포함해 주세요.",공개,7
2022-07-12,라온군 안전총괄과,FOI-2022-00210,열린마을 공원 계류시설 안전점검 결과 청구 (210호),열린마을 공원 내 물놀이 계류 안전시설 점검 결과를 요청합니다. 바닥 미끄럼 방지 조치와 유속 제한장치 작동 여부를 포함해 주세요.,부분공개,18
2024-11-22,빛솔시 아람구 건축허가과,FOI-2024-00211,누리버스 정류장 주변 노후 가로등 안전점검 결과 청구 (211호),"누리버스 정류장 주변 노후 가로등 안전점검 결과를 요청합니다. 기둥 부식 상태, 균열 여부, 기초 안정성 평가 결과를 포함하여 주세요.",공개,8
2023-04-29,누리시 바른구 건축허가과,FOI-2023-00212,푸른마루 교차로 신호등 주기적 안전점검 결과 청구 (212호),"푸른마루 교차로 신호등의 전기·기계적 안전점검 결과를 요청합니다. 제어반 상태, 전원장치 점검 소견, 교체기를 포함해 주세요.",부분공개,12
2022-06-05,도담군 안전총괄과,FOI-2022-00213,한들동 생활권 경로당 안전시설 점검 결과 청구 (213호),한들동 내 경로당 바닥 미끄럼 방지 시설과 난방설비 점검 결과를 요청합니다. 겨울철 안전 확보를 위한 조치 내용을 포함해 주세요.,부존재,12
2022-06-18,빛솔시 아람구 안전총괄과,FOI-2022-00214,너울천 산책로 다리 안전점검 결과 청구 (214호),"너울천 산책로 중간에 설치된 보행다리 안전점검 결과를 요청합니다. 구조물 균열, 용접부 상태, 방청 도장 상태를 포함하여 주세요.",부분공개,6
2024-04-01,누리시 바른구 안전총괄과,FOI-2024-00215,빛솔광장 일대 무장애 보행로 안전점검 결과 청구 (215호),빛솔광장 일대 무장애 보행로의 점자블록 및 경사턱 안전시설 점검 결과를 요청합니다. 휠체어 통행 가능 여부와 고도차 해소 시설 상태를 포함해 주세요.,공개,6
2022-06-18,도담군 안전총괄과,FOI-2022-00216,새봄역 환승구역 계단 안전시설 점검 결과 청구 (216호),새봄역 환승구역 계단 난간·시설 점검 결과를 요청합니다. 출퇴근 시간대 이용 밀도가 높은 만큼 안전 점검 현황이 필요합니다.,부분공개,11
2025-04-14,가람시 새빛구 건축허가과,FOI-2025-00217,도담천 산책로 조명시설 안전점검 결과 청구 (217호),"도담천 산책로 야간 조명시설 점검 결과를 요청합니다. 전선 노후화 상태, 조명 밝기, 누전 차단장치 작동 여부를 포함해 주세요.",비공개,13
2023-07-08,여울시 단비구 안전총괄과,FOI-2023-00218,맑은마을 커뮤니티센터 긴급대피시설 점검 결과 청구 (218호),맑은마을 커뮤니티센터 긴급대피시설인 피난사다리와 유도등 점검 결과를 요청합니다. 피난로 확보 여부와 유도등 밝기 기준 충족 여부를 포함해 주세요.,부분공개,14
2022-12-13,해솔시 안전총괄과,FOI-2022-00219,해솔문화광장 전통목조시설 안전점검 결과 청구 (219호),"해솔문화광장 내 전통 목조 문화시설 안전점검 결과를 요청합니다. 목재 부패 상태, 구조물 균열, 내진 보강 공사의 내용을 포함해 주세요.",공개,3
2025-09-05,해솔시 안전총괄과,FOI-2025-00220,가람공공청사 주변 역사시설 안전점검 결과 청구 (220호),"가람공공청사 주변 역사시설 지붕· 안전점검 결과를 요청합니다. 누수 흔적, 균열 진행 상태, 보수 필요 기간을 포함하여 주세요.",부존재,11
2024-06-06,라온군 안전총괄과,FOI-2024-00221,세움산업단지 내 인쇄 시설 안전점검 결과 청구 (221호),세움산업단지 내 인쇄 related 공장 주변 안전시설 점검 결과를 요청합니다. 특히 환기배출장치와 용제 보관시설 안전점검 기록을 포함해 주세요.,공개,3
2025-09-23,해솔시 안전총괄과,FOI-2025-00222,새빛시장 주변 인쇄소 밀집지역 안전점검 결과 청구 (222호),새빛시장 주변 인쇄소 밀집지역 소화시설 점검 결과를 요청합니다. 소화전·흡입식 소화기 배치 현황과 점검 주기를 포함하여 주세요.,공개,14
2025-05-07,세움시 맑은구 건축허가과,FOI-2025-00223,한들동 생활권장 주변 안전점검 결과 청구 (223호),한들동 생활권 내장 밀집 지역 주변 보행로 안전 점검 결과를 요청합니다. 화물차량 출입구 안전시설과 노면 손상 상태를 포함해 주세요.,공개,13
2024-05-28,여울시 단비구 안전총괄과,FOI-2024-00224,미르로 교차로 주변 인쇄 소재 운반 차량 안전점검 결과 청구 (224호),미르로 교차로 주변 인쇄 소재 운반 차량 임시 주차 구역 안전시설 점검 결과를 요청합니다. 차막이 설치 상태와 포장면 안전 여부를 포함해 주세요.,부분공개,9
2024-01-16,여울시 단비구 건축허가과,FOI-2024-00225,맑은마을 주변 인쇄 소재 보관창고 안전점검 결과 청구 (225호),"맑은마을 커뮤니티센터 주변 인쇄 소재 보관창고 안전시설 점검 결과를 요청합니다. 방화시설, 환기창 상태, 지붕 구조 안전 여부를 포함해 주세요.",부분공개,7
2023-04-02,예담시 늘품구 환경위생과,FOI-2023-00226,한울초 주변 통학로 내 식품판매영업소 위생 점검 결과 청구 (226호),우리 어머니와 함께 거주하는 아파트에서 자란 아이들이 매일 한울초 주변 통학로를 이용합니다. 해당 통학로 주변에 위치한 식품판매영업소의 최근 위생 점검 결과와 행정처분 내역을 알고 싶습니다. 특히 영업정지나 과태료 부과 이력이 있는지 확인 부탁드립니다.,공개,14
2023-08-21,빛솔시 아람구 보건행정과,FOI-2023-00227,맑은마을 커뮤니티센터 직매도 식품 취급 위생 실태 청구 (227호),"소아청소년과 의사로서 부모들이 맑은마을 커뮤니티센터에서 판매하는 직매도 식품의 위생 상태가 우려됩니다. 해당 시설의 식품 취급 직원 건강진단 결과, 위생 교육 이수 여부 및 최근 행정처분 내용을 공개해 주시기 바랍니다.",부분공개,4
2025-08-31,가람시 새빛구 환경위생과,FOI-2025-00228,새빛시장 주변 집단급식소 위생관리 기준 준수 여부 청구 (228호),아파트 단지에 거주하며 어린이 식품안전에 관심을 가지고 있습니다. 새빛시장 주변에 소재한 집단급식소의 위생관리 기준 준수 여부와 식중독 사고 발생 시 행정처분 절차를 알고 싶습니다. 해당 영업자의 위생점검 빈도도 확인 부탁드립니다.,부분공개,5
2025-12-08,새봄시 한울구 환경위생과,FOI-2025-00229,가온로 보행구간 모바일 푸드트럭 위생 점검 계획 청구 (229호),"가온로 보행구간에서 운영되는 모바일 푸드트럭에 대한 위생 점검 계획과 점검 기준을 알고 싶습니다. 전문 의사로서 보행환경 내 식품 안전 확보가 중요하며, 향후 행정처분이 이루어질 경우 고지 방식도 궁금합니다.",부분공개,5
2024-12-04,해솔시 환경위생과,FOI-2024-00230,온빛도서관 앞 휴게음식점 위생등급 결과 청구 (230호),"온빛도서관 앞 휴게음식점의 위생등급 결과와 등급 산정 근거가 무엇인지 알고 싶습니다. 어머니와 동거하며 도서관을 자주 이용하는데, 위생등급이 낮을 경우 행정 개선내용도 알려주시기 바랍니다.",부분공개,20
2024-03-09,누리시 바른구 보건행정과,FOI-2024-00231,푸른마루 교차로 외식업소 위생 행정처분 내역 청구 (231호),"배우자와 자녀와 함께 다세대주택에 거주하며 가정식 위생에 관심이 높습니다. 푸른마루 교차로 주변 외식업소의 최근 행정처분 내역과 처분 사유, 그리고 개선 후 재점검 여부를 알고 싶습니다.",공개,5
2023-04-09,해솔시 환경위생과,FOI-2023-00232,새봄역 환승구역 유동인구 식품취급시설 점검 결과 청구 (232호),"인테리어 디자이너로서 공간 위생과을 연계하여 보고 싶습니다. 새봄역 환승구역 내 유동인구가 많이 이용하는 식품취급시설의 위생 점검 결과를 공개해 주시고, 행정처분 시 개선 기간과 기준도 알려주시기 바랍니다.",부분공개,7
2024-11-07,도담군 환경위생과,FOI-2024-00233,누리버스 정류장 주변 간이음식점 위생관리 실태 청구 (233호),자녀의 건강과 주변 환경에 민감하게 반응하는 편입니다. 누리버스 정류장 주변 간이음식점의 위생관리 실태와 식중독 예방을 위한행정 조치 내용을 알고 싶습니다. 특히 HACCP 적용 여부와 위생교육 이수율이 궁금합니다.,공개,4
2022-06-13,빛솔시 아람구 환경위생과,FOI-2022-00234,도담천 산책로 연계 식품판매장 영업허가 고지 내역 청구 (234호),가정에서 식품 관리를 직접 하지만 외부 소비에 대해서도 알고 싶습니다. 도담천 산책로 연계 식품판매장의 영업허가 고지 내역과 허가 후 이행점검 여부를 공개해 주시기 바랍니다. 또한 행정처분이 있을 경우 영업정지 기간의 산정 기준도 궁금합니다.,공개,16
2022-07-09,빛솔시 아람구 보건행정과,FOI-2022-00235,미르로 교차로 음식점 밀집지역 위생등급 분포 현황 청구 (235호),미르로 교차로 음식점 밀집지역의 위생등급 분포 현황을 전체적으로 알고 싶습니다. 인테리어 디자이너로서 해당 지역의 위생 수준을 파악하여 향후 사업 인테리어 기획에 참고하고 싶습니다. 등급별 비율과 최하위 등급 영업장에 대한 지도 내용도 알려주세요.,부분공개,5
2024-06-16,여울시 단비구 보건행정과,FOI-2024-00236,샘물동 생활권첨가물 취급 영업장 점검 내역 청구 (236호),전직 화장품 판매 경험에서 식품첨가물 안전의 중요성을 체감하고 있습니다. 현재 구직중으로 밝은 음식을 직접 만들어 섭취하는 비율이 높아졌습니다. 샘물동 생활권 내 식품첨가물 취급 영업장의 점검 내역과 첨가물 표시 기준 위반 시 행정처분 수준을 알고 싶습니다.,비공개,1
2025-07-20,너울시 물빛구 보건행정과,FOI-2025-00237,가람공공청사 주변 제과제빵업소 위생 교육 실적 청구 (237호),현재 구직중에 있어 행정처리 절차와 지원사업을 관심을 가지고 있습니다. 가람공공청사 주변 제과제빵업소의 위생 교육 실적과 행정처분 시 교육 대체 인정 여부를 알고 싶습니다. 또한 위생교육 미이수 시 부과되는 과태료 산정 기준도 확인 부탁드립니다.,부분공개,18
2024-09-02,해솔시 환경위생과,FOI-2024-00238,열린마을 공원 주변 야외식당 위생 점검 결과 청구 (238호),"형제자매와 동거하며 식품비를 절감하기 위해 열린마을 공원 주변 야외식당을 자주 이용합니다. 해당 야외식당의 위생 점검 결과를 알고 싶고, 위생등급이 낮을 경우 보건소에서 행정지도를 하는지 여부와 지도 내용을 알고 싶습니다.",비공개,2
2023-05-31,라온군 보건행정과,FOI-2023-00239,한들동 생활권 즉석식품제조판매업 영업실태 조사 결과 청구 (239호),구직활동 중 체류 시간이 길어지면서 한들동 생활권 즉석식품제조판매업을 이용하게 됩니다. 해당 업종의 영업실태 조사 결과와 위생관리 수준을 알고 싶습니다. 행정처분이 있을 경우 업소 재개업 요건과 절차도 알려주시기 바랍니다.,부분공개,12
2023-03-06,예담시 늘품구 보건행정과,FOI-2023-00240,빛솔광장 일대 냉동식품 보관 온도 관리 점검 내역 청구 (240호),전직 화장품 판매에서 냉장 보관의 중요성을 배웠듯이 식품도 같습니다. 빛솔광장 일대 냉동식품 보관 온도 관리 점검 내역을 알고 싶습니다. 온도 기준 위반 시 행정처분 수준과 개선 확인 방법도 궁금합니다. 구직 중이라 외식 소비가 많아 식품 안전이합니다.,공개,4
2023-11-03,온빛시 보건행정과,FOI-2023-00241,새빛시장 주변 축산물 취급업소 위생관리 현황 청구 (241호),부모님과 동거하며 가정식을 준비하는 비율이 높아 새빛시장 주변 축산물 취급업소의 위생관리 현황이 걱정됩니다. 해당 업소의 위생관리 상황과 최근 행정처분 내역을 알고 싶습니다. 축산물 위생등급과 관련하여 검사기관의 평가 주기도 알려주세요.,공개,12
2022-05-24,도담군 보건행정과,FOI-2022-00242,너울천 산책로 내 간이음식점 위생점검 일정 공개 청구 (242호),현재 구직중으로 외식비가 부담되어 너울천 산책로 내 간이음식점을 자주 찾습니다. 해당 산책로 내 간이음식점의 위생점검 일정과 점검 기준을 알고 싶습니다. 행정처분 시 고지 방식과 이의 신청 절차도 궁금합니다.,부분공개,10
2025-12-08,가람시 열린구 보건행정과,FOI-2025-00243,미르로 교차로 집단급식소 위생안전 확보방안 청구 (243호),부모님과 함께 거주하며 어머니의에 관심이 많습니다. 미르로 교차로 소재 집단급식소의 위생안전 확보방안과 식중독 사고 발생 시 행정처분 절차 및 기준을 알고 싶습니다. 영양사 배치 기준과 위생관리책임자 지정 여부도 확인 부탁드립니다.,비공개,19
2025-04-24,너울시 물빛구 보건행정과,FOI-2025-00244,세움산업단지 입구 근린생활시설 위생등급 현황 청구 (244호),전직 조경감리 기술자로 현장 안전관리 경험을 식품안전 분야에도 적용해 보고 싶습니다. 세움산업단지 입구 근린생활시설의 위생등급 현황과 등급별 지도 실적을 알고 싶습니다. 구직 중에 있어 이런 행정데이터가 취업에 참고 될 수 있을지 궁금합니다.,부분공개,16
2023-02-21,미래군 보건행정과,FOI-2023-00245,가온로 보행구간 모바일 푸드트럭 식품위생 점검 기준 개정 내역 청구 (245호),구직 중이라 새로운 형태의 식품영업에 관심을 가지고 있습니다. 가온로 보행구간에서 운영되는 모바일 푸드트럭의 식품위생 점검 기준 개정 내역과 최근 행정처분 사례를 알고 싶습니다. 개정 기준 적용 시 영업자에게 부여되는 안내 기간과 개선 내용도 알려주세요.,부분공개,2
2022-08-19,라온군 환경위생과,FOI-2022-00246,누리버스 정류장 주변 야외음식축제 위생관리 방안 청구 (246호),"부모님과 함께 외출 시 누리버스 정류장 주변 야외음식축제를 자주 찾습니다. 해당 축제의 위생관리 방안과 참가업체 선정 기준, 행정처분 범위를 알고 싶습니다. 고령 부모의 식품 안전을 위해 축제 현장 위생점검 빈도도 확인 부탁드립니다.",공개,5
2023-11-04,라온군 환경위생과,FOI-2023-00247,새봄역 환승구역 건강기능식품 판매업 위생실태 청구 (247호),단독주택에 혼자 거주하며 건강관리에 관심이 많아졌습니다. 새봄역 환승구역 건강기능식품 판매업의 위생실태와 행정처분 현황을 알고 싶습니다. 현재 구직중에 있어 건강기능식품 판매업 창업 시 위생عليم 취득 요건과 행정절차도 함께 알려주시기 바랍니다.,부분공개,4
2023-05-09,온빛시 환경위생과,FOI-2023-00248,해솔문화광장 주변 급식시설 식중독 사고 대응 매뉴얼 청구 (248호),전직 기업 고위 임원으로 행정절차에 익숙합니다. 해솔문화광장 주변 급식시설의 식중독 사고 대응 매뉴얼과 사고 발생 시 행정처분 절차 및영업정지 기간 산정 기준을 알고 싶습니다. 혼자 거주하며 외식에 의존하고 있어 식품 안전에 대한 관심도가 높습니다.,부분공개,15
2023-07-31,세움시 맑은구 보건행정과,FOI-2023-00249,라온체육센터 주변 제과제빵업체 행정처분 세부 기준 청구 (249호),"건강유지를 위해 라온체육센터를 자주 이용하며 주변 제과제빵업체를 찾습니다. 해당 업체의 위생등급과 행정처분 세부 기준을 알고 싶습니다. 위생등급 하락 시 업종 전환 지원사업이 있는지, 그리고 행정처분 기간 중 시설사용 제한 범위도 알려주시기 바랍니다.",비공개,8
2025-02-02,빛솔시 아람구 환경위생과,FOI-2025-00250,맑은마을 커뮤니티센터 식품판매업 폐업 신고 처리 절차 청구 (250호),현재 구직중으로 행정절차에 대한 이해가 창업에 필요하다고 생각합니다. 맑은마을 커뮤니티센터 주변 식품판매업의 폐업 신고 처리 절차와 폐업 후 행정처분 이력 관리 방법을 알고 싶습니다. 폐업 신고 전 미납 과태료 정산 절차와 관련하여 행정기관 간 정보 공유 체계도 궁금합니다.,부분공개,5
2023-01-21,해솔시 공원녹지과,FOI-2023-00251,샘물동 생활권 내 공원 놀이시설 안전 점검 결과에 관한 정보 공개 청구 (251호),"최근 아파트 단지와 인접한 샘물동 생활권의 공원 놀이시설에서 녹이 슬고 안전 시설이 노후화된 것이 눈에 띄어 우려가 큽니다. 해당 공원의 놀이시설 정기 안전 점검 일시, 점검 기관, 지적 사항 및 보수 이력 등 안전 관리 전반에 관한 기록을 공개해 주시면 공원 이용의 안전 확보에 큰 도움이 될 것입니다.",부분공개,20
2022-04-07,해솔시 문화체육과,FOI-2022-00252,푸른마루 교차로 주변 가로수 관리 현황 및 병해충 방제 기록 청구 (252호),"출근길에 매일 지나가는 푸른마루 교차로 주변 가로수가 최근 여러 그루에서 잎사귀가 누렇게 변하거나 줄기에 이상이 보이는 것이 신경 쓰입니다. 가로수 종류, 식재 시기, 병해충 방제 일정 및 사용 농약 종류와 농도 등에 관한 기록을 요청합니다. 친환경 관리 방안이 있는지 여부도 궁금합니다.",비공개,1
2024-05-09,가람시 새빛구 문화체육과,FOI-2024-00253,열린마을 공원 생태습지 복원 사업 사업비 집행 내역 청구 (253호),"열린마을 공원 내 생태습지 복원 사업을 추진한다고いて 지역사회에서 이야기가 있었습니다. 해당 사업의 전체 사업비 규모, 단계별 집행 내역, 시공 업체 선정 기준 및 평가 점수, 설계 변경 사항 등 재정 운영 전반에 관한 기록을 청구합니다.",공개,10
2023-01-15,가람시 새빛구 문화체육과,FOI-2023-00254,가온로 보행구간 불법 주정차 단속 현황 및 과태료 부과 기록 청구 (254호),"가온로 보행구간에서 مستمر 발생하는 불법 주정차로 인해 보행자 안전이 위협받고 있습니다. 최근 6개월간 해당 구간의 불법 주정차 단속 실적, 단속 시간대 및 지역パターン, 과태료 부과 현황 등에 관한 통계 자료를 공개해 주시면 지역 행정 개선에 기여할 수 있을 것입니다.",부분공개,20
2024-12-17,미래군 공원녹지과,FOI-2024-00255,새빛시장 주변 공원 음주 및 흡연 단속 활동 내역 청구 (255호),"새빛시장 주변 공원이 최근 야간에 음주 흡연 이용자가 늘면서 환경이 열악해지고 있습니다. 해당 공원에서 시행된 음주 및 흡연 단속 일시, 횟수, 계도 조치 내용과 단속 위반 적발 건수 등에 관한 기록을 요청합니다. 단속 인력 배치 계획과 단속 기준도 알려주시기 바랍니다.",부분공개,10
2023-09-11,누리시 바른구 문화체육과,FOI-2023-00256,도담천 산책로 야간 조명 시설 설치 및 유지관리 현황 청구 (256호),"일찍 퇴근해도 도담천 산책로가 어두워서 밤에 산책하기 어렵습니다. 현재 산책로 조명 시설 현황, 야간 조명 가동 시간, 전구 교체 주기, 전광판 설치 위치 및 콘텐츠, 전력 사용량 등에 관한 기록을 공개해 주시면 안전한 야간 산책 환경 조성을 위한 제안도 할 수 있을 것입니다.",공개,14
2023-03-25,해솔시 문화체육과,FOI-2023-00257,한울초 주변 통학로 공원 녹지 확충 계획에 관한 정보 공개 청구 (257호),"한울초등학교 주변 통학로에 녹지가 부족하여 여름철 폭염 시 어린아이들이 그늘 없이 걸어야 하는 상황입니다. 학교 주변 공원 및 녹지 확충 계획, 토지 소유 현황, 사업 추진 일정, 예산 규모 등에 관한 기록을 청구합니다. 주민 의견 수렴 절차가 있었는지도 알려주시기 바랍니다.",부분공개,7
2024-09-22,온빛시 문화체육과,FOI-2024-00258,미래복합센터 인근 공원 급수전 시설 점검 및 보수 이력 청구 (258호),"미래복합센터 인근 공원 내 급수전 시설이 고장 난 지 한참 되어 주민들이 이용에 불편을 겪고 있습니다. 급수전 시설 설치 시기, 정기 점검 일시 및 결과, 보수 이력, 수선 공사비 지출 내역 등에 관한 기록을 공개해 주시면 원활한 공원 이용에 도움이 될 것입니다.",비공개,16
2025-05-16,가람시 새빛구 문화체육과,FOI-2025-00259,누리버스 정류장 주변 벤치 등 휴게시설 설치 현황 및 관리 기록 청구 (259호),"누리버스 정류장을 자주 이용하는데 주변에 앉을 벤치가 부족하고 기존 벤치도 훼손된 곳이 많습니다. 정류장 주변 벤치 등 휴게시설 설치 위치 및 수량, 시설 유형, 최근 3년간 점검 및 보수 이력, 신규 설치 계획 등에 관한 기록을 요청합니다.",부분공개,10
2024-07-13,라온군 문화체육과,FOI-2024-00260,해솔문화광장 조형물 안전 점검 및 보험 가입 현황 청구 (260호),"해솔문화광장에 설치된 조형물에서 녹이 슬고 균열이 보이는 것이 걱정됩니다. 조형물 안전 점검 실시 여부 및 일정, 점검 결과 지적사항, 안전 관련 보험 가입 여부 및 보험 금액 등에 관한 기록을 공개해 주시면 시민 안전 확보 방안 마련에 협력할 수 있을 것입니다.",공개,16
2024-11-19,라온군 공원녹지과,FOI-2024-00261,온빛도서관 앞 공원 무장애 통로 설치 계획에 관한 정보 공개 청구 (261호),"보행을 불편하게 하는 상태로 온빛도서관을 자주 방문하는데 앞 공원의 통로가하여 출입이 어렵습니다. 공원 내 무장애 통로 설치 계획, 관련 예산 규모, 추진 일정, 장애인의견 수렴 내용 등에 관한 기록을 청구합니다. 장애인이 가능한 편의시설 현황도 알려주시기 바랍니다.",부분공개,5
2022-12-20,빛솔시 아람구 문화체육과,FOI-2022-00262,라온체육센터 주변 공원 운동시설 에너지 비용 및 효율화 계획 청구 (262호),"라온체육센터 주변 공원 운동시설의 전기사용량이 걱정이 됩니다. 시설별 전력 소비량, 최근 2년간 에너지 비용 지출 내역, 에너지 효율화 계획 및 적용 기술,에너지 도입 가능성 등에 관한 기록을 공개해 주시면 환경과 경제 양면에서 도움이 될 것입니다.",공개,11
2024-05-15,세움시 맑은구 문화체육과,FOI-2024-00263,세움산업단지 입구 가로수 식재 사업 및 생육 현황 기록 청구 (263호),"세움산업단지 입구 가로수가 식재 후 제대로 뿌리내리지 못하고 쓰러지는 나무가 늘고 있습니다. 가로수 식재 사업의 전체 예산, 식재 나무 종류 및 크기, 식재 , 식재 후 생육 모니터링 결과, 고사율 등에 관한 기록을 요청합니다. 업체 선정 절차도 알고 싶습니다.",공개,6
2023-04-08,도담군 공원녹지과,FOI-2023-00264,맑은마을 커뮤니티센터 인근 공원배설물 처리 시설 현황 청구 (264호),"맑은마을 커뮤니티센터 인근 공원에서배설물 처리 시설이 부족하여 환경 위생 문제가 심각합니다. 현재 배치된 배설물 처리함 위치 및 수량, 정기 청소 일정, 사용하시는 용품 종류 및 구매 단가, 주민 민원 처리 현황 등에 관한 기록을 공개해 주시면 쾌적한 공원 환경 조성에 기여할 수 있을 것입니다.",공개,20
2022-05-02,가람시 열린구 공원녹지과,FOI-2022-00265,새봄역 환승구역 공원 조경 식물 관수 계획 및 수돗물 비용 청구 (265호),"새봄역 환승구역 공원의 조경 식물 중 상당수가 물 부족으로 시들어지고 있습니다. 식물 관수 방식, 관수 용수 원 및 수량, 최근 1년간 수돗물 사용량 및 비용 지출, 우수 계획 등에 관한 기록을 요청합니다. 관수 자동화 시설 도입 계획도 알려주시기 바랍니다.",부분공개,7
2024-04-28,예담시 늘품구 문화체육과,FOI-2024-00266,가람공공청사 주변 공원emergency 대피 경로 및 안전 시설 현황 청구 (266호),"가람공공청사 주변 공원이 Civic 대피 장소로 지정되어 있을 것으로 생각됩니다. 해당 공원의 emergency 대피 경로, 대피 안내 표지판 위치, emergency 대피 시설 현황, 인근 대피소 연결 경로, 주민 대피 훈련 실시 여부 등에 관한 기록을 공개해 주시면 대비에 협조할 수 있을 것입니다.",부분공개,14
2024-08-22,가람시 열린구 문화체육과,FOI-2024-00267,한들동 생활권 근린공원시설 안전점검 및 계획 청구 (267호),"한들동 생활권의 근린공원 놀이시설이 여러 해되어 안전이 걱정됩니다. 시설별 설치 시기, 안전 점검 실시 현황, 안전 점수 또는 등급, 또는 교체 계획 및 예산, 놀이시설 이용 인원 통계 등에 관한 기록을 청구합니다. 최근 사고 발생 여부도 알려주시기 바랍니다.",부분공개,6
2023-05-03,미래군 문화체육과,FOI-2023-00268,미르로 교차로 주변 가로수 전지 pruning 작업 일정 및 방법 기록 청구 (268호),"미르로 교차로 주변 가로수가 너무 무성하게 잘려 불쾌한 느낌입니다. 가로수 전지 pruning 작업 계획, 작업 일정, 작업 방법 및, 작업 수행 기관, 주민 사전 안내 여부, 전지 후 식물 생육 영향 평가 등에 관한 기록을 요청합니다. 친환경 전지 방법 도입 계획도 있는지 궁금합니다.",비공개,18
2023-03-24,여울시 단비구 문화체육과,FOI-2023-00269,너울천 산책로wc 시설 설치 및 청소 위탁 용역 내용 청구 (269호),"너울천 산책로를 산책할 때wc 시설이 부족하고 청소가 잘 안 되는 것이 불편합니다. 산책로wc 시설 위치 및 수량, 청소 위탁 용역 업체, 계약 기간 및 용역비, 청소 품질 검사 기준 및 결과, 이용자 만족도 조사 결과 등에 관한 기록을 공개해 주시면 쾌적한 산책로 환경 개선에 기여할 수 있을 것입니다.",부분공개,7
2023-03-12,누리시 바른구 문화체육과,FOI-2023-00270,빛솔광장 일대 공원 미세먼지 측정 및 환기 시설 현황 청구 (270호),"빛솔광장 일대 공원에서 미세먼지가 높은 날 공원 이용이 어렵습니다. 공원 내 미세먼지 측정 및 실시간 공개 여부, 측정 데이터, 공원 주변 환기 시설 또는 바람길 조성 현황, 미세먼지 저감 녹지 배치 계획 등에 관한 기록을 요청합니다. 대기 환경 기준 여부도 알려주시기 바랍니다.",비공개,15
2024-10-06,가람시 새빛구 문화체육과,FOI-2024-00271,샘물동 생활권 공원 내 놀이터 분기별 이용객 수 통계 기록 청구 (271호),"공원을 자주하는데 놀이터 이용객 수가 어느 정도인지 궁금합니다. 최근 2년간 분기별 놀이터 이용객 수 통계, 연령대별 이용 비율, 계절별 이용 추이, 주말과 평일 이용 차이 등에 관한 기록을 공개해 주시면 놀이터 환경 개선에 주민 목소리를 반영할 수 있을 것입니다.",부분공개,20
2022-03-04,도담군 공원녹지과,FOI-2022-00272,열린마을 공원 내 폭우 시 배수 시설 기능 점검 결과 청구 (272호),"지난 태풍 시 열린마을 공원에서 우수 침수가 발생하여 불편을 겪었습니다. 배수 시설 설치 현황, 폭우 시 배수 능력, 최근 점검 실시 여부 및 결과, 침수 피해 복구 내용, 향후 개선 방안 및 예산 등에 관한 기록을 요청합니다. 우수 유출 지도도 있으면 알려주시기 바랍니다.",부분공개,2
2022-12-23,온빛시 공원녹지과,FOI-2022-00273,가온로 보행구간 공원 유해 제거 작업 실적 청구 (273호),"가온로 보행구간 공원에서 독성이나 가시가 있는 유해 식물pecies이 늘어나고 있습니다. 유해 식물 파악 현황, 제거 작업 실시 일시 및 범위, 제거 방법, 제거 후 재식재 계획, 주민 민원 처리 경과 등에 관한 기록을 공개해 주시면 안전한 공원 환경 조성에 협조할 수 있을 것입니다.",부분공개,18
2023-12-18,예담시 늘품구 공원녹지과,FOI-2023-00274,도담천 산책로 장애인 이용 편의시설 설치 및 운영 현황 청구 (274호),"휠체어를 이용하는 친인척이 도담천 산책로를 방문하고 싶어합니다. 산책로의 장애인 이용 편의시설 종류 및 위치, 경사도, 휴게 시설 접근성, 휠체어 대여 서비스 여부, 장애인 이용 만족도 조사 결과 등에 관한 기록을 요청합니다. 다가오는 시설 개선 계획도 알려주시기 바랍니다.",부분공개,12
2024-11-02,여울시 단비구 문화체육과,FOI-2024-00275,새빛시장 주변 공원 조명 교체 공사 계획 및 업체 선정 근거 청구 (275호),"새빛시장 주변 공원의 야간 조명이 너무 어두워 밤에 Marketplace으로 가는 길이합니다. 조명 교체 공사 계획, 공사 예산, 시행 일정, 적용할 조명 기구 유형 및 사양, 업체 선정 방식 및 평가 기준, 주변 주민 의견 수렴 경과 등에 관한 기록을 청구합니다.",공개,4
2023-08-07,해솔시 건축허가과,FOI-2023-00276,샘물동 생활권 재개발 공원 조경 설계 도서 청구 (276호),전직 조경원 경력을 활용하기 위해 샘물동 생활권 재개발 구역 내 공원 조경 설계도를 확인하고자 합니다. 식목 배치 및 유지관리 계획을 참고하여 취업에 도움이 될 정보 요청합니다.,부분공개,18
2022-07-15,새봄시 한울구 도시계획과,FOI-2022-00277,재개발 후 임대주택 공급 계획 및 신청 자격 안내 청구 (277호),"현재 구직 중인 상태로, 재개발 후 공급 예정인 임대주택의 위치·규모·임대료와 신청 자격을 알고 싶습니다. 특히 기타3세대 가구 해당 여부를 확인 부탁드립니다.",공개,13
2022-05-16,예담시 늘품구 도시계획과,FOI-2022-00278,샘물동 생활권 재개발 추진 일정 및 주민 이주 계획 청구 (278호),재개발 사업의 추진 단계별 일정과 기존 주민의 이주 계획 일체를 확인하고 싶습니다. 이주 시 지원 사항과 임시 거주지 배정 기준도 알려주시기 바랍니다.,공개,4
2024-03-10,새봄시 한울구 도시계획과,FOI-2024-00279,재개발 구역 조경 식목 종류 및 녹지율 관련 자료 청구 (279호),조경원으로서 재개발 구역의 식목 종류와 녹지율 데이터를 요청합니다. 환경 부하 감소 효과를 분석하는 데 참고할 수 있는 정보를 제공해 주시기 바랍니다.,부분공개,12
2024-02-28,온빛시 도시계획과,FOI-2024-00280,재개발 관련 구직 지원 연계 사업 안내 청구 (280호),재개발과 연계된 구직 지원 프로그램을 알고 싶습니다. 특히 조경 관련 직종 취업 지원 사업의 신청 조건과 절차를 안내해 주시기 바랍니다.,부분공개,8
2022-11-13,가람시 열린구 건축허가과,FOI-2022-00281,연립주택 재개발 임시 거주비 지원 기준 청구 (281호),"혼자 거주하며 구직 중인 상황에서, 재개발 기간 중 임시 거주비 지원금을 받을 수 있는지 기준을 확인하고 싶습니다. 지원 금액과 신청 절차를 알려주세요.",비공개,9
2024-04-05,해솔시 건축허가과,FOI-2024-00282,재개발 보상금 산정 방식 및 내역 확인 청구 (282호),현재 거주 중인 연립주택의 재개발 보상금 산정 방식과 구체적인 내역을 요청합니다. 보상금 지급 일정과 세금 적용 기준도 포함해 주시기 바랍니다.,부분공개,15
2025-05-15,예담시 늘품구 건축허가과,FOI-2025-00283,재개발 후 임대주택 임대조건 및 계약 기간 안내 청구 (283호),"재개발 후 공급되는 임대주택의 임대료 수준과 계약 기간, 갱신 조건을 알고 싶습니다. 혼자 거주하므로 원룸 및 투룸 규모도 포함해 주세요.",비공개,17
2023-08-10,새봄시 한울구 도시계획과,FOI-2023-00284,재개발 기간 중 주거비 지원 사업 안내 청구 (284호),재개발 공사 기간 중 주거비 부담이 가중될 것으로 예상됩니다. 정부 및 지자체의 주거비 지원 사업 종류와 신청 자격을 알려주세요.,부분공개,6
2025-10-05,빛솔시 아람구 도시계획과,FOI-2025-00285,재개발 관련 민원 처리 절차 및 담당 부서 안내 청구 (285호),재개발 관련 궁금증과 민원을 처리할 수 있는 창구와 절차를 알고 싶습니다. 담당 부서 연락처와 처리 기간도 포함해 주시기 바랍니다.,비공개,1
2024-02-12,누리시 바른구 도시계획과,FOI-2024-00286,다세대주택 재개발 후 임대주택 임대료 수준 청구 (286호),"현재 구직 중인 상태로, 재개발 후 입주 가능한 임대주택의 임대료 수준을 확인하고 싶습니다. 특히 혼자 거주하므로 원룸 규모와 공용시설 이용료를 알려주세요.",부분공개,15
2025-03-18,라온군 건축허가과,FOI-2025-00287,재개발 임시 거주 지원금 지급 기준 및 신청 방법 청구 (287호),"재개발 공사으로 인해 임시로 거주지를 옮겨야 할 경우, 지원금을 받을 수 있는 기준과 신청 방법을 알려주세요. 다세대주택 주민 대상입니다.",부분공개,6
2024-11-26,빛솔시 아람구 건축허가과,FOI-2024-00288,재개발 구역 주거 안전 점검 사항 및 결과 공개 청구 (288호),재개발 구역 내 기존 다세대주택의 주거 안전 점검 결과를 확인하고 싶습니다. 특히 내진 설계와 비상구 설치 현황을 포함한 안전 관련 자료를 요청합니다.,비공개,7
2023-10-19,도담군 건축허가과,FOI-2023-00289,재개발과 연계된 취∙재취업 지원 프로그램 안내 청구 (289호),재개발과 연계하여 주방장 경력의 재취업 지원 프로그램이 있는지 확인하고 싶습니다. 직업 훈련 수당과 취업 알선 서비스를 포함해 주시기 바랍니다.,부분공개,12
2024-12-14,가람시 새빛구 건축허가과,FOI-2024-00290,재개발 일정 및 완료 후 입주 시기 안내 청구 (290호),재개발 사업의 현재 진행 단계와 최종 완료 후 입주 시기를 알고 싶습니다. 새빛시장 주변 재개발 구역의 일정을 포함해 주시기 바랍니다.,부분공개,4
2025-12-08,라온군 도시계획과,FOI-2025-00291,재개발 사업 환경 영향 평가 보고서 공개 청구 (291호),아파트 재개발 사업의 환경 영향을 평가한 보고서를 요청합니다. 대기·수질·소음 등 환경 항목의 측정 데이터와 개선 방안을 포함해 주시기 바랍니다.,공개,1
2024-11-04,가람시 새빛구 건축허가과,FOI-2024-00292,재개발 구역 내 돌봄시설 배치 계획 안내 청구 (292호),어머니와 동거하고 있어 재개발 후 돌봄시설의 위치와 규모를 확인하고 싶습니다. 어린이집·노인복지시설 등의 배치 계획을 알려주세요.,부분공개,6
2023-09-16,도담군 도시계획과,FOI-2023-00293,아파트 재개발 보상금 산정 기준 및 내역 확인 청구 (293호),현재 거주 아파트의 재개발 보상금 산정 기준과 구체적인 내역을 요청합니다. 보상금 구성 항목과 세금 공제 방법을 포함해 주세요.,부분공개,17
2022-12-23,미래군 도시계획과,FOI-2022-00294,재개발 후 관리비 책정 기준 및 예상 금액 안내 청구 (294호),재개발 완료 후 아파트 관리비의 책정 기준과 예상 금액을 알고 싶습니다. 관리비 산정 요소와 장기 수선 충당금 배분 비율을 포함해 주시기 바랍니다.,비공개,1
2025-08-04,세움시 맑은구 건축허가과,FOI-2025-00295,재개발 시공업체 선정 기준 및 시공 품질 관리 방안 청구 (295호),재개발 사업의 시공업체 선정 기준과 시공 품질 관리 방안을 알고 싶습니다. 아파트 리모델링의 공법과 자재 규격도 포함해 주세요.,부분공개,9
2023-11-28,가람시 열린구 도시계획과,FOI-2023-00296,재개발 사업 학술 연구 자료 및 조사 보고서 공개 청구 (296호),교수로서 재개발 사업의 학술적 연구 자료와 조사 보고서를 요청합니다. 지역 사회 변화 예측 모델과 주거 환경 평가 방법을 포함해 주시기 바랍니다.,부분공개,5
2022-12-07,빛솔시 아람구 건축허가과,FOI-2022-00297,재개발 후 지역 사회 변화 예측 보고서 청구 (297호),"재개발 사업이 지역 사회에 미치는 영향을 예측한 보고서를 요청합니다. 인구 구성 변화, 상권 동향, 교통량 변동내용을 포함해 주세요.",공개,2
2025-09-16,가람시 새빛구 건축허가과,FOI-2025-00298,재개발 비용 분담 방식 및 재정 지원 근거 공개 청구 (298호),재개발 사업의 비용 분담 방식과 국가·지자체 재정 지원 근거를 알고 싶습니다. 주민 부담금 산정 기준도 포함해 주시기 바랍니다.,부분공개,11
2023-05-10,라온군 건축허가과,FOI-2023-00299,재개발 추진 주체 운영 계획 및 실적 공개 청구 (299호),재개발 추진 주체의 운영 계획과 과거 실적 자료를 요청합니다. 추진 주체의 조직 구성과 주요 사업 성과를 포함해 주세요.,공개,17
2025-04-20,여울시 단비구 도시계획과,FOI-2025-00300,재개발 관련 규칙 및 법적 근거 안내 청구 (300호),재개발 사업의 추진 근거가 되는 규칙과 법적 근거를 알고 싶습니다. 관련 조례와 고시 사항을 포함해 주시기 바랍니다.,부분공개,16
2025-05-26,빛솔시 아람구 복지정책과,FOI-2025-00301,한울초 주변 통학로 보도블록 교체 공사 안전 기준서 (301호),한울초 주변 통학로에서 보도블록 교체 공사가 진행 중이다. 안전펜스 설치 기준과 공사 및 순찰 일정이 담긴 문서를 요청한다. 학부모로서 공사 안전관리 계획이 학교 측에 통보되었는지 확인하고 싶다.,공개,10
2023-04-10,여울시 단비구 복지정책과,FOI-2023-00302,샘물동 아파트 놀이터 시설 보수 공사 발주 내역 (302호),"거주 아파트 놀이터에서 균열 보수 공사가 진행 중이다. 공사 발주 방식과 선정 기준, 계약 금액이 어떻게 되는지 확인하고 싶다. 관리비 인상에 영향을 주는 공사이므로 투명한 내역을 알고 싶다.",부존재,14
2023-06-20,라온군 복지정책과,FOI-2023-00303,가온로 보행구간 도로포장 공사 품질검사 성적서 (303호),"가온로 보행구간 도로포장 공사가 마무리되었다. 시공 품질검사가 어떻게 진행되었는지, 검사 기준 통과 여부와 검사 기관이 어디인지 확인하고 싶다. 보행자 안전에 직접 관련된 사항이므로 알고 싶다.",부존재,14
2025-10-15,미래군 교육지원과,FOI-2025-00304,아파트 엘리베이터 교체 공사 감리업체 선정 내역 (304호),내 거주 아파트 엘리베이터 교체 공사가 진행 중이다. 감리업체 선정 방식과 감리비 책정 기준이 어떻게 되는지 확인하고 싶다.otal 비용에 영향을 주는 사항이므로 구체적인 수치를 알 필요 있다.,부분공개,11
2024-03-20,여울시 단비구 복지정책과,FOI-2024-00305,샘물동 생활권 CCTV 설치 사업 설계 도면 및 위치도 (305호),샘물동 생활권 내 CCTV 설치 사업이 계획 중이다. 설치 위치도와 사각지대 해소 방안이 담긴 설계 도면을 확인하고 싶다. 공사과 예정일을 기준으로 설치 순서가 어떻게 되는지 알고 싶다.,비공개,20
2025-06-10,미래군 복지정책과,FOI-2025-00306,지역돌봄교사 지원금 지급 기준 및 선정 절차 (306호),"현재 구직중으로서 지역돌봄교사 지원금 제도가 있는지 확인하고 싶다. 지원금 지급 기준과 신청 시기, 선정 절차가 어떻게 되는지 구체적으로 알고 싶다. 어머니와 함께 생활하며 경제적 부담이 크므로 신청 가능한지 판단하고 싶다.",부분공개,6
2024-10-13,세움시 맑은구 복지정책과,FOI-2024-00307,새봄역 환승구역 구직자 직업훈령 프로그램 운영 현황 (307호),"새봄역 환승구역 인근에 구직자를 위한 직업훈령 프로그램이 운영된다고 들었다. 현재 운영 중인 프로그램 종류와 신청 자격, 훈련 수당 지급 여부를 확인하고 싶다. 점토제품 생산기 조작 경력이 있는데 전환 가능한 프로그램이 있는지 알고 싶다.",공개,6
2025-10-05,해솔시 교육지원과,FOI-2025-00308,맑은마을 커뮤니티센터 여성 취업 지원 프로그램 내역 (308호),"맑은마을 커뮤니티센터에서 여성 우선 취업 지원 프로그램이 운영된다고 들었다. 구체적으로 어떤 프로그램이 있는지, 참여 희망 시 신청 방법과 시기, 취업 통계를 확인하고 싶다. 경제적으로 어려운 상황이라 빨리 취업해야 한다.",부분공개,17
2023-01-22,미래군 교육지원과,FOI-2023-00309,미래복합센터 인근 일자리 창출 사업 세부 계획 (309호),"미래복합센터 인근 일대에 일자리 창출 사업이 추진된다고 들었다. 어떤 종류의 일자리가 만들어지는지, 거주 지역 내 채용 계획이 있는지, 고용 조건과 급여 수준을 확인하고 싶다. 적극적으로 준비하고 싶다.",공개,10
2022-01-16,도담군 복지정책과,FOI-2022-00310,푸른마루 교차로 경력단절여성 재취업 지원사업 참여 업체 (310호),"푸른마루 교차로 인근에서 경력단절여성을 위한 재취업 지원사업이 진행된다고 들었다. 참여 업체 목록과 제공 직종, 실무 기간이 어떻게 되는지 확인하고 싶다. 제조업 경험이 있으므로 관련 업종의 참여 현황이 있는지 알고 싶다.",부분공개,10
2023-12-19,온빛시 복지정책과,FOI-2023-00311,새빛시장 주변 기술 영업직 구인 공고 현황 및 임금 수준 (311호),"새빛시장 주변 지역에서 기술 영업직 구인 공고가 얼마나 있는지, 임금 수준이 어느 정도인지 확인하고 싶다. 산업용 기계장비 관련 영업 경험이 있으므로 해당 업종의 채용 동향을 알고 싶다.",부분공개,14
2025-08-25,너울시 물빛구 복지정책과,FOI-2025-00312,한들동 생활권 청년 실업자 고용 지원금 지급 내역 (312호),"한들동 생활권에 거주하는 청년 실업자를 대상으로 한 고용 지원금 제도가 있는지 확인하고 싶다. 지원금 지급 대상 기준과 금액, 신청 알고 싶다. 장기적으로 실업 상태에 놓여 있어 지원 제도를 적극 활용하고 싶다.",부분공개,8
2024-05-31,누리시 바른구 교육지원과,FOI-2024-00313,온빛도서관 앞 청년 창업 지원 프로그램 신청 자격 (313호),"온빛도서관 앞 인근에서 청년 창업 지원 프로그램이 운영된다고 들었다. 신청 자격 조건과 지원 내용, 선정 기준이 어떻게 되는지 확인하고 싶다. 기술 영업 경력을 창업에 활용할 수 있는지 판단하고 싶다.",공개,11
2023-12-16,세움시 맑은구 복지정책과,FOI-2023-00314,라온체육센터 주변 20대 직업적성검사 서비스 제공 현황 (314호),"라온체육센터 주변 지역에서 20대를 위한 직업적성검사 서비스를 제공하는지 확인하고 싶다. 검사 제공 기관과 비용, 예약 방법을 알고 싶다. 구직 방향을 설정하는 데 도움이 될 것 같아 확인하고 싶다.",공개,4
2022-11-01,누리시 바른구 복지정책과,FOI-2022-00315,미르로 교차로 내일배움카드 발급 신청 절차 및 사용 범위 (315호),"미르로 교차로 인근 내일배움카드 발급 신청 절차와 사용 범위를 확인하고 싶다. 카드 발급까지 소요 기간과 훈련비 지원 한도, 사용 가능한 훈련 기관 목록이 있는지 알고 싶다. 확실한 정보를 얻고 싶다.",공개,6
2022-10-04,도담군 교육지원과,FOI-2022-00316,가람공공청사 인근 학교 급식 식단 및 영양사 배치 현황 (316호),가람공공청사 인근 학교의 급식 식단 구성과 영양사 배치 현황을 확인하고 싶다. 자녀가 학교 급식을 이용하므로 위생 관리 상태와 영양 균형 여부를 알고 싶다. 알레르기 대응 체계가 어떻게 되는지도 확인하고 싶다.,공개,1
2022-08-05,미래군 교육지원과,FOI-2022-00317,누리버스 정류장 주변 방과후돌봄교실 운영 시간 및 이용 안내 (317호),누리버스 정류장 주변 방과후돌봄교실 운영 시간과 이용 절차를 확인하고 싶다. 맞벌이 가구로서 방과후 돌봄이 필수적이므로 프로그램 내용과 이용 비용을 알고 싶다. 등록 시 필요한 서류도 확인하고 싶다.,부분공개,19
2022-01-19,새봄시 한울구 교육지원과,FOI-2022-00318,열린마을 공원 놀이시설 안전 점검 기록 및 보수 계획 (318호),"열린마을 공원의 놀이시설 안전 점검 기록이 어떻게 되는지 확인하고 싶다. 최근 점검 일시와 내용, 보수 계획 및 완료 예정일을 알고 싶다. 자녀가 놀이터를 자주 이용하므로 안전 상태가 걱정된다.",비공개,10
2024-09-14,예담시 늘품구 교육지원과,FOI-2024-00319,도담천 산책로 통학로 안전시설물 설치 현황 및 관리 주체 (319호),도담천 산책로 주변을 학생들이 통학로로 이용하는 것으로 안다. 안전시설물 설치 현황과 유지 관리 주체가 어디인지 확인하고 싶다. 야간 조명 시설과 CCTV이 어떤지도 알고 싶다.,부분공개,14
2023-12-08,너울시 물빛구 교육지원과,FOI-2023-00320,한울초등학교 학부모 지역사회돌봄 연계 프로그램 참여 현황 (320호),"한울초등학교에서 지역사회돌봄 연계 프로그램을 운영한다고 들었다. 프로그램 종류와 참여 아동 수, 운영 기관 및 담당자 정보를 확인하고 싶다. 맞벌이 가구로서 연계 서비스 이용 가능 여부를 판단하고 싶다.",부분공개,1
2024-10-19,예담시 늘품구 교육지원과,FOI-2024-00321,맑은마을 아파트 단지 내 공용시설 점검 일정 및 기준 (321호),"거주 아파트 단지 내 공용시설 정기 점검 일정이 어떻게 되는지 확인하고 싶다. 놀이터, 주차장,, エ레베ーター 점검 주기와 점검 기관, 기준 합격 여부를 알고 싶다. 단지 내자들의 안전과 직결되는 문제이므로 구체적인 일정이 있는지 확인하고 싶다.",공개,8
2024-07-18,가람시 열린구 복지정책과,FOI-2024-00322,세움산업단지 입구 근린생활시설 관리 위탁 계약 내용 (322호),"세움산업단지 입구 근린생활시설의 관리 위탁 계약 내용과 업체 선정 방식을 확인하고 싶다. 계약 기간과 위탁 범위, facility 관리비 책정 근거가 어떻게 되는지 알고 싶다.관리원으로서 유사 시설 관리 사례를 참고하고 싶다.",공개,17
2022-06-12,너울시 물빛구 복지정책과,FOI-2022-00323,새빛시장 주변 상가시설 점검 및 보수 이력 (323호),"새빛시장 주변 상가의시설 점검 및 보수 이력을 확인하고 싶다. Elevator, 비상계단, 주차장 관리 상태와 처리 현황을 알고 싶다. 근무지인 건물 주변 환경이 어떻게 관리되는지 구체적으로 확인하고 싶다.",공개,9
2025-09-20,해솔시 교육지원과,FOI-2025-00324,아파트 커뮤니티센터 시설 운영 규정 및 대관 절차 (324호),"거주 아파트 커뮤니티센터 시설 운영 규정과 대관 절차,사용료를 확인하고 싶다. Residents 모임을 위해 시설 이용 가능 여부와 예약 방법을 알고 싶다. 보증금 제도와 시설 시 배상 기준도 확인하고 싶다.",부분공개,20
2025-06-29,누리시 바른구 복지정책과,FOI-2025-00325,누리버스 정류장 주변 노후시설 리모델링 사업 추진 현황 (325호),"누리버스 정류장 주변 노후시설 리모델링 사업 추진 현황을 확인하고 싶다. 시설이 리모델링 대상인지, 사업 추진 일정과 주민 의견 수렴 절차를 알고 싶다. 근린시설 환경으로 근무 환경에도 영향을 줄 것 같아 확인하고 싶다.",공개,7
2023-04-25,세움시 맑은구 복지정책과,FOI-2023-00326,고령 구직자 건강검진 지원사업 운영 현황 및 이용 안내 요청 (326호),"최근 보건소에서 시행하는 고령 구직자 대상 건강검진 지원사업의 신청 자격 및 심사 기준을 알고 싶습니다. 배치를 통해 재취업 활동 중인데, 지원사업 선정에서 우대를 받을 수 있는지 구체적으로 확인하고 싶습니다.",비공개,18
2022-09-30,예담시 늘품구 보건행정과,FOI-2022-00327,감염병 확산 시 학원가 지역 밀집도 변화에 대한 조사 보고서 청구 (327호),지난봄 감염병 유행 시기 동안 샘물동 생활권 내 학원가 지역에서의 밀집도 조사 결과와 현황을 보고서 형태로 제공해 주시기 바랍니다. 고령자 취약계층으로서 지역 내 을 파악하고자 합니다.,공개,20
2025-08-21,여울시 단비구 보건행정과,FOI-2025-00328,보건소 예방접종 예약 시스템 고령자 접근성 개선 계획 청취 (328호),현재 보건소 온라인 예방접종 예약 시스템이 스마트폰 활용이 어려운 고령자에게 접근성이 낮습니다. 향후 접근성 개선 계획과 함께 대면 예약 대리 신청 서비스 도입 가능 여부를 알려주시기 바랍니다.,공개,5
2025-07-17,가람시 새빛구 보건행정과,FOI-2025-00329,노인 일자리 사업 참여자격 완화 기준에 관한 정보 공개 청구 (329호),보건소 관할 지역에서 추진 중인 감염병 예방 관련 노인 일자리 사업의 참여 자격 요건과 최근 변경된 기준을 알고 싶습니다. 만 78세까지 참여 가능하다고 들었는데 구체적으로 확인이 필요합니다.,부분공개,5
2025-01-11,여울시 단비구 복지정책과,FOI-2025-00330,감염병 발생 시 지역 내 복지시설 긴급 대피 계획 관련 자료 청구 (330호),"아파트에 거주하는 고령 가구로서 감염병 확산 시 지역 내 복지시설의 긴급 대피 계획과 대피소 위치, 이동 수단 지원 방안에 관한 자료를 요청합니다. 특히 배자 동거 가구의 배치 기준도 포함해 주세요.",공개,14
2022-12-17,누리시 바른구 보건행정과,FOI-2022-00331,중년 여성 구직 지원 프로그램 심사 과정의 공정성 관련 자료 (331호),최근 보건소에서 시행한 중장년 여성 구직 지원 프로그램에 신청했으나 선정 과정에서 탈락하였습니다. 선정 심사 기준의 구성 비율과 심사위원 구성에 대해 투명하게 공개해 주시기 바랍니다.,부분공개,8
2022-09-10,예담시 늘품구 복지정책과,FOI-2022-00332,건강기능식품 판매업소 위생 점검 결과 및 행정처분 내역 (332호),새빛시장 주변에서 건강기능식품을 판매하는 업소에 대해 위생 점검 결과가 공개되어 있는지를 확인하고자 합니다. 최근 행정처분이 있었던 업소의 조치 내용과 기준을 알고 싶습니다.,공개,16
2024-09-30,도담군 복지정책과,FOI-2024-00333,폐경 후 건강관리 지원 프로그램 운영 현황 및 참여 조건 (333호),"폐경 후 여성 건강관리에 관한 보건소 지원 프로그램이 있는지 확인하고 싶습니다. 참여 조건과 신청 방법, 현재까지 참여자 규모에 대해 알려주시기 바랍니다.",부분공개,17
2024-09-30,여울시 단비구 복지정책과,FOI-2024-00334,노동부 고용관리청 산재예방 교육과 연계된 보건소 건강증진 사업 (334호),전직 매장 정리원으로 경력이 있는 제가 재취업을 위해 노동부 고용관리청 산재예방 교육과 보건소 건강증진 사업을 연계 활용할 수 있는지 알고 싶습니다. 두 기관 협력 사업 현황을 알려주세요.,공개,15
2023-02-23,예담시 늘품구 보건행정과,FOI-2023-00335,시장 주변 공중화장실 청소 및 소독 주기와 감염병 예방 조치 (335호),"새빛시장 주변 공중화장실의 청소 주기와 소독 현황, 감염병 유행 시 강화되는 예방 조치 내용을 확인하고자 합니다. 이용객으로서 위생 관리 수준이 적절한지 알고 싶습니다.",공개,20
2023-07-29,미래군 보건행정과,FOI-2023-00336,교통 결절지역 감염병 위험도 평가와 대중교통 이용 안전 수칙 (336호),전직 교통 계획가로서 새봄역 환승구역의 감염병 위험도 평가 결과와 대중교통 이용 시 안전 수칙 제정 근거를 알고 싶습니다. 어머니와 동거하며 출퇴근 시 체건관리가 걱정됩니다.,부분공개,10
2024-09-23,새봄시 한울구 복지정책과,FOI-2024-00337,아파트 단지의 환기 설비 현황과 감염병 예방 효과 검증 자료 (337호),현재 거주하는 아파트 단지의 공동 환기 설비 현황과 감염병 예방 효과를 검증한 자료가 있는지 확인 요청합니다. 전직 교통 계획 및 설계 경력을 바탕으로 설비의 적정성을 평가해 보고 싶습니다.,부분공개,13
2025-09-10,빛솔시 아람구 복지정책과,FOI-2025-00338,보행로 설계 시 감염병 확산 방지 기준과 지역 내 해당 현황 (338호),가온로 보행구간을 중심으로 보행로 설계 시 감염병 확산 방지를 고려한 기준이 적용되었는지 확인하고자 합니다. 전직 교통 설계 경력을 바탕으로 관련 기준의 실효성을 파악해 보고 싶습니다.,공개,18
2025-07-21,미래군 복지정책과,FOI-2025-00339,재택근무 확산에 따른 통근 버스 노선 감염병 관리 기준 (339호),누리버스 정류장을 이용하는 통근 버스 노선에 대해 재택근무 확대 후 운행 횟수 변화와 감염병 관리 기준 적용 현황을 알고 싶습니다. 어머니와 동거하며 출근길 안전이 중요합니다.,비공개,16
2022-10-30,여울시 단비구 복지정책과,FOI-2022-00340,미래복합센터 인근 대중교통 연계 체계와 감염병 시 대안 동선 (340호),미래복합센터 인근에서 여러 대중교통이 연계되는 체계와 감염병 유행 시 대안 동선 계획이 있는지 확인 요청합니다. 재취업 준비 중 면접까지의 안전한 이동 경로를 파악하고자 합니다.,비공개,20
2025-02-01,너울시 물빛구 복지정책과,FOI-2025-00341,운송장비 정비원의 직업 예방 교육 프로그램 실시 현황 (341호),전직 운송장비 정비원으로 경력이 있는 만큼 직업 예방 교육 프로그램의 실시 현황을 알고 싶습니다. 보건소에서 제공하는 직업건강 관련 프로그램의 내용과 신청 방법을 알려주세요.,부분공개,20
2025-10-03,예담시 늘품구 보건행정과,FOI-2025-00342,노인 운송 건강검진 의무 이행 현황 및 지도 (342호),운송장비를 다루는 고령자들이 건강검진 의무를 이행하는 현황과 보건소의 지도에 대해 알고 싶습니다. 동갑내들이 건강검진 의무 위반 시 어떤 조치는지 확인하고 싶습니다.,공개,10
2023-06-13,온빛시 보건행정과,FOI-2023-00343,도담천 산책로 흡연 절차를 위반하는 사람 단속 및 지도 현황 (343호),도담천 산책로에서 흡연 절차를 위반하는 사람에 대한 단속 실적과 지도 현황을 알고 싶습니다. 산책로 이용객으로서 금연구역 위반 행위에 대한 단속 기준이 적절한지 확인하고 싶습니다.,부존재,12
2023-08-09,도담군 보건행정과,FOI-2023-00344,라온체육센터 주변 운동시설 소독 계획과 감염병 예방 조치 (344호),라온체육센터 주변 야외 운동시설의 소독 계획과 감염병 예방을 위한 조치 내용을 알고 싶습니다. 고령として 체육관 이용 시 감염 위험이 걱정되어 관련 예방 조치를 확인하고 싶습니다.,부분공개,12
2024-10-16,여울시 단비구 보건행정과,FOI-2024-00345,고령 운전면허자 건강능력 검증과 운송업 복귀 지원 정책 (345호),운송장비 정비 경력이 있는 고령자로서 운전면허 후 건강능력 검증 제도와 운송업 복귀 지원 정책이 있는지 알고 싶습니다. 건강검진 통과 시 재취업 가능성도 있는지 확인하고 싶습니다.,공개,8
2024-02-12,새봄시 한울구 복지정책과,FOI-2024-00346,병무행정 사무원 연간 업무량 통계와 보건소 업무 연동 현황 (346호),병무행정 사무원으로 근무하면서 보건소와 업무 연계가 있는 부분을 파악하고 싶습니다. 연간 보건소 관련 업무 처리량 통계와 감염병 대응 시 병무사항 처리 절차에 대해 알려주세요.,부분공개,15
2025-10-17,여울시 단비구 보건행정과,FOI-2025-00347,감염병 유행 시 부과면책 제도 적용 사례와 기준 설명 자료 (347호),감염병 유행으로 인해 병무행정 업무가 지연될 경우 부과면책 제도 적용 사례와 기준을 알고 싶습니다. 업무 과부하로 인한 지연에 대한 판단 기준을 확인하여 업무 처리 기준을 명확히 하고 싶습니다.,공개,11
2025-10-23,가람시 새빛구 복지정책과,FOI-2025-00348,새봄역 환승구역 집단 감염 발생 시 대량 환자 분산 처치 계획 (348호),새봄역 환승구역에서 집단 감염이 발생할 경우의 대량 환자 분산 처치 계획과 환자 이송 절차를 알고 싶습니다. 형제자매와 동거하며 가구주로서 가족 안전 대비가 필요합니다.,비공개,2
2022-12-14,가람시 열린구 보건행정과,FOI-2022-00349,가람공공청사 내 감염병 확산 방지를 위한 내부 위생 관리 기준 (349호),가람공공청사 내 각 부서에서 적용하는 내부 위생 관리 기준과 감염병 확산 방지 구체적 내용을 알고 싶습니다. 청사 내 근무 직원으로서 체건 관리가 중요합니다.,부분공개,7
2022-07-30,예담시 늘품구 복지정책과,FOI-2022-00350,한들동 생활권 주민 감염병 예방 조사를 위한 설문지 내용 (350호),한들동 생활권 주민 대상 감염병 예방 조사를 위해 실시한 설문지 내용을 알고 싶습니다. 가구주로서 해당 지역들의 예방의식 수준과 보건소 향후 교육을 계획하는 데 참고하고 싶습니다.,부분공개,5
2023-10-20,온빛시 안전총괄과,FOI-2023-00351,가금 사육 농장의 재난 시 대피 계획 및 동물 이동 경로 공개 청구 (351호),"가금 사육업을 경영하는 자로서, 대규모 재난 발생 시 축산 현장 동물들의 안전한 대피가 가능하도록 현재 마련된 비상 대피 계획과 동물 이전 경로, 그리고 이동에 필요한 지원 물자에 대해 알려 달라. 특히 축사 밀집 지역인 샘물동 일대의 구체적 대응 방안을 포함해 주기 바란다.",공개,3
2023-10-27,해솔시 안전총괄과,FOI-2023-00352,비주거용 건물 내 주택 거주자를 위한 대피소 배정 현황 공개 청구 (352호),"비주거용 건물 내에 거주하는 특성을 가진 가구로서, 해당 건물 거주민이 재개발이나 긴급 재난 시 어떤 대피소로 안내받는지, 그리고 배정 근거와 절차가 어떻게 운영되는지 확인하고 싶다. 청구인은 반려동물인 가금류를 동반 대피 가능한 시설이 있는지 함께 알려 달라고 요청한다.",부분공개,8
2023-01-07,세움시 맑은구 행정지원과,FOI-2023-00353,가금 사육 관련 재난 시 긴급 연락 체계 및 신고 절차 안내 공개 청구 (353호),"축산 현장에서는 순간적인 재해 파악이 매우 중요하므로, 재난 발생 시 가금 사육자들이 긴급하게 보고하거나 지원을 요청할 수 있는 연락 체계와 신고 절차가 갖추어져 있는지를 궁금해한다. 새빛시장 주변 축산 유통 관련 업소들과의 연계 대응 방안도 포함해 알려 달라.",부분공개,3
2022-05-11,해솔시 안전총괄과,FOI-2022-00354,가금류 사육 농장 주변 방류수 관련 방재 안전 점검 결과 공개 청구 (354호),"자신의 가금 사육 농장 및 주변 유사 축산 시설의 방류수 처리 상태가 재난 시 지하수 오염 등 2차 피해를 유발할 수 있는지 우려되어, 해당 지역에 대한 환경 방재 안전 점검 기록이 있다면 공개해 달라고 청구한다. 특히 우수 유출로 인해 주변 하천인 도담천 수질에 미치는 영향에 대한 평가 자료도 포함해 달라.",공개,18
2023-12-27,미래군 안전총괄과,FOI-2023-00355,축산업 종사자를 위한 재난 대피 교육 프로그램 참여 내역 공개 청구 (355호),"가금 사육 현장의 종사자 수와 현장에서 발생할 수 있는 재난 유형에 비추어, 현재 해당 지역 축산업인들이 재난 대피 교육에 얼마나 참여하고 있는지, 그리고 어떤 교육 과정이 운영되고 있는지를 알고 싶다. 미르로 교차로 인근에서 열리는 축산안전 교육 일정이 있다면 함께 알려 달라고 요청한다.",공개,9
2023-04-05,여울시 단비구 행정지원과,FOI-2023-00356,아파트 단지의 비상 계단 및 대피 경로 안전 점검 결과 공개 청구 (356호),"현재 구직 중인 신 청장년으로서 부모님이 거주하는 아파트 단지의 비상 계단과 대피 경로가 안전하게 관리되고 있는지를 확인하고 싶습니다. 특히 한울초 주변 통학로 이용 학생들과 연계된 아파트 대피 동선에 대한 안전 점검 기록을 요청하며, 지난 점검 이후 개선된 사항이 있는지 밝혀 달라고 합니다.",부분공개,2
2024-02-25,새봄시 한울구 행정지원과,FOI-2024-00357,미래복합센터 인근 대피소 수용 인원 및 생활 지원 물자 비치 현황 공개 청구 (357호),"구직 활동을 하며 여러 곳을 이동하는 과정에서 미래복합센터 인근 대피소에 실제로 어느 정도의 인원을 수용할 수 있는지, 그리고 기본적인 생활 지원 물자가 비치되어 있는지를 확인하고 싶습니다. 대피소 내에서 구직 관련 정보를 확인할 수 있는 공간이나 전산 장비가 구비되어 있는지도 함께 알려 달라고 요청합니다.",부분공개,13
2022-02-10,라온군 행정지원과,FOI-2022-00358,대피소 내 긴급 구급 및 의료 지원 인력 배치 기준 공개 청구 (358호),"토양 환경 시험원 경력이 있어 환경 유해물질 노출 시 응급 대처에 관심이 많은 만큼, 대피소 내에 구급 물품이나 의료 지원 인력이 어느 정도로 배치되어 있는지 궁금합니다. 특히 해솔문화광장 일대 대피소를 중심으로 하는 긴급 의료 지원 체계의 범위와 수준을 알기 위해 이 청구를 제출합니다.",부분공개,6
2025-08-29,새봄시 한울구 행정지원과,FOI-2025-00359,새봄역 환승구역 지하 상가 대피 가능 공간 및 비상구 위치 공개 청구 (359호),"지하 상가 특성상 자연재해나 화재 시 대피가 어려울 수 있다는 우려로, 새봄역 환승구역 지하 상가 내부에서 비상시 대피 가능한 공간과 비상구의 위치가 어떻게 안내되어 있는지 확인하고 싶습니다. 특히 출퇴근 시간대 혼잡 시 비상 탈출 동선에 대한 주민 안내 체계가 있는지 알려 달라고 합니다.",부분공개,9
2022-06-21,가람시 새빛구 행정지원과,FOI-2022-00360,온빛도서관 앞 대피소 지정 여부 및 지정 절차 공개 청구 (360호),"현재 구직 중인으로 도서관 등 공공시설을 자주 이용하게 되는데, 온빛도서관 앞 공간이 비상 시 대피소로 지정되어 있는지, 그리고 어떤 절차를 거쳐 대피소가 지정되는지를 알고 싶습니다. 대피소로 지정된 시설들이 주민들에게 어떻게 고지되는지도 함께 확인하고 싶어 이 청구를 합니다.",부분공개,3
2024-09-25,가람시 새빛구 행정지원과,FOI-2024-00361,인발기 작업 현장의 비상 대피 계획 및 대응 매뉴얼 공개 청구 (361호),"인발기 조작원으로서 내부에서 작업 중 예기치 않은 재해가 발생할 경우를 대비해, 현재 업체에서 보유한 비상 대피 계획과 대응 매뉴얼의 존재 여부와 내용을 알고 싶습니다. 특히 가람공공청사 주변 산업시설 입주 업종과 연계한 지역 종합 대응 체계에도 관심이 있어 함께 요청합니다.",비공개,9
2022-07-22,도담군 안전총괄과,FOI-2022-00362,단독주택가 재난 시 Eigen evacuation 경로 및 대피소 배정 공개 청구 (362호),"단독주택에 거주하는 가구로서 해당 주택가 일대가 긴급 재난 시 어떤 대피 경로로 이동하며, 가장 가까운 대피소에 배정되는지를 구체적으로 알고 싶습니다. 특히 열린마을 공원에서 빛솔광장 일대까지의 단독주택가 대피 동선을 중심으로 알려 달라고 요청합니다.",부분공개,2
2024-06-24,도담군 안전총괄과,FOI-2024-00363,인발기 조작원 대상 산업안전 교육과 지역 Disaster 대응 교육 연계 현황 공개 청구 (363호),"산업 현장에서 작업자 재해 예방 교육은 물론이고, 산업시설 인근 주민들의 Disaster 대응 능력 배양을 위한 지역 교육이 어떻게 연계되어 운영되는지 궁금합니다. 세움산업단지 입구 일대의 지역 Disaster 안전 교육 프로그램을 확인하고자 이 청구를 제출합니다.",공개,3
2025-02-26,누리시 바른구 행정지원과,FOI-2025-00364,가온로 보행구간 재해 시 긴급 차량 진입 불가 구간 대피 지원 방안 공개 청구 (364호),"가온로 보행구간은 차량 진입이 어려운 구조로 되어 있어 긴급 재난 시 거주자들이 대피소까지 자력으로 이동하기 어려운 상황이 우려됩니다. 해당 구간 거주민들이 비상시 어떤 지원을 받을 수 있는지, 그리고 대피 지원 인력이나 장비의 배치가 어떻게 되어 있는지를 알려 달라고 요청합니다.",부분공개,15
2023-07-13,라온군 행정지원과,FOI-2023-00365,너울천 산책로 제방 안전 점검 결과 및 범람 시 대피 경로 공개 청구 (365호),단독주택이 너울천 산책로 근처에 위치하여 호우 시즌 제방 안전 상태에 직접적인 우려를 느끼고 있습니다. 해당 제방에 대한 안전 점검 결과와 만약 제방이 범람할 경우 인근 주택가 주민들이 어떤 경로로 대피하게 되는지 구체적인 계획을 공개해 달라고 청구합니다.,공개,20
2022-11-08,가람시 열린구 안전총괄과,FOI-2022-00366,아파트 단지 건설 과정의 Disaster 안전 검증 기록 공개 청구 (366호),전직 건축 관련 기술 경력이 있어 아파트 단지가 건설 과정에서 Disaster 안전성을 어떻게 검증받았는지 관심을 가지고 있습니다. 현재 거주하는 아파트 단지의 내진 설계 여부 및 안전 검증 관련 기록이 있는지 확인하고 싶어 이 청구를 제출합니다. 자녀의 안전과 관련하여 특히 중량물 추락 방지 시설 설치 여부도 함께 알려 달라고 합니다.,공개,8
2025-07-08,누리시 바른구 행정지원과,FOI-2025-00367,맑은마을 커뮤니티센터 대피소 운영 시간 및 대피 수용 가능 여부 공개 청구 (367호),"구직 활동을 이유로 새벽이나 밤에 귀가하는 경우가 많아, 대피소로 지정된 맑은마을 커뮤니티센터의 운영 시간과 야간에 대피가 실제로 가능한지를 확인하고 싶습니다. 또한 야간 비상시 작동하는 조명 시설과 안전 요원의 배치 여부도 함께 알려 달라고 요청합니다.",부분공개,18
2023-04-20,미래군 안전총괄과,FOI-2023-00368,아파트 대피소 배정 시 가구 내 영유아·취약 계층 배려 기준 공개 청구 (368호),"배우자와 어린 자녀가 함께 거주하는 상황으로, 재난 시 대피소 배정에서 영유아나 취약 계층을 어떻게 배려하는지 구체적인 기준이 궁금합니다. 특히 누리버스 정류장 주변 아파트 단지 거주민이 해당 기준에 따라 배정받는 대피소 시설에 수유실이나 분유 준비 시설이 갖추어져 있는지도 함께 알려 달라고 합니다.",부존재,17
2022-11-28,여울시 단비구 안전총괄과,FOI-2022-00369,한들동 생활권 하수관로 안전 점검 결과 및 범람 대비 대피 계획 공개 청구 (369호),"전직 상하수도 처리 장치 조작 경력이 있어 하수관로 안전 상태에 대해 전문적인 관심을 가지고 있습니다. 한들동 생활권의 하수관로 안전 점검 결과를 알고 싶으며, 특히 호우 시 하수 역류에 의한 침수 대비 대피 계획이 어떻게 수립되어 있는지 알려 달라고 청구합니다.",부분공개,19
2022-04-09,가람시 새빛구 안전총괄과,FOI-2022-00370,73세 고령자가 거주하는 아파트 대피소로의 무장애 이동 동선 공개 청구 (370호),73세 고령자로서 보행에 어려움을 느끼는 경우가 많아 아파트에서 대피소까지의 이동 동선이 실제로 무장애로 확보되어 있는지를 확인하고 싶습니다. 특히 라온체육센터 주변 대피소까지의 경사로 설치 여부와 보행 보조 시설 설치 현황을 구체적으로 알기 위해 이 청구를 제출합니다.,부분공개,6
2024-07-19,도담군 안전총괄과,FOI-2024-00371,대피소 비치 약물 및 응급 구급 키트 보유 목록 공개 청구 (371호),"73세의 나이에 여러 가지 만성 질환을 않고 있는으로, 대피소에서 필수 약물이나 응급 구급 키트를 어느 정도 수준으로 보유하고 있는지 확인하고 싶습니다. 대피소 지정 시 고령자 맞춤형 약물 비치 기준이 마련되어 있는지, 그리고 해솔문화광장 일대 대피소의 구체적인 보유 약물 목록을 알기 위해 이 청구를 합니다.",부분공개,12
2025-11-27,누리시 바른구 안전총괄과,FOI-2025-00372,푸른마루 교차로 일대 긴급 차량 진입 불가 구간 대피 지원 공개 청구 (372호),73세로서 운전이 어려운 상황에서 푸른마루 교차로 주변 긴급 차량 진입 불가 구간에 거주하는 고령자들이 비상시 어떤 대피 지원을 받을 수 있는지 구체적으로 알고 싶습니다. 해당 구간 고령자 전담 대피 지원 인력 배치 현황과 대피 소요 예상 시간도 함께 알려 달라고 요청합니다.,부분공개,19
2024-06-28,미래군 행정지원과,FOI-2024-00373,대피소 지정 변경 이력 및 기준 개정 과정 공개 청구 (373호),"73세 고령자로서 대피소의 위치와 규모가 자신의 이동 범위에 큰 영향을 미치므로, 해당 지역 대피소가 과거에 지정 변경된 이력이 있는지, 그리고 어떤 기준으로 대피소가 새로 지정되거나 해제되는지를 알고 싶습니다. 한들동 생활권 대피소 지정 변경 이력과 기준 개정 과정에 대해 청구를 제출합니다.",부분공개,12
2025-07-27,가람시 열린구 행정지원과,FOI-2025-00374,가람공공청사 주변 대피소 시 주민 의견 수렴 과정 공개 청구 (374호),"73세로서 이동의 어려움이 있으므로 대피소 위치 선정 과정에서 주민 의견을 얼마나 반영하는지가 중요하게 느껴집니다. 가람공공청사 주변 대피소를 새로 지정하거나 변경할 때 어떤 절차로 주민 의견을 수렴하는지, 그리고 고령자·장애인 등 취약계층의 접근성을 어떤 기준으로 평가하는지를 확인하고 싶어 이 청구를 제출합니다.",부분공개,18
2023-09-22,세움시 맑은구 안전총괄과,FOI-2023-00375,샘물동 생활권 재난대비·대피시설 관련 자료 공개 청구 14-0 (375호),샘물동 생활권 일대의 재난대비·대피시설 업무와 관련하여 올해 상반기 처리된 문서와 집행 내역 일체를 공개하여 주시기 바랍니다. 항목별 세부 내역과 근거 서류를 포함해 주세요.,공개,13
2024-10-31,새봄시 한울구 청소행정과,FOI-2024-00376,가정 폐기물 처리 비용 보조금 청구 및 안내 청구 (376호),현재 구직 중인 상황에서 가정 폐기물 처리 비용 부담이 증가하여 보조금 지원 대상 여부와 신청 절차를 확인하고자 합니다. 배우자와 자녀가 함께 거주하는 환경에서 폐기물 처리 비용 절감이 중요한 상황입니다.,부분공개,13
2023-08-26,가람시 열린구 청소행정과,FOI-2023-00377,분리수거 품목별 수거 일정 및 배출 장소 공개 청구 (377호),가족이 거주하는 단독주택에서 배출하는 폐기물의 적정 분류와 수거 일정에 대한 정보를 요청합니다. 최근 수거 일정이 변경된 것으로 알려져 구체적인 배출 일정과 수거 구역을 확인하고자 합니다.,공개,18
2024-03-01,가람시 열린구 환경위생과,FOI-2024-00378,폐기물 처리업체 채용 공고 및 기술 자격 요건 공개 청구 (378호),"전직 생산기 조작원 경력을 바탕으로 폐기물 처리업체 취업을 준비하고 있습니다. 해당 업종의 채용 공고와 필요한 기술 자격 요건, 직무 교육 프로그램에 대한 정보를 요청합니다.",부분공개,17
2023-12-23,도담군 환경위생과,FOI-2023-00379,재활용센터 운영 시간 및 이용 안내 공개 청구 (379호),"가정에서 배출되는 재활용 품목을 직접 재활용센터에 반입하고자 합니다. 현재 근무하는 재활용센터의 운영 시간, 반입 가능한 품목 종류, 단독주택 거주자를 위한 편의 서비스 제공 여부를 확인합니다.",공개,19
2022-04-24,누리시 바른구 청소행정과,FOI-2022-00380,생활폐기물 배출 기준 및 위법사항 안내 청구 (380호),"최근 폐기물 배출 기준이 강화된 것으로 알려져 정확한 배출 규정과 위반 시 부과되는 과태료 금액, 체불납부 시 불이익에 대한 정보를 요청합니다. 정확한 규정을 숙지하여 과태료 부과를하고 싶습니다.",공개,7
2025-05-13,새봄시 한울구 환경위생과,FOI-2025-00381,종량제 봉투 가격 정책 및 차기 가격 인상 계획 공개 청구 (381호),"수금원 직종 특성상 폐기물 처리 비용이 수익에 직접적인 영향을 미칩니다. 현재 종량제 봉투 가격 체계와 향후 가격 인상 가능성, 대량 구매 할인 적용 여부에 대한 정보를 요청합니다.",공개,4
2024-08-17,미래군 청소행정과,FOI-2024-00382,폐기물 수거 서비스 확장 지역 및 추가 서비스 안내 청구 (382호),"현재 단독주택에 제공되는 폐기물 수거 서비스를하고 있으나 수거 빈도가 부족하여 불편을 겪고 있습니다. 서비스 확장 계획과 수거 빈도 증가 가능성, 개별 신청 절차에 대한 정보를 요청합니다.",공개,2
2023-07-26,미래군 환경위생과,FOI-2023-00383,혼자 거주자 폐기물 감량 지원 정책 공개 청구 (383호),"배우자와 별거 중인 상황에서 혼자 거주자의 폐기물 처리 비용 부담이 상대적으로 큽니다. 혼자 거주자를 위한 폐기물 감량화 정책, 공동 배출 프로그램, 비용 절감 지원 제도에 대한 정보를 요청합니다.",부분공개,6
2022-08-30,온빛시 환경위생과,FOI-2022-00384,수거원 작업 환경 안전 기준 및 복지 지원 시설 공개 청구 (384호),"수금원 업무 중 폐기물 수거 작업자와 직접 접촉이 빈번합니다. 수거원에게 적용되는 작업 환경 안전 기준, 필수 보호 장비 지급 규정, 작업 중 부상 시 보상 제도에 대한 정보를 요청합니다.",부분공개,9
2025-01-04,라온군 환경위생과,FOI-2025-00385,생활폐기물 중 유해물질 포함 폐기물 별도 수거 안내 청구 (385호),"수거 과정에서 유해 폐기물과 일반 폐기물의 혼합 배출이 증가하고 있습니다. 배터리, 형광등, 약품 등 유해물질 포함 폐기물의 별도 배출 방법, 수거 장소, 처리 비용에 대한 정보를 요청합니다.",부분공개,13
2024-04-13,라온군 환경위생과,FOI-2024-00386,가족 구성에 따른 폐기물 처리 비용 차등 정책 공개 청구 (386호),공공 기관 임원으로서 환경 정책을 가족에게 적용하기 위해 부모님과 조모님을 포함하여 삼 대가 동거하는 가구의 폐기물 처리 비용 차등 부과 정책이 존재하는지 확인하고자 합니다. 다인 가구 환경 정책의 현황을 파악하고자 합니다.,공개,8
2024-11-14,여울시 단비구 환경위생과,FOI-2024-00387,아파트 단지 폐기물 처리 시스템 개선 계획 공개 청구 (387호),"부모님과 조모님과 함께 거주하는 아파트 단지의 폐기물 처리 시스템이 노후화되어 개선이 필요한 상황입니다. 현재 처리 시스템 현황과 개선 계획, 주민 제안 반영 절차에 대한 정보를 요청합니다.",부분공개,13
2022-11-01,빛솔시 아람구 청소행정과,FOI-2022-00388,공공 기관 환경 의무이행 현황 및 내부 지침 공개 청구 (388호),"공공 기관 임원으로서 자신이 소속된 기관의 폐기물 처리 및 재활용 의무이행 현황을 확인하고자 합니다. 기관 내부 환경경영시스템 운영 현황, 연간 폐기물 처리 실적, 환경 목표 달성률에 대한 정보를 요청합니다.",공개,20
2022-10-10,누리시 바른구 환경위생과,FOI-2022-00389,세대별 분리수거 교육 프로그램 운영 현황 공개 청구 (389호),"노인 가족구성원이 있는 가구의 정확한 분리수거 방법 안내가 부족합니다. 세대별 대상 분리수거 교육 프로그램 현황, 특별 노약자 배려 프로그램, 공동주택 맞춤형 교육 서비스에 대한 정보를 요청합니다.",부분공개,3
2023-03-31,도담군 환경위생과,FOI-2023-00390,생활권 단위 폐기물 처리 정책 및 주민 참여 사업 공개 청구 (390호),공공 기관 임원으로서 업무 추진에 참고할 생활권 단위 폐기물 처리 정책 현황과 주민 참여형 폐기물 감량 사업을 확인하고자 합니다. 샘물동 생활권 및 한들동 생활권의 폐기물 처리 정책 비교 자료와 주민 참여 실적 데이터를 요청합니다.,부존재,12
2025-03-09,예담시 늘품구 청소행정과,FOI-2025-00391,폐기물 처리산업 취업 지원 사업 및 훈련 프로그램 공개 청구 (391호),"전직 선박 기관사로서 해양폐기물 처리 분야 경력을 활용하여 취업 준비 중입니다. 폐기물 처리산업 취업 지원 사업, 직업 훈련 프로그램, 구직자 대상 채용 박람회 일정에 대한 정보를 요청합니다.",공개,10
2025-11-05,너울시 물빛구 환경위생과,FOI-2025-00392,가족과 함께하는 분리수거 실천 교육 자료 공개 청구 (392호),"부모님과 함께 거주하며 분리수거 실천 방법을 함께 배우고 싶습니다. 가족 단위 분리수거 교육 자료, 실천 안내, 온라인 교육 프로그램, 환경 체험 행사에 대한 정보를 요청합니다.",비공개,11
2022-08-10,해솔시 환경위생과,FOI-2022-00393,단독주택 밀집 지역 폐기물 수거 효율화 방안 공개 청구 (393호),"단독주택 지역에 거주하며 폐기물 수거 차량의 접근성이 떨어지는 문제를 겪고 있습니다. 해당 지역 폐기물 수거 효율화 방안, 노후 수거 차량 교체 계획, 접근성 개선 사업에 대한 정보를 요청합니다.",부분공개,12
2023-03-27,라온군 청소행정과,FOI-2023-00394,폐기물 처리 관련 민원 처리 절차 및 담당 부서 공개 청구 (394호),"폐기물 수거 불만, 불법 투기 신고 등 민원을 처리할 담당 부서와 처리 절차를 확인하고자 합니다. 열린마을 공원 및 너울천 산책로 주변 불법 투기 민원 처리 현황과 처리 기간에 대한 정보를 요청합니다.",부분공개,8
2024-08-28,라온군 청소행정과,FOI-2024-00395,친환경 대량 폐기물 처리 기술 및 시설 현황 공개 청구 (395호),"선박 기관사 경력을 바탕으로 해양폐기물 처리 기술을 적용 가능성을 탐색하고 있습니다. 국내 친환경 폐기물 처리 기술 현황, 최신 처리 시설 도입 계획, 업사이클링 시설 현황에 대한 정보를 요청합니다.",부분공개,3
2024-08-14,가람시 열린구 환경위생과,FOI-2024-00396,음식물 쓰레기 처리 비용 및 지원 정책 공개 청구 (396호),"분식 조리사로서 업장에서 발생하는 음식물 쓰레기 처리 비용이 주요 지출입니다. 음식물 쓰레기 감량화 장비 지원 제도, 처리 비용 보조금, 음식물 건조기 설치 지원 정책에 대한 정보를 요청합니다.",공개,3
2024-08-10,라온군 청소행정과,FOI-2024-00397,음식물 쓰레기 재활용 제품 생산 및 판매 현황 공개 청구 (397호),"음식물 쓰레기 재활용 과정을 투명하게 이해하고 싶습니다. 지역에서 발생한 음식물 쓰레기가 어떻게 재활용되는지, 생산되는 제품 종류, 판매 수익 활용 현황에 대한 정보를 요청합니다.",부분공개,5
2024-04-13,예담시 늘품구 환경위생과,FOI-2024-00398,음식물 쓰레기 배출 시 과태료 부과 기준 공개 청구 (398호),"배우자와 자녀가 함께 거주하는 아파트에서 음식물 쓰레기 배출으로 이웃 간 갈등이 발생하고 있습니다. 음식물 쓰레기 배출 규정 위반 시 부과되는 과태료 기준, 신고 절차, 개선 권고 사항에 대한 정보를 요청합니다.",비공개,17
2023-10-21,미래군 환경위생과,FOI-2023-00399,업종별 폐기물 처리 지원금 및 환경 인증 획득 지원 공개 청구 (399호),"분식 조리사로서 환경 친화적 업장 인증 취득을 준비하고 있습니다. 음식물 쓰레기 배출 감량 업장에 대한 지원금 정책, 환경 인증 획득 지원 프로그램, 인증 획득 시 부여되는 혜택에 대한 정보를 요청합니다.",비공개,11
2024-07-20,미래군 청소행정과,FOI-2024-00400,음식물 쓰레기 처리시설 입지 및 주민 갈등 해결 사례 공개 청구 (400호),"음식물 쓰레기 처리 시설이 아파트 근처에 설치 계획인 것으로 알려져 주민 갈등이 우려됩니다. 새빛시장 주변 음식물 쓰레기 처리 시설 입지 현황, 기존 갈등 해결 사례, 주민 참여 절차에 대한 정보를 요청합니다.",부분공개,16
2023-06-15,예담시 늘품구 상하수도과,FOI-2023-00401,세움산업단지 배출수 수질검사 결과 청구 (401호),전직 화학물 분쇄기 조작 경험이 있어 산업단지의 수질관리 기준과 배출수를 Sangat 관심 있게 보고 있습니다. 세움산업단지 입구 일대의 공공수에 대한 최근 3년간 수질검사 기록과 기준초과 이력을 알려주시기 바랍니다.,부분공개,11
2022-12-01,세움시 맑은구 환경위생과,FOI-2022-00402,수질검사 인력 양성 직업재기 지원사업 현황 (402호),"현재 구직 중인 상태로 수질검사 분야 직종 전환을 고려하고 있습니다. 환경관리청 및 지자체 운영 직업재기 지원사업 중 수질검사 관련 훈련과정을 알려주시고, 수강 신청 자격과 배출 후 취업 연계율을 알고 싶습니다.",부분공개,20
2024-12-22,예담시 늘품구 상하수도과,FOI-2024-00403,아파트 상수도 수질검사 일정 및 기준 (403호),샘물동 생활권 아파트에 거주하고 있어 가정용 상수도의 수질안전성에 직접적인 이해관계가 있습니다. 최근 정수장 점검 후 상수도 수질검사 일정과 먹는물 수질기준 항목별 합격 여부를 알려주시기 바랍니다.,비공개,12
2024-06-27,온빛시 환경위생과,FOI-2024-00404,가온로 보행구간 상수관 노후도 현황 (404호),"구직 활동 중 가온로 보행구간을 자주 지나치는데, 최근 수도관 파손으로 인한 수질 이상 보고를 들었습니다. 해당 구간 상수관의 시공 연도 및 노후도 조사 결과를 알려주시고, 교체 공사가 계획되어 있는지 확인하고 싶습니다.",공개,4
2025-04-10,예담시 늘품구 환경위생과,FOI-2025-00405,하수처리장 방류수 수질 모니터링 자료 (405호),환경관련 직종 취업을 준비하면서 하수처리 기술의 최신 기준을 파악하고자 합니다. 도담천 산책로 인근 하수처리장의 일평균 방류수량 및 방류수 수질오염물질 농도 측정치를 최근 1년간 분기별로 알려주시기 바랍니다.,부분공개,2
2023-05-31,누리시 바른구 환경위생과,FOI-2023-00406,노인 가정 수질검사 지원사업 신청 안내 (406호),하신울 초 주변 통학로 근처 아파트에 어머니와 함께 거주하며 어머니는 만성질환이 있어 먹는물의 수질이 가정 건강에 중요합니다. 고령자 가구나 환자 가구 대상 수질검사 지원사업이 있는지 신청 방법과 대상 기준을 알고 싶습니다.,공개,4
2022-10-25,너울시 물빛구 환경위생과,FOI-2022-00407,공공 급수전 수질검사 주기 및 결과 공개 (407호),교회 활동으로 열린마을 공원이나 해솔문화광장 등 야외 활동을 자주 합니다. 지자체 설치 공공 급수전의 수질검사 주기와 최근 검사 결과를 알고 싶습니다. 특히 수도꼭지 수돗물이 음용 적합한지 여부를 확인하고 싶습니다.,부분공개,2
2025-12-19,여울시 단비구 상하수도과,FOI-2025-00408,배관 세척 공사 후 수질 변화 이력 (408호),맨홀의 전도사로서들 가정 방문 시 수도을 많이합니다. 아파트 단지의 상수관 세척 공사 시행 후 수질 변화 이력과 수돗물 탁도·색도 변화 수치를 알려주시면들 안내에 도움이 될 것 같습니다.,부존재,11
2025-12-10,온빛시 환경위생과,FOI-2025-00409,지하수 수질검사 지원사업 대상 확대 계획 (409호),"맑은마을 커뮤니티센터 근처 아파트에서 생활하며 지하수를 가정 용수나 화분 관수용으로 활용하려는이 있습니다. 지하수 수질검사 지원사업이 특정 지역 한정인지, 향후 확대 계획이 있는지 알려주시기 바랍니다.",부분공개,8
2023-07-28,누리시 바른구 상하수도과,FOI-2023-00410,수질검사기관 지정 기준 및 절차 (410호),"고령으로 이동이하지만 수질에 관심이 많습니다. 공공 수질검사기관의 지정 기준과 정기적 절차가 어떻게 운영되는지 알려주시고, 기준 미달 시 조치 절차를 알고 싶습니다.",부존재,18
2023-07-25,도담군 환경위생과,FOI-2023-00411,상수원 수질 오염 사고 대응 매뉴얼 (411호),69세 전직 기업 임원으로서 도시 기반시설의 위기대응 역량에 대해 평가하는 눈으로 보고 있습니다. 상수원 수질 오염 사고 발생 시 주민 통보 체계와 피해 최소화 대응 매뉴얼이 어떻게 수립되어 있는지 알고 싶습니다.,공개,14
2023-06-02,라온군 상하수도과,FOI-2023-00412,수질검사 관련 용역 입찰 선정 기준 (412호),"구직 준비 중 투자 분석 경험을 살려 환경 용역 분야 취업을 고려하고 있습니다. 지자체 수질검사 관련 용역 입찰의 선정 기준과 평가 항목별 배점을 알려주시고, 중소기업 참여 기회가 있는지 확인하고 싶습니다.",부분공개,17
2022-06-16,해솔시 상하수도과,FOI-2022-00413,수돗물 요금 체계 및 차등 과금 기준 (413호),단독주택에 거주하며 상하수도를 직접 관리하고 있습니다. 최근 수도 요금 고지서를 받아Domestic에 따른 단계별 요금 체계와 산업용수와의 차등 과금 기준이 어떻게 되는지 구체적으로 알고 싶습니다.,부분공개,10
2023-04-01,너울시 물빛구 환경위생과,FOI-2023-00414,가람공공청사 상수관 교체 공사 계획 (414호),"가람공공청사 주변 단독주택 지역에 거주하며 최근 수 현상을 겪고 있습니다. 공공청사 일대의 상수관 교체 계획 수립 여부와 시행 시기, 예상 공사 기간을 알려주시기 바랍니다.",공개,20
2025-04-30,너울시 물빛구 상하수도과,FOI-2025-00415,수질검사 데이터 공개 플랫폼 운영 현황 (415호),"전직 기업 임원으로 데이터 기반 의사결정에 익숙합니다. 지자체에서 운영하는 수질검사 데이터 공개 플랫폼이 있는지, 실시간 수질 모니터링 결과를どの까지하고 있는지 알고 싶습니다.",공개,11
2024-09-22,가람시 새빛구 환경위생과,FOI-2024-00416,연립주택 하수배관 정화조 관리 기준 (416호),연립주택에 거주하며 자녀와 배우자와 함께 생활합니다. 집 하수배관 및 정화조의 관리 주체와 점검 주기가 어떻게 되는지 알고 싶습니다. 특히 집 먼지나 악취 문제 해결을 위한 관리 기준을 확인하고 싶습니다.,공개,12
2022-09-05,해솔시 환경위생과,FOI-2022-00417,어린이시설 용수 수질검사 결과 (417호),만3세 자녀를 키우며 한울초 주변 통학로 근처 놀이터나 분수대를 자주합니다. 여름철 놀이시설 용수의 수질검사 결과와 음용 가능 여부를 알려주시기 바랍니다. 자녀 안전을 위해 반드시 확인하고 싶습니다.,공개,3
2023-01-26,가람시 열린구 상하수도과,FOI-2023-00418,급수전 이상 신고 접수 및 처리 실적 (418호),새빛시장 주변 연립주택에서 생활하며 시장에 출장도 갑니다. 최근 수도꼭지 물나는 문제가 계속되고 있습니다. 지자체 접수 창구의 급수전 이상 신고 처리 실적과 평균처리 기간을 알려주시기 바랍니다.,비공개,1
2022-11-26,세움시 맑은구 상하수도과,FOI-2022-00419,하수관로 점검 시기 및 교통 통제 계획 (419호),"구직 활동 중 면접을 위해 새봄역 환승구역을 자주 이용합니다. 최근 해당 일대 하수관로 정기 점검 계획이 있는지, 있다면 통제 범위와 기간을 미리 알고 싶습니다. 출퇴근 동선 확보를 위해 필요합니다.",부분공개,20
2025-09-05,세움시 맑은구 상하수도과,FOI-2025-00420,음용수 수질 기준 강화 정책 방향 (420호),"가족의 건강을 위해 음용수 수질 기준에 큰 관심을 가지고 있습니다. 향후 수질 기준 강화 계획이 있는지, 현재 국제기준과의이 어느 정도인지 알려주시고, 강화 시 가정용 филь터 기준도 알려주시기 바랍니다.",부분공개,17
2023-08-01,새봄시 한울구 환경위생과,FOI-2023-00421,맑은마을 아파트 단지 급수 공동화 기준 (421호),"아파트 거실에서 마루 시공 후 수분 변화로 인한 문제 발생 가능성에 대해 걱정됩니다. 아파트 공동 급수 방식의 수압 기준과 급수 공동화 설치 기준이 어떻게 되는지 알려주시고, 특히 고층 아파트의 수질 균일성 확보 방법을 알고 싶습니다.",공개,7
2023-10-28,새봄시 한울구 상하수도과,FOI-2023-00422,수질검사 결과 민원 처리 절차 및 기간 (422호),"수질 이상으로 민원을한 후 처리 과정과 결과를 투명하게 알고 싶습니다. 수질 관련 민원 접수 후 처리 절차와 표준 처리 기간, 처리 결과에 동의하지 않을 경우 이의 신청 방법을 알려주시기 바랍니다.",공개,7
2023-03-14,가람시 열린구 상하수도과,FOI-2023-00423,하수슬러지 처리 시설 위치 및 환경 영향 (423호),"마루 설치 작업 중 습기 문제를 자주 다루게 되어 하수처리 후 발생되는 슬러지 처리 과정에 관심이 많습니다. 세움산업단지 내 슬러지 처리 시설의 위치와 환경 영향 평가 결과를 알려주시고, 주변 주민 대기·수질 영향 데이터가 있는지 확인하고 싶습니다.",부분공개,19
2024-02-01,온빛시 상하수도과,FOI-2024-00424,누수 감지 시스템 도입 현황 및 효과 (424호),"아파트 관리비 절감을 위해 누수 감지 시스템 도입을 고려하고 있습니다. 지자체 공공주택이나 복지시설에 스마트 수도 계량기나 누수 감지 시스템 도입 현황과 효과를 알려주시고, 민간 아파트 보급 지원 제도가 있는지 알고 싶습니다.",부분공개,9
2024-02-08,도담군 상하수도과,FOI-2024-00425,수질검사 교육 프로그램 정도 (425호),"직장 스트레스와 달리 평생학습으로 수질 관련 지식을 쌓고 싶습니다. 지자체 주관 수질검사 교육 프로그램이 에되는지, 수강료 지원 제도나 무료 프로그램이 있는지 알려주시기 바랍니다.",공개,3
2024-10-04,라온군 재무회계과,FOI-2024-00426,샘물동 생활권 소상공인 지원금 지급 현황 조회 요청 (426호),"최근 항공운송 사무원으로 근속하며 Sole Proprietor 자영업 준비 중입니다. 새빛시장 주변에서 카페 운영을 검토 중으로, 해당 지역 소상공인 지원금 집행 내역과 지급 일정을 상세히 알고 싶습니다.",부존재,20
2024-04-18,라온군 일자리경제과,FOI-2024-00427,항공운송업 특화 고용안정 지원금 운영 내역 요청 (427호),항공운송 사무원으로서 유류비·출장비 등 고정 지출이 많아 자영업 전환을 고려 중입니다. 시 단위 고용안정 지원금 중 항공·물류 분야 특화 프로그램 집행 현황이 있는지 확인 요청합니다.,부분공개,19
2025-01-16,미래군 재무회계과,FOI-2025-00428,새빛시장 주변 상권 활성화 사업 집행 내역 요청 (428호),배우자와 자녀를 부양하며 안정적 소득원 확보에 고민이 많습니다. 새빛시장 주변 상권 활성화 사업 추진 현황과 관련 집행 내역을 파악하여 자영업 가능성을 탐색하고자 합니다.,부분공개,12
2025-01-29,누리시 바른구 재무회계과,FOI-2025-00429,소기업 최저임금 특 Fallen 지원금 지급 기준 안내 (429호),"항공사 본사에서 계약직 전환 이야기가 있어 불안합니다. 최소한의 소득 보전이 필요해 소기업 최저임금 특 Fallen 지원금 제도와 신청 자격, 최근 집행 현황을 상세히 알고 싶습니다.",부분공개,20
2022-11-27,예담시 늘품구 일자리경제과,FOI-2022-00430,도담천 산책로 주변 점포 임대료 지원 사업 내역 (430호),"도담천 산책로 주변에 카페 개업을 계획 중입니다. 해당 지역 임대료 지원 사업이 있는지 확인하고, 있다면 집행 현황과 다음 신청 일정도 함께 알려주시기 바랍니다.",부분공개,3
2025-12-05,해솔시 재무회계과,FOI-2025-00431,누리버스 정류장 주변 고령자 구직활동 지원금 집행 내역 (431호),"67세로 전직 자동차 경정비 기술을 갖추었으나 취업 시장에서 배제되고 있습니다. 누리버스 정류장 주변 대중교통 접근성이 좋아 이곳 인근에서 단순노임을 구직 중이니, 고령자 구직활동 지원금 지급 현황을 알려주세요.",부존재,1
2025-11-22,너울시 물빛구 재무회계과,FOI-2025-00432,67세 이상 경력 재기용 지원금 사업 추진 현황 (432호),"자동차 경정비 경력이 30년이나 되어 실무 능률은 젊은 시절 못하지만 경험은 있습니다. 시 차원 67세 이상 경력 재기용 지원금 사업이 있는지, 추진 중이라면 집행 현황을 확인하고자 합니다.",부분공개,11
2024-11-15,도담군 일자리경제과,FOI-2024-00433,아파트 기반 독거노인 안전돌봄 서비스 운영비 집행 내역 (433호),혼자 사는 상황에서にえ 안전돌봄 서비스 활용을 고민 중입니다. 현재 아파트 단지에 제공되는 독거노인 안전돌봄 서비스 종류와 그간 집행된 운영비 내역을 알려주시기 바랍니다.,부분공개,16
2024-09-21,온빛시 일자리경제과,FOI-2024-00434,한울초 주변 통학로 주변 고용 창출 사업 집행 현황 (434호),"한울초 주변 통학로에서 아침·저녁 시간대에 단기 알바를 구할 수 있는지 탐색 중입니다. 해당 지역 고용 창출 사업이 운영된 적이 있는지, 집행 내역이 있다면 알려주세요.",공개,18
2023-09-19,도담군 일자리경제과,FOI-2023-00435,미래복합센터 인근 의료·보건 분야 구직 매칭 사업 내역 (435호),"자동차 경정비 실무 능력이 있지만 몸이 따라주지 않아 다른 일상을 찾아야 합니다. 미래복합센터 인근 의료·보건 분야 구직 매칭 사업이 있는지, 집행 현황을 포함해 알려주시기 바랍니다.",부분공개,5
2025-10-02,미래군 재무회계과,FOI-2025-00436,세움산업단지 입구 리프트 안전 점검비 지원금 집행 내역 (436호),"리프트 조작원으로서 산업 현장 안전이 곧 제 생명입니다. 세움산업단지 입구 리프트 안전 점검비 지원금 집행 현황과 점검 주기, 지원 대상 설비 범위를 구체적으로 알고 싶습니다.",공개,6
2025-01-07,빛솔시 아람구 재무회계과,FOI-2025-00437,리프트 조작원 긴급 피복 지원금 지급 내역 조회 (437호),"아파트에서 가족과 거주하며 야간·새벽 교대 근무를 서고 있습니다. 교대 근무 환경에서 필수적인 보호장구·피복 구입비가 부담되어, 관련 지원금 집행 내역을 확인 요청합니다.",부존재,1
2025-11-04,새봄시 한울구 재무회계과,FOI-2025-00438,가온로 보행구간 근린상가 임대료 지원 사업 집행 현황 (438호),리프트 조작원 급여 외 부수입이 필요하여 가온로 보행구간 근린상가에서 неболь한 장사를 고려 중입니다. 해당 지역 임대료 지원금 집행 내역과 신청 자격 요건을 알려주세요.,부분공개,14
2023-01-21,세움시 맑은구 일자리경제과,FOI-2023-00439,산업안전 특별교육 이수비 지원금 집행 내역 (439호),리프트 조작원 자격 유지와 산업안전 특별교육 이수 비용 부담이 클습니다. 교육비 지원금 집행 현황과 지원 한도를 확인하여 향후 재교육 계획을 세우고자 합니다.,부분공개,14
2022-04-07,너울시 물빛구 일자리경제과,FOI-2022-00440,아파트 지역 어린이 안전 환경 조성비 집행 내역 (440호),배우자와 초등 자녀와 아파트에서 거주하며 다음 세대 안전 환경에 관심이 많습니다. 아파트 단지 인근 도로·공원 안전 환경 조성비 집행 내역을 파악하여 지역 안전 이슈를 점검하고자 합니다.,공개,12
2023-05-03,누리시 바른구 재무회계과,FOI-2023-00441,전직 건축 기술자 재취업 지원금 심사 기준 공개 요청 (441호),"49세 전직 건축 관련 기술자로 현장 경력은 풍부하지만 직종 전환이 불가피한 상황입니다. 재취업 지원금 신청 시 심사 기준이 무엇인지, 구체적인 가점 항목을 포함해 상세히 알고 싶습니다.",공개,7
2022-10-31,가람시 열린구 재무회계과,FOI-2022-00442,한들동 생활권 건설업 경력자 기술 전환 교육비 지원 현황 (442호),건축 현장 경력을 부동산 관리나 시설 유지보수 등 인접 분야로 전환하고자 합니다. 한들동 생활권 내 건설업 경력자 기술 전환 교육비 지원 사업 집행 현황을 알려주시기 바랍니다.,비공개,7
2025-01-19,해솔시 일자리경제과,FOI-2025-00443,49세 이상 주세대 재진입 지원금 사업 추진 일정 문의 (443호),"아이를 둔 가정의 경제적 부담이 커지면서 재취업 압박이 큽니다. 만 49세 이상 주세대 재진입 지원금 사업 추진 일정이 있는지, 현재 진행 중인 사업이 있다면 그 성과를 알고 싶습니다.",부분공개,11
2023-08-18,가람시 새빛구 재무회계과,FOI-2023-00444,가람공공청사 주변 건설기계 자격 취득비 지원 내역 (444호),건축 기술자로서 건설기계 자격을 새로 취득하면 취업 범위가 넓어질 것으로 기대합니다. 가람공공청사 주변 건설기계 자격 취득비 지원금 집행 현황을 확인 요청합니다.,부분공개,20
2023-07-06,너울시 물빛구 일자리경제과,FOI-2023-00445,두 자녀 양육비 지원과 재취업 지원금 동시 수급 가능 여부 (445호),배우자와 두 자녀를 부양하며 재취업 지원금과 양육비 지원을 동시에 받을 수 있는지 궁금합니다. 각 제도별 소득 기준과 병행 수급 조건을 명확히 알고 싶습니다.,공개,6
2022-09-12,가람시 새빛구 일자리경제과,FOI-2022-00446,가온로 보행구간 소상공인 지원금 집행 관련 자료 공개 청구 17-0 (446호),가온로 보행구간 일대의 소상공인 지원금 집행 업무와 관련하여 최근 6개월간 처리된 문서와 집행 내역 일체를 공개하여 주시기 바랍니다. 항목별 세부 내역과 근거 서류를 포함해 주세요.,부분공개,14
2022-12-03,가람시 열린구 재무회계과,FOI-2022-00447,미르로 교차로 소상공인 지원금 집행 관련 자료 공개 청구 17-1 (447호),미르로 교차로 일대의 소상공인 지원금 집행 업무와 관련하여 2024년 한 해 처리된 문서와 집행 내역 일체를 공개하여 주시기 바랍니다. 항목별 세부 내역과 근거 서류를 포함해 주세요.,부분공개,1
2024-12-22,세움시 맑은구 일자리경제과,FOI-2024-00448,온빛도서관 앞 소상공인 지원금 집행 관련 자료 공개 청구 17-2 (448호),온빛도서관 앞 일대의 소상공인 지원금 집행 업무와 관련하여 최근 6개월간 처리된 문서와 집행 내역 일체를 공개하여 주시기 바랍니다. 항목별 세부 내역과 근거 서류를 포함해 주세요.,공개,17
2022-11-22,누리시 바른구 재무회계과,FOI-2022-00449,라온체육센터 주변 소상공인 지원금 집행 관련 자료 공개 청구 17-3 (449호),라온체육센터 주변 일대의 소상공인 지원금 집행 업무와 관련하여 최근 6개월간 처리된 문서와 집행 내역 일체를 공개하여 주시기 바랍니다. 항목별 세부 내역과 근거 서류를 포함해 주세요.,부존재,4
2023-06-22,미래군 재무회계과,FOI-2023-00450,누리버스 정류장 소상공인 지원금 집행 관련 자료 공개 청구 17-4 (450호),누리버스 정류장 일대의 소상공인 지원금 집행 업무와 관련하여 2023년부터 현재까지 처리된 문서와 집행 내역 일체를 공개하여 주시기 바랍니다. 항목별 세부 내역과 근거 서류를 포함해 주세요.,부분공개,20
2025-12-23,가람시 열린구 문화체육과,FOI-2025-00451,문화행사 공연장 안전 점검 내역 및 긴급 대피 계획 공개 청구 (451호),"최근 문화행사 참여 시 공연장 구조 안전에 대한 관심이 높아졌습니다. 현재까지 해당 문화행사 공연장에서 실시된 안전 점검 횟수, 지적 사항 및 개선 내용, 긴급 대피 계획과 대피로 현황을 알고 싶습니다. 특히 불 다수인 집회 장소로서 기준 준수 여부를 확인하고자 합니다.",부분공개,8
2023-10-14,온빛시 기획감사과,FOI-2023-00452,올해 상반기 문화행사 관객 수치 및 만족도 조사 결과 공개 (452호),"지난 3월부터 6월까지 해당 지역에서 개최된 문화행사별 참여 관객 수치와 행사 종료 후 실시한 만족도 조사 결과를 알고 싶습니다. 특히 행사의 목적 달성 여부, 참여자 연령대별 분포, 재참여 의향 등을 항목별로 정리된 자료를 요청합니다.",부분공개,10
2023-10-26,도담군 문화체육과,FOI-2023-00453,문화행사 참가 예술인 심사 기준 및 선정 과정 공개 (453호),"문화행사에 참가하는 예술인·공연단에 대한 심사 기준이 어떻게 설정되어 있는지, 서류 심사부터 최종 선정까지 구체적인 과정을 알고 싶습니다. 또한 심사위원 구성과 평균 심사 소요 기간도 확인하여 사업 투명성을 점검하고자 합니다.",부분공개,12
2024-04-21,가람시 새빛구 문화체육과,FOI-2024-00454,문화행사 추진 업무를 담당하는 외부 용역 계약 업체 현황 (454호),"문화행사 기획·운영을 위해 위탁한 외부 용역 업체 명칭, 계약 기간, 계약 금액, 업무 범위를 알고 싶습니다. 공공재원 사용의 투명성 확보 차원에서 해당 계약이どのように 이루어졌는지 확인이 필요합니다.",비공개,13
2024-11-13,미래군 기획감사과,FOI-2024-00455,문화행사 보조금 부정 수급 적발 및 환수 처리 현황 (455호),"문화행사 보조금을 지원받은 후 환수되거나 정정이 발생한 사례가 있는지, 그 사유와 처리 절차를 알고 싶습니다. 특히 보조금 부정 수급 적발 기준과 함께 해당 사안에 대한 행정 처분 결과를 확인할 수 있는 자료를 요청합니다.",공개,7
2025-09-28,라온군 기획감사과,FOI-2025-00456,문화행사 추진 일정 변경 이력 및 변경 사유서 공개 (456호),"문화행사 일정이から 변경된 사항이 있는지, 변경 시どのような 사유로 인해 조정되었는지 알고 싶습니다. 일정 변경에 따른 예산 배분 조정 내역도 함께 확인하여 사업 진행 과정의 투명성을 점검하고자 합니다.",부분공개,6
2022-10-13,세움시 맑은구 기획감사과,FOI-2022-00457,문화행사 현장 활동 보조 인력 채용 절차 및 근무 조건 (457호),"문화행사 현장에서 근무하는 보조 인력의 채용 공고 방법, 시험·면접 구성, 임금 수준, 근무 시간 등 근무 조건을 알고 싶습니다. 현재 구직 중인として 해당 사업에 참여할 수 있는 기회와 조건을 확인하기 위함입니다.",부분공개,11
2023-09-17,도담군 문화체육과,FOI-2023-00458,문화행사 홍보를 위해 사용한 매체별 집행 비용 내역 (458호),"문화행사 홍보를 위해 사용한 각 매체별 광고·홍보 비용이 어떻게 배분되었는지 알고 싶습니다. 특히 온라인 플랫폼, 옥외 광고, 인쇄물, 언론 보도 지원 등 항목별로 집행 내역을 확인하여 공공예산 사용의 효율성을 평가하고 싶습니다.",공개,7
2022-06-11,가람시 열린구 문화체육과,FOI-2022-00459,문화행사 참가신청서 양식 및 심사 항목별 배점 기준표 (459호),"문화행사 참가신청 필요한 양식의 구성과 심사 항목별 배점이 어떻게 되어 있는지 알고 싶습니다. 특히 평가 기준이 명확하게 공지되어 있는지 확인하여,자의 입장에서 사업 참여 기회의 공정성을 점검하고자 합니다.",공개,12
2025-09-19,새봄시 한울구 문화체육과,FOI-2025-00460,문화행사 운영에 투입된 인력 구성 비율 및 비용 구조 (460호),문화행사 운영을 위해 투입된 인력의 정규·비정규 구성 비율과 이에 따른 인건비 지출 구조를 알고 싶습니다. 또한 및 등 무급 인력 활용 현황도 함께 확인하여 사업 운영의 적절성을 평가하고자 합니다.,부분공개,18
2025-08-13,해솔시 문화체육과,FOI-2025-00461,문화예술 분야 신규 지원사업 선정 평가 기준 개정 이력 (461호),"문화예술 분야 신규 지원사업의 선정 평가 기준이 과거から까지どのように 변경되었는지 알고 싶습니다. 특히 기준 개정 시 주요 변경 사항과 개정 사유를 파악하여, 향후 지원사업을 신청할 때 참고하고자 합니다.",부분공개,6
2025-06-24,도담군 기획감사과,FOI-2025-00462,문화행사 보조금 집행 잔액 및 이월·불용 처리 내역 (462호),"문화행사 보조금 예산의 집행 잔액 규모, 해당 잔액의 이월 또는 불용 처리 현황을 알고 싶습니다. 특히 보조금 집행률과 목표 대비 성과 달성 여부를 항목별로 확인할 수 있는 자료를 요청합니다.",부분공개,9
2024-06-04,해솔시 기획감사과,FOI-2024-00463,문화행사 행사장 임차료 산정 근거 및 계약 조건 공개 (463호),"문화행사장에사용한 임대료 산정 근거가 무엇인지, 계약 조건에 포함된 내용과 임대 면적을 알고 싶습니다. 또한 임대료 산정에 참고한 시세 조사 방식이 적절했는지 평가할 수 있는 자료를 요청합니다.",부분공개,12
2024-05-31,도담군 문화체육과,FOI-2024-00464,문화행사 참가자 보험 가입 여부 및 보장 내용 (464호),"문화행사 참가자 피해를 대비한 보험 가입 여부와 보장 범위, 보험금 지급 기준을 알고 싶습니다. 행사 참여 중 발생한 사고 시 보상 절차가 어떻게 이루어지는지 확인하여 안전한 행사 참여 환경을 점검하고자 합니다.",부분공개,20
2022-01-14,가람시 열린구 기획감사과,FOI-2022-00465,문화행사 기획 단계 주민 의견 수렴 절차를 거쳤는지 확인 요청 (465호),"문화행사 기획 단계에서 주변 주민의 의견을 수렴하기 위한 절차를실시하였는지, 의견 수렴 방법과 그 결과를 알고 싶습니다. 특히 행사장 주변 교통·소음 관련 주민 불만 처리 경위와 함께 향후 개선 계획을 확인할 수 있는지 문의합니다.",비공개,19
2025-12-19,여울시 단비구 기획감사과,FOI-2025-00466,문화행사 참가료 책정 기준과 관객 혜택 내역 비교 분석 (466호),"문화행사 참가료가どのように 책정되었는지 기준을 알고 싶습니다. 또한 참가료 대비 관객에게 제공되는 혜택(기념품, 무료 주차, 할인 혜택 등) 내역이 적절한지 비교 분석할 수 있는 자료를 요청하여 관객 입장에서의 만족도를 평가하고자 합니다.",부분공개,4
2024-07-11,누리시 바른구 기획감사과,FOI-2024-00467,문화행사 관련 민원·불만 접수 내용 및 처리 결과 (467호),"문화행사와 관련하여 접수된 민원·불만의 주요 내용을 알고 싶습니다. 특히 어떤 유형의 민원이 가장 많이 접수되었는지, 처리 기간 및 결과를 항목별로 정리된 자료를 요청하여 행사 개선에 참고하고자 합니다.",공개,14
2025-10-20,너울시 물빛구 기획감사과,FOI-2025-00468,문화행사 소규모 팀 지원사업 참여 자격 제한 조건 (468호),"소규모 문화팀 지원사업에 참여할 때 자격 제한 조건이どのように 설정되어 있는지 알고 싶습니다. 특히 경력·실적 요건, 사업 수행 능력 심사 기준 등이の 사례와 달라졌는지 확인하여, 팀 운영restart를 계획하는 데 참고하고자 합니다.",공개,15
2022-07-06,너울시 물빛구 문화체육과,FOI-2022-00469,문화행사 성과 평가 보고서 작성 시 활용된 지표 및 산출 방법 (469호),"문화행사 성과 평가 시 활용된 주요 지표가 무엇인지, 해당 지표의 산출 방법과 목표 수치 설정 근거를 알고 싶습니다. 성과 평가 결과가どのように 활용되어 사업에 반영되는지도 확인하여 사업 평가의 객관성을 점검하고자 합니다.",부분공개,19
2025-06-04,미래군 문화체육과,FOI-2025-00470,문화행사 주관 기관 및 협력 기관 간 역할 현황 (470호),"문화행사를 주관하는 기관과 협력 기관 간 역할이どのように 설정되어 있는지, 각 기관별 주요 업무 범위와 책임을 알고 싶습니다. 특히 예산 분담 방식과 성과 배분 방안이 포함된 협약 내용도 확인할 수 있는지 문의합니다.",비공개,7
2024-07-06,예담시 늘품구 문화체육과,FOI-2024-00471,문화행사 행사장 안전 시설 설치 현황 및 점검 주기 (471호),"문화행사 행사장에 설치된 안전 시설(소화기, 비상구, CCTV 등)의 종류와 설치 위치, 점검 주기를 알고 싶습니다. 특히 현장 안전 관리자 배치 현황과 비상 상황 대응 매뉴얼 유무도 함께 확인하여 안전한 행사 환경을 점검하고자 합니다.",부분공개,15
2023-03-03,누리시 바른구 문화체육과,FOI-2023-00472,문화행사 소득세 원천징수 여부 및 세무 처리 절차 (472호),"문화행사 참가 수당이나 상금을 지급받을 때 소득세 원천징수 여부와 세무 처리 절차를 알고 싶습니다. 참가자 입장에서 원천징수 방식에 따라 실제 수령액이 어떻게 달라지는지, 연말 정산 처리 방법도 함께 확인하고 싶습니다.",부분공개,6
2022-02-25,도담군 기획감사과,FOI-2022-00473,문화행사 우수 참가자 포상금 지급 규정 및 수상자 현황 (473호),"문화행사 우수 참가자에게 지급되는 포상금 지급 규정과 수상자 선정 기준을 알고 싶습니다. 특히 포상금 수준과 수상자 수, 수상자 비율이 별로どのように 달라졌는지 비교하여 사업의 적절성을 평가하고자 합니다.",부존재,13
2023-10-26,라온군 문화체육과,FOI-2023-00474,문화행사 행사 전후 환경 정화 비용 집행 내역 (474호),"문화행사 전후로 행사장 주변 환경 정화에 투입된 비용과정을 알고 싶습니다. 특히 쓰레기 수거·처리 비용, 주변 보호 조치비, 환경 영향 저감 방안 비용이 포함된 구체적인 집행 내역을 요청하여 환경 보전 노력의 적절성을 점검하고자 합니다.",부분공개,20
2025-08-08,너울시 물빛구 기획감사과,FOI-2025-00475,문화행사 참여 제한자 명단 관리 및 해제 절차 (475호),"문화행사 참가 후 규정 위반으로 참여가 제한된 사람의 명단 관리 체계와 제한 해제 절차를 알고 싶습니다. 특히 어떤 유형의 위반이 어느 기간 동안 참여 제한으로 이어지는지, 제한 기간 중 희망적 재참여 방안이 있는지 확인하여 제도적 공정성을 점검하고자 합니다.",부분공개,7
2024-02-03,여울시 단비구 도시계획과,FOI-2024-00476,버스 37번 노선 누리버스 정류장 하차 안전조치 내역 공개 (476호),"자녀가 한울초에 다니고 있는데 최근 누리버스 정류장에서 하차 시 다른 승객과 접촉 위험이 있었습니다. 해당 사고에 대한 접수 내용과 취한 안전조치, 재발방지 계획을 구체적으로 알려주시기 바랍니다.",부분공개,9
2023-04-20,온빛시 도시계획과,FOI-2023-00477,한부모 가구 대중교통비 지원사업 선정기준 및 심사내역 공개 (477호),"현재 구직 중인 한부모 가구로서 대중교통비 지원사업 신청을 준비하고 있습니다. 선정 시 적용하는 소득기준, 가점 항목, 탈락 시 이의제기 절차와 근거를 구체적으로 알려주시기 바랍니다.",비공개,14
2022-02-09,예담시 늘품구 도시계획과,FOI-2022-00478,푸른마루 교차로 일대 정류소 위치 변경 이력 및 사유 공개 (478호),"정류소 위치가 이전된 후 자녀 등하교 시 혼란이 발생하고 있습니다. 위치 변경 일시와 변경 사유, 주민 의견 수렴 여부에 대한 이력을 알고 싶습니다.",공개,18
2024-03-09,너울시 물빛구 교통행정과,FOI-2024-00479,한울초 주변 통학로 버스노선 최근 3년간 운영평가 결과 공개 (479호),"자녀의 통학로 안전을 확인하기 위해 한울초 주변을 운행하는 버스노선에 대한 최근 3년간 운영평가 결과를 알고 싶습니다. 배차간격, 정시성, 안전점검 횟수 등 평가항목별 점수를 알려주세요.",비공개,9
2023-12-14,라온군 교통행정과,FOI-2023-00480,시내버스 보조금 교부결정 내역 및 용도 구분 공개 (480호),자녀의 안전한 등교길을 위해 시내버스 보조금이 적정하게 사용되고 있는지 확인이 필요합니다. 최근 결산연도 보조금 교부결정 내역과 노선별·용도별 지출 현황을 알려주세요.,공개,9
2023-03-02,해솔시 교통행정과,FOI-2023-00481,용융 도금 직종 야간교대 대응 버스 배차간격 개선 계획 공개 (481호),용융 도금 작업장에서 야간교대로 근시간대가 불규칙합니다. 새벽시간대 환승구역 통과 버스의 배차간격이 너무 길어 야간 귀가 시 불안합니다. 해당 시간대 배차간격 현황과 개선 계획이 있는지 알려주세요.,부분공개,6
2023-02-24,도담군 교통행정과,FOI-2023-00482,아파트 앞 정류장 휠체어 리프트 점검주기 및 점검자 공개 (482호),"주거 아파트 앞 정류장에 설치된 저상버スの 휠체어 리프트가 자주 고장난다는 민원이 있습니다. 리프트 정기점검 주기와 마지막 점검일, 점검 담당 부서 및 연락처를 알려주세요.",공개,14
2024-12-29,해솔시 교통행정과,FOI-2024-00483,시내버스 차고지 위치 및 폐차 예정 차량 현황 공개 (483호),"아파트에서 가까운 세움산업단지 입구 버스 차고지에서 새벽에 시동음이 발생합니다. 차고지 위치와 운영시간, 현재 배치된 차량 대수와 폐차 예정인 노후 차량 현황을 알려주세요.",공개,15
2024-04-30,새봄시 한울구 도시계획과,FOI-2024-00484,도담천 산책로 연계 버스노선 관광성수기 증회 운영 계획 공개 (484호),"산책로 근처 거류지로 관광성수기에 버스 이용객이 급증합니다. 올해 성수기 기간 중 증회 계획과 임시정류장 설치 가능 여부, 주민 통행 우선순위 보장 방안을 알고 싶습니다.",부존재,3
2022-03-19,예담시 늘품구 교통행정과,FOI-2022-00485,시내버스 교육 이수율 통계 및 안전점검 실적 공개 (485호),"배우자와 함께 아침에 버스를 이용하는데 driver의 안전의식이 중요합니다. 해당 노선 소속 driver 전체의 최근 1년 안전교육 이수율, 교통법규 위반 이력 건수, 안전점검 시행 실적 통계가 있는지 알려주세요.",공개,20
2025-05-30,라온군 교통행정과,FOI-2025-00486,농수산물 도매시장 직통 버스 신선도 유지장치 설치 현황 공개 (486호),"경매사 경력을 바탕으로 농수산물 도매시장을 자주 이용합니다. 상품 신선도 유지를 위한 냉장 또는 온도관리장치가 버스에 장착되어 있는지, 해당 버스노선의 차량 목록과 도입 일정을 알려주세요.",부분공개,9
2024-12-05,도담군 교통행정과,FOI-2024-00487,새벽시간대 경매 시작 전 버스 배차간격 실태 조사 결과 공개 (487호),경매 시작시간인 오전 4시 전에 도매시장에 도착해야 하는데 새벽버스가 부족합니다. 현재 새봄역 환승구역 출발 경매시장 직통 노선의 새벽 배차간격과 이용승객 수 실태조사 결과가 있는지 알려주세요.,부분공개,8
2023-06-16,새봄시 한울구 교통행정과,FOI-2023-00488,가온로 보행구간 연상 버스 이용자 안전교육 운영 실적 공개 (488호),"아버지와 거주하며 가로등이 어두운 가온로 보행구간 근처 정류장을 이용합니다. 야간 승차 시 안전을 위해 버스에서 시행하는 안전교육 횟수와 내용, 자율순찰 실시 여부를 알려주세요.",부분공개,10
2023-01-03,해솔시 교통행정과,FOI-2023-00489,새빛시장 주변 불법 주정차 단속 현황 및 노선 안정성 평가 공개 (489호),"시장 주변 정류장에 자주 불법 주정차 차량이 버스를 정지시켜 위험합니다. 최근 6개월간 해당 구간 단속 실적 건수와 버스노선 안정성 평가 결과, 단속 강화 계획이 있는지 알려주세요.",공개,9
2025-07-04,새봄시 한울구 교통행정과,FOI-2025-00490,시내버스 보조금 예산안에 농수산물 유통 지원 예산 배분 내역 공개 (490호),도매시장 직통 버스 유지에 보조금이 투입되고 있습니다. 금회 보조금 예산안에 농수산물 유통 관련 노선 지원 예산 배분 비율과 해당 예산으로 추진하려는 구체적 사업 내용을 알고 싶습니다.,부분공개,13
2022-07-06,빛솔시 아람구 교통행정과,FOI-2022-00491,주말 야간 근속 지급 대상 기준 및 지급 실적 공개 (491호),보험 상품 개발 경력 시절 건강보험 공단에를 신청한 경험이 있습니다. 현재 구직 중으로 주말 야간에 서비스시설에서 근무할 때 대중교통 이용비가 부담됩니다. 대중교통 운영 주말 야간 근속의 지급 대상 기준과 금회 지급 실적을 알려주세요.,공개,2
2025-07-22,미래군 도시계획과,FOI-2025-00492,가람공공청사 주변 지하차도 접근 버스정류장 무장애 환경 조성 계획 공개 (492호),"배우자와 단독주택에 거주하며 향후 노령화를 대비한 접근성 확보가 중요합니다. 가람공공청사 주변 지하차도를 통과하는 버스정류장의 무장애 환경 조성 관련 계획이 있는지, 단기·중기·장기 계획을 구분하여 알려주세요.",부분공개,1
2023-02-03,누리시 바른구 교통행정과,FOI-2023-00493,미래복합센터 인근 환승주차장 건설 예산 규모 및 추진일정 공개 (493호),취업 준비 중 자가용 없이 복합센터 인근 면접을 자주 갑니다. 환승주차장 건설이 계획되어 있다면 예산 규모와 착공 및 완공 예상 시점을 알고 싶습니다.,부분공개,17
2023-05-25,온빛시 도시계획과,FOI-2023-00494,시내버스 노선 변경 시 주민 의견수렴 절차 및 반영 기준 공개 (494호),"내 거주 지역 일대 버스노선 변경 가능성이 있다는 소문을 들었습니다. 노선 변경 시 주민 의견을 수렴하는 절차와 그 의견을 최종 결정에 반영하는 기준, 공개 또는 설명 실시 요건이 있는지 구체적으로 알려주세요.",부분공개,7
2025-05-02,너울시 물빛구 교통행정과,FOI-2025-00495,라온체육센터 주변 정류장 야간 가로등 설치 현황 및 개선계획 공개 (495호),"배우자와 함께 야간에 체육센터를 이용합니다. 정류장 주변 야간 가로등 밝기가 부족하여 승차 시 불안합니다. 현재 가로등 설치 대수와 밝기 사양, 개선 여부를 알려주세요.",부분공개,20
2022-10-16,가람시 새빛구 교통행정과,FOI-2022-00496,숙박시설 종사자 야간 귀사 버스 지원사업 대상 확대 가능성 공개 (496호),숙박시설에서 밤 늦게 퇴근한 후 어머니와 거주하는 곳으로 귀가합니다. 새벽시간대 대중교통이 부족하여 택시를 이용하는데 비용 부담이 큽니다. 야간 종사자 대중교통 지원사업의 대상 확대 가능성과 기존 지원 내용을 알려주세요.,부분공개,17
2025-08-02,가람시 새빛구 교통행정과,FOI-2025-00497,새봄역 환승구역 야간 순환버スの 배차간격 및 최종 운행시간 공개 (497호),"숙박시설 근무 특성상 새벽 2시경 퇴근하게 됩니다. 새봄역 환승구역에서 출발하는 야간 순환버スの 최종 운행 시간과 배차간격, 공휴일 운행 여부를 구체적으로 알려주세요.",부분공개,9
2023-12-03,라온군 교통행정과,FOI-2023-00498,한들동 생활권에서 호텔까지 직통 셔틀버스 노선 검토 이력 공개 (498호),"현재 주거인 주택 이외의 거처에서 어머니와 함께 거주합니다. 한들동 생활권과 호텔 밀집 지역을 연결하는 셔틀버스 노선 개설이 과거 검토된 적이 있는지, 검토 시으로 보류되었는지 알고 싶습니다.",부분공개,8
2023-04-11,도담군 도시계획과,FOI-2023-00499,온빛도서관 앞 정류장 야간 승차 구간 확보 기준 공개 (499호),야간 근무 후 도서관 앞 정류장에서 버스를 탑승합니다. 정류장 근처 차량 통행량이 많아 위험합니다. 도서관 앞 정류장의 야간 승차 구간 확보 기준과 현재 해당 기준 충족 여부를 알려주세요.,부분공개,5
2022-04-24,누리시 바른구 교통행정과,FOI-2022-00500,시내버스 친환경 차량 전환 지원금 규모 및 신청 자격 기준 공개 (500호),"앞으로 취업 활동 시 대중교통 관련 분야 관심을 갖고 있습니다. 시내버스 친환경 차량 전환 지원금의 금회 예산 규모와버스 신청 자격 기준, 심사 항목별 배점을 구체적으로 알려주세요.",공개,6
2024-07-29,가람시 열린구 정보통신과,FOI-2024-00501,샘물동 생활권 안전 가동 현황 및 관리 기관 요청 (501호),"샘물동 생활권 아파트 단지와 주변 도로에 설치된 안전 가동 현황을 확인하고자 합니다. 특정 기간 동안의 저장 기간, 접근 권한 관리 체계, 고장 발생 시 복구 소요 기간 등 관리 운영 실태를 상세히 밝혀주시기 바랍니다.",비공개,16
2025-06-25,미래군 안전총괄과,FOI-2025-00502,푸른마루 교차로 단속 열람 청구서 (502호),최근 푸른마루 교차로에서 차량 단속이 실시된 것으로 파악됩니다. 해당 구간 안전에 기록된 영상을 확인하여 단속 근거 규정과 신호 체계 변경 이력을 반드시 알려주시기 바랍니다.,부분공개,10
2023-11-19,빛솔시 아람구 정보통신과,FOI-2023-00503,새빛시장 주변 야간 영업시간 안전 영상 확인 요청 (503호),"새빛시장 주변 상가 밀집 지역에서 야간 영업시간 안전 실태를 조사하려 합니다. 시장 개장 전후로 된 카메라 위치, 촬영 범위, 담당 기관 연락처를 포함하여 상세히 회신해 주십시오.",공개,11
2024-02-20,여울시 단비구 정보통신과,FOI-2024-00504,도담천 산책로 공용 영상정보 접근 로그 요청 (504호),도담천 산책로를 자주 이용하는 이용자로서 해당 구간 공용 안전 footage 접근 이력을 확인하고 싶습니다. 영상 열람 신청 접수부터 처리 완료까지의 절차와 소요 기간을 구체적으로 안내하여 주십시오.,부분공개,10
2025-07-30,너울시 물빛구 안전총괄과,FOI-2025-00505,한울초 주변 통학로 안전 점검 주기 및 교체 이력 요청 (505호),"한울초 주변 통학로에 설치된 안전의 점검 주기, 부품 교체 이력, 최근 고장 신고 처리 현황을 파악하고자 합니다. 이를 통해 아동 통학 안전 수준을 객관적으로 평가하려 합니다.",부분공개,18
2022-10-22,미래군 안전총괄과,FOI-2022-00506,미래복합센터 인근 보도 안전 위치 및 사각지대 현황 요청 (506호),미래복합센터 인근 보도 구간에 설치된 안전 위치 목록과 사각지대 발생 현황을 상세히 요청합니다. 특히 고령 보행자 사고 다발 구간에 대한 특별 관리 여부를 반드시 포함해 주십시오.,공개,2
2023-04-01,해솔시 안전총괄과,FOI-2023-00507,누리버스 정류장 휠체어 승강기 동반 영상 녹화 범위 확인 (507호),누리버스 정류장 내에 설치된 휠체어 승강기 주변 영상 녹화 범위와 저장 기간을 확인하고자 합니다. 신체장애인을 위한 이동 편의시설 안전 체계 실태를 파악하려는 것입니다.,부분공개,18
2023-07-08,세움시 맑은구 정보통신과,FOI-2023-00508,해솔문화광장 야간 조명 및 카메라 연동 가동 체계 파악 청구 (508호),해솔문화광장에서 야간 문화 행사 시 안전와 조명 시설의 연동 가동 체계를 파악하고자 합니다. 사건 사고 발생 시 즉각 대응 가능한 네트워크 구성 현황을 상세히 알려주시기 바랍니다.,공개,19
2024-05-06,해솔시 정보통신과,FOI-2024-00509,온빛도서관 앞 노인 거동 감시 유무 및 가동 상태 요청 (509호),"온빛도서관 앞 도로에서 최근 노인의 보행 사고가 발생한 것으로 알려져 있습니다. 해당 구간에 거동 감시 설치 여부와 가동 상태, 그리고 사고 발생 시 확보 가능 여부를 반드시 확인해 주십시오.",부분공개,15
2025-03-09,세움시 맑은구 정보통신과,FOI-2025-00510,라온체육센터 주변 옥상 및 계단 영상 체계 실태 파악 (510호),"라온체육센터 주변 옥상 계단가 특히 야간에 안전erie 우려가 있습니다. 해당 구간 영상 설치 현황, 야간 가동 여부, 관리 주체 연락처를 반드시 회신해 주십시오.",부분공개,5
2022-11-03,라온군 정보통신과,FOI-2022-00511,세움산업단지 입구 화물차량 통행 영상 확보 기간 확인 (511호),"세움산업단지 입구에서 화물차량 통행량이 많아 사고 위험이 우려됩니다. 해당 구간 안전의 확보 기간, 영상 해상도, 촬영 가능 여부를 반드시 확인해 주시기 바랍니다.",부분공개,7
2023-12-20,미래군 정보통신과,FOI-2023-00512,맑은마을 커뮤니티센터 노인 여가활동 영상 실태 파악 (512호),"맑은마을 커뮤니티센터에서 진행되는 노인 대상 여가활동 프로그램 참여 시 안전 영상 체계를 파악하려 합니다. 실내·실외 카메라 설치 현황, 녹화 영역, 외부 공개 범위를 반드시 알려주시기 바랍니다.",공개,6
2024-11-18,너울시 물빛구 정보통신과,FOI-2024-00513,새봄역 환승구역 안전 일평균 촬영 건수 및 저장 용량 요청 (513호),"새봄역 환승구역 대합실 및 출입구 주변 안전 일평균 촬영 건수, 영상 저장 용량, 자동 삭제 주기를 구체적으로 파악하고자 합니다. 대량 이용객 이동에 따른 영상정보 관리 체계 실태를 확인하려는 것입니다.",부분공개,4
2025-08-30,미래군 안전총괄과,FOI-2025-00514,가람공공청사 주변 환경감시 설치 목적 및 법적 근거 요청 (514호),"가람공공청사 주변에 설치된 환경감시의 설치 목적, 법적 근거, 그리고 해당 영상정보가 다른 기관에 공유되는 범위를 반드시 명확히 해주십시오. 국민 감시 수준에 대한 우려를 해소하고자 합니다.",부분공개,6
2022-10-08,누리시 바른구 안전총괄과,FOI-2022-00515,한들동 생활권 놀이시설 안전 설치 현황 및 모니터링 체계 확인 (515호),한들동 생활권 아파트 단지의 놀이시설 주변에 안전가 설치되어 있는지 확인하고자 합니다. 놀이시설 이용 아동 보호를 위한 모니터링 체계와 담당자 배치 현황을 반드시 포함해 주십시오.,공개,20
2022-05-05,미래군 정보통신과,FOI-2022-00516,미르로 교차로 신호 위반 단속 위치 및 단속 기준 시간 요청 (516호),미르로 교차로에서 차량 신호 위반 단속의 정확한 위치와 단속 기준 시간을 확인하고자 합니다. 기존 단속 이력과 위반 유형별 처리 현황도 함께 밝혀주시기 바랍니다.,공개,2
2025-09-11,너울시 물빛구 정보통신과,FOI-2025-00517,너울천 산책로 야간 조명 가로등 및 카메라 연동 운영 체계 파악 (517호),"너울천 산책로에서 야간 조깅 시 안전 문제로 고민이 있습니다. 해당 구간 가로등과 안전의 연동 운영 체계, 야간 투시 가능 여부, 비상 상황 대응 절차를 반드시 상세히 알려주시기 바랍니다.",공개,10
2024-12-14,온빛시 정보통신과,FOI-2024-00518,빛솔광장 일대 Civic 안전 네트워크 연결 현황 및 관리 주체 요청 (518호),"빛솔광장 일대 여러 구간에 설치된 Civic 안전들의 네트워크 연결 현황을 파악하고자 합니다. 각 카메라 영상 취합 장소, 관리 주체, 영상 접근 권한자 명단을 반드시 명확히 밝혀주십시오.",부분공개,16
2024-04-06,여울시 단비구 안전총괄과,FOI-2024-00519,샘물동 생활권 공용 주차장 차량 감시 영상 열람 절차 안내 요청 (519호),샘물동 아파트 단지 공용 주차장에 설치된 차량 감시의 영상 열람 절차를 확인하고자 합니다. 주차 사고 발생 시 footage 열람 신청 방법과 처리 소요 기간을 반드시 알려주시기 바랍니다.,공개,10
2022-10-23,가람시 열린구 정보통신과,FOI-2022-00520,가온로 보행구간 시각장애인을 위한 음성 안내 시설 연계 영상 확인 (520호),가온로 보행구간에 시각장애인을 위한 음성 안내 시설이 설치되어 있습니다. 해당 시설과 연계된 영상의 설치 위치와 footage 활용 범위를 반드시 확인해 주십시오.,공개,6
2024-10-20,새봄시 한울구 안전총괄과,FOI-2024-00521,새빛시장 야간 개장 시간에 따른 주변 안전 가동 시간 변경 이력 요청 (521호),새빛시장 야간 개장 시간에 따라 주변 안전의 가동 시간이 변경되었는지 확인하고자 합니다. 변경 이력과 변경에 따른 안전 대응 방안 마련 여부를 반드시 회신해 주십시오.,부분공개,7
2024-11-27,해솔시 안전총괄과,FOI-2024-00522,도담천 산책로 생태계 조사 기간 중 영상 일시 정지 여부 확인 (522호),"도담천 산책로에서 최근 생태계 조사가 진행된 것으로 파악됩니다. 조사 기간 중 영상가 일시 정지되었는지, 정지되었다면 재가동 시점을 반드시 확인해 주십시오.",비공개,5
2025-11-30,미래군 정보통신과,FOI-2025-00523,한울초 통학로 학생 하교 시간대 안전 집중 감시구역 지정 현황 파악 (523호),"한울초 주변 통학로에서 학생 하교 시간대에 안전 집중 감시구역이 지정되어 있는지 확인하고자 합니다. 지정 구간 목록, 감시 담당자 배치 현황, 비상 연락 체계를 반드시 알려주시기 바랍니다.",부분공개,17
2024-11-13,라온군 정보통신과,FOI-2024-00524,미래복합센터 장애인 주차구역 전용 설치 및 위반 단속 현황 요청 (524호),"미래복합센터 장애인 주차구역에 전용가 설치되어 있는지, 위반 단속이 이루어지고 있는지 확인하고자 합니다. 단속 위반 유형별 처리 현황도 함께 밝혀주십시오.",부분공개,17
2023-12-04,미래군 안전총괄과,FOI-2023-00525,가람공공청사 민원인 출입구 영상정보 촬영 및 보유 기간 관련 정책 확인 (525호),가람공공청사 민원인 출입구에 설치된 안전의 촬영 및 보유 기간 관련 정책을 확인하고자 합니다. 영상 정보가 다른 목적에 활용되는 범위와 본인의 영상 열람 가능 여부를 반드시 안내해 주십시오.,공개,15
2024-04-02,가람시 새빛구 안전총괄과,FOI-2024-00526,푸른마루 교차로 신호대기 시간 단축 추진 계획 및 예산 배분 내역 (526호),매일 출근길 푸른마루 교차로에서 좌회전 신호가 너무 짧아 서 차들이 신호위반을 하는 상황을 목격합니다. 신호 체증으로 인한 대기시간 실태를 파악하고 개선 일정을 확인하고자 합니다. 특히 교통흐름 개선을 위한 신호 조정 이력 및 민원 처리 결과를 요청합니다.,부분공개,1
2025-11-28,가람시 열린구 안전총괄과,FOI-2025-00527,새빛시장 주변 주정차 단속 시간대별 시행 현황 및 과태료 부과 내역 (527호),상인을 다니며 장을 보는 유동인구가 많은 새빛시장 주변에서 단속 시간대가 불규칙하여들이 주차 문제를 해결하지 못하고 있습니다. 일별·시간대별 단속 실적과 과태료 부과 현황을 조회하여 단속의 형평성과 개선 방향을 확인하고 싶습니다.,부분공개,8
2023-12-12,빛솔시 아람구 교통행정과,FOI-2023-00528,한울초 주변 통학로 신호체계 개편 후 학생 사고율 변화 데이터 (528호),"자녀의 통학로인 한울초 주변에서 최근 신호체계가 변경되었는데, 변경 전후 학생 사고율과 신호위반 단속가 어떻게 달라졌는지 데이터가 필요합니다. 특히 방과 후 저녁 시간대 안전 강화 방안이 실제로 효과가 있었는지 확인하고 싶습니다.",공개,16
2024-11-29,가람시 열린구 안전총괄과,FOI-2024-00529,가온로 보행구간 점멸신호 설치 사업 추진 경위 및 주민 의견 수렴 내역 (529호),"가온로 보행구간에 점멸신호를 설치해 달라는 건의를 여러 차례 했는데 진행 상황이 궁금합니다. 해당 구간에 대한 안전 점검 결과, 점멸신호 설치 사업 추진 경위, 주민 의견 수렴 과정 및 반대 의견을 제시한 주민의 주요 논거를 알고 싶습니다.",공개,9
2022-12-10,여울시 단비구 안전총괄과,FOI-2022-00530,누리버스 정류장 앞 불법주정차 단속 강화 계획 및 단속 기준 공표 이력 (530호),"누리버스 정류장 앞 버스 정류소 진입로에 자꾸 차가 주차되어 승객들이 위험하게하는 상황입니다. 해당 구간에 대한 단속 강화 계획, 단속 기준 공표 이력, 그리고 차고지 확충 등 근본적인 inúmer 방안을 확인하고 싶습니다.",공개,4
2022-12-14,예담시 늘품구 안전총괄과,FOI-2022-00531,도담천 산책로 진입로 신호위반 적발을 위한 단속카메라 설치 추진 현황 (531호),"도담천 산책로를 자주 찾는데, 진입로 교차로에서 신호위반 차량이 많아 산책객들이 불안합니다. 해당 구간에 대한 사고 통계, 단속카메라 신규 설치 추진 현황, 설치 우선순위 선정 기준을 알려주시기 바랍니다.",공개,20
2024-11-13,누리시 바른구 교통행정과,FOI-2024-00532,미르로 교차로 신호 변경 이력과 교통량 조사 데이터 (532호),"미르로 교차로에서 신호가 수시로 바뀌는 것 같은데, 구체적으로 언제 어떤 기준으로 변경되었는지 알고 싶습니다. 특히 해당 교차로의 교통량 조사 데이터, 신호 이력, 그리고 주변 상가 매출에 미친 영향에 대한 분석 자료가 있는지 확인 부탁드립니다.",부분공개,18
2025-02-27,새봄시 한울구 안전총괄과,FOI-2025-00533,한들동 생활권 무인단속카메라 운영 현황 및 적발 주요 위반유형 통계 (533호),"한들동 생활권에 설치된 무인단속카메라의 정확한 위치, 운영 시간대, 그리고 최근 적발된 주요 위반유형별를 알고 싶습니다. 특히 특정 구간에서スピード위반 적발률이 높은 이유에 대한 분석 자료가 있는지 확인 부탁드립니다.",부분공개,8
2022-09-22,세움시 맑은구 안전총괄과,FOI-2022-00534,새봄역 환승구역 주변 주정차 제한 구간 확대 시행 계획 및 민원 처리 경과 (534호),"새봄역 환승구역에서 택시·승용차 무질서 주차가 심각한데, 주정차 제한 구간 확대 계획이 있는지 확인하고 싶습니다. 기존 민원의 처리 경과, 관련 기관 협의 내용, 그리고 확대 시행 시 예상되는 효과 분석 자료도 함께 요청합니다.",비공개,11
2023-05-16,가람시 새빛구 교통행정과,FOI-2023-00535,맑은마을 커뮤니티센터 앞 과속단속 설치 요청에 대한 검토 결과 및 근거 자료 (535호),"맑은마을 커뮤니티센터 앞 도로에서 속도를 줄이지 않는 차량이 많아 안전이 걱정됩니다. 해당 구간에 대한 속도 측정 데이터, 기존 과속단속 설치 요청에 대한 검토 결과, 그리고 설치 거부 시 그에 따른 판단 근거를 공식적으로 확인하고 싶습니다.",부분공개,13
2023-10-27,가람시 새빛구 안전총괄과,FOI-2023-00536,너울천 산책로 주변 불법주정차 집중단속 기간 중 적발 및 처리 현황 (536호),"너울천 산책로를 찾는 시민들이 증가하면서 주변 불법주정차 문제가 심각해졌습니다. 지난 집중단속 기간 중 적발, 부과된 과태료 수준, 그리고 단속 후 재위반률 등 효과를 측정할 수 있는 데이터를 요청합니다. 향후 단속 방식의 변화 계획도 알려주세요.",부분공개,8
2023-05-02,라온군 교통행정과,FOI-2023-00537,빛솔광장 일대 신호위반 단속 강화 및 단속 배치 기준 (537호),"빛솔광장 일대에서 신호위반이 잦은 것으로 파악되는데, 이에 대한 단속 강화과 단속원이 배치되는 기준을 알고 싶습니다. 특히 민원 접수 후 실제 단속이 이루어지기까지의 처리기간과, 단속 효과에 대한 사후 평가 방법도 확인 부탁드립니다.",공개,1
2024-03-09,너울시 물빛구 교통행정과,FOI-2024-00538,라온체육센터 주변 주정차 민원 처리 과정 및 개선 시행 결과 (538호),"라온체육센터 주변에 주차장 부족으로 인해 무허가 주차가 빈번하게 발생합니다. 지금까지 접수된 주차 관련 민원의 처리 과정, 시행된 개선의 종류와 시행 결과, 그리고 주차장 확보를 위한 계획을 알고 싶습니다.",공개,3
2022-10-30,가람시 새빛구 교통행정과,FOI-2022-00539,세움산업단지 입구 화물차량 주정차 단속 기준 및 업체 교육 실시 내역 (539호),"세움산업단지 입구에서 대형 화물차가 장시간 주정차하여 주변 통행자에 위험합니다. 해당 구간에 대한 화물차량 주정차 단속 기준, 적발 시 운전자 및 소속 업체에 대한 조치 내용, 그리고 화물차량 운전자를 대상으로 한 주차 규정 교육 실시 횟수와 내용을 알고 싶습니다.",공개,7
2025-03-29,세움시 맑은구 안전총괄과,FOI-2025-00540,온빛도서관 앞 보행자 신호음량 조절 이력 및 시각장애인을 위한 안전시설 현황 (540호),"온빛도서관 앞 횡단보도 신호음이 너무 작거나 경우가 있는데, 신호음량 조절 이력이 있는지 확인하고 싶습니다. 또 시각장애인이 안전하게 횡단할 수 있도록 음량 외에 어떤 추가 안전시설이 설치되어 있는지, 향후 설치 계획이 있는지 요청합니다.",부존재,7
2024-04-04,예담시 늘품구 안전총괄과,FOI-2024-00541,가람공공청사 주변 공무원 통근시간대 주정차 허용 기준 및 운용 실태 (541호),"가람공공청사 주변에서 공무원 통근시간대에 특별 주차 구간이 운영된다고 들었습니다. 해당 특별 허용 구간의 운영 기준, 허용 시간대, 그리고 이로 인해 일반 주민의 주차 편의가 얼마나 제한되는지에 대한 평가 자료가 있는지 확인 부탁드립니다.",공개,10
2023-04-01,누리시 바른구 교통행정과,FOI-2023-00542,샘물동 생활권 신호교차로 긴급감응신호 도입 가능성 검토 보고서 (542호),"샘물동 생활권 내에 긴급차량이 자주 통행하는 교차로가 있는데, 긴급감응신호 도입이 가능한지 검토한 보고서가 있는지 확인하고 싶습니다. 시스템 도입 비용, 도입 시 효과를 분석한 자료, 그리고 현재 시스템이 없는 교차로에 대한 우선순위 선정 기준을 알려주세요.",부분공개,12
2025-09-11,미래군 교통행정과,FOI-2025-00543,열린마을 공원 주변 야간 시간대 신호위반 적발 현황 및 단속 효과 분석 (543호),"열린마을 공원 주변 도로에서 야간 시간대에 신호위반이 많아 공원 이용객의 안전이 걱정됩니다. 야간 시간대 단속 실적, 적발된 위반유형별 분류, 그리고 단속 강화 전후 비교 데이터를 통해 효과를 분석한 자료가 있는지 확인 부탁드립니다.",공개,3
2025-05-27,가람시 열린구 교통행정과,FOI-2025-00544,미래복합센터 인근 지하차량 출구 신호체계 개선 설계안 및 주민 의견 반영 내역 (544호),"미래복합센터 인근 지하주차장 출구에서차량과 출고 차량의 신호 충돌 문제가 반복되고 있습니다. 현재 신호체계 개선을 위한 설계안 초안, 주민 설명회에서의 주요 의견, 그리고 반영 여부와 그 사유를 알고 싶습니다.",부분공개,3
2025-10-07,새봄시 한울구 안전총괄과,FOI-2025-00545,해솔문화광장 일대 긴급주차 구간 지정 기준 및 확대 적용 가능 지역 목록 (545호),"해솔문화광장 일대에서 긴급차량(소방차·구급차) 통행 시 장애가 되는 주정차 차량이 문제되고 있습니다. 긴급주차 구간을 지정하는 기준, 현재 긴급주차 구간이 지정된 지역 목록, 그리고 해솔문화광장 일대에 확대 적용할 경우 예상 비용과 효과를 알려주세요.",부존재,3
2022-05-20,누리시 바른구 교통행정과,FOI-2022-00546,푸른마루 교차로 좌회전 신호 연장 시행 전후 교통량 변화 데이터 (546호),"푸른마루 교차로 좌회전 신호 시간을 늘려달라는 요청을 했는데, 실제로 시행됐다면 그 전후로 교차로 교통량과 지체 시간이 어떻게 변했는지 알고 싶습니다. 신호 조정 전후 교통량 조사 데이터, 발생 여부, 그리고 앞으로도 신호 시간을 조정할 계획이 있는지 확인 부탁드립니다.",공개,8
2025-05-31,가람시 열린구 교통행정과,FOI-2025-00547,새빛시장 상인 대상 주차난 해결을 위한 단속 시간 조정 검토 자료 (547호),"새빛시장 상인들이 장시간 주정차를 할 수밖에 없어 과태료 부담이 크다는 민원이 있습니다. 단속 시간대를 조정하는 것이 가능한지 검토한 자료, 상인들을 위한 전용 주차 구간 설치 가능성, 그리고 시장 주변 주차난을 완화하기 위한 지금까지의 논의 결과를 알고 싶습니다.",공개,9
2025-08-24,새봄시 한울구 안전총괄과,FOI-2025-00548,한울초 주변 스쿨존 통합단속 및 과태료 감면 제도 추진 현황 (548호),"자녀의 통학로인 한울초 주변 스쿨존에서 무면허 또는 보험 미가입 차량이 적발된 사례가 있는 것으로 알려져 있습니다. 스쿨존 통합단속 실적, 과태료 감면 제도 운영 현황, 그리고 학부모 대상 안전 교육 프로그램 추진 내역을 알고 싶습니다.",부분공개,11
2025-04-23,세움시 맑은구 교통행정과,FOI-2025-00549,도담천 산책로 자전거 전용 신호 설치 계획 및 기존 신호 체계 변경 내역 (549호),"도담천 산책로를 자전거로 이용하는데, 자전거 전용 신호 설치 요구가 있는 것으로 알고 있습니다. 현재 자전거 교통망 관련 계획, 산책로 진입부 기존 신호 체계 변경 이력, 그리고 향후 자전거 이용자 안전을 위한 추가 시설 설치 가능성을 확인하고 싶습니다.",부분공개,14
2022-07-11,너울시 물빛구 안전총괄과,FOI-2022-00550,누리버스 정류장 승객 하차 시 신호위반 단속 기준 및 운전자 교육 강화 (550호),"누리버스 정류장에서 승객이 하차할 때 신호를 무시하고 진행하는 버스가 문제되고 있습니다. 승객 하차 중 신호 위반 단속 기준, 위반 시 운전자 및 소속 회사 조치 내용, 그리고 운전자 대상 안전 교육 강화이 있는지 확인 부탁드립니다.",부분공개,13
2023-12-04,도담군 건축허가과,FOI-2023-00551,새빛시장 주변 불법점포 철거 계획 관련 자료 (551호),"이동전화기 수리업을 운영하는 상황에서 새빛시장 주변 불법 점포가 늘어남에 따라 영업에 직접적인 영향을 받고 있습니다. 해당 지역 불법건축물 및 무허가 점포에 대한 단속 계획, 최근 3년간 단속 실적, 향후 계획 등의 자료가 필요합니다.",공개,11
2023-02-22,세움시 맑은구 도시계획과,FOI-2023-00552,세움산업단지 입구 교통정체 해소 방안 자료 (552호),"고객 응대 일정을 잡기가 어려울 정도로 세움산업단지 입구 교차로 교통정체가 심각합니다. 해당 구간의 교통류 분석 자료, 보행자 안전시설 현황, 불법주정차 단속 기준 및 실적에 관한 정보를 요청합니다.",부분공개,12
2023-06-06,누리시 바른구 도시계획과,FOI-2023-00553,가온로 보행구간 가로등 및 안전시설 설치 이력 (553호),"수리업을 하다 보면 야간에 이동하는 경우가 많아 가온로 보행구간 및 안전시설 현황이 중요합니다. 최근 5년간 가로등 이력, 안전시설물 설치 위치 및 시기, 향후 설치 계획에 관한 자료를 요청합니다.",부분공개,9
2025-05-05,빛솔시 아람구 도시계획과,FOI-2025-00554,샘물동 생활권 내 공원 불법시설물 단속 기준 (554호),"가족과 함께 공원을 자주 이용하는데 열린마을 공원과 샘물동 생활권 내 무허가 시설물이 계속 늘어나는 것을 목격합니다. 공원 내 불법시설물 기준, 단속 절차, 민원 처리 과정에 관한 규정을 요청합니다.",공개,3
2025-05-27,도담군 건축허가과,FOI-2025-00555,미래복합센터 인근 주차단속 규정 및 시간대 (555호),"수리점 인근 고객 차량 주차에 어려움을 겪고 있습니다. 미래복합센터 주변 금지구간 설정 근거, 주차단속 시간대 및 방식, 주차 허용 구간 안내에 관한 자료를 요청합니다.",공개,6
2022-07-15,가람시 새빛구 도시계획과,FOI-2022-00556,한울초 주변 통학로 보도 정비 사업 추진 현황 (556호),"교통계획 전문가로서 한울초 주변 통학로의 보행자 동선 설계에 관심이 많습니다. 해당 구간 보도 정비 계획, 현재 진행 중인 공사 현황, 예산 배정 규모에 관한 자료를 요청합니다.",부분공개,11
2024-12-10,빛솔시 아람구 도시계획과,FOI-2024-00557,도담천 산책로 자전거도로 연결 계획 자료 (557호),"도담천 산책로와 너울천 산책로를 연결하는 자전거도로 계획이 있는지 궁금합니다. 기존 자전거도로 현황, 연장 계획, 설계 표준 등에 관한 정보를 요청합니다.",공개,1
2024-07-02,빛솔시 아람구 도시계획과,FOI-2024-00558,미르로 교차로 신호 체계 변경 이력 및 검토 보고서 (558호),"미르로 교차로의 신호 체계 변경이 도담천 산책로 이용자 교통량에 영향을 미칠 것으로 보입니다. 최근 3년간 신호 체계 변경 이력, 변경 근거가 된 교통량 조사 자료, 효과 검증 보고서를 요청합니다.",비공개,6
2025-03-05,너울시 물빛구 도시계획과,FOI-2025-00559,누리버스 정류장 접근성 개선 계획 관련 자료 (559호),"대중교통 이용 시 누리버스 정류장 접근성이 중요한 문제가 됩니다. 누리버스 정류장 주변 무장애 보행로 설치 현황, 접근성 개선 계획, 관련 예산 투입 규모에 관한 자료를 요청합니다.",부분공개,1
2022-10-18,새봄시 한울구 건축허가과,FOI-2022-00560,푸른마루 교차로 회전교차로 전환 조사 보고서 (560호),"교통 전문가로서 푸른마루 교차로의 회전교차로 전환에 대해 연구하고 싶습니다. 해당 구간 사상 사고 통계, 현재 교차로 구조, 회전교차로 적용 우선순위 선정 기준에 관한 정보를 요청합니다.",공개,10
2023-10-30,여울시 단비구 건축허가과,FOI-2023-00561,해솔문화광장 주변 불법 광고물 단속 결과 자료 (561호),"고령의 나이에 혼자 생활하며 해솔문화광장을 자주 이용합니다. 최근 해당 지역 불법 전단지 및 간판 단속 실적, 단속 후 처리 결과, 재발 방지 대책에 관한 자료를 요청합니다.",부존재,18
2023-01-01,여울시 단비구 건축허가과,FOI-2023-00562,온빛도서관 앞 무단주차 단속 기준 및 민원 처리 과정 (562호),"도서관 이용 시마다 주차난을 겪고 있어 온빛도서관 앞 무단주차 단속이 강화되는지 알고 싶습니다. 단속 기준 변경 이력, 단속 시간대 설정 근거, 주민 민원 처리 절차를 요청합니다.",비공개,7
2022-02-08,누리시 바른구 건축허가과,FOI-2022-00563,가람공공청사 주변 노약자 안내표지판 설치 현황 (563호),"Mobility에 어려움을 느끼는 나이가 되어 가람공공청사 주변 안내표지판이 필요합니다. 주변 노약자 안내표지판 설치 위치 및 시기, 현재 상태 점검 일정, 향후 계획에 관한 자료를 요청합니다.",부존재,16
2024-06-14,예담시 늘품구 도시계획과,FOI-2024-00564,새봄역 환승구역 배수시설 및 보행 안전 현황 (564호),"새봄역 환승구역에서 비 오는 날 침수 피해가 발생하는 것으로 알고 있습니다. 해당 구간 배수시설 설치 이력, 보수 이력, 보행 안전 점검 실적에 관한 자료를 요청합니다.",공개,4
2023-09-20,빛솔시 아람구 도시계획과,FOI-2023-00565,한들동 생활권 경로당 및 복지시설 접근성 조사 자료 (565호),"혼자 생활하며 한들동 생활권 내 경로당과 복지시설 위치와 접근 편의성을 파악하고 싶습니다. 경로당 및 복지시설 위치, 주변 교통 편의시설 현황, 이용자 만족도 조사 결과를 요청합니다.",공개,5
2025-02-09,온빛시 도시계획과,FOI-2025-00566,가온로 보행구간 안전턱 설치 예정 위치 및 시기 (566호),"구직 활동 중이며 가온로 보행구간을 자주 이용합니다. 어머니와 동거하며 안전이 가장 중요하게 느껴지는데, 해당 구간 안전턱 설치 계획과 보차분리 시설 현황에 관한 자료를 요청합니다.",부분공개,20
2024-08-27,너울시 물빛구 건축허가과,FOI-2024-00567,맑은마을 커뮤니티센터 구직 지원 프로그램 운영 현황 (567호),"현재 구직 중인 상황에서 맑은마을 커뮤니티센터에서 운영하는 구직 지원 프로그램에 대해 알고 싶습니다. 운영 중인 프로그램 종류, 참여 자격, 최근 프로그램 만족도 조사 결과를 요청합니다.",비공개,6
2023-08-01,세움시 맑은구 도시계획과,FOI-2023-00568,새빛시장 주변 야간 조명 시설 현황 및 개선 계획 (568호),"야간에 혼자 이동할 때 새빛시장 주변 조명이 약하여 불안합니다. 해당 지역 야간 조명 시설 현황, 조명 각도 및 밝기 기준, 향후 개선 계획에 관한 자료를 요청합니다.",부분공개,14
2022-11-20,라온군 도시계획과,FOI-2022-00569,누리버스 정류장 주변 여성 안전시설 점검 이력 (569호),"구직 중이며 야간 귀가 시 여성 안전이 걱정됩니다. 누리버스 정류장 주변 비상벨 및 CCTV 설치 현황, 안전시설 점검 주기 및 최근 점검 결과에 관한 자료를 요청합니다.",비공개,3
2025-03-31,예담시 늘품구 도시계획과,FOI-2025-00570,한울초 주변 통학로 어린이 보호 구간 설정 기준 (570호),"어머니와 함께 거주하며 지역사회 안전에 관심이 많습니다. 한울초 주변 통학로 어린이 보호 구간 설정 기준, 구간 설정 근거, 단속 방식에 관한 정보를 요청합니다.",공개,17
2024-04-13,너울시 물빛구 도시계획과,FOI-2024-00571,세움산업단지 내 건축물 용도변경 심사 절차 안내 (571호),"학술적 연구 목적으로 세움산업단지의 건축물 용도변경 절차에 대해 알고 싶습니다. 용도변경 신청 필요 서류, 심사 기간, 승인 기준 및 거절 사유에 관한 규정을 요청합니다.",부분공개,20
2022-07-28,미래군 건축허가과,FOI-2022-00572,미래복합센터 건축물 높이 제한 규정 및 근거 법령 (572호),"교통 계획 전문가로서 미래복합센터 인접지역 건축물 높이 제한이 교통 시인성에 미치는 영향을 연구하고 싶습니다. 높이 제한 규정, 제한 설정 근거, 관련 법령 해석 자료를 요청합니다.",부분공개,13
2024-08-08,너울시 물빛구 도시계획과,FOI-2024-00573,라온체육센터 주변 불법주차 단속 현황 및 개선 방안 (573호),"가족과 함께 라온체육센터를 자주 이용합니다. 주변 불법주차로 인해 보행에 불편을 겪고 있는데, 최근 단속 실적, 개선 방안 논의 과정, 주차장 확보 계획에 관한 자료를 요청합니다.",공개,6
2024-02-23,빛솔시 아람구 도시계획과,FOI-2024-00574,빛솔광장 일대 공원 내 무허가 건축물 현황 및 처리 계획 (574호),"학술적 관점에서 빛솔광장 일대 공원 내 무허가 건축물의 현황과 법적 처리 과정이 궁금합니다. 공원 내 무허가 건축물 현황 조사 결과, 관련 법령 적용 기준, 향후 처리 계획에 관한 자료를 요청합니다.",부존재,20
2023-11-22,너울시 물빛구 건축허가과,FOI-2023-00575,도담천 산책로 불법 점거 시설 철거 집행 절차 (575호),"산책로 이용객으로서 도담천 산책로 내 불법 점거 시설이 걱정됩니다. 불법 점거 시설 파악 기준, 행정 절차, 철거 집행 비용 부과 기준에 관한 규정을 요청합니다.",공개,18
2025-10-28,도담군 안전총괄과,FOI-2025-00576,푸른마루 교차로 새벽 작업 소음 실태 및 단속 기록 청구 (576호),거주 아파트 바로 옆 푸른마루 교차로에서 새벽 4시부터 콘크리트 절단 작업이 진행되고 있습니다. 고령인 조모의 수면이하게 단절되고 있어 신속한 현장 확인과 조치 기록을 알고 싶습니다.,공개,17
2025-06-08,너울시 물빛구 안전총괄과,FOI-2025-00577,샘물동 생활권 대기오염 측정 데이터 및 배기가스 배출 현황 (577호),근처 세움산업단지의 배기가스가 거주 지역까지 확산되고 있습니다. 지난 3개월간 해당 구간의 대기오염물질 측정 데이터와 주요 배출원별 농도 변화를 상세히 확인하고자 합니다.,공개,14
2023-11-20,여울시 단비구 환경위생과,FOI-2023-00578,가온로 보행구간 도로포장 공사 소음 영향평가 및 방지조치 내역 (578호),도담천 산책로를 이용하는 동네 주민들 사이에서 가온로 보행구간 도로포장 공사의 소음이 문제되고 있습니다. 공사 전 소음 영향평가 결과와 단계별 방지조치 내용을 공개해 주십시오.,비공개,9
2025-12-07,미래군 환경위생과,FOI-2025-00579,한울초 주변 통학로 석분 모니터링 결과 및 학교 건전성 조사 기록 (579호),한울초 주변 통학로를 지나는 자녀의 건강이 걱정됩니다. 인근 공사현장 석분 확산 방지와 학교 시설의 안전 점검 결과를 반드시 확인하고 싶습니다.,부분공개,1
2024-12-12,여울시 단비구 환경위생과,FOI-2024-00580,새빛시장 주변 음식물 처리업체 악취 발생 및 행정처분 현황 (580호),"아파트 베란다에서도 악취가 들어올 정도로 새빛시장 뒤쪽 음식물 처리업체의 냄새가 심합니다. 해당 업체에 대한 행정처분의 종류와 처리 결과, 그리고 악취 측정 기록을 요청합니다.",부분공개,8
2022-05-19,가람시 새빛구 안전총괄과,FOI-2022-00581,새봄역 환승구역 지하주차장 환기시설 가동 소음 측정 및 민원 처리 경과 (581호),새봄역 환승구역 지하주차장의 환기시설 가동음이 새벽부터 apartment 전체로 전파되고 있습니다. 소음 측정 결과와 함께 해당 민원의 처리 경과 및 내용도 확인하고자 합니다.,공개,16
2024-04-19,누리시 바른구 환경위생과,FOI-2024-00582,가람공공청사 주변사업 환경영향평가서 및 소음·진동 예측 자료 (582호),가람공공청사 인근에서 새로 승인된사업의 환경영향평가서와 단계별 소음·진동 예측 자료를 요청합니다. 현재 진행 중인 Preliminary 단계의 소음 실태도 함께 알려주세요.,공개,8
2024-03-20,너울시 물빛구 안전총괄과,FOI-2024-00583,온빛도서관 앞 공원 Irrigation 시설 소음 및 수질검사 결과 공개 (583호),"온빛도서관 앞 공원의 물뿌리개 시설 가동음이 새벽부터 이어지고 있으며, 방류수 색깔도 이상합니다. 시설 가동 소음 기준 준수 여부와 수질 검사 결과를 반드시 확인하고 싶습니다.",공개,18
2023-07-08,라온군 안전총괄과,FOI-2023-00584,미르로 교차로 새벽 도로포장 작업 시간 조정 사실 및 주변 영향을 줄인 (584호),"미르로 교차로 도로포장 공사가 새벽 5시부터 시작되어 가족 모두의 수면이 불안정한 상태입니다. 새벽 작업 시간 조정 사실이 있는지, 그리고 향후 영향 감소를 위한 내용을 알고 싶습니다.",공개,7
2025-09-16,여울시 단비구 환경위생과,FOI-2025-00585,누리버스 정류장 근처 대규모 단지 건설현장 석분 및 소음 관리 실적 (585호),누리버스 정류장 옆 재건축현장 석분이 apartment 창문까지 들어오고 밤에는 소음도 계속됩니다. 현장의 석분 관리 실적과 소음 저감 현황을 반드시 확인하고 싶습니다.,부존재,20
2025-08-19,누리시 바른구 안전총괄과,FOI-2025-00586,세움산업단지 입구 화물차 통행량 변화 및 대기오염 기여도 분석 자료 (586호),세움산업단지의 화물차 출입량이 증가하면서 아파트 앞 도로의 particulate matter 농도가 눈에 띄게 올랐습니다. 해당 구간의 화물차 통행량 변화 데이터와 대기오염 기여도 분석 결과를 요청합니다.,부존재,1
2025-11-02,도담군 환경위생과,FOI-2025-00587,도담천 산책로 야외음악 연주 관련 소음 민원 처리 내용 및 허용 기준 공지 (587호),도담천 산책로에서 새벽 5시부터 이어지는 악기 연주로 동네 주민들의 수면이 중단되고 있습니다. 해당 민원의 처리 내용과 공공공간에서의 소음 허용 기준 관련 고지 내용을 공개해 주십시오.,부분공개,1
2025-02-05,세움시 맑은구 안전총괄과,FOI-2025-00588,라온체육센터 주변 새벽 농구장 활동 소음 및 시설 개선 요청 처리 경과 (588호),라온체육센터 옆 apartment에서 새벽 4시부터 농구장 소리가 들려와 어린 자녀의 잠자리가 불안정합니다. 해당 민원의 처리 경과와 시설 개선 내용을 확인하고 싶습니다.,부분공개,13
2023-09-18,여울시 단비구 안전총괄과,FOI-2023-00589,열린마을 공원 새벽 노래 연습 소음 측정 결과 및 민원 처리 현황 (589호),열린마을 공원에서 새벽 4시부터 노래 연습 소리가 들려와 부모님과 아이들의 수면이 끊깁니다. 소음 측정 결과와 해당 민원의 처리 현황을 반드시 확인하고 싶습니다.,공개,4
2024-06-17,새봄시 한울구 환경위생과,FOI-2024-00590,새빛시장 주변 공장 가동시간 및 악취 방류 허용 기준 준수 여부 조사 기록 (590호),새빛시장 뒤쪽 공장의 악취가 apartment 전반에 퍼지고 있어 식사조차 불안합니다. 공장의 가동시간 변경 이력과 악취 방류 허용 기준 준수 여부를 반드시 확인하고 싶습니다.,비공개,14
2024-07-04,세움시 맑은구 안전총괄과,FOI-2024-00591,한울초 주변 통학로 석분 확산 방지 실적 및 학교 실내 공기질 조사 결과 (591호),한울초 주변 통학로에서 진행중인 공사현장 석분이 아이들 폐 건강을 위협하고 있습니다. 석분 확산 방지 실적과 학교 실내 공기질 조사 결과를 반드시 확인하고 싶습니다.,부분공개,6
2022-08-23,도담군 안전총괄과,FOI-2022-00592,맑은마을 커뮤니티센터 주변 놀이터 조명 소음 및 대기오염 실태 자료 (592호),맑은마을 커뮤니티센터 근처 놀이터 조명 가동음이 새벽부터 이어지고 있어 아이들이 불안해합니다. 놀이터 조명 소음 수준과 주변 대기오염 실태 자료를 함께 확인하고 싶습니다.,부존재,3
2023-09-17,새봄시 한울구 환경위생과,FOI-2023-00593,누리버스 정류장 주변 대규모 개발 공사 석분 및 소음 민원 처리 기록 (593호),누리버스 정류장 옆 대규모 개발현장 석분이 apartment까지 들어오고 밤에는 크레인 소음도 계속됩니다. 석분 관리 실적 및 소음 저감조치의 실행 내역을 반드시 확인하고 싶습니다.,부분공개,5
2022-03-06,가람시 열린구 환경위생과,FOI-2022-00594,가람공공청사 인근 대기오염 측정소 설치 및 운영 계획 관련 문서 (594호),"가람공공청사 인근 대기오염 측정소 설치 계획에 대한 세부 문서를 요청합니다. 측정소 위치 선정 배경과 운영 계획, 그리고 기존 측정소와의 데이터 비교 분석 결과를 확인하고 싶습니다.",부분공개,16
2022-08-20,여울시 단비구 안전총괄과,FOI-2022-00595,미르로 교차로 새벽 도로포장 공사 소음 저감 방안 및 시행 실적 (595호),미르로 교차로 도로포장 공사가 새벽 5시부터 시작되어 가족 수면이 불안정한 상태입니다. 새벽 작업 소음 저감을 위한 방안과 시행 실적을 반드시 확인하고 싶습니다.,공개,19
2024-01-04,누리시 바른구 안전총괄과,FOI-2024-00596,가온로 보행구간 새벽 시간대 도로 점검 작업 시간 단축 사실 관련 기록 (596호),가온로 보행구간에서 새벽 시간대에 도로 점검 작업이 장시간 진행되어 통행 불편이 큽니다. 작업 시간 단축 관련 사실과 그간의 개선 결과를 확인하고 싶습니다.,공개,12
2024-06-28,여울시 단비구 안전총괄과,FOI-2024-00597,도담천 산책로 새벽 수질 오염 의심 및 방류수 검사 결과 공개 청구 (597호),도담천 산책로 근처 배수구에서 새벽에 이상한 색상의 물이 흘러나오고 냄새도 심합니다. 관련 구간의 수질 검사 결과와 방류수 오염 가능성 조사 내용을 공개해 주십시오.,부분공개,10
2025-02-09,가람시 열린구 안전총괄과,FOI-2025-00598,온빛도서관 앞 신규 개발사업 관련 환경영향평가서 및 소음 예측 자료 (598호),온빛도서관 앞지역에서 새로 승인된 개발사업의 환경영향평가서와 단계별 소음 예측 자료를 요청합니다. 현재 진행 중인 단계의 소음 실태도 함께 알려주세요.,공개,8
2024-06-07,누리시 바른구 환경위생과,FOI-2024-00599,한들동 생활권 새벽 Waste 처리 소음 및 악취 민원 처리 경과 (599호),한들동 생활권 근처에서 새벽 시간대에 쓰레기 처리의 소음과 악취가 지속되고 있어 생활에 불편합니다. 해당 민원의 처리 경과와 개선 내용을 반드시 확인하고 싶습니다.,부분공개,10
2022-03-13,누리시 바른구 안전총괄과,FOI-2022-00600,미르로 교차로 새벽 공사 소음 저감 위한 작업 시간 조정 사실 확인 청구 (600호),"미르로 교차로 공사현장 새벽 작업으로 인해 가족 모두 수면 장애를 겪고 있습니다. 새벽 작업 시간 조정이 이루어졌는지, 그리고 향후 저감 내용을 확인하고 싶습니다.",공개,15
2025-02-09,도담군 복지정책과,FOI-2025-00601,푸른마루 교차로 지역 구직자 생계비 지원 집행내역 (601호),최근 6개월간 푸른마루 교차로 인근 지역 구직자 생계비 지원금 집행내역과 각 동의 지원금액 배분기준을 알고 싶습니다. 현재 구직 중으로 생활비 부담이 커서 지원사업 참여를 중입니다.,부존재,8
2022-05-29,가람시 열린구 재무회계과,FOI-2022-00602,샘물동 생활권 직업훈련과정 수료 후 취업률 공개 (602호),올해 샘물동 생활권 직업훈련지원금 사용내역과 수료 후 취업을 기관별로 알고 싶습니다. 어떤 과정이 실제 취업에 도움이 되는지 확인하고 싶어서 청구합니다.,공개,18
2022-02-07,여울시 단비구 재무회계과,FOI-2022-00603,열린마을 공원 주변 기초생활수급자 의료비 현황 (603호),열린마을 공원 주변 지역 기초생활수급자의 의료비 지원 집행내역과 급여 종류별 지출비율을 알려주십시오. 본인도 해당 지역으로서 지원 내용을 확인하고 싶습니다.,공개,16
2022-04-29,새봄시 한울구 재무회계과,FOI-2022-00604,가온로 보행구간 아파트 관리비 지원사업 선정 기준 (604호),현재 거주 아파트 가온로 보행구간 아파트 관리비 지원사업 선정 기준과 심사절차를 알고 싶습니다. Criteria applicable to residents for eligibility을 확인하고 싶습니다.,부분공개,19
2025-11-04,예담시 늘품구 재무회계과,FOI-2025-00605,새빛시장 주변 지역 고용안정장려금 지급 현황 (605호),"최근 3개월간 새빛시장 주변 지역 고용안정장려금 지급 기록을 알고 싶습니다. 지급 대상자격, 금액, 시기 등에 대한 정보를 요청합니다.",부분공개,11
2023-09-18,해솔시 재무회계과,FOI-2023-00606,한울초 주변 통학로 지역 아동의료비 지원사업 현황 (606호),한울초 주변 통학로 지역 아동의료비 지원사업의 집행내역과 지원 대상 범위를 알고 싶습니다. 어린이 건강관리에 필요한 지원제도를 확인하려 합니다.,부분공개,18
2022-11-25,가람시 열린구 복지정책과,FOI-2022-00607,미래복합센터 인근 가족사랑 건강관리비 지원 현황 (607호),미래복합센터 인근 지역에서 진행되는 가족건강관리비 지원사업의 집행내역을 알고 싶습니다. 본인 가정에서도 부모님 건강관리에 참고하려 합니다.,부분공개,20
2024-02-20,도담군 복지정책과,FOI-2024-00608,온빛도서관 앞 지역 긴급가족재난지원금 집행내역 (608호),최근 1년간 온빛도서관 앞 지역 긴급가족재난지원금 집행내역과 지원 대상자 선정기준을 알려주십시오. 긴급한 상황에서의 지원 제도 확인을 원합니다.,부분공개,17
2022-05-04,라온군 복지정책과,FOI-2022-00609,한들동 생활권 어린이집 운영비 지원 예산 공개 (609호),한들동 생활권 어린이집 운영비 지원 예산 집행내역을 기관별로 알고 싶습니다. 놀이시설 개선비 배분내역도 포함하여 알려주십시오.,부분공개,12
2024-05-15,미래군 복지정책과,FOI-2024-00610,누리버스 정류장 지역 부모교육프로그램 집행현황 (610호),누리버스 정류장 주변 지역 부모교육프로그램 집행내역과 참여자 수를 알고 싶습니다. 본인이 부모로서 참여 가능한 프로그램을 확인하려 합니다.,공개,14
2023-03-29,새봄시 한울구 재무회계과,FOI-2023-00611,세움산업단지 입구 지역 한부모가족지원금 집행내역 (611호),최근 6개월간 세움산업단지 입구 지역 한부모가족지원금 집행내역을 구체적으로 알고 싶습니다. 아동장학금과 생활부족자녀지원금의 지급 기록도 포함해 주십시오.,공개,2
2023-06-01,미래군 재무회계과,FOI-2023-00612,가람 공공청사 주변 지역 긴급생활곤란 지원금 사용 현황 (612호),가람 공공청사 주변 지역 긴급생활곤란 지원금의 집행내역을 알고 싶습니다. 지출금액과 용도별 배분현황을 구체적으로 알려주십시오.,부존재,13
2025-10-21,새봄시 한울구 재무회계과,FOI-2025-00613,맑은마을 커뮤니티센터 지역 맞벌이가정 자녀돌봄비 지원 현황 (613호),맑은마을 커뮤니티센터 주변 맞벌이가정의 자녀돌봄비 지원 집행내역을 알고 싶습니다. 맞벌이 가구로서 지원 제도 활용 여부를 확인하려 합니다.,부존재,9
2025-09-02,빛솔시 아람구 재무회계과,FOI-2025-00614,너울천 산책로 지역 주거안정지원금 집행내역 공개 (614호),너울천 산책로 주변 지역 주거안정지원금의 집행내역을 알고 싶습니다. 전세보증금 대출이자 지원과 월세 지원 배분 내역을 포함해 주십시오.,비공개,15
2022-08-24,라온군 복지정책과,FOI-2022-00615,빛솔광장 일대 지역 청소년복지예산 집행현황 (615호),빛솔광장 일대 지역 청소년복지예산 집행내역과 해당 사업의 대상 연령대를 알고 싶습니다. 청소년 복지증진을 위한 사업이 어떻게 운영되는지 확인하려 합니다.,비공개,20
2023-12-19,해솔시 복지정책과,FOI-2023-00616,라온체육센터 주변 지역 재취업지원 프로젝트 집행내역 (616호),"최근 1년간 라온체육센터 주변 지역 재취업지원 프로젝트 예산 집행내역을 알고 싶습니다. 직업훈련비, 취업알선수당, 고용장려금 등의 지출 내역을 포함해 주십시오.",부분공개,4
2022-01-31,새봄시 한울구 재무회계과,FOI-2022-00617,해솔문화광장 지역 실업자 생계비 지원사업 집행내역 (617호),해솔문화광장 주변 지역 실업자 생계비 지원사업의 집행내역을 알고 싶습니다. 지원 금액 구간별 지급 현황과 총 집행규모를 알려주십시오.,공개,14
2022-07-28,여울시 단비구 재무회계과,FOI-2022-00618,미르로 교차로 지역 기초생활수급자 예산집행 현황 (618호),미르로 교차로 주변 지역 기초생활수급자 예산 집행내역을 급여 항목별로 알고 싶습니다. 각 항목별 지출비율과 수급자 수 현황도 포함해 주십시오.,공개,16
2025-06-14,라온군 재무회계과,FOI-2025-00619,새봄역 환승구역 가족위기지원금 집행내역 및 승인율 (619호),새봄역 환승구역 지역 가족위기지원금의 집행내역을 알고 싶습니다. 긴급생활비 대출 및 주거지원비 지원 금액과 승인율을 알려주십시오.,공개,6
2024-06-23,여울시 단비구 재무회계과,FOI-2024-00620,가온로 보행구간 중장년지원사업 예산 공개 (620호),가온로 보행구간 인근 50대 이상 중장년을 위한지원사업 예산 규모와 지출 내역을 알고 싶습니다. 어떤 직업훈련과 취업지원 프로그램이 운영되는지 확인하려 합니다.,공개,11
2022-11-14,너울시 물빛구 재무회계과,FOI-2022-00621,온빛도서관 앞 지역 경력단절 여성지원 예산 공개 (621호),온빛도서관 앞 지역 경력단절 여성지원 프로그램의 예산 집행내역을 알고 싶습니다. 직업훈련 지원금과 취업알선 수수료 지원 현황을 포함해 주십시오.,부분공개,19
2024-06-20,예담시 늘품구 복지정책과,FOI-2024-00622,누리버스 정류장 주변 놀이돌봄 확대사업 집행내역 (622호),누리버스 정류장 주변 지역 놀이돌봄 확대사업의 집행내역을 알고 싶습니다. 무상돌봄 확대 slotted 수와 이용료 감면 규모를 포함하여 알려주십시오.,부분공개,4
2024-03-20,여울시 단비구 복지정책과,FOI-2024-00623,샘물동 생활권 소년소녀가장 지원사업 예산 집행현황 (623호),샘물동 생활권 소년소녀가장 지원사업 예산 집행내역을 알고 싶습니다. 아동양육비 지원과 학업비 지원 규모를 구체적으로 알려주십시오.,부분공개,19
2024-01-28,라온군 재무회계과,FOI-2024-00624,가람 공공청사 주변 지역 미래역량강화 교육비 지원 현황 (624호),"가람 공공청사 주변 지역 미래역량강화 교육비 지원사업의 집행내역을 알고 싶습니다. 교재비, 방과후 프로그램비, 장학금 지원 규모를 포함해 주십시오.",부분공개,12
2024-02-12,누리시 바른구 복지정책과,FOI-2024-00625,한울초 주변 통학로 지역 신성장동력 직업훈련 예산 공개 (625호),"한울초 주변 통학로 지역 신성장동력 직업훈련 프로그램 예산 규모와 집행내역을 알고 싶습니다. 디지털역량 강화, 친환경에너지 분야 훈련과정 운영 현황을 포함해 주십시오.",부분공개,4
2024-10-19,가람시 새빛구 기획감사과,FOI-2024-00626,세움산업단지 입구 안전시설 설치사업 예산 집행 내역 공개 청구 (626호),"세움산업단지 입구 일대 신호등 및 과속방지턱 설치 공사에 투입된 예산의 정확한 집행 내역을 확인하고자 합니다. 해당 구간은 대규모 화물차량 통행량이 많아 보행자 안전에 심각한 우려가 있어 왔으며, 단독주택 거주민으로서 교통안전 확보가 최우선 과제입니다.",부분공개,16
2025-05-22,누리시 바른구 기획감사과,FOI-2025-00627,누리버스 정류장시설 확대 설치 예산의 집행 현황과 단계별 추진 일정에 관한 청구 (627호),누리버스 정류장에서 한울초 주변 통학로까지 이어지는 구간에 대한 보도턱 정비 및 가로등 설치 사업의 예산 배분 현황과 단계별 추진 일정을 구체적으로 확인하고자 합니다. 초등학생 통행량이 많은 시간대에도 일부 구간은 조명이 부족하여 안전사고 위험이 지속되고 있습니다.,공개,14
2023-10-27,미래군 재무회계과,FOI-2023-00628,맑은마을 커뮤니티센터 내 장애인 편의시설 확충에 투입된 예산의 집행 비율과 세부 항목 공개 (628호),"맑은마을 커뮤니티센터 내에 설치된 장애인용 엘리베이터 및 접근로 정비 사업의 예산 집행 비율, 세부 항목별 지출 내역을 확인하고 싶습니다. 해당 시설 이용 시 장애 및 고령자 배려가 충분한지 객관적으로 판단할 근거가 필요합니다.",공개,19
2022-12-15,가람시 새빛구 기획감사과,FOI-2022-00629,미래복합센터 인근 공유주차장 조성 사업의 총사업비 대비 집행액 및 잔액 현황 (629호),미래복합센터 인근에 조성된 공유주차장 조성 사업의 총사업비 대비 현재까지의 집행액과 잔액 현황을 확인하고자 합니다. 주차장 이용료 체계 결정 과정에서 주민 의견 수렴이 충분히 이루어졌는지도 궁금합니다.,공개,13
2024-06-16,세움시 맑은구 기획감사과,FOI-2024-00630,도담천 산책로 우수관개수 처리시설 설치 사업의 예산 투입 규모와 관리 주체 안내 (630호),"도담천 산책로 내에 설치된 우수관개수 처리시설의 예산 투입 규모와 해당 시설의 관리 주체 및, 주기 현황을 확인하고자 합니다. 하천 수질 보전과 관련하여 주민으로서 정확한 정보를 파악할 필요가 있습니다.",부분공개,16
2024-03-06,가람시 새빛구 재무회계과,FOI-2024-00631,새빛시장 주변 노후 상가 건물 안전 점검에 지출된 예산 집행 내역 공개 (631호),새빛시장 주변 노후 상가 건물 긴급 안전 점검 및 보강 공사에 투입된 예산의 집행 내역을 상세히 확인하고자 합니다. 시장 상인으로서 임대차 분쟁 시 건물 안전 상태에 대한 객관적 근거가 반드시 필요합니다.,부분공개,9
2022-04-29,세움시 맑은구 재무회계과,FOI-2022-00632,가람공공청사 에너지 효율화 개선 사업의 단열재 교체 공사비 집행 현황 (632호),"가람공공청사 에너지 효율화 개선 사업의 일환으로 진행된 단열재 교체 공사비 집행 현황을 상세히 확인하고자 합니다. 공공건물의 에너지 낭비 문제는 지역 미세먼지 저감과도 연관되는 사안으로, 구체적인 지출 내역을 파악해야 합니다.",공개,8
2024-05-30,라온군 재무회계과,FOI-2024-00633,한울초 주변 통학로 가로수 전선 지중화 사업의 예산 배분 및 추진 현황 (633호),"한울초 주변 통학로의 가로수 전선 지중화 사업에 대한 예산 배분 현황과 현재 추진 수준을 구체적으로 확인하고자 합니다. 공사 진행 속도가 지연될 경우 학부모로서 안전 우려가 커지고 있어, 정확한 일정을 파악할 필요가 있습니다.",부분공개,1
2024-05-17,라온군 재무회계과,FOI-2024-00634,온빛도서관 앞 무 출입시설 설치 사업비 집행 내역 및 이용자 만족도 조사 결과 (634호),온빛도서관 앞 무장애 출입시설 설치 사업비 집행 내역과 해당 시설 설치 이후 실시된 이용자 만족도 조사 결과를 확인하고자 합니다. 문화시설의 접근성 확보는 모든 시민의 기본권 보장과 직결되는 사안입니다.,공개,17
2023-11-02,도담군 기획감사과,FOI-2023-00635,샘물동 생활권 주거환경개선 지원 사업의 신청 제한 기준과 예산 배분 원칙 (635호),샘물동 생활권 주거환경개선 지원 사업의 신청 제한 기준과 예산 배분 원칙에 대해 구체적으로 확인하고자 합니다. 희망 소득 기준과 가구당 지원 한도액이 명확히 공지되지 않아 신청 과정에서 어려움을 겪었습니다.,공개,10
2025-06-05,온빛시 기획감사과,FOI-2025-00636,가온로 보행구간 시각장애인을 위한 점자블록 교체 공사 예산 집행 현황 (636호),가온로 보행구간 시각장애인을 위한 점자블록 교체 공사 예산의 집행 현황과 교체 주기를 확인하고자 합니다. 점자블록 일부 구간이 심하게 훼손된 상태로 방치되어 있어 시각장애인의 안전에 심각한 위협이 됩니다.,공개,4
2025-08-09,새봄시 한울구 재무회계과,FOI-2025-00637,라온체육센터 주변 체육시설 확충 사업의 시민 이용 만족도 조사 결과 공개 (637호),라온체육센터 주변 체육시설 확충 사업 완료 이후 실시된 시민 이용 만족도 조사 결과와 향후 시설 확대 계획에 투입될 예산 규모를 확인하고자 합니다. 지역 청년으로서 건강 시설 확충에 관심이 많습니다.,공개,17
2022-10-10,가람시 새빛구 재무회계과,FOI-2022-00638,미르로 교차로 신호체계 개선 사업의 예산 투입 규모와 교통량 변화 분석 자료 (638호),미르로 교차로 신호체계 개선 사업의 예산 투입 규모와 사업 전후 교통량 변화 분석 자료를 확인하고자 합니다. 해당 교차로는 출퇴근 시간대에 극심한 정체가 발생하여 통행 시간을 정확히 예측할 수 없어 불편을 겪고 있습니다.,공개,8
2024-11-14,예담시 늘품구 재무회계과,FOI-2024-00639,해솔문화광장 민박거주자 보호를 위한 비상대피경로 확보 사업 예산 집행 내역 (639호),해솔문화광장 비상대피경로 확보 사업의 예산 집행 내역과 해당 구간의 비상대피경로 확보 현황을 확인하고자 합니다. 주택 이외의 거처에서 생활하며 비상 상황 시 대피 경로에 대한 정보를 사전에 파악할 필요가 있습니다.,부분공개,4
2023-02-01,새봄시 한울구 재무회계과,FOI-2023-00640,한들동 생활권 공동주택 에너지 효율 개선 지원 사업의 신청 처리 현황과 지원 규모 (640호),한들동 생활권 공동주택 에너지 효율 개선 지원 사업의 신청 처리 현황과 현재까지 지원된 규모를 확인하고자 합니다. 전직 시설 관리 경력이 있어 지원 사업의 운영 실태를 객관적으로 파악하고자 합니다.,공개,18
2022-11-03,도담군 기획감사과,FOI-2022-00641,"열린마을 공원 생태 복원 사업의 예산 투입 규모와, 기간 및 완료 예정 시점 (641호)",열린마을 공원 생태 복원 사업의 예산 투입 규모와 기간 및 완료 예정 시점을 확인하고자 합니다. 생태 복원 사업이 지역 생태계에 미치는 영향을 예측하기 위해 사업의 구체적 내용을 파악할 필요가 있습니다.,부분공개,4
2024-11-21,도담군 재무회계과,FOI-2024-00642,푸른마루 교차로 버스전용차로 설치 사업의 예산 집행 현황과 버스 도착 시간 단축 효과 (642호),푸른마루 교차로 버스전용차로 설치 사업의 예산 집행 현황과 해당 사업이 버스 도착 시간 단축에 어느 정도 효과를 거두었는지 확인하고자 합니다. 대중교통 이용자로서 버스전용차로의 실효성에 대해 구체적인 데이터를 확인하고 싶습니다.,공개,6
2023-12-05,라온군 기획감사과,FOI-2023-00643,새봄역 환승구역 내 자전거 보관소 설치 사업의 예산 배분과 향후 확대 계획 (643호),새봄역 환승구역 내 자전거 보관소 설치 사업의 예산 배분 내역과 향후 확대 계획을 확인하고자 합니다. 환승 이용 시 자전거 보관 문제로 인해 불편을 겪고 있어 관련 예산 집행 현황을 파악할 필요가 있습니다.,공개,13
2022-03-22,가람시 새빛구 기획감사과,FOI-2022-00644,너울천 산책로 조명설비 효율화 사업의 교체 규격과 절감 효과 분석 자료 (644호),너울천 산책로 조명설비 효율화 사업에서 교체된의 규격과 에너지 절감 효과를 분석한 자료를 확인하고자 합니다. 산책로 이용 빈도가 높아 조명 환경 개선의 실효성에 대해 관심을 가지고 있습니다.,공개,20
2023-06-12,온빛시 재무회계과,FOI-2023-00645,빛솔광장 일대 야외음악 설치 사업의 건축비 집행 내역과 운영 주체 안내 (645호),빛솔광장 일대 야외음악당 설치 사업의 건축비 집행 내역과 해당 시설의 운영 주체를 확인하고자 합니다. 문화시설 설치가 지역 상권 활성화에 어떤 영향을 미쳤는지 파악하기 위해 정확한 예산 정보를 필요로 합니다.,부분공개,8
2024-07-20,해솔시 재무회계과,FOI-2024-00646,세움산업단지 입구 안전펜스 설치 사업의 예산 확정 과정과 안전 점검 주기에 관한 청구 (646호),"세움산업단지 입구 안전펜스 설치 사업의 예산 확정 과정에서 안전 취약 구간 선정 기준이 무엇이었는지, 그리고 현재 해당 구간에 대한 안전 점검 주기가 어떻게 되어 있는지 확인하고자 합니다. 산업단지와 주거지가 인접한 만큼 안전 관리 실태 파악이 시급합니다.",부분공개,20
2024-03-19,도담군 기획감사과,FOI-2024-00647,새빛시장 주변 상가 건물 외벽 보강 공사비 집행 내역과 공시된 시공업체 정보 (647호),새빛시장 주변 상가 건물 외벽 보강 공사비 집행 내역과 해당 공사가 공시된 시공업체 정보를 확인하고자 합니다. 상가 건물주의 안전 의무 이행 여부를 객관적으로 판단할 근거가 필요합니다.,부분공개,16
2024-08-26,라온군 재무회계과,FOI-2024-00648,가온로 보행구간 점자블록 안전 점검 예산의 집행 현황과 개선 공사 추진 일정에 관한 청구 (648호),가온로 보행구간 점자블록 안전 점검 예산의 집행 현황과 취약 구간 개선 공사의 구체적인 추진 일정을 확인하고자 합니다. 시각장애 당사자로부터 직접 불편을 전달받아 해당 구간의 즉각적인 개선이 필요하다고 판단하였습니다.,공개,4
2022-12-01,미래군 기획감사과,FOI-2022-00649,"누리버스 정류장 주변 무 접근로 정비 사업의 예산 투입 규모와, 완료 현황 (649호)",누리버스 정류장 주변 무장애 접근로 정비 사업의 예산 투입 규모와 현재까지의 완료 현황을 확인하고자 합니다. 고령자 및 장애인 mobility aid 사용자의 접근 편의성 확보는 시급한 사안입니다.,부분공개,19
2025-06-28,미래군 재무회계과,FOI-2025-00650,온빛도서관 앞 자동체외제세동기 설치 사업의 예산 집행 내역과 관리 상태 점검 결과 (650호),온빛도서관 앞 자동체외제세동기 설치 사업의 예산 집행 내역과 해당 기기의 정기적인 관리 상태 점검 결과를 확인하고자 합니다. 공공시설 응급의료장비 비치 현황과 관리 실태를 파악하여 시민 안전에 기여하고자 합니다.,비공개,18
2022-02-04,해솔시 일자리경제과,FOI-2022-00651,샘물동 생활권 공원 환경개선 공사 수의계약 내역 및 업체 선정 사유서 청구 (651호),"샘물동 생활권 내 있는 열린마을 공원 환경개선 공사에 대해 수의계약으로 업체를 선정한 내역과 선정 사유서를 요청합니다. 공사 시기, 투입 예산 규모, 업체 선정 기준이 구체적으로 어떻게 구성되어 있는지 확인하고자 합니다. 한부모 가정이 가까이 사는 만큼시설 이용 안전성이 중요합니다.",부분공개,11
2024-07-01,너울시 물빛구 일자리경제과,FOI-2024-00652,가온로 보행구간 긴급 보수 공사 입찰 결과 및 배점 기준표 청구 (652호),"가온로 보행구간에서 발생한 긴급 보수 공사에 대해 입찰 공고부터 개찰, 낙찰자 결정까지 전체 과정을 요청합니다. 특히 평가 배점 기준표와 각 업체별 점수 공개 여부를 확인하고자 합니다. 보행 취약계층이 많이 이용하는 구간이라 투명한 선정 과정이 중요합니다.",공개,19
2023-07-15,도담군 일자리경제과,FOI-2023-00653,도담천 산책로 조명 교체 수의계약 업체 선정 절차 및 계약서 본문 청구 (653호),"도담천 산책로 조명 교체 공사에 수의계약으로 선정된 업체의 선정 절차와 계약서 본문을 요청합니다. 계약 사유서가 있는지, 다른 업체 견적과 비교한 자료가 있는지도 포함해서 알려주시기 바랍니다. 안전 시설 유지 보수가 적시에 이루어졌는지 궁금합니다.",공개,6
2025-05-29,여울시 단비구 재무회계과,FOI-2025-00654,누리버스 정류장 주변 도로 확장을 위한 입찰 참가 업체 자격기준 및 심사 결과표 청구 (654호),누리버스 정류장 주변 도로 확장 공사에 입찰 참가의 자격기준 설정 내역과 심사 결과표 제출을 요청합니다. 업체별 기술력 점수와 가격 점수 배분 비율이 어떻게 되었는지 구체적으로 확인 싶습니다. 세ум산업단지 입구 연계 도로라 지역 경제에도 영향을 미칠 것 같습니다.,부분공개,3
2023-01-06,해솔시 재무회계과,FOI-2023-00655,새봄역 환승구역 내 상가 관리 위탁 수의계약 업체 선정 배경 및 계약 조건 청구 (655호),"새봄역 환승구역 내 위치한 상가 건물의 관리 위탁 업무에 대한 수의계약 업체 선정 배경과 계약 조건을 요청합니다. 관리비가 계약 금액에 포함되는지, 위탁 범위에 시설 보수 비용이 포함되는지도 궁금합니다. 시설 관리 품질이 입찰 조건에 어떻게 반영되었는지 알고 싶습니다.",부분공개,5
2022-03-31,가람시 새빛구 일자리경제과,FOI-2022-00656,한들동 생활권 주민자치센터 시설 보수를 위한 소규모 수의계약 업체 선정 내역 청구 (656호),한들동 생활권 내 주민자치센터 시설 보수 공사에 대한 소규모 수의계약 업체 선정 내역을 요청합니다. 최근 1년 이내 보수 이력이 있다면 함께 알려주시기 바랍니다. 맞벌이 가구로서 돌봄 공백 시간에 시설 안전 문제가 걱정되기 때문에 내역이 투명하게 공개되기를 바랍니다.,공개,12
2024-05-06,세움시 맑은구 재무회계과,FOI-2024-00657,푸른마루 교차로 안전표지 설치 입찰 예정 가격 결정 방식 및 내역서 청구 (657호),"푸른마루 교차로 안전표지 설치 공사에 대한 입찰에서 예정가격을 산정한 방식과 내역서를 요청합니다. 시장에서 조회한 단가 자료를 근거로 산정했는지, 적격 심사를 거쳤는지 구체적으로 확인하고 싶습니다. 교통 안전과 관련된 사업이라 시민 참여가 필요하다고 생각합니다.",부분공개,14
2022-11-22,미래군 일자리경제과,FOI-2022-00658,맑은마을 커뮤니티센터 급식 위탁 수의계약 업체 자격요건 및 선정 평가 기준표 청구 (658호),"맑은마을 커뮤니티센터 아동 급식 위탁 업무에 대한 수의계약 업체 자격요건과 선정 평가 기준표를 요청합니다. 업체의 위생관리 체계, 식재료 조달 체계, 배치 인력 기준이 어떻게 설정되어 있는지 구체적으로 확인하고 싶습니다. 자녀의 식사 안전과 직결되는 문제라 각별히 신경 쓰입니다.",공개,20
2023-05-29,라온군 재무회계과,FOI-2023-00659,새빛시장 주변 불법점재 정리 행정 수의계약 업체 선정 내역 청구 (659호),"새빛시장 주변 불법점재 정리 사업을 수의계약으로 추진한 경우 업체 선정 내역과 사업 추진 범위를 요청합니다. 정리 사업을 어떤 업체에 위탁했으며, 해당 업체가 유사 사업을 얼마나 수행한 경험이 있는지 알고 싶습니다. 지역 상권 보호와 시민 편의를 동시에 고려했는지 확인하고 싶습니다.",부존재,1
2024-05-22,온빛시 재무회계과,FOI-2024-00660,가람공공청사 주변 가로등 에너지 절약 교체 수의계약 업체 선정 사유 및 계약 조건 청구 (660호),"가람공공청사 주변 가로등 에너지 절약 교체 사업을 수의계약으로 추진한 사유와 계약 조건을 요청합니다. 기존 에너지원 절감 효과가 어느 정도인지, 업체 보증 기간이 어떻게 설정되어 있는지 구체적으로 확인하고 싶습니다. 납세자 혈세 활용의 효율성을 검증하고자 합니다.",공개,20
2022-09-11,빛솔시 아람구 재무회계과,FOI-2022-00661,미르로 교차로 가로수 전지 수의계약 업체 선정 배경 및 계약서 요약 청구 (661호),"미르로 교차로 일대 가로수 전지 사업을 수의계약으로 추진한 배경과 계약서 요약본을 요청합니다. 전지 작업 시기, 계약 금액, 업체 선정 사유가 투명하게 공개되었는지 확인하고 싶습니다. 산책로 이용 시민의 안전과 미관 관리가 균형 있게 이루어졌는지 궁금합니다.",공개,2
2023-03-23,온빛시 일자리경제과,FOI-2023-00662,해솔문화광장 장애인 편의시설 설치 입찰 참가 업체 기술력 평가 배점 기준표 청구 (662호),"해솔문화광장 장애인 편의시설 설치 공사에 입찰 참가한 업체들의 기술력 평가 배점 기준표 제출을 요청합니다. 각 업체별 기술력 점수와 가격 점수 비율이 어떻게 설정되었는지, 장애인 관련 경험이 가점을 부여받았는지도 확인하고 싶습니다. 공공시설の 접근성 확보가 중요합니다.",공개,16
2023-03-02,가람시 열린구 재무회계과,FOI-2023-00663,온빛도서관 앞 무인 스마트 도서 반납기 도입 수의계약 업체 선정 사유 및 사양서 청구 (663호),"온빛도서관 앞 무인 스마트 도서 반납기 도입 사업의 수의계약 업체 선정 사유와 도입 장비 사양서를 요청합니다. 도서관 이용 패턴 분석 결과를 바탕으로 도입 규모가 결정되었는지, 계약 후 유지보수 조건은 어떻게 구성되어 있는지 구체적으로 확인하고 싶습니다. 예산이 효과적으로 배분되었는지 검증이 필요합니다.",공개,12
2023-09-30,미래군 재무회계과,FOI-2023-00664,라온체육센터 주변 체육시설 교체 수의계약 업체 선정 평가 기준 및 결과표 청구 (664호),라온체육센터 주변 노후 체육시설 교체 사업을 수의계약으로 추진한 경우 업체 선정 평가 기준표와 결과표를 요청합니다. 시설 교체 사업이 소규모 수의계약으로 처리된 근거와 안전 관련 시설물의 검사 인증 여부를 확인하고 싶습니다. 운동 이용객의 안전 확보가 최우선되어야 한다고 생각합니다.,공개,20
2022-05-07,너울시 물빛구 재무회계과,FOI-2022-00665,세움산업단지 입구 긴급보수 공사 입찰 예정 가격 대비 낙찰가 차이 분석 청구 (665호),"세움산업단지 입구 도로 긴급보수 공사에 대한 입찰 결과를 분석하기 위해 예정가격 대비 낙찰가 차이를 요청합니다. 입찰 참여 업체 수, 입찰가, 최고 입찰가가 각각 얼마였는지 구체적으로 알려주시기 바랍니다. 지역 건설업체의 참여 기회가 충분했는지 궁금합니다.",공개,3
2023-03-20,가람시 열린구 재무회계과,FOI-2023-00666,빛솔광장 일대 공원 시설물 정기 점검 수의계약 업체 자격요건 및 계약 기간 청구 (666호),"빛솔광장 일대 공원 시설물 정기 점검 업무에 대한 수의계약 업체 자격요건과 계약 기간을 요청합니다. 점검 주기가 얼마나 되었는지, 시설물 이상 발견 시 대응 체계가 계약서에 포함되어 있는지 확인하고 싶습니다. 시민이 안심하고 이용할 수 있는 공원 환경이 필수라고 생각합니다.",공개,8
2024-11-17,새봄시 한울구 일자리경제과,FOI-2024-00667,한울초 주변 통학로 가로등 수의계약 추진 사유 및 업체 선정 내역 청구 (667호),"한울초 주변 통학로 가로등 사업을 수의계약으로 추진한 사유와 업체 선정 내역을 요청합니다. 학교 측과 주민의 요청 사항이 계약 추진에 어떤 영향을 미쳤는지, 업체 선정 과정에서 현지 실사를 실시했는지 구체적으로 확인하고 싶습니다. 군 생활 경험에서 통학로 안전의 중요성을 뼈저리게 실감한 바 있습니다.",비공개,13
2022-06-11,여울시 단비구 일자리경제과,FOI-2022-00668,너울천 산책로 야간 보안 위촉 수의계약 업체 선정 평가 방법 및 계약 조건 청구 (668호),"너울천 산책로 야간 보안 위촉 업무에 대한 수의계약 업체 선정 평가 방법과 계약 조건을 요청합니다. 보안 인력 배치 시간대, 비상 대응 매뉴얼 보유 여부, 계약 후 업체 책임 범위가 어떻게 설정되어 있는지 확인하고 싶습니다. 시민 안전과 직결되는 사업이라 투명한 절차가 중요합니다.",부분공개,5
2024-07-20,여울시 단비구 일자리경제과,FOI-2024-00669,미래복합센터 인근 소규모 정비 수의계약 추진 근거 및 업체 선정 절차 청구 (669호),"미래복합센터 인근 소규모 정비 사업을 수의계약으로 추진한 근거와 업체 선정 절차를 요청합니다. 경쟁 입찰 대신 수의계약을 선택한 구체적 사유가 무엇인지, 업체 선정 시 어떠한 비교 절차를 거쳤는지 확인하고 싶습니다. 공공예산 사용의 효율성과 공정성을 검증하는 것이 목적입니다.",부분공개,18
2024-11-14,새봄시 한울구 일자리경제과,FOI-2024-00670,가온로 보행구간 교통표지판 교체 입찰 참가 업체 시공 실적 평가 기준표 청구 (670호),가온로 보행구간 교통표지판 교체 공사에 입찰 참가한 업체들의 시공 실적 평가 기준표 제출을 요청합니다. 유사 시설물 시공 경험이 평가에 반영되는 방식과 실무책임자 자격 기준이 어떻게 설정되었는지 구체적으로 확인하고 싶습니다. 품질 높은 시공이 이루어졌는지 일반 시민도 검증할 수 있어야 한다고 생각합니다.,공개,20
2025-07-15,라온군 일자리경제과,FOI-2025-00671,새빛시장 주변 공중화장실 청소 위탁 수의계약 업체 선정 사유 및 위생 관리 기준표 청구 (671호),"새빛시장 주변 공중화장실 청소 위탁 업무에 대한 수의계약 업체 선정 사유와 위생 관리 기준표를 요청합니다. 청소도, 소독 주기, 인력 배치 기준이 계약서에 어떻게 명시되어 있는지 확인하고 싶습니다. 시장 이용 시민의 위생 환경 확보가 중요합니다.",부분공개,1
2025-01-25,누리시 바른구 재무회계과,FOI-2025-00672,도담천 산책로 CCTV 입찰 예정가격 산정 기초자료 및 적격심사 결과표 청구 (672호),"도담천 산책로 CCTV 공사에 대한 입찰의 예정가격 산정 기초자료와 적격심사 결과표를 요청합니다. 시장에서 조회한 단가와 현장 실사를 바탕으로 산정했는지, 적격심사 시 품질 관련 인증이 부가 점수를 받았는지 확인하고 싶습니다. 시민 안전을 위한 시설이 적정한 가격으로 도입되었는지 검증이 필요합니다.",부분공개,8
2022-03-29,세움시 맑은구 재무회계과,FOI-2022-00673,누리버스 정류장 주변 생활권 도로 보수 수의계약 업체 선정 평가 기준표 청구 (673호),"누리버스 정류장 주변 생활권 도로 보수 사업의 수의계약 업체 선정 평가 기준표를 요청합니다. 업체 선정 시 어떤 기준으로 평가했는지, 현장관리 체계가 반영되었는지도 구체적으로 확인하고 싶습니다. 생활권 내 도로 안전과 직결되는 사업이라 투명한 선정 과정이 반드시 필요하다고 생각합니다.",공개,15
2024-07-12,미래군 재무회계과,FOI-2024-00674,샘물동 생활권 근린생활시설 급탕 공급 위탁 수의계약 업체 자격요건 및 계약 조건 청구 (674호),"샘물동 생활권 근린생활시설 급탕 공급 위탁 업무에 대한 수의계약 업체 자격요건과 계약 조건을 요청합니다. 자격요건에 설치 시공 능력 평가가 포함되어 있는지, 계약 후 고장 대응시간 기준이 계약서에 명시되어 있는지 확인하고 싶습니다. 복지시설 이용 시민의 편의와 직결되는 문제라 각별히 신경 쓰입니다.",부분공개,8
2025-01-08,미래군 재무회계과,FOI-2025-00675,가람공공청사 주변 소규모 경비 위촉 수의계약 업체 선정 사유 및 배치 계획표 청구 (675호),"가람공공청사 주변 소규모 경비 위촉 업무에 대한 수의계약 업체 선정 사유와 배치 계획표를 요청합니다. 경비원 배치 시간대, 순찰 경로, 비상 상황 대응 매뉴얼이 계약서에 포함되어 있는지 확인하고 싶습니다. 공공시설 보안과 시민 안전이 직결되므로 업체 선정 과정의 투명성이 중요합니다.",부분공개,5
2022-02-08,미래군 행정지원과,FOI-2022-00676,공무원 신규채용 신체검사 합격 기준 및 판정 방법 (676호),"최근 구직 활동을 하고 있는 사람으로서 지자체 공무원 채용 신체검사의 합격 기준, 판정 방법, 항목별 배점 등 세부 기준을 알고 싶습니다. 특히 나이가 든 지원자의 경우 신체검사 기준이 더 엄격한지, 어떤 질환이 불합격 사유에 해당하는지 구체적으로 알려주시기 바랍니다.",부분공개,14
2023-02-23,세움시 맑은구 행정지원과,FOI-2023-00677,경력직 채용 시 경력 사항 확인 절차와 평가 기준 (677호),"정보통신 분야 경력직으로 구직 중인데, 채용 시 경력 사항 확인이 어떤 절차로 이루어지는지 궁금합니다. 경력 증명서 외에 별도의 확인 방법이 있는지, 경력이 점수에 반영된다면 구체적인 환산 방식은どのようになっている지도 포함하여 알려주십시오.",공개,6
2024-02-23,해솔시 기획감사과,FOI-2024-00678,경력직 채용 신체검사의 경력직 특례 적용 여부 (678호),스포츠 현장에서 경력을 쌓아온 사람으로서 경력직으로 지원할 경우 신체검사 기준이 신규와 다른지 알고 싶습니다. 운동선수 출신 등 특수 경력이 있는 경우 신체검사 항목이 감면되거나 완화되는 규정이 있는지 확인 요청합니다.,공개,4
2022-01-14,온빛시 행정지원과,FOI-2022-00679,임상병리사 경력직 채용 시 응시 자격 기준과 증명 방법 (679호),"임상병리사로 재직하다 현재 구직 중인 사람으로서 공무원의 경력직 시험에 지원하려면 자격 조건을 갖추어야 하는지 확인하고 싶습니다. 의료기사자격증 소지 여부, 실무 경험 인정 기간, 필요 서류 목록 등을 구체적으로 알려주시기 바랍니다.",부분공개,9
2025-11-09,누리시 바른구 기획감사과,FOI-2025-00680,채용 신체검사 시 개인정보 수집 범위와 이용 목적 (680호),"화학물 조작 직종에서 전환을 준비 중인 사람으로서 채용 신체검사에서 어떤 개인정보를 수집하고, 이를 어디까지 활용하는지 투명하게 알려주시기 바랍니다. 검사 결과가 채용 합격 여부 외에 다른 용도로 사용되는지도 포함하여 회신하여 주십시오.",공개,8
2025-11-26,가람시 열린구 행정지원과,FOI-2025-00681,공무원 채용 필기시험 출제 범위와 과목별 배점 비율 (681호),"정보통신 관리직 경력직으로 구직 중인 사람으로서 이번 채용 공고의 필기시험 과목과 배점 비율이 어떻게 되는지 알고 싶습니다. 경력직 시험의 경우 출제 범위가 일반직과 다른지, 공개된 기출문제의 활용 가능 여부도 함께 알려주십시오.",부존재,10
2023-06-01,해솔시 행정지원과,FOI-2023-00682,신입공무원 직무역량 평가 방법과 배점 기준 (682호),"경력이 단절된 상태에서 공직 지원을 준비하고 있는데, 신규 임용자의 직무역량 평가가 어떤 방식으로 진행되는지 궁금합니다. 필기, 면접, 체력검사 등 각 단계의 배점 비율과 채점 방식이 구체적으로 어떠한지 알려주시기 바랍니다.",부분공개,11
2022-02-20,도담군 행정지원과,FOI-2022-00683,공무원 채용 시 연령 상한 기준과 예외 인정 기준 (683호),"나이가 든 지원자도 공직에 도전할 수 있는지 알고 싶어 정보를 청구합니다. 채용 공고에 설정된 연령 상한은 어떤 근거로 결정되며, 경력직의 경우 연령 제한이 완화되는 예외 규정이 있는지 구체적으로 알려주시기 바랍니다.",비공개,5
2025-02-02,도담군 행정지원과,FOI-2025-00684,경력직 채용 면접심사 기준과 평가 항목 (684호),"스포츠 감독 경력직으로 공직 지원 시 면접심사에서 어떤 항목이 평가되는지 알고 싶습니다. 전문경력, 지도 실적, 인성 등 각 항목의 중요도와 배점이 어떻게 되는지, 면접관 구성 인원까지 포함하여 알려주십시오.",공개,6
2024-07-27,세움시 맑은구 기획감사과,FOI-2024-00685,채용 신체검사 유죄 판결 경력과 건강검진 결과 연관성 (685호),"이전 직장에서의 경력을 정리하고 전환을 준비 중인 사람으로서 신체검사에서 전직장 건강검진 결과를 확인할 수 있는지 궁금합니다. 특히 식품 관련 직종에서 근무했던 경력이 신체검사에 영향을 미치는지, 다른 직종의 건강검진 결과는 활용되는지 알려주세요.",부분공개,3
2023-10-21,새봄시 한울구 행정지원과,FOI-2023-00686,경력직 공무원의 배치 기준과 부서 결정 절차 (686호),"공무원으로 임용될 경우 본인의 경력이 어떠한 부서에 배치되는데 활용되는지 알고 싶습니다. 경력직의 배치 기준은 어떻게 설정되며, 본인의 희망 부서를 반영할 수 있는지 여 절차도 포함하여 알려주십시오.",부분공개,14
2025-09-13,누리시 바른구 행정지원과,FOI-2025-00687,공무원 경력직 채용 시험 출제 경향과 대비 방법 (687호),"정보통신 분야 경력직 공채 준비생으로서 최근 출제 경향이 어떻게 변화하고 있는지 알고 싶습니다. 기출문제 출처, 예상 출제 범위, 준비 추천 참고자료 등이 있다면 함께 알려주시기 바랍니다.",비공개,7
2023-01-31,미래군 행정지원과,FOI-2023-00688,경력직 채용 신체검사 결과 활용 기준과 불합격 통지 기준 (688호),"나이가 든 경력직 지원자도 신체검사를 동일한 기준으로 합격하도록 판단하는지 확인하고 싶습니다. 신체검사 결과와 채용 적합성 판단 기준이 어떻게 연결되며, 불합격 시 이의 신청 절차는 어떠한지도 알려주시기 바랍니다.",부분공개,14
2023-05-11,빛솔시 아람구 기획감사과,FOI-2023-00689,신규 임용자 직무적성검사 방법과 평가 기준 (689호),"첫 직장 준비 중인 사람으로서 신규 임용자 대상 직무적성검사가 무엇을 평가하는지 알고 싶습니다. 검사 항목, 시간, 평가 방법 등 구체적인 진행 방식과 적성검사의 면접 반영 비율을 포함하여 알려주십시오.",공개,12
2024-02-29,새봄시 한울구 기획감사과,FOI-2024-00690,경력직 공무원의 복직 절차와 경력 연속성 인정 기준 (690호),"다른 분야에서 경력을 쌓은 사람이 공직으로 전환 시 경력이 어떻게 인정되는지 알고 싶습니다. 경력의 연속성 기준, 경력과 직무 적합성 판단 방법, 경력 인정 후 호봉 부여 방식 등도 포함하여 알려주시기 바랍니다.",비공개,7
2022-06-06,세움시 맑은구 기획감사과,FOI-2022-00691,채용 신체검사 건강보험 관련 정보 활용 범위 (691호),"현재 무직 상태로서 건강보험이 없는 사람도 채용 신체검사를 동일한 조건으로 받을 수 있는지 궁금합니다. 건강보험 가입 여부에 따른 신체검사 항목 차이, 비급여 항목 처리 방식 등 신체검사와 건강보험의 연관성을 구체적으로 알려주시기 바랍니다.",공개,11
2022-02-12,해솔시 기획감사과,FOI-2022-00692,채용 후배치 부서 결정 기준과 인사 시기 (692호),"공무원으로 최종 합격할 경우 어떤 기준으로 부서가 결정되는지 알고 싶습니다. 특히 경력직의 경우 전문성을 활용하는 부서에 배치되는지, 배치 후 인사이 언제부터 가능한지, 배치 과정에서 본인의 희망이 어느 정도 반영되는지도 포함하여 알려주십시오.",비공개,2
2024-12-21,가람시 열린구 행정지원과,FOI-2024-00693,공무원 경력직 시험 응시 자격 제한 해제 조건 (693호),"나이가 들어 경력직 시험 응시 자격이 제한될 수 있다는 이야기를 들었습니다. 현재 제한 사유에 해제 조건이 있는지, 어떤 절차를 거쳐 자격 제한을 해제받을 수 있는지 구체적으로 알려주시기 바랍니다.",공개,11
2022-08-29,해솔시 행정지원과,FOI-2022-00694,채용 신체검사판정 결과 절차와 필요 서류 (694호),"채용 신체검사에서 불합격 판정을 받은 경우할 수 있는지 알고 싶습니다. 신청 기간, 절차, 필요한 서류, 신체검사 재진행 가능 여부와 비용 부담 주체까지 포함하여 알려주시기 바랍니다.",부분공개,10
2022-12-09,온빛시 기획감사과,FOI-2022-00695,채용 전형 단계별 탈락 인원 비율과 경쟁률 현황 (695호),"최근 몇 년간 경력직 채용 전형에서 각 단계별 얼마나 많은 지원자가 탈락했는지 알고 싶습니다. 필기, 면접, 신체검사 등 단계별 탈락 비율과 최종 경쟁률 통계가 있다면 함께 공개하여 주십시오.",공개,8
2023-07-13,온빛시 행정지원과,FOI-2023-00696,신규 임용자 직무교육 프로그램 내용과 이수 기준 (696호),"공직에 새로 임용되면 어떤 직무교육을 받게 되는지 알고 싶습니다. 교육 과정의 종류와 내용, 필수 이수 시간, 교육 평가 방식과 이수 기준, 교육 중 불합격 시 처우 등도 포함하여 알려주십시오.",부분공개,15
2022-09-29,누리시 바른구 기획감사과,FOI-2022-00697,공무원 경력직 시험 과거 지원 이력과 경위 조회 (697호),"과거에 같은 기관의 경력직 시험에 지원했다가 불합격한 적이 있는데, 그때 기록을 조회할 수 있는지 궁금합니다. 지원 이력, 필기 성적, 불합격 사유 등 자신의 시험 기록 열람이 가능한지 절차와 범위를 알려주시기 바랍니다.",부분공개,1
2022-10-20,누리시 바른구 행정지원과,FOI-2022-00698,경력직 채용 신체검사와 범죄경력 조회 결과 연계 기준 (698호),"채용 신체검사 전 범죄경력 조회 결과가 신체검사와 어떻게 연계되는지 궁금합니다. 범죄경력이 있는 경우 신체검사에서 불이익을 받는지,경력 조회 결과가 채용 최종 합격에 영향을 미치는 기준이 어떠한지 구체적으로 알려주시기 바랍니다.",부분공개,17
2024-09-02,누리시 바른구 기획감사과,FOI-2024-00699,공무원 경력직 시험 최종합격자 발표 방식과 성적 열람 (699호),"경력직 시험 최종합격자 발표가 어떤 방식으로 이루어지는지 알고 싶습니다. 본인 성적 열람 가능 여부와 시점, 종합석차 공개 여부, 그리고 최종합격자 발표 후 불합격자دي이 전화 문의 가능 여부와 상담 시간을 알려주시기 바랍니다.",비공개,13
2024-08-31,예담시 늘품구 기획감사과,FOI-2024-00700,경력직 채용 신체검사 시 과거 병력 신고 의무 여부 (700호),"채용 신체검사 시 과거 병력을 반드시 신고해야 하는지, 그리고 신고한 병력이 채용 판단에 영향을 미치는 기준이 무엇인지 알고 싶습니다. 과거 입원 이력, 수술 경력, 복용 중인 약물 등도 신고 대상인지 구체적으로 알려주십시오.",공개,14
2023-09-10,가람시 새빛구 안전총괄과,FOI-2023-00701,샘물동 생활권 놀이터 시설 정기점검 결과 청구 (701호),"혼자 거주하며 근처 놀이터를 자주 이용하는데, 최근 시설 낙하 사고 관련 뉴스를 보고 불안합니다. 해당 놀이터의 최근 3년간 정기시설안전점검 결과와 이상 결과를 알고 싶습니다.",공개,10
2024-09-28,도담군 안전총괄과,FOI-2024-00702,푸른마루 교차로 가로등 안전점검 기록 청구 (702호),전직 삽화가로 시각적 환경에 관심이 많아 밤길 안전이 걱정됩니다. 푸른마루 교차로 일대 가로등의 최근 2년간 안전점검 및 고장 접수 처리 기록을 요청합니다.,공개,20
2022-02-26,빛솔시 아람구 안전총괄과,FOI-2022-00703,새빛시장 주변 보행로 안전시설 점검결과 청구 (703호),"재택근무 중이라 낮에 시장 주변을 산책하는데, 최근 보행로 단면이 울퉁불퉁해져서 넘어질까 걱정됩니다. 해당 구간의 안전시설 점검 및 보수 이력을 알려주세요.",부분공개,11
2024-06-13,누리시 바른구 건축허가과,FOI-2024-00704,가온로 보행구간 휠체어 경사로 안전점검 결과 청구 (704호),"앞으로 부모님이 모시게 되는데, 이웃동leben에서 휠체어 경사로 안전이 걱정된다고 합니다. 가온로 보행구간 경사로의 안전점검 결과를 최근 3년간 분기별로 알려주세요.",공개,6
2022-05-08,누리시 바른구 안전총괄과,FOI-2022-00705,미래복합센터 어린이놀이시설 정기안전검사 결과 청구 (705호),"의 나들이를 자주 데려다주는데, 놀이시설 상태가 걱정됩니다. 미래복합센터 실내외 어린이놀이시설의 최근 2년간 정기안전검사 결과 통보서를 요청합니다.",부존재,7
2022-07-09,세움시 맑은구 건축허가과,FOI-2022-00706,도담천 산책로 포장도로 안전점검 결과 청구 (706호),전직 건축기술자로서 산책로 포장 상태가 시공 품질 기준에 맞는지 직접 확인하고 싶습니다. 도담천 산책로 전 구간의 최근 3년간 포장도로 안전점검 및 보수 이력을 요청합니다.,부분공개,1
2024-06-22,가람시 새빛구 건축허가과,FOI-2024-00707,세움산업단지 입구 가드레일 안전점검 기록 청구 (707호),산업단지를 출퇴근할 때마다 가드레일 상태가 걱정됩니다. 세움산업단지 입구 및 주요 회전부 가드레일의 설치이후 안전점검 결과와 교체 이력을 알려주세요.,공개,9
2024-02-09,라온군 안전총괄과,FOI-2024-00708,한울초 주변 통학로 가로수 안전점검 결과 청구 (708호),"배우자와 자녀가 다니는데, 가로수가 storm 피해로될까 걱정됩니다. 한울초 주변 통학로 가로수의 최근 2년간 안전점검 결과와 전복 위험목 제거 이력을 요청합니다.",비공개,18
2022-04-18,온빛시 건축허가과,FOI-2022-00709,맑은마을 커뮤니티센터 피난 계단 안전점검 결과 청구 (709호),건축기술자였던 경험상 공공시설 피난 계단 안전이 중요하다고 생각합니다. 맑은마을 커뮤니티센터 전체 피난 계단의 최근 3년간 정기안전점검 결과를 알려주세요.,부존재,18
2024-09-08,새봄시 한울구 건축허가과,FOI-2024-00710,새봄역 환승구역 지하주차장 환기설비 점검 결과 청구 (710호),"자가용 없이 지하철을 이용하는데, 지하주차장 환기상태가 차량 출입시 엔진 gas 관련됩니다. 새봄역 환승구역 지하주차장 환기설비의 최근 2년간 안전점검 결과를 요청합니다.",비공개,4
2022-09-12,온빛시 안전총괄과,FOI-2022-00711,가람공공청사 전기로 설비 안전점검 결과 청구 (711호),"연구원에서 전기로 설비 safety 관련 자료를 분석할 기회가 있었는데, 실제 점검 자료를 보고 싶습니다. 가람공공청사 전기로 설비의 최근 3년간 정기안전점검 결과를 요청합니다.",공개,11
2023-10-18,여울시 단비구 건축허가과,FOI-2023-00712,라온체육센터 운동기구 안전점검 결과 청구 (712호),"건강을 위해 주말마다 체육센터를 이용하는데, 운동기구 상태가 걱정됩니다. 라온체육센터 옥외 운동기구의 최근 2년간 안전점검 및 고장 보수 이력을 알려주세요.",공개,2
2025-12-18,도담군 안전총괄과,FOI-2025-00713,너울천 산책로 교량 안전점검 결과 청구 (713호),부모님과 함께 산책할 때 교량 안전이 특히 걱정됩니다. 너울천 산책로 내 모든 교량의 최근 3년간 안전점검 결과를 구조물 종류별로 분류해서 알려주세요.,부분공개,12
2024-12-14,라온군 안전총괄과,FOI-2024-00714,온빛도서관 앞 비상구 설치 안전점검 결과 청구 (714호),"책을 읽으러 자주 가는데, 긴급시 비상구 사용이 걱정됩니다. 온빛도서관 전관 비상구의 최근 2년간 안전점검 결과와 피난 유도 설치 현황을 요청합니다.",공개,12
2022-04-30,도담군 안전총괄과,FOI-2022-00715,해솔문화광장 분수대 전기시설 안전점검 기록 청구 (715호),"야외 공연을 자주 감상하는데, 분수대 전기시설이 위험하지 않을지 궁금합니다. 해솔문화광장 분수대 관련 전기시설의 최근 3년간 안전점검 결과를 요청합니다.",비공개,10
2023-07-04,온빛시 안전총괄과,FOI-2023-00716,누리버스 정류장 승강장 안전시설 점검 결과 청구 (716호),"인발기 조작원으로 매일 현장 출퇴근하는데, 승강장 상태가 장비 조작 시 불안합니다. 누리버스 정류장 승강장 안전시설의 최근 2년간 점검 결과를 알려주세요.",공개,17
2023-07-22,가람시 새빛구 안전총괄과,FOI-2023-00717,단독주택가 지역 상수전 배관 안전점검 결과 청구 (717호),"우리 집 단독주택이 해당 지역에 있는데,된 배관의 물이 걱정됩니다. 우리 단독주택 집중 지역 상수전 배관의 최근 5년간 안전점검 및 수질 검사 결과를 요청합니다.",공개,5
2025-09-20,여울시 단비구 건축허가과,FOI-2025-00718,한들동 생활권 공공화장실 위생시설 안전점검 결과 청구 (718호),배우자와 함께 생활하면서이 걱정됩니다. 한들동 생활권 내 모든 공공화장실의 최근 2년간 위생시설 안전점검 결과를 요청합니다.,부분공개,8
2023-11-27,누리시 바른구 건축허가과,FOI-2023-00719,미르로 교차로 신호제어반 안전점검 기록 청구 (719호),기계장치 조작 경험을 바탕으로 신호제어반 상태가 궁금합니다. 미르로 교차로 신호제어반의 최근 3년간 안전점검 결과와 교체 이력을 알려주세요.,부분공개,17
2025-02-28,가람시 열린구 안전총괄과,FOI-2025-00720,연립주택가Découvrez 공동 출입구 조명시설 안전점검 결과 청구 (720호),우리 연립주택 공동 출입구 조명이 자주 고장나서 밤에 위험합니다. 해당 연립주택 단지 전체 공동 출입구 조명시설의 최근 2년간 안전점검 및 보수 이력을 요청합니다.,공개,14
2025-08-12,가람시 열린구 안전총괄과,FOI-2025-00721,빛솔광장 일대 놀이터 고무마루 안전점검 결과 청구 (721호),"손주들을 돌보는 다른 세대와 함께하는데, 놀이터 바닥재 안전이 걱정됩니다. 빛솔광장 일대 모든 놀이터 고무마루의 최근 2년간 안전점검 결과를 알려주세요.",부분공개,4
2023-01-23,온빛시 건축허가과,FOI-2023-00722,열린마을 공원 벤치 고정상태 안전점검 결과 청구 (722호),보험 설계사 경력으로 공공시설 사고 책임 소재에 관심이 많습니다. 열린마을 공원 내 모든 벤치의 최근 3년간 고정상태 안전점검 결과와 보수 이력을 요청합니다.,공개,12
2025-12-08,해솔시 건축허가과,FOI-2025-00723,연립주택 단지 주차장 설비 안전점검 결과 청구 (723호),노후화된 우리 연립주택 단지 주차장 조명이 어두워서uwuがあります. 해당 단지 주차장 조명설비의 최근 2년간 안전점검 결과를 요청합니다.,부분공개,20
2022-09-10,미래군 안전총괄과,FOI-2022-00724,가온로 보행구간 점자블록 설치 안전점검 결과 청구 (724호),"주변에 시각장애인이 많이 다니는데, 점자블록 상태가 잘 갖추어져 있는지 궁금합니다. 가온로 보행구간 전체 점자블록의 최근 2년간 안전점검 결과를 알려주세요.",공개,16
2024-12-30,세움시 맑은구 건축허가과,FOI-2024-00725,미래복합센터 엘리베이터 정기안전검사 결과 청구 (725호),보험 설계사로서 엘리베이터 사고 시 배상책임 문제에 관심이 많습니다. 미래복합센터 전체 엘리베이터의 최근 3년간 정기안전검사 결과와 이상 발견 사항을 요청합니다.,공개,12
2024-06-21,세움시 맑은구 환경위생과,FOI-2024-00726,샘물동 생활권 식당 현장 점검 결과 및 특이사항 요청 (726호),최근 샘물동 생활권 내 식당 현장 점검 결과에 대해 특이사항 및 개선요구 내용을 알고 싶습니다. 점검 일시·장소·점검관 성명을 포함한 점검 보고서를 제공해 주시기 바랍니다. 구직중이라 해당업종 취업 준비에 참고할 필요가 있습니다.,부분공개,18
2025-01-24,도담군 보건행정과,FOI-2025-00727,푸른마루 교차로 주변 식당 영업정지 처분 근거자료 청구 (727호),"푸른마루 교차로 인근 한 식당이 영업정지 처분을 받은 사안의 근거자료를 요청합니다. 처분 전 사전 경고 여부, 위반 구체적 내용, 법령 근거를 반드시 포함해 주십시오. 해당 처분이 지나친행정인지 판단할 필요 때문입니다.",공개,1
2025-04-26,도담군 환경위생과,FOI-2025-00728,열린마을 공원 내 포장마차 식품위생 점검 일시 및 결과 공개 (728호),"열린마을 공원 주변 포장마차에 대한 식품위생 점검 일시와 결과를 알려주세요. 점검 당시 식품보관 상태, 조리위생, 종업원 건강진단 여부 등을 구체적으로 기재해 주십시오. 아이와 함께 이용하는 공간이라 안전이 걱정됩니다.",공개,4
2023-01-08,누리시 바른구 환경위생과,FOI-2023-00729,새빛시장 주변 식중독 사고 현장 검증 기록 청구 (729호),"새빛시장 주변 식당에서 식중독 의심 환자가 발생한 후 현장 검증이 있었는지, 검증 일시·장소·검체 종류·검사 기관을 포함해 주십시오. 사고 후 해당 식당의 위생 개선 조치 여부도 함께 알려주세요.",공개,1
2025-07-21,예담시 늘품구 보건행정과,FOI-2025-00730,도담천 산책로 카페 위생 점검 위반사항 및 시정명령 내용 (730호),"도담천 산책로 옆 카페가 위생 점검에서 위반사항으로 시정명령을 받은 내역을 요청합니다. 위반 구체적 항목, 시정 기한, 위반 시 과태료 금액을 포함해 주십시오. 해당 업종의 영업 기준을 파악하고 싶습니다.",공개,1
2023-04-24,여울시 단비구 보건행정과,FOI-2023-00731,한울초 주변 통학로 간편식매장 점검결과 및 안전등급 요청 (731호),"한울초 주변 통학로에 위치한 간편식매장에 대한 식품위생 점검 결과를 제공해 주십시오. 위생안전등급, 위반사항, 개선여부 등을 구체적으로 기재바랍니다. 아이들 안전을 위해 해당 매장 이용 여부를 결정할 필요가 있습니다.",부분공개,6
2022-04-25,해솔시 환경위생과,FOI-2022-00732,미래복합센터 인근 대규모 식당 점검계획 및 실적 공개 (732호),"미래복합센터 인근 소재 대규모 식당에 대한 식품위생 점검계획과 직전 2년간의 점검 실적을 알려주세요. 점검 횟수, 주요 점검 항목, 위반사항 발생 빈도 등을 포함해 주십시오. 대형유통업체 식당 관리 실태를 확인하고 싶습니다.",부존재,8
2025-05-11,미래군 보건행정과,FOI-2025-00733,누리버스 정류장 주변 분식점 행정처분 내역 및 경과 (733호),"누리버스 정류장 근처 분식점에 대한 행정처분 내역을 요청합니다. 처분 종류, 기간, 위반 사유, 처분 경과 정보를 포함해 주십시오. 행정처분 이력이 있는 영업자의 재창업 제한 여부도 확인이 필요합니다.",부분공개,1
2022-11-23,세움시 맑은구 환경위생과,FOI-2022-00734,해솔문화광장 야외음식점 위생 점검 시항 및 현장 사진 공개 (734호),"해솔문화광장 야외음식전에 대한 식품위생 점검 시항과 현장 사진을 공개해 주십시오. 점검 일시, 점검관 소속, 현장 위생, 개선요구 사항을 반드시 포함해 주십시오. 투명한 점검 결과 공개가 필요합니다.",부분공개,5
2022-07-04,가람시 열린구 환경위생과,FOI-2022-00735,온빛도서관 앞 건강기능식품 판매장 점검결과 및 행정처분 (735호),"온빛도서관 앞 건강기능식품 판매장에 대한 식품위생 점검 결과를 요청합니다. 점검 결괏값, 행정처분 내용, 위반사항 및 개선 여부를 포함해 주십시오. 고령 부모님 건강을 위해 해당 제품의 안전성을 확인하고 싶습니다.",부분공개,14
2025-06-26,너울시 물빛구 환경위생과,FOI-2025-00736,라온체육센터 주변 집단급식소 점검일정 및 위생관리 현황 (736호),"라온체육센터 주변 소재 집단급식소에 대한 식품위생 점검일정과 위생관리 현황을 알려주세요. 직전 1년간 점검 횟수, 위생등급, 위반사항 발생 여부 등을 포함해 주십시오. 이용객 건강권 보장을 위해 확인이 필요합니다.",부존재,3
2025-08-29,미래군 환경위생과,FOI-2025-00737,세움산업단지 입구 공장식당 위생점검 위반사항 및 개선요구 (737호),"세움산업단지 입구 공장식당에 대한 식품위생 점검 결과를 요청합니다. 위반사항, 시정요구 내용, 시정 기한 및 이행 여부를 반드시 포함해 주십시오. 근로자 식사 안전을 위한 필수적인 정보입니다.",부분공개,14
2022-03-22,도담군 환경위생과,FOI-2022-00738,맑은마을 커뮤니티센터 주변 제과점 행정처분 경과 및 해소계획 (738호),"맑은마을 커뮤니티센터 앞 제과점에 대한 행정처분의 경과와 해소계획을 요청합니다. 처분 기간, 위반 사유, 해소 조건 및 현재 영업 여부를 포함해 주십시오. 행정처분 취하 여부도 확인이 필요합니다.",부분공개,2
2022-05-19,온빛시 보건행정과,FOI-2022-00739,새봄역 환승구역 위생등급지급 식당 현황 및 평가기준 (739호),"새봄역 환승구역 내 위생등급지급 식당 현황을 알려주세요. 등급 취득 현황, 평가기준, 평가 시 주요 체크리스트를 포함해 주십시오. 등급제도가 실제 위생 개선에 기여하는지 분석할 필요가 있습니다.",부분공개,14
2024-03-25,가람시 새빛구 보건행정과,FOI-2024-00740,가람공공청사 주변 식당 위생 점검예정일정 및 점검관 정보 (740호),"가람공공청사 주변 식당에 대한 식품위생 점검예정일정을 알려주세요. 점검관 소속 부서, 점검 항목, 점검 기준을 포함해 주십시오. 점검의 투명성과 객관성을 확인하여 권익을 보호받고 싶습니다.",공개,4
2023-08-31,라온군 보건행정과,FOI-2023-00741,한들동 생활권 학교급식 위탁업체 점검결과 및 위생등급 (741호),"한들동 생활권 학교 급식 위탁업체에 대한 식품위생 점검결과와 위생등급을 요청합니다. 점검 항목, 결괏값, 위생등급 부여 현황을 포함해 주십시오. 자녀의 학교 급식 안전을 확인하기 위한 필수 정보입니다.",공개,7
2022-11-30,도담군 환경위생과,FOI-2022-00742,미르로 교차로 주변 음식점 위생단속 경력 및 행정처분 이력 (742호),"미르로 교차로 주변 음식점에 대한 식품위생 단속 경력과 행정처분 이력을 요청합니다. 직전 3년간 단속 횟수, 위반사항, 처분 내용을 포함해 주십시오. 반복 위반 업소에 대한 제도적 제재 여부를 확인하고 싶습니다.",부분공개,17
2022-06-23,온빛시 보건행정과,FOI-2022-00743,너울천 산책로 카페 식중독 사고 관련 현장 검증 기록 (743호),"너울천 산책로 카페에서 식중독 의심 사고가 발생한 후 현장 검증이 있었는지 확인하고, 검증 일시·장소·검체 종류·결과를 알려주세요. 사고 후 카페 영업 재개 여부도 포함해 주십시오.",부존재,10
2023-05-28,예담시 늘품구 보건행정과,FOI-2023-00744,빛솔광장 일대 식품접객업소 위생점검 투명성 강화 방안 (744호),"빛솔광장 일대 식품접객업소에 대한 식품위생 점검 투명성 강화 방안을 요청합니다. 점검 결과 공개 절차, 특이사항 기록 기준, 주민 참여 점검제도 도입 여부를 포함해 주십시오. 시민 감시 활동을 준비하고 있습니다.",공개,5
2022-06-21,해솔시 환경위생과,FOI-2022-00745,샘물동 생활권 내 건강기능식품 특별단속 계획 및 실적 (745호),"샘물동 생활권 내 건강기능식품 판매업소에 대한 특별단속 계획과 실적을 알려주세요. 단속 대상 업소 수, 단속 기간, 적발 건수 및 주요 위반사항을 포함해 주십시오. 고령 소비자를 위한 안전 확보 방안이 필요합니다.",부분공개,9
2025-06-20,해솔시 보건행정과,FOI-2025-00746,푸른마루 교차로 주변 식당 위생등급제 평가결과 및 평가기관 (746호),"푸른마루 교차로 주변 식당에 대한 위생등급제 평가결과를 요청합니다. 평가 기관, 평가 일시, 평가항목별 점수, 최종 등급을 포함해 주십시오. 등급 산정 기준의 객관성을 검증할 필요가 있습니다.",부분공개,13
2023-09-11,빛솔시 아람구 보건행정과,FOI-2023-00747,열린마을 공원 주변 야외음식점 위생관리 실태 및 개선계획 (747호),"열린마을 공원 주변 야외음식점에 대한 위생관리 실태와 개선계획을 알려주세요. 현장 점검 결과, 위생관리 미흡사항, 향후 관리 방안을 포함해 주십시오. 가족 단위 방문객의 안전을 위한 정보가 필요합니다.",공개,12
2024-07-12,온빛시 환경위생과,FOI-2024-00748,새빛시장 주변 유통식품 표시사항 점검결과 및 적발 현황 (748호),"새빛시장 주변 유통식품 판매점에 대한 표시사항 점검결과를 요청합니다. 점검 대상 품목, 적발 위반사항, 행정처분 내용을 포함해 주십시오. 식품표시 기준 위반에 대한 Consumer 안전 확보가 목적입니다.",부분공개,17
2023-06-05,미래군 보건행정과,FOI-2023-00749,도담천 산책로 주변 제과제빵업 위생점검 위반사항 및 행정처분 (749호),"도담천 산책로 주변 제과제빵업소에 대한 식품위생 점검 위반사항과 행정처분 내역을 요청합니다. 위반 항목, 시정요구 내용, 처분 종류 및 기간을 포함해 주십시오. 행정처분의 적정성을 판단할 근거가 필요합니다.",비공개,11
2023-08-30,빛솔시 아람구 환경위생과,FOI-2023-00750,가온로 보행구간 주변 식품접객업소 위생점검 결과 및 안전등급 (750호),"가온로 보행구간 주변 식품접객업소에 대한 식품위생 점검 결과와 안전등급을 알려주세요. 점검 결괏값, 위생안전등급, 주요 위반사항 및 개선여부를 포함해 주십시오. 도보 이동 시 이용하는 공간이라 위생 현황 파악이 필요합니다.",부분공개,11
2024-10-03,라온군 공원녹지과,FOI-2024-00751,열린마을 공원 야간 조명 설비 교체 공사 현황 (751호),샘물동 생활권 내에 위치한 열린마을 공원에서 야간 조명 설비 교체가 최근 이루어졌는지 확인 요청합니다. 교체 공사의 일정과 사용된 조명 기기의 규격 및 밝기 수치를 알려주시기 바랍니다.,부분공개,12
2022-11-10,여울시 단비구 문화체육과,FOI-2022-00752,도담천 산책로 휠체어 이용 가능 구간 조사 (752호),"도담천 산책로 전 구간에 대해 휠체어 이용 가능 여부를 확인하고자 합니다. 경사도 기준 적용 현황, 개선이 필요한 구간 목록, 향후 개선 계획이 있는지 알려주시기 바랍니다.",비공개,14
2022-06-03,라온군 문화체육과,FOI-2022-00753,가온로 보행구간 가로수 전정 작업 시행 계획 (753호),가온로 보행구간 가로수 전정 작업 시행 계획과 시행 주기를 파악하고자 합니다. 전정 작업 시 현장 교통 통제 방안 및 인근 주민 통보 절차를 알려주시기 바랍니다.,부분공개,6
2023-11-26,온빛시 문화체육과,FOI-2023-00754,한울초 주변 통학로 화단 식재 변경 이력 (754호),"한울초 주변 통학로에 설치된 화단의 식재 변경 이력을 확인 요청합니다. 기존 식물 제거 사유, 신규 식재 계획, 유치원 방향 통학 안전 확보 방안 포함하여 알려주시기 바랍니다.",공개,15
2023-02-02,온빛시 공원녹지과,FOI-2023-00755,누리버스 정류장 인접 공원 벤치 현황 (755호),"누리버스 정류장 주변 공원에 이용객 편의시설로 벤치가되었는지 확인 요청합니다. 위치,, 관리 주체를 알려주시기 바랍니다.",부분공개,11
2024-07-22,세움시 맑은구 문화체육과,FOI-2024-00756,미래복합센터 인근 공원 내대 관련 기준 (756호),"미래복합센터 인근 공원 내대 관련 설계 기준과 설치 현황을 파악하고자 합니다. 설치 가능 조건, 심의 절차, 현재 운영 여부를 알려주시기 바랍니다.",부분공개,3
2024-05-13,너울시 물빛구 공원녹지과,FOI-2024-00757,새빛시장 주변 공원 쓰레기통 배치 현황 및 수거 체계 (757호),새빛시장 주변 공원의 쓰레기통 배치 현황과 수거 체계 일정을 확인 요청합니다. 재활용 분리수거 함 운영 여부 및 시장 개업 시간과의 연계 방안 포함하여 알려주시기 바랍니다.,부분공개,11
2024-09-22,가람시 열린구 공원녹지과,FOI-2024-00758,온빛도서관 앞 공원 음수대 주기 및 점검 기록 (758호),온빛도서관 앞 공원 음수대의 주기와 최근 점검 기록을 확인하고자 합니다. 겨울철 동파 방지 조치 시기 및 급수 중단 기준을 알려주시기 바랍니다.,공개,20
2025-03-03,도담군 공원녹지과,FOI-2025-00759,가람공공청사 주변 공원 놀이시설 안전점검 결과 (759호),"가람공공청사 주변 공원 놀이시설에 대한 최근 안전점검 결과를 요청합니다. 점검 기관, 지적 사항, 보수 완료 여부를 알려주시기 바랍니다.",공개,8
2022-12-03,해솔시 공원녹지과,FOI-2022-00760,빛솔광장 일대 및 사용 정보 (760호),빛솔광장 일대도와 사용의 성분 및 시기를 파악하고자 합니다. 지역 주민 건강 영향 평가 여부도 함께 알려주시기 바랍니다.,부존재,5
2025-10-07,온빛시 문화체육과,FOI-2025-00761,한들동 생활권 소공원 조성 사업 사업비 집행 내역 (761호),"한들동 생활권 내 소공원 조성 사업의 사업비 집행 내역을 확인 요청합니다. 용역비, 재료비, 시설비 항목별 집행 현황과 공사 감리 비용을 알려주시기 바랍니다.",부분공개,15
2025-07-29,세움시 맑은구 공원녹지과,FOI-2025-00762,너울천 산책로 배수 시설 점검 및 보수 이력 (762호),너울천 산책로 배수 시설의 점검 및 보수 이력을 파악하고자 합니다. 최근 3년간의 정기점검 실시 여부와 보수 공사 내역을 알려주시기 바랍니다.,공개,14
2024-05-15,해솔시 공원녹지과,FOI-2024-00763,미르로 교차로 인접 공원 내운동기구 안전인증 현황 (763호),"미르로 교차로 인접 공원 내 운동기구 전체에 대한 안전인증 현황을 확인 요청합니다. 인증 만료일, 교체 일정, 안전 인증 기관 정보를 알려주시기 바랍니다.",비공개,15
2024-04-18,누리시 바른구 문화체육과,FOI-2024-00764,새봄역 환승구역 주변 녹지 포장율 현황 (764호),"새봄역 환승구역 주변 녹지 포장율을 분석하기 위한 현황 자료를 요청합니다. 해당 지역 전체 면적 대비 녹지 면적 비율, 최근 5년간 변화 추이를 알려주시기 바랍니다.",부분공개,20
2023-04-10,미래군 문화체육과,FOI-2023-00765,맑은마을 커뮤니티센터 주변 공원 급경사지 안전 울타리 현황 (765호),"맑은마을 커뮤니티센터 주변 공원 급경사지 안전 울타리 설치 현황을 확인 요청합니다. 울타리 높이 기준, 미설치 구간 목록, 추가 설치 계획이 있는지 알려주시기 바랍니다.",비공개,17
2025-07-28,라온군 공원녹지과,FOI-2025-00766,라온체육센터 주변 공원 조명 에너지 소비량 및 절감 계획 (766호),라온체육센터 주변 공원 조명 에너지 소비량 통계와 절감 계획을 파악하고자 합니다. LED 교체 사업 추진 현황과 절감 효과 목표치를 알려주시기 바랍니다.,부분공개,18
2023-06-03,온빛시 공원녹지과,FOI-2023-00767,세움산업단지 입구 공원 조류 서식 현황 및 서식지 보전 계획 (767호),"세움산업단지 입구 공원 지역 조류 서식 현황 조사 결과와 서식지 보전 계획을 확인 요청합니다. 조사 시기, 관찰된 종 목록, 서식지 영향 평가 결과를 알려주시기 바랍니다.",공개,14
2023-07-16,해솔시 문화체육과,FOI-2023-00768,해솔문화광장 꽃밭 Seasonal 식재 교체 계획 (768호),"해솔문화광장 꽃밭의 Seasonal 식재 교체 계획 수립 현황을 확인 요청합니다. 교체 시기, 도입 예정 화종, 지역 상권과의 연계 계획이 있는지 알려주시기 바랍니다.",부분공개,20
2024-03-17,라온군 공원녹지과,FOI-2024-00769,푸른마루 교차로 주변 벤치 재배치 의견 수렴 경과 (769호),"푸른마루 교차로 주변 벤치 재배치에 관한 의견 수렴 경과를 확인 요청합니다. 주민 의견 제출 기간, 접수된 의견 수 및 주요 요구사항, 최종 배치 결정 과정을 알려주시기 바랍니다.",공개,4
2025-08-31,가람시 열린구 공원녹지과,FOI-2025-00770,열린마을 공원 무더위쉼터 설치 및 운영 기준 (770호),"열린마을 공원 무더위쉼터 설치 기준과 현재 운영 현황을 파악하고자 합니다. 설치 조건, 냉방 시설 운영 시간, 고령자 우선 이용 조치 여부를 알려주시기 바랍니다.",공개,19
2022-03-01,온빛시 공원녹지과,FOI-2022-00771,도담천 산책로 야간 개방 시간 조정 계획 관련 주민 만족도 조사 (771호),"도담천 산책로 야간 개방 시간 조정 계획 수립 시 실시한 주민 만족도 조사 결과를 요청합니다. 조사 대상 범위, 조사 방법, 주요 결과를 알려주시기 바랍니다.",부존재,5
2022-08-03,빛솔시 아람구 문화체육과,FOI-2022-00772,한울초 주변 통학로 가로수 뿌리 노출 사고 위험 구간 현황 (772호),"한울초 주변 통학로 가로수 뿌리 노출로 인한 사고 위험 구간 현황을 확인 요청합니다. 사고 접수 이력, 위험 구간 조사 결과, 안전 조치 계획을 알려주시기 바랍니다.",공개,12
2023-11-16,누리시 바른구 공원녹지과,FOI-2023-00773,새빛시장 주변 공원 주차 문제 관련 주민 불만 처리 기록 (773호),"새빛시장 주변 공원 주차 문제로 접수된 주민 불만의 처리 기록을 확인 요청합니다. 불만 접수 건수, 처리 완료 건수, 미처리 사유 및 향후 해결 방안을 알려주시기 바랍니다.",부분공개,7
2024-02-01,가람시 새빛구 문화체육과,FOI-2024-00774,미르로 교차로 인접 공원묘 출입 금지 구역 설정 기준 (774호),"미르로 교차로 인접 공원묘 출입 금지 구역 설정 기준을 파악하고자 합니다. 현재 금지 구역 현황, 방식, 위반 시 제재 기준을 알려주시기 바랍니다.",공개,20
2023-10-09,도담군 문화체육과,FOI-2023-00775,누리버스 정류장 주변 공원 이용객 만족도 조사 결과 (775호),"누리버스 정류장 주변 공원에 대한 이용객 만족도 조사 결과를 확인 요청합니다. 조사 기간, 조사 방법, 시설 만족도 및 개선 요구 순위를 알려주시기 바랍니다.",공개,14
2022-01-27,빛솔시 아람구 도시계획과,FOI-2022-00776,우리 단독주택 지구단위계획 결정 내역 청구 (776호),"최근 정비구역 지정 논쟁이 지역사회에서 활발히 이루어지고 있습니다. 부모님과 조모님을 모시고 살고 있는 입장에서, 해당 지구단위계획의 수립 절차와 주민 의견 수렴 과정이 투명하게 이루어졌는지 확인이 필요하여 이렇게 청구합니다. 특히 우리 단독주택 지역이 정비구역에 포함된다면 향후 생계에도 직접적 영향이 갈 것 같습니다.",공개,8
2022-05-27,누리시 바른구 건축허가과,FOI-2022-00777,재개발 예정 지역 내 철거 보상기준 서류 요청 (777호),"웨딩플래너 경력을 바탕으로 예식장 인프라 사업을 구상 중이었으나, 현재 구직 상태라 계획 수립에 어려움을 겪고 있습니다. 단독주택 소유 시 철거 보상금 산정 기준이 과거와 어떻게 달라졌는지, 특히 근저당 설정 주택의 보상 순위에 대한 구체적 기준이 담긴 문서를 요청합니다.",부분공개,20
2022-05-03,새봄시 한울구 도시계획과,FOI-2022-00778,샘물동 생활권 단독주택 현황조사 보고서 청구 (778호),"부모님과 조모님 모두 단독주택에서 오래 거주해 오셨고, 저 역시 어릴 때부터 이 지역에서 자랐습니다. 샘물동 생활권 내 단독주택의 노후도 현황과 이를 활용한 재개발 방향이 논의되고 있어, 소유 주택의 안전진단 결과와 향후 개량 계획이 담긴 보고서가 필요합니다.",부분공개,17
2022-09-12,너울시 물빛구 건축허가과,FOI-2022-00779,지역 주택정비사업 추진 일정 및 주민설명회 자료 (779호),"구직 준비와 병행하며 가족의 주거 안정을 위해 자료를 정리하고 있습니다. 현재 단독주택에서 삼대가 함께 살고 있어, 재개발이나 리모델링 추진 시 일정과 절차에 대한 정보가 필수적입니다. 추진 일정과 주민설명회 자료, 특히 질의응답 내용이 담긴 문서를 요청합니다.",부분공개,17
2025-11-07,세움시 맑은구 도시계획과,FOI-2025-00780,정비구역 내 지원 정책 시행 계획서 요청 (780호),"현재 고용 불안정 상태에서 삼대가 단독주택에 거주하고 있어, 만에 하나 정비구역 해제 후 임대 차질이 생길 경우를 대비해 관련 자료를 정리하고 있습니다. 정비구역 내 지원 정책의 구체적 시행 계획과 대상 기준, 지원 한도 등이 담긴 공식 문서를 요청합니다.",부분공개,14
2022-08-07,온빛시 도시계획과,FOI-2022-00781,푸른마루 교차로 주변 아파트 재건축 용적률 기준 (781호),"아버지와 함께 거주하며 전자 통신장비 영업 일を 수행하고 있습니다. 출장을 많이 다녀야 하는 업종 특성상, 주거지의 교통 접근성이 사업 수행에 직결됩니다. 푸른마루 교차로 인근 아파트 재건축 계획의 용적률 변경 내역과 법적 근거를 확인하고 싶습니다.",부분공개,14
2023-09-23,빛솔시 아람구 도시계획과,FOI-2023-00782,미래복합센터 인근 재개발 지구 내 세대수 결정 근거 (782호),"아버지와 단둘이 살며 생활비를하고 있는 입장에서, 주거지 주변 인프라 확장이 생활의 질에 직결됩니다. 미래복합센터 인근 재개발 지역의 총 세대수 결정 과정에서 참고한 인구통계 자료와 수요조사 결과를 요청하여, 향후 정주 여건에 대한 예측을 정리하고자 합니다.",부존재,20
2025-12-09,누리시 바른구 도시계획과,FOI-2025-00783,아파트 지하주차장 확충 계획 관련 사업자 선정 내역 (783호),"영업용 차량을 사용하며 출장을 자주 다녀야 하는 업무 특성상, 주차장 확보가 중요한 고려사항입니다. 아버지와 함께 사는 아파트 단지의 지하주차장 확충 계획을 확인하고 싶습니다. 특히 사업자 선정 기준과 평가 항목이 투명하게 공개되어 있는지 살펴보고자 합니다.",부분공개,13
2025-03-21,미래군 건축허가과,FOI-2025-00784,새봄역 환승구역 주변 택지지구 지정 배경 자료 (784호),"아버지와 함께 새봄역 환승구역 인근 아파트에 거주하며, 역세권 개발이 주거 가치에 미치는 영향에 주목하고 있습니다. 해당 지역 택지지구 지정 배경과 함께, 주변 아파트 가격 안정화이 있었는지 그 내역을 요청합니다.",공개,15
2024-09-12,온빛시 건축허가과,FOI-2024-00785,가온로 보행구간 일대 아파트 리모델링 절차 안내서 (785호),"아버지와 함께 거주하며 직업 특성상 주거 환경의 접근성이 중요합니다. 가온로 보행구간 주변 아파트의 리모델링 추진 여부와 절차, 법적 제약 사항을 파악하여 아버지와 상의하고 싶습니다. 해당 지역 리모델링 관련 안내서와 절차 문서를 요청합니다.",비공개,18
2022-02-25,가람시 열린구 건축허가과,FOI-2022-00786,누리버스 정류장 인접 아파트 단지의 경관계획 수립 경위 (786호),"배우자와 함께 살며 은퇴 후 새로운 활동을 찾고 있는 상황에서, 주거지를 둘러싼 경관 변화에 관심이 많습니다. 누리버스 정류장 인접 아파트 단지의 경관계획 수립 과정이 적절히 이루어졌는지 확인하고 싶어, 수립 경위와 주민 참여 기록을 요청합니다.",부분공개,7
2022-10-19,가람시 새빛구 도시계획과,FOI-2022-00787,한들동 생활권 재건축 사업 추진 주체 선정 결과 및 근거 (787호),"배우자와 함께 아파트에 거주하며 최근 재건축 이야기가 지역사회에서 듣고 있습니다. 택배원 경력으로 지역사회 일대에 밝은 편이라, 사업 추진 주체 선정 과정의 투명성에 관심을 가지고 있습니다. 선정 결과와 그 근거가 담긴 서류를 요청합니다.",부분공개,15
2025-08-13,해솔시 도시계획과,FOI-2025-00788,도담천 산책로 주변 정비구역 지정 주민투표 결과 상세 (788호),"배우자와 함께 도담천 산책로 근처 아파트에 거주하며, 해당 지역의 정비구역 지정 여부를 긴장하게 지켜보고 있습니다. 주민투표 결과에 대한 상세 내역, 특히 반대 및 찬성 사유별 분포와 무효표 처리 현황을 요청하여 지역사회 논쟁의 본질을 파악하고자 합니다.",부분공개,3
2022-04-16,세움시 맑은구 건축허가과,FOI-2022-00789,라온체육센터 주변 아파트 리모델링 법적 제한 기준 (789호),"은퇴 후 건강 관리에 관심이 많아 라온체육센터를 자주 찾습니다. 해당 시설 주변 아파트의 리모델링 시 법적 제한 사항이 특별히 있는지, 또 용적률 규제 완화 적용 대상인지 확인이 필요합니다. 관련 기준과 법적 근거가 담긴 문서를 요청합니다.",공개,17
2025-08-27,가람시 새빛구 건축허가과,FOI-2025-00790,새빛시장 주변 재개발 지구 내 소규모 지원 정책 (790호),"배우자와 함께 거주하며 현재 구직 중인 상황에서, 지역 상권 활성화 방안에 주목하고 있습니다. 새빛시장 주변 재개발 지역 내 소규모에 대한 지원 정책이 마련되어 있는지, 구체적으로 어떤내용の 지원이 이루어지는지 서류를 통해 확인하고 싶습니다.",부분공개,7
2022-05-31,너울시 물빛구 도시계획과,FOI-2022-00791,맑은마을 커뮤니티센터 인근 아파트 안전진단 결과 공개 여부 (791호),"배우자와 함께 거주하며 주거 안전을 무엇보다 중요하게 생각합니다. 해병대 부사관 경력으로 안전한 주거 환경에 대한 기준을 타인보다 높게 설정하고 있기에, 맑은마을 커뮤니티센터 인근 아파트의 안전진단 결과를 확인하여 앞으로의 정주 여건을 판단하고 싶습니다.",공개,10
2025-11-23,세움시 맑은구 도시계획과,FOI-2025-00792,세움산업단지 입구역 재개발 지구 조성비용 부과 기준 (792호),현재 구직 상태로 배우자와 함께 세움산업단지 입구역 인근 아파트에 거주하고 있습니다. 재개발 추진 시 조성비용 부과 기준이 지역 주민에게 공평하게 적용되는지 확인이 시급합니다. 부과 기준과 산정 내역이 담긴 공식 문서를 요청합니다.,공개,19
2022-05-29,가람시 열린구 건축허가과,FOI-2022-00793,가람공공청사 주변 정비구역 내 도로 개설 사업비 내역 (793호),"배우자와 함께 가람공공청사 주변 아파트에 거주하며, 정비구역 내 도로 개설 계획이 주민 숙원사업으로 추진되고 있습니다. 사업비의 규모와 재원 조달 계획이 투명하게 공개되어야 한다고 생각하여, 구체적 사업비 내역을 요청합니다.",부분공개,12
2022-02-21,가람시 열린구 건축허가과,FOI-2022-00794,온빛도서관 앞 아파트 단지의 경관디자인 심의 결과 공개 (794호),"배우자와 함께 거주하며 재개발 과정의 투명성에 큰 관심을 가지고 있습니다. 온빛도서관 앞 아파트 단지의 경관디자인 심의 결과를 확인하여, 심의 과정에서 전문성과 공정성이 확보되었는지 판단하고 싶습니다. 심의 회의록과 평가 근거를 요청합니다.",공개,13
2024-08-23,가람시 열린구 도시계획과,FOI-2024-00795,너울천 산책로 인접 아파트 단지 친환경 인증 현황 및 기준 (795호),"배우자와 함께 너울천 산책로 근처 아파트에 거주하며, 친환경 주거 환경에 대한 기대가 큽니다. 해당 아파트 단지의 친환경 인증 현황과 함께, 향후 재개발이나 리모델링 시 친환경 기준 충족 여부에 대한 계획을 확인하고 싶습니다.",공개,4
2022-08-29,여울시 단비구 도시계획과,FOI-2022-00796,빛솔광장 일대 아파트 학군 지정 경위 및 학교 현황 (796호),"배우자와 자녀와 함께 아파트에 거주하며, 자녀 교육 환경이 주거지 선택의 가장 큰 이유 중 하나입니다. 빛솔광장 일대가 어떤 학군으로 지정되었는지, 그리고 인근 학교의 현황과 수용 인원을 확인하여 자녀의 장기적 교육 계획을 세우고자 합니다.",공개,1
2024-04-09,너울시 물빛구 도시계획과,FOI-2024-00797,열린마을 공원 인접 아파트 단지 아동시설 확충 계획 (797호),"안무가로서 동작과 신체 표현의 가치를 아는 입장에서, 자녀들의 안전한 환경이 무엇보다 중요합니다. 열린마을 공원 인접 아파트 단지의 아동시설 확충 계획이 있는지, 그리고 현재 시설의 안전 점검 결과가 어떠한지 확인을 요청합니다.",부분공개,8
2025-08-15,온빛시 건축허가과,FOI-2025-00798,한울초 주변 통학로 안전 시설 개선 공사 추진 현황 (798호),"배우자와 자녀와 함께 아파트에 거주하며, 특히 자녀의 통학로 안전에 각별한 신경을 쓰고 있습니다. 한울초 주변 통학로의 안전 시설 개선 공사가 얼마나 추진되었는지, 그리고 향후 추가 개선 계획이 있는지 공식 문서를 통해 확인하고 싶습니다.",부분공개,10
2024-01-27,도담군 도시계획과,FOI-2024-00799,미르로 교차로 일대 재개발 지구 내 놀이터 면적 기준 (799호),"안무가로서 자녀에게 다양한 움직임의 기회를 제공하고자 하는 마음에, 주거지 주변 놀이터 환경에 관심이 큽니다. 미르로 교차로 일대 재개발 지구 내 놀이터 면적이 법적 기준을 충족하는지, 그리고 실제 면적이 얼마나 되는지 확인이 필요합니다.",부분공개,10
2023-11-14,세움시 맑은구 도시계획과,FOI-2023-00800,해솔문화광장 인접 아파트 단지 장애인 접근시설 설치 현황 (800호),"배우자와 자녀, 그리고 함께 생활하는 어르신의 이동 편의까지 고려하며 주거 환경을 평가하고 있습니다. 해솔문화광장 인접 아파트 단지의 장애인 접근시설 설치 현황과 향후 개선 계획이 투명하게 공개되어 있는지 확인하여, 가족 전체의 생활 편의를 예측하고자 합니다.",비공개,17
2022-06-05,라온군 교육지원과,FOI-2022-00801,한울초등학교 맞은편 통학버스 정류장 확충 검토 요청 (801호),현재 한울초등학교 맞은편 누리버스 정류장에 통학버스가 정차하지 않아 아이들이 마주길 건너야 하는 상황입니다. 한울초 주변 통학로 내 통학버스 정류장 및 안전표지 개선を확인해 주시기 바랍니다.,부존재,3
2022-04-07,여울시 단비구 교육지원과,FOI-2022-00802,아파트 단지 내 방과후교실 운영시간 조정 검토 요구 (802호),우리 아파트 단지에 거주하는 초등학생 자녀가 방과후교실에서 보호자 없을 경우 야간까지 체류해야 하는 문제가 있습니다. 방과후교실 운영시간 확대와 저녁돌봄 연계 방안을 마련하여 주시기 바랍니다.,부분공개,19
2022-08-12,가람시 새빛구 교육지원과,FOI-2022-00803,새빛시장 주변 사립학원 안전 점검 결과 공개 요청 (803호),"새빛시장 주변에 다수의 사립학원이 밀집해 있으며, 해당 학원들의 결과와 지도 현황을 반드시 공개해 주시기 바랍니다. 특히 놀이시설 갖춘 학원의 안전 인정 여부가 중요합니다.",비공개,18
2023-11-17,누리시 바른구 복지정책과,FOI-2023-00804,한울초등학교 주변 교통안전시설 설치 이력 요청 (804호),"가온로 보행구간 일대 한울초등학교 통학로에 최근 교통안전시설이 설치된 것으로 파악됩니다. 해당 시설의 설치 시기, 종류, 업체 등에 대한 이력을 반드시 공개해 주시기 바랍니다.",공개,13
2025-03-05,예담시 늘품구 교육지원과,FOI-2025-00805,초등돌봄교실 통합관리 플랫폼 구축 계획 요청 (805호),"현재되어 있는 방과후교실, 문화시설 연계 돌봄, 사회복지시설 돌봄 정보를 통합관리하는 플랫폼 구축 계획이 있는지 확인 요청합니다. 특히 한부모 가구로서 아이 안전 확인이 시급합니다.",부분공개,8
2023-03-06,미래군 복지정책과,FOI-2023-00806,미래복합센터 인근 방과후학교 программ 현황 (806호),미래복합센터 인근 방과후학교에서 근무하는 지도사 배치 기준과 지원-Hungarian 규모를 반드시 공개해 주시기 바랍니다. 어머니와 함께 거주하는 상황에서 안정적인 돌봄 제공 여부가 핵심입니다.,공개,4
2024-06-12,미래군 교육지원과,FOI-2024-00807,누리버스 정류장 하교편 배차간격 축소 검토 요청 (807호),현재 누리버스 정류장에서 하교편 버스 배차간격이 40분 이상으로 매우 길어 아이들이 야외에서 오랫동안 대기해야 하는 상황입니다. 배차간격 축소를 포함한 운영 개선 방안을 요청합니다.,부분공개,11
2025-12-19,빛솔시 아람구 복지정책과,FOI-2025-00808,가온로 보행구간 가로등 밝기 개선 요청 (808호),가온로 보행구간에서 겨울철 가로등 밝기가 부족하여 통학하는 학생들의 안전이 걱정됩니다. 한울초등학교 통학로 가로등 밝기 측정 결과 및 개선 사업을 반드시 공개해 주시기 바랍니다.,공개,14
2025-06-29,새봄시 한울구 교육지원과,FOI-2025-00809,푸른마루 교차로 어린이보호구역 지정 기준 공개 (809호),푸른마루 교차로 주변 초등학교 어린이보호구역 지정 기준과 현재 현황을 반드시 공개해 주시기 바랍니다. 비주거용 건물 내 주택에서 거주하며 주변 교통 환경 파악이 시급합니다.,공개,5
2022-04-26,새봄시 한울구 복지정책과,FOI-2022-00810,새봄역 환승구역 통학 동선 확보 방안 요청 (810호),새봄역 환승구역에서 통학 학생들이 승강장 혼잡 구간을 통과하는 것에 대한 안전 확보 방안을 반드시 공개해 주시기 바랍니다. 새벽 시간대 역 공사 현장 통학로 변경 여부도 확인 요청합니다.,부분공개,3
2023-06-01,예담시 늘품구 교육지원과,FOI-2023-00811,한울초등학교 학급당 학생수 현황 및 지역사회 소통 실적 (811호),한울초등학교 학급당 학생수 현황과 학교 운영에 대한 지역사회 소통 실적을 반드시 공개해 주시기 바랍니다. 어머니와 동거하며 학교 교육 환경에 대한 정보 파악이 시급합니다.,공개,1
2022-06-18,미래군 교육지원과,FOI-2022-00812,도담천 산책로 어린이보호구역 시간단속 카메라 설치 현황 (812호),도담천 산책로 주변 어린이보호구역에 설치된 시간단속 카메라 위치 및 운영 시간을 반드시 공개해 주시기 바랍니다. 산책로를 이용하는 학생들이 많아 확보가 중요합니다.,공개,16
2024-10-01,세움시 맑은구 교육지원과,FOI-2024-00813,온빛도서관 앞 하교시간 보호자 대기공간 확보 현황 (813호),온빛도서관 앞 학교에서 하교 시간에 보호자 대기공간이 부족하여 교통 혼잡이 발생하고 있습니다. 대기공간 확보 현황 및 개선 계획을 반드시 공개해 주시기 바랍니다.,공개,13
2023-08-12,가람시 새빛구 교육지원과,FOI-2023-00814,미르로 교차로 일대 학교 앞 불법주정차 단속 실적 공개 (814호),미르로 교차로 일대 학교 앞 불법주정차 단속 실적과 단속시간대를 반드시 공개해 주시기 바랍니다. 아침통학 시간대 단속 강화 여부와 효과 분석 자료도 함께 제공 요청합니다.,공개,20
2022-06-25,예담시 늘품구 교육지원과,FOI-2022-00815,새빛시장 주변 학교통학편 운수업체 선정 기준 공개 (815호),"새빛시장 주변 학교통학편 추가 투입 검토 및 운수업체 선정 기준을 반드시 공개해 주시기 바랍니다. 업체 선정 과정에서 자격 기준, 안전 점검 항목, 계약 조건 등이 중요합니다.",부분공개,15
2023-05-30,해솔시 복지정책과,FOI-2023-00816,한들동 생활권 중학교 입학 변경 절차 안내 요청 (816호),한들동 생활권 중학교 입학 변경 절차와 최근 민원 처리 경위를 반드시 공개해 주시기 바랍니다. 학군 과정의 투명성 확보가 핵심입니다.,부분공개,8
2025-01-10,해솔시 복지정책과,FOI-2025-00817,누리버스 정류장 하교편 운영시간표 및 배차간격 공개 (817호),누리버스 정류장에서 운행하는 하교편 버스 전체 노선의 운영시간표와 배차간격을 반드시 공개해 주시기 바랍니다. 특히 겨울철 조기 하교 시 배차 대응 방안도 확인 요청합니다.,공개,16
2025-02-27,누리시 바른구 교육지원과,FOI-2025-00818,한울초등학교 주변 가로등 교체 및 보강 이력 공개 (818호),"한울초등학교 주변 통학로 가로등 교체 및 보강 이력을 반드시 공개해 주시기 바랍니다. 특히 최근된 가로등 교체 사업의업체,일정, 비용 등이 중요합니다.",공개,5
2025-01-12,가람시 새빛구 교육지원과,FOI-2025-00819,가람공공청사 주변 학교 이전 계획 추진 현황 요청 (819호),가람공공청사 주변 학교 이전 계획 추진 현황과 새 학교 부지 조성 일정을 반드시 공개해 주시기 바랍니다. 학교 이전이 지역 교육 환경에 미치는 영향 분석 자료도 함께 제공 요청합니다.,부분공개,1
2025-06-03,라온군 교육지원과,FOI-2025-00820,샘물동 생활권 초등학교 지역사회 소통 실적 공개 (820호),"샘물동 생활권 초등학교의 지역사회 소통 실적, 특히 학부모 개최 현황 및 논의 결과를 반드시 공개해 주시기 바랍니다. 학교 운영에 대한 학부모 참여 보장 여부가 핵심입니다.",공개,3
2024-07-13,여울시 단비구 교육지원과,FOI-2024-00821,미래복합센터 인근 사립학원 결과 공개 (821호),"미래복합센터 인근 사립학원 실시 결과와 지도 현황을 반드시 공개해 주시기 바랍니다. 특히시설 여부, 안전 교육 실시 현황, 위반사항 시 행정처내용이 중요합니다.",공개,8
2023-12-29,도담군 복지정책과,FOI-2023-00822,도담천 산책로 어린이보호구역 시간단속 카메라 운영 시간 (822호),도담천 산책로 어린이보호구역에 설치된 시간단속 카메라의 정확한 운영 시간과 enforcement 시간을 반드시 공개해 주시기 바랍니다. 아침통학 시간대 단속 강화 여부도 확인 요청합니다.,부분공개,6
2022-02-15,온빛시 교육지원과,FOI-2022-00823,온빛도서관 앞 학교 하교시 보호자 대기공간 확대 요청 (823호),온빛도서관 앞 학교에서 하교 시간에 보호자 대기공간이 부족하여 불편이 발생하고 있습니다. 현재 대기공간 규모와 확대을 반드시 공개해 주시기 바랍니다.,공개,9
2022-04-20,예담시 늘품구 교육지원과,FOI-2022-00824,미르로 교차로 일대 학교 앞 불법주정차 단속 강화 요청 (824호),미르로 교차로 일대 학교 앞 불법주정차 현상이 심각하여 단속 강화가 시급합니다. 현재 단속 실적과 향후 단속 강화 방안을 반드시 공개해 주시기 바랍니다.,부존재,11
2023-12-17,미래군 복지정책과,FOI-2023-00825,새빛시장 주변 학교통학편 추가 투입 검토 결과 공개 (825호),"새빛시장 주변 학교통학편 추가 투입 검토 결과와 운수업체 선정 과정을 반드시 공개해 주시기 바랍니다. 특히 업체 선정 기준, 안전 점검 항목, 계약 조건 등이 중요합니다.",공개,15
2023-03-16,세움시 맑은구 보건행정과,FOI-2023-00826,샘물동 보건소 접수 감염병 발생 보고 건수 및 조치 내용 (826호),분양 임대 사무소를 운영하면서 임차인들에게 안전한 주거환경을 제공할 책임이 있습니다. 최근 샘물동 일대에서 호흡기 감염 환자 증가 소식이 있어 해당 지역 보건소에서 2023년 1월부터 12월까지 접수된 감염병 발생 보고 건수와 조치 내용을 확인하고자 합니다.,공개,14
2024-06-05,해솔시 복지정책과,FOI-2024-00827,임대주택 감염병 확산 방지 활동 내역 (827호),"아파트 단지에 입주한 임차인들이 감염병에 노출될 경우 집단으로 확산될 위험이 있습니다. 우리 단지 내 공용 공간 소독 일정, 관리사무소 운영 대응 계획, 입주자 안내 문서 배포 이력 등 감염병 확산 방지 활동 내역을 요청합니다.",부분공개,17
2022-09-26,라온군 보건행정과,FOI-2022-00828,임차인용 감염병 대응 안내 자료 제작 및 배포 현황 (828호),"분양 임대 사무소에서 임차인들에게 감염병 예방 수칙을 안내하려고 합니다. 보건소에서 제공하고 있는 임차인용 감염병 대응 안내 자료가 있다면 그 종류와 내용을 확인하고, 해당 자료를 재배포할 수 있는지 알고 싶습니다.",공개,16
2024-02-11,너울시 물빛구 복지정책과,FOI-2024-00829,감염병 유행 시 임대료 감면 관련 행정지도 현황 (829호),감염병 유행으로 경제활동이 위축될 경우 임대료 감면 등 행정지도를 요청할 수 있는지 알고 싶습니다. 보건소에서 감염병 유행 시 임대료 감면이나 임대인 지원 사업과 관련된 부서 연계 현황이 있는지 확인하고자 합니다.,부분공개,17
2023-03-13,빛솔시 아람구 보건행정과,FOI-2023-00830,감염병 발생 시 공동주택 관리 기준 매뉴얼 (830호),공동주택에서 감염병 발생 시 관리기준이 어떻게 되는지 확인이 필요합니다. 보건소에서 공동주택 관리사무소를 대상으로 한 감염병 발생 대응 매뉴얼이나 지도 기준이 있다면 그 내용을 요청합니다.,부분공개,11
2023-10-03,해솔시 복지정책과,FOI-2023-00831,한울초 주변 통학로 감염병 환자 동선 관련 신고 접수 이력 (831호),우리 가정에서 초등학생 자녀가 한울초에 등교하고 있어 감염병 환자 동선이 걱정됩니다. 한울초 주변 통학로를 중심으로 최근 6개월간 감염병 환자 관련 신고나 접수 건이 있었는지 확인하고자 합니다.,부분공개,17
2024-08-14,도담군 보건행정과,FOI-2024-00832,가온로 보행구간 감염병 매개체 발생 및 단속 현황 (832호),가온로 보행구간을 자주 이용하는데 최근 해충이나 설치류 등 감염병 매개체 발생 건이 있었는지 궁금합니다. 보건소에서 해당 지역에 대한 감염병 매개체 조사 결과와 단속 또는 방제 활동 현황을 알려주세요.,공개,3
2023-04-04,도담군 복지정책과,FOI-2023-00833,의료기관 감염병 환자 진료 기준 및 실적 (833호),가정에서 어머님이 만성질환이 있어 감염병 발생 시 진료를 받지 못할까봐 걱정입니다. 해당 지역 의료기관에서 감염병 환자 분 기준과 가장 가까운 분 진료 가능 의료기관이 어디인지 알고 싶습니다.,비공개,3
2023-03-12,여울시 단비구 복지정책과,FOI-2023-00834,미래복합센터 인근 집단 감염 사고 조사 보고서 (834호),미래복합센터 인근에서 발생한 것으로 알려진 집단 감염 사고의 구체적인 조사 결과와 재발 방지 대책이 있는지 확인하고 싶습니다. 해당 사고와 관련된 보건소 조사 보고서 요약본을 요청합니다.,공개,12
2022-01-22,빛솔시 아람구 보건행정과,FOI-2022-00835,가람공공청사 주변 식품위생 관련 감염병 예방 조치 (835호),가람공공청사 주변에 식당을 자주 이용하는데 감염병 예방을 위한 식품위생 관리 실태가 궁금합니다. 보건소에서 해당 지역 음식점 대상으로 실시한 위생 점검 결과와 감염병 예방 조치 내용을 알려주세요.,공개,17
2024-03-14,온빛시 보건행정과,FOI-2024-00836,비행기 정비원 직업 특성 감염 위험도 평가 자료 (836호),"항공기 정비 현장에서 근무하며 다양한 사람과 접촉합니다. 보건소에서 정비원 등 항공 분야 종사자의 감염병 위험도 평가나 직업 관련 감염병 가이드라인이 있는지 확인하고, 해당 자료를 제공해 주시기 바랍니다.",비공개,6
2022-05-29,새봄시 한울구 복지정책과,FOI-2022-00837,감염병 발생 시 항공정비 현장 검역 협조 절차 (837호),항공기 정비 현장에서 감염병 의심 환자가 발견될 경우 검역 당국과의 협조 절차가 궁금합니다. 보건소와 검역소가 연계하여 항공정비 현장에 제공하는 대응 매뉴얼이나 협조 요령이 있는지 요청합니다.,부분공개,20
2022-09-10,해솔시 복지정책과,FOI-2022-00838,나가노바이오텍 감염병 발생 보고 및 조치 내용 (838호),"정비사 업무 특성상 작업 전 안전 확인을 위해 해당 지역의 감염병 발생 현황을 파악할 필요가 있습니다. 보건소에서 최근 1년간 샘물동 일대 감염병 발생 보고 건수, 주로 발생한 감염병 종류, 조치 내용을 상세히 알려주세요.",공개,19
2022-02-10,가람시 새빛구 복지정책과,FOI-2022-00839,항공정비사 대상 감염병 예방 교육 프로그램 (839호),"항공기 정비를 하는 직업 특성상 감염병 예방을 위한 전문 교육이 필요하다고 생각합니다. 보건소나 고용관리청에서 제공하는 항공정비사 대상 감염병 예방 교육 프로그램이 있는지, 그 내용과 신청 방법을 알려주세요.",부분공개,9
2023-07-11,너울시 물빛구 보건행정과,FOI-2023-00840,해솔문화광장 감염병 매개 동물 서식 조사 결과 (840호),공휴일에 해솔문화광장을 자주 방문하는데 최근 멧돼지나 너구리 등 감염병 매개 동물 출몰 소식이 있는지 궁금합니다. 보건소에서 해당 지역 야생동물 감염병 매개체 조사 결과를 공개해 주시기 바랍니다.,공개,7
2022-06-11,예담시 늘품구 보건행정과,FOI-2022-00841,구직자 감염병 관련 무료 건강검진 지원 사업 (841호),현재 폐기물 처리 분야 직군에서 구직 중으로 건강관리가 걱정됩니다. 보건소에서 구직자를 대상으로 하는 감염병 관련 무료 건강검진이나 지원 사업이 있는지 확인하고 싶습니다. 특히 만성질환자가 없어도 받을 수 있는지 알려주세요.,부분공개,7
2022-06-13,빛솔시 아람구 복지정책과,FOI-2022-00842,새봄역 환승구역 다중이용시설 감염병 관리 실태 (842호),구직 활동 중 새봄역 환승구역을 자주 이용하는데 감염병 관리 수준이 궁금합니다. 보건소에서 다중이용시설인 환승구역에 대한 감염병 관리 실태 점검 결과가 있는지 알려주세요.,부분공개,8
2023-05-17,온빛시 보건행정과,FOI-2023-00843,감염병 의심 시 선별진료소 위치 및 운영 시간 (843호),"혼자 거주하며 가족이 없어 감염병 의심 시 어디에 가야 할지 미리 알고 싶습니다. 해당 지역 감염병 선별진료소 위치, 운영 시간, 방문 전 연락 방법 등을 알려주시기 바랍니다.",공개,12
2023-12-21,새봄시 한울구 보건행정과,FOI-2023-00844,전직 폐기물 처리 분야 구직자 재취업 지원 정책 (844호),"전직 폐기물 처리 시험원으로 경력이 있어 감염병 관리 분야로 재취업하려고 합니다. 보건소에서 해당 분야 재취업 지원 정책이나 교육 프로그램이 있는지 확인하고, 참여 방법을 알고 싶습니다.",부분공개,11
2023-12-30,가람시 열린구 복지정책과,FOI-2023-00845,자가격리자 긴급 식료품 배달 지원 서비스 운영 현황 (845호),"혼자 살면서 감염병에 걸릴 경우 생활 필수물품 확보가 걱정됩니다. 보건소나 지자체에서 자가격리자나 감염병 환자 대상으로 운영하는 긴급 식료품 배달 지원 서비스가 있는지, 그 대상 기준과 신청 방법을 알려주세요.",부분공개,16
2024-03-28,세움시 맑은구 복지정책과,FOI-2024-00846,특수건강진단 결과 감염병 관련 소견 안내 (846호),전직 인화지 제조기 조작원으로 근무하며 특수건강진단을 받은 바 있습니다. 그 결과 중 감염병 관련 소견이나 직업병 관련 건강アドバイス가 있었는지 확인하고 싶습니다. 보건소에서 그 내용을 안내받을 수 있는지 요청합니다.,공개,19
2024-11-01,해솔시 복지정책과,FOI-2024-00847,인화지 제조 업종 감염병 직업병 발생 통계 (847호),"인화지 제조기 조작원으로 오래 근무한 경력이 있어 직업병이 걱정됩니다. 보건소에서 해당 업종의 감염병 관련 직업병 발생 통계나 직업성 질환 조사 결과가 있는지 확인하고, 그 내용을 알려주시기 바랍니다.",공개,7
2024-09-14,도담군 보건행정과,FOI-2024-00848,세움산업단지 입구 감염병 발생 보고 및 환경조사 (848호),미래에 산업단지에 취업을 준비하면서 감염병 발생 현황이 궁금합니다. 세움산업단지 입구 일대에서 최근 2년간 감염병 발생 보고 건수와 보건소 환경조사 결과가 있는지 요청합니다.,공개,17
2022-07-06,도담군 복지정책과,FOI-2022-00849,이직 준비 중 건강검진 지원 및 감염병 선별검사 (849호),"현재 구직 준비 중으로 이직 시 요구되는 건강검진 준비를 하고 있습니다. 보건소에서 구직자를 대상으로 지원하는 건강검진이나 감염병 선별검사 프로그램이 있는지, 그 내용과 비용 부담 여부를 알려주세요.",공개,20
2023-03-08,빛솔시 아람구 보건행정과,FOI-2023-00850,누리버스 정류장 주변 감염병 매개체 발생 조사 (850호),"통근 시 누리버스 정류장을 자주 이용하는데 위생 상태가 걱정됩니다. 보건소에서 누리버스 정류장 주변의 감염병 매개체 발생 조사 결과와 방제 활동 내역이 있는지 확인하고, 그 내용을 공개해 주시기 바랍니다.",공개,13
2022-01-18,여울시 단비구 안전총괄과,FOI-2022-00851,이전 직장 경력 기술자의 재난대피시설 지원사업 선정 기준 공개 청구 (851호),"이전 직장 경력 기술자로 현재 구직 중인 상태입니다. 재난대피시설 설치 및 보수 관련 지원사업에 지원하려 하는데, 선정 기준과 심사의 구체적인 항목이 무엇인지 확인이 필요합니다. 새봄역 환승구역 인근에서 거주하며 향후 지역사회 기여에 관심이 있습니다.",부분공개,16
2024-06-22,누리시 바른구 안전총괄과,FOI-2024-00852,샘물동 생활권 내 방호대피시설 위치 및 수용인원 현황 자료 청구 (852호),"샘물동 생활권 아파트에 거주하며 해당 지역에 설치된 방호대피시설의 위치, 수용가능 인원, 관리 주체 및 점검 현황에 대한 자료를 요청합니다. 가족이 다수인 만큼 재해 시 대피 가능 여부를 사전에 파악하고자 합니다.",공개,16
2023-03-08,온빛시 안전총괄과,FOI-2023-00853,세움산업단지 입구 주변 방재시설물 점검 주기 및 결과 기록 공개 청구 (853호),"세움산업단지 입구 주변의 방재시설물 설치 및 점검 주기, 최근 2년간의 점검 결과에 대한 기록을 요청합니다. 산업단지에 인접하여 거주하는 만큼 사고 우려가 높아 세부적인 점검 내역이 필요합니다.",공개,13
2022-04-25,미래군 행정지원과,FOI-2022-00854,열린마을 공원 일대 대피소 비상식량 비축 현황 및 유통기한 관리 기록 청구 (854호),"열린마을 공원 일대에 설치된 대피소의 비상식량 비축 현황, 유통기한 관리 주기 및 최근 교체 일정에 관한 자료를 요청합니다. 대피소 이용이 필요한 상황에서의 신뢰도 확보가 목적입니다.",부분공개,11
2022-09-27,세움시 맑은구 행정지원과,FOI-2022-00855,가람공공청사 인근 주민대피훈련 실시 현황 및 주민 참여율 통계 공개 청구 (855호),"가람공공청사 인근 지역에서 실시된 최근 3년간 주민대피훈련의 횟수, 일시, 참여 주민 수 및 만족도 조사 결과를 요청합니다. 체계적인 훈련이 실시되고 있는지 확인이 필요합니다.",공개,3
2025-06-30,예담시 늘품구 행정지원과,FOI-2025-00856,문화재 보존시설물의 재난 시 대피 가능 여부에 관한 기술 검토 자료 공개 청구 (856호),"문화재 보존원에서 근무하며 담당 시설물의 재난 시 대피 가능 여부에 관한 기술 검토 자료, 내진 능력 평가 결과 및 긴급 보수 계획에 대한 자료를 요청합니다. 업무 수행에 필수적인 정보입니다.",공개,1
2022-11-09,미래군 행정지원과,FOI-2022-00857,한울초 주변 통학로 지정 대피경로 및 대피소 배정 현황 공개 청구 (857호),"한울초 주변 통학로를 이용하는 학생과 보호자를 위한 지정 대피경로, 재해 시 배정될 대피소 명칭 및 수용 가능 인원에 관한 자료를 요청합니다. 문화재 보존원으로서 지역안전망 파악에도 관심이 있습니다.",부분공개,7
2025-03-13,누리시 바른구 안전총괄과,FOI-2025-00858,누리버스 정류장 일대 옥외피난처 위치 및 관리 현황 공개 청구 (858호),"누리버스 정류장 일대에 설치된 옥외피난처의 위치, 규모, 관리 주체 및 안전 점검 현황에 대한 자료를 요청합니다. 문화재 현장 출장 시 반드시 확인해야 하는 정보입니다.",부분공개,20
2023-07-05,해솔시 안전총괄과,FOI-2023-00859,문화재 지정 해설 프로그램에 포함된 재난 대응 절차 안내 자료 공개 청구 (859호),"문화재 지정 해설 프로그램에 포함된 재난 대응 절차 안내 자료, 전시 및 보존 시설물emergency 대응 매뉴얼의 공개 가능 부분에 대한 자료를 요청합니다. 프로그램 운영 개선에 활용할 목적입니다.",부분공개,1
2025-11-08,라온군 행정지원과,FOI-2025-00860,가온로 보행구간 내 재난 대피시설 안내판 설치 현황 및 유지보수 기록 공개 청구 (860호),"가온로 보행구간 내 재난 대피시설 안내판의 설치 위치, 설치 일시, 관리 주체 및 최근 2년간 유지보수 이력에 관한 자료를 요청합니다. 역사 동선 안전 확보에 참고하려 합니다.",공개,20
2023-10-05,온빛시 안전총괄과,FOI-2023-00861,한들동 생활권 대피소 비상식량 검역 및 안전 점검 담당자 현황 공개 청구 (861호),"한들동 생활권 대피소 3개소의 비상식량 검역 및 안전 점검 담당자 명단, 점검 일정에 관한 자료를 요청합니다. 대피소 운영 신뢰도 파악이 필요합니다.",비공개,10
2024-08-09,너울시 물빛구 안전총괄과,FOI-2024-00862,새빛시장 주변 배수시설 및 침수 대피시설 최근 개선 공사 기록 공개 청구 (862호),"새빛시장 주변 배수 시설 및 침수 발생 시 대피시설의 최근 개선 공사 내용, 공사 기간, 투입 예산에 관한 자료를 요청합니다. 침수 피해 다발 지역으로서 관심이 높습니다.",공개,10
2024-08-29,너울시 물빛구 안전총괄과,FOI-2024-00863,빛솔광장 일대 대피소 내 방재용품 비치 현황 및 점검 주기 공개 청구 (863호),"빛솔광장 일대 대피소 내 방재용품의 비치 현황, 품목별 수량, 점검 주기 및 최근 교체 이력에 관한 자료를 요청합니다. 대피소 방문 시 자급 준비에 참고하려 합니다.",부분공개,2
2025-03-20,도담군 행정지원과,FOI-2025-00864,도담천 산책로 하천 범람 시 대피경로 및 대응 매뉴얼 공개 청구 (864호),"도담천 산책로에서 하천 범람 발생 시 주민 대피경로, 대피소 배정 원칙, 현장 대응 매뉴얼의 공개 가능한 부분에 관한 자료를 요청합니다. 하천 인접 지역으로서 대피 절차를 사전 파악하고자 합니다.",공개,19
2023-04-21,예담시 늘품구 안전총괄과,FOI-2023-00865,미르로 교차로 주변 대피소 배수 상태 및 보수 공사 이력 공개 청구 (865호),"미르로 교차로 주변 대피소 2개소의 배수 상태 평가 결과, 배수 관련 보수 공사 이력 및 현재 배수 문제 개선 계획에 관한 자료를 요청합니다. 최근 침수 피해 이력이 있는 지역입니다.",부분공개,18
2025-08-01,온빛시 행정지원과,FOI-2025-00866,콘크리트 믹서트럭 경력 기술자의 재난대비 안전 교육 이수 이력 공개 청구 (866호),"콘크리트 믹서트럭 운전 경력 기술자로서 재난대비 안전 교육 이수 이력, 이수 기관 및 취득 시기, 인정 가능한 안전자격 목록에 관한 자료를 요청합니다. 건설 현장 재진입 시 필요합니다.",공개,10
2025-08-03,세움시 맑은구 행정지원과,FOI-2025-00867,누리버스 정류장 주변 대피소 배수 개선 사업 완료 보고서 공개 청구 (867호),"누리버스 정류장 주변 대피소 배수 시스템 개선 사업의 완료 보고서, 내용, 투입 인력과 기기, 공사 기간에 관한 자료를 요청합니다. 유사 사업 참여 희망에 참고하려 합니다.",부분공개,10
2025-08-14,가람시 열린구 안전총괄과,FOI-2025-00868,가람공공청사 인근 방호대피시설 설계도서 및 내진 시공 업체 정보 공개 청구 (868호),"가람공공청사 인근 방호대피시설의 설계도서 일부, 내진 시공 업체 정보 및 시공 완료 일정에 관한 자료를 요청합니다. 건설업 경력자의 전문적인 이해를 위한 요청입니다.",공개,10
2025-11-09,가람시 열린구 안전총괄과,FOI-2025-00869,새봄역 환승구역 대피소 연계 체계 및 안내 시스템 구축 사업 기록 공개 청구 (869호),"새봄역 환승구역 대피소 연계 체계 및 안내 시스템 구축 사업의 추진 경위, 투입 예산, 운영 주체에 관한 자료를 요청합니다. 대중교통 이용자 안전 확보에 관심이 있습니다.",비공개,8
2022-09-07,빛솔시 아람구 행정지원과,FOI-2022-00870,세움산업단지 입구 대피소 긴급 비상 발전기 가동 이력 공개 청구 (870호),"세움산업단지 입구 대피소 긴급 비상 발전기 가동 이력, 가동 시험 일정 및 연료 비축 현황에 관한 자료를 요청합니다. 산업단지의 안전 인프라 파악이 목적입니다.",부분공개,14
2025-08-10,도담군 안전총괄과,FOI-2025-00871,단독주택 거처 고령자의 대피소 도착 경로 및 이동 지원 가능 현황 공개 청구 (871호),"단독주택에 혼자 거주하며 mobility 제약이 있는 고령자로서, 거주지에서 가장 가까운 대피소까지의 도착 경로, 이동 시 지원 가능한 사항 및 긴급 출동 서비스 이용 조건에 관한 자료를 요청합니다.",공개,12
2024-09-26,새봄시 한울구 안전총괄과,FOI-2024-00872,누리버스 정류장 주변 야간 안전 조명 설치 현황 및 대피소 연계 계획 공개 청구 (872호),"누리버스 정류장 주변 야간 안전 조명 설치 현황, 조명 밝기 수준 및 대피소까지의 연계 조명 계획에 관한 자료를 요청합니다. 야간 이동 시 안전 확보가 가장 큰 걱정입니다.",부분공개,20
2025-04-23,누리시 바른구 행정지원과,FOI-2025-00873,가온로 보행구간 최근 3년간실시된 대피소 안전 개선 사업 결과 공개 청구 (873호),"가온로 보행구간 주변 대피소에서 최근 3년간 실시된 안전 개선 사업의 내용, 사업 기간, 완료 여부 및 개선 효과에 관한 자료를 요청합니다. 개선이 실제로 이루어졌는지 확인이 필요합니다.",부분공개,13
2024-02-03,누리시 바른구 행정지원과,FOI-2024-00874,노인 단독 가구 긴급 대피 출동 지원サービス 신청 절차 및 이용 조건 공개 청구 (874호),"노인 단독 가구로서 긴급 대피 시 대피소까지 직접 이동하기 어려운 상황에서 출동 지원 서비스를 신청할 수 있는 절차, 이용 조건 및 연락처에 관한 자료를 요청합니다. 혼자 거주하는 상황에서 반드시 필요한 정보입니다.",공개,5
2022-03-18,해솔시 안전총괄과,FOI-2022-00875,더운 기온 대비 냉방 대피시설 운영 일정 및 새빛시장 주변 개방 시설 목록 공개 청구 (875호),"노인 단독 가구로서 여름철 폭염 시 냉방 대피시설의 운영 일정, 개방 시간 및 새빛시장 주변 개방 가능한 시설 목록에 관한 자료를 요청합니다. 주거 단독주택의 냉방 환경 열악으로 외부 냉방 시설 이용이 꼭 필요합니다.",공개,20
2024-03-03,미래군 청소행정과,FOI-2024-00876,재활용 산업 구직자를 위한 취업 지원사업 선정 기준 공개 (876호),"현재 구직 중인 상태로 재활용 산업 취업 지원사업을 신청하려고 합니다. 해당 사업의 선정 기준, 서류 심사와 면접 배점 비율, 최종 합격 인원과 불합격 주요 사유를 알고 싶습니다. 추가로 지난 3년간 사업 참여자의 실제 취업 전환률을 알려주시기 바랍니다.",부분공개,13
2022-09-15,미래군 환경위생과,FOI-2022-00877,폐기물 처리 종사자 직업건강검진 수검률 및 유소견자 관리 현황 (877호),"전에 화학물질 취급 기계 조작원으로 일한 경험이 있어 직업건강검진 제도에 관심이 많습니다. 폐기물 처리 종사자들의 최근 3년간 건강검진 수검률, 유소견자 비율, 관리를 알 수 있는지 확인 부탁드립니다.",부분공개,20
2024-07-01,라온군 청소행정과,FOI-2024-00878,재활용업 현장 작업자 안전교육 이수 현황 및 사고 통계 (878호),"구직 준비 중 재활용업 현장의 작업 환경을 평가하려 합니다. 재활용 업체별 안전교육 이수율, 주요 사고 유형별 발생 건수, 사망 및 부상 사고 통계 자료를 요청합니다. 특히 분쇄기와 마쇄기 취급 시 필요한 자격 요건도 포함해 주시기 바랍니다.",부분공개,2
2024-03-30,온빛시 청소행정과,FOI-2024-00879,폐기물 처리 기술자 양성 과정 수료 후 취업 연계율 (879호),"재활용업 종사자 양성 직업훈련 과정을 고려하고 있습니다. 운영 및 위탁 운영하는 폐기물 처리 기술자 양성 과정의 최근 2년간 수료 인원, 수료 후 6개월 내 취업 연계율, 평균 임금 수준을 알려주시기 바랍니다.",비공개,11
2024-03-06,도담군 청소행정과,FOI-2024-00880,재활용 업체 채용 공고 현황 및 직종별 평균 임금 (880호),"재활용 산업 일자리 찾기를 위해 재활용 업체의 최근 1년간 공개된 채용 공고 건수, 모집 직종별 학력 및 경험 요건, 계약 형태, 시급 및 월급 수준을 알고 싶습니다. 샘물동 생활권과 세움산업단지 입구 주변 업체 중심으로 알려주시기 바랍니다.",공개,2
2024-10-11,여울시 단비구 환경위생과,FOI-2024-00881,노인 고려 폐기물 수거 시간 조정 관련 기준 및 시행 계획 (881호),"77세 혼자 거주하며 아파트에서 생활하고 있습니다. 현재 폐기물 수거 시간이 아침 일찍 설정되어 있어 혼자 나들이하기 어렵습니다. 고령자 배려를 위한 배출 시간 조정 기준이 있는지, 시행 가능 여부와 계획을 알려주시기 바랍니다.",공개,2
2024-11-04,라온군 환경위생과,FOI-2024-00882,가온로 보행구간 재활용품 수거함 배치 현황 및 청소 일정 (882호),"가온로 보행구간에 재활용품 수거함이 설치되어 있으나 청소 관리가 잘 되지 않아 냄새와 위생 문제가 발생하고 있습니다. 해당 구간 재활용품 수거함의 현재 배치 현황, 순회 청소 일정, 시민 불편 사항 처리 절차를 알려주시기 바랍니다.",부분공개,17
2024-09-22,가람시 새빛구 환경위생과,FOI-2024-00883,독거노인 폐기물 배출 지원 사업 대상 선정 기준 및 확대 계획 (883호),"혼자 거주하는 고령자로 쓰레기 배출이 신체적으로 힘든 상황입니다. 지역사회에서 운영하는 독거노인 폐기물 배출 지원 사업의 대상 선정 기준, 현재 지원 인원, 확대 계획이 있는지 확인 부탁드립니다. 특히 온빛도서관 앞 지역도 대상인지 알고 싶습니다.",공개,10
2022-07-16,해솔시 청소행정과,FOI-2022-00884,연립주택 밀집지역 음식물 쓰레기 집하시설 개선 계획 (884호),"연립주택에 거주하며 음식물 쓰레기 집하장까지의 거리가 멀고 계단도 가파릅니다. 한들동 생활권 연립주택 밀집지역의 음식물 쓰레기 집하장 현황, 개선 계획, 고령자 배려 시설 여부를 요청합니다.",공개,4
2022-01-15,라온군 청소행정과,FOI-2022-00885,노인 친화적 재활용 교육 프로그램 운영 현황 및 참여 방법 (885호),"폐기물 분류 배출 요령을 다시 배울 필요가 있을 것 같습니다. 지역 내에서 운영 중인 노인 친화적 재활용 교육 프로그램의 종류, 운영 장소, 시간, 참여 방법을 알려주시기 바랍니다. 특히 평일 오전에 열리는 프로그램 위주로 알려주시기 바랍니다.",부분공개,6
2024-03-08,세움시 맑은구 청소행정과,FOI-2024-00886,배우자 별거 상태의 폐기물 처리 부담 경감 제도 안내 (886호),"혼자 연립주택에 거주하며 폐기물 처리 비용 부담이 커지고 있습니다. 1인 가구 폐기물 처리 비용 경감 제도 대상 여부, 신청 방법, 연간 절감 효과를 알려주시기 바랍니다. 특히 수거 주기 조정이나 용량 차등 요금제를 알고 싶습니다.",공개,6
2022-02-03,도담군 환경위생과,FOI-2022-00887,세움산업단지 폐기물 처리업체 허가 현황 및 검사 실적 (887호),"연립주택이 세움산업단지 입구와 가까운 거리에 있습니다. 해당 단지 내 폐기물 처리업체의 현재 허가 현황, 연간 검사 횟수, 위법 사항 적발 및 시정 조치 현황을 알려주시기 바랍니다. 생활권 환경 안전이 걱정되어 요청합니다.",부분공개,1
2022-07-04,예담시 늘품구 환경위생과,FOI-2022-00888,주택가 음식물 쓰레기 종량제 봉투 가격 결정 근거 (888호),"연립주택 단지의 음식물 쓰레기 종량제 봉투 가격이 최근 인상되었습니다. 가격 결정 근거, 업체별 원가 분석 자료, 향후 인상 가능성 여부를 알고 싶습니다. 특히 한들동 생활권 적용 가격이 타 지역과 다른 이유도 알려주시기 바랍니다.",공개,10
2023-11-09,미래군 청소행정과,FOI-2023-00889,미르로 교차로 주변 불법 투기 단속 현황 및 예방 계획 (889호),"연립주택 앞 미르로 교차로 주변에 불법 폐기물 투기가 빈번합니다. 최근 1년간 해당 구역 불법 투기 단속 실적, 과태료 부과 건수, 예방을 위한 CCTV 설치 등 계획이 있는지 확인 부탁드립니다.",부분공개,11
2023-02-16,너울시 물빛구 청소행정과,FOI-2023-00890,다세대주택 종량제 쓰레기 공동구매 지원 사업 여부 (890호),"자녀와 아버지와 함께 다세대주택에 거주합니다. 종량제 쓰레기 비용이 부담되어 공동구매 지원 사업을 찾고 있습니다. 에서 운영 중인 공동구매 지원 사업이 있는지, 다세대주택 적용 가능 여부를 알려주시기 바랍니다.",비공개,19
2024-02-14,누리시 바른구 환경위생과,FOI-2024-00891,다세대주택 쓰레기 배출 시간 유연화 기준 및 신청 절차 (891호),바텐더로 야간에 일하고 낮에는 잠을 못 자는 상황입니다. 다세대주택 쓰레기 배출 시간이 낮시간대로 고정되어 있어 배출이 어렵습니다. 배출 시간 유연화 기준과 개별 신청 절차를 알려주시기 바랍니다.,공개,12
2022-01-19,라온군 환경위생과,FOI-2022-00892,아버지 안전을 위한 배달차량 경로 재활용 수거 방식 조정 요청 (892호),고령인 아버지와 함께 거주하며 아버지가 산책로 통학로를 자주 이용합니다. 너울천 산책로 구간에 재활용 수거차가 아침 일찍 진입하여 통행에 불편을 줍니다. 고령자 통행 안전을 고려한 수거 시간 조정 가능성을 알려주시기 바랍니다.,공개,9
2022-01-23,세움시 맑은구 청소행정과,FOI-2022-00893,다세대주택 재활용품 분리배출 교육 지원 프로그램 현황 (893호),"다세대주택에 거주하는 부모와 어린 자녀 모두를 위한 재활용 교육이 필요합니다. 지역에서 운영하는 재활용 교육 프로그램의 종류, 온라인 참여 가능 여부, 인근 한울초 학생 참여 프로그램을 알려주시기 바랍니다.",부분공개,8
2023-03-28,빛솔시 아람구 청소행정과,FOI-2023-00894,아파트 대비 다세대주택 폐기물 처리 비용 차이 근거 (894호),"다세대주택과 일반 아파트의 폐기물 처리 비용에 차이가 있는 것 같습니다. 단지와 개별 주택의 비용 차이 결정 근거, 종량제 적용 방식 차이, 향후 균일화 계획이 있는지 알려주시기 바랍니다.",부분공개,18
2024-12-28,세움시 맑은구 환경위생과,FOI-2024-00895,조경업무 중 발생하는 폐기물 처리 방법 및 무료 수거 일정 (895호),"조경원으로 일하며 가위칠 때 발생하는 폐기물 처리가 부담됩니다. 시내 특정 장소에서 무료로 수거하는 날이 있는지, 수거 일정과 가능한 폐기물 종류를 알려주시기 바랍니다. 특히 새빛시장 주변 행사장 정리 후 발생 폐기물도 해당되는지 알고 싶습니다.",공개,15
2025-02-22,가람시 열린구 환경위생과,FOI-2025-00896,가족과 거주하는 단독주택 음식물 쓰레기 처리비 절감 방법 (896호),"배우자와 자녀와 함께 단독주택에 거주하며 음식물 쓰레기가 많이 발생합니다. 4인 가족의 음식물 쓰레기 처리비 절감 방법, 퇴비화 지원 사업 참여 조건, 맑은마을 커뮤니티센터 운영 퇴비화 교육을 알고 싶습니다.",비공개,4
2025-04-23,가람시 열린구 청소행정과,FOI-2025-00897,조경근로자 재활용 수거함 청소 작업 시 안전장비 지급 현황 (897호),"공원 조경 작업을 하면서 재활용 수거함 청소도 가끔 돕게 됩니다. 재활용 수거함 청소 시 지급되는 안전장비 종류, 착용 의무 기준, 작업자 보험 가입 여부를 알고 싶습니다. 열린마을 공원 기준으로도 알려주시기 바랍니다.",비공개,14
2022-12-26,미래군 청소행정과,FOI-2022-00898,빛솔광장 일대 불법 폐기물 투기 단속 카메라 설치 현황 (898호),"빛솔광장 일대에 불법 폐기물 투기가 잦아 환경 위생 문제가 걱정됩니다. 해당 지역 불법 투기 단속용 CCTV 설치 대수, 설치 위치, 최근 적발 건수를 알려주시기 바랍니다. 특히 산책로 주변 초입 설치 여부도 포함해 주시기 바랍니다.",부분공개,15
2025-05-13,빛솔시 아람구 청소행정과,FOI-2025-00899,가람공공청사 주변 음식물 쓰레기 고철 수거일정 (899호),"근처 가람공공청사 주변에서 조경 작업을 종종 합니다. 해당 지역 음식물 쓰레기와 고철의 구분 수거 일정, 배출 가능 시간을 알고 싶습니다. 특히 공휴일 수거 방식도 알려주시기 바랍니다.",공개,9
2023-09-30,예담시 늘품구 환경위생과,FOI-2023-00900,새봄역 환승구역 재활용품 수거함 요청 및 처리 현황 (900호),"새봄역 환승구역에 재활용품 수거함이 부족하여 시민들이 음료수 캔을 버리는 모습이 보입니다. 현재 환승구역 재활용 수거함 현황, 요청 처리 절차, 향후 설치 계획이 있는지 알려주시기 바랍니다.",부분공개,14
2023-03-21,해솔시 상하수도과,FOI-2023-00901,샘물동 생활권 상하수도 수질 검사 결과 공개 청구 (901호),샘물동 아파트 단지에 공급되는 상하수도 수질 검사 결과와 음용수 수질 기준 적합 여부를 최근 3년간의 자료를 포함하여 공개하여 주시기 바랍니다. 정수 처리 시설 운영 현황과 수돗물 수질 검사 일정도 함께 알려주시기 바랍니다.,부존재,17
2022-09-30,미래군 환경위생과,FOI-2022-00902,세움산업단지 주변 수질 조사 결과 및 평가서 공개 (902호),세움산업단지의 생산 활동으로 인해 주변 residential 지역 수질에 미치는 영향을 평가한 조사 결과와 환경 영향 평가서를 공개하여 주시기 바랍니다. 특히 인근 하천 및 지하수 수질 변화에 대한 자료를 요청합니다.,부분공개,11
2025-04-29,온빛시 상하수도과,FOI-2025-00903,가온로 보행구간 상수관로 교체 공사 내역 및 공사 품질 검사 결과 공개 (903호),가온로 보행구간에서 최근 5년간 시행된 상수관로 교체 공사 내역과 해당 공사의 품질 검사 결과를 요청합니다. 공사 시 사용된 관재 종류와 시공업체 선정 기준도 함께 공개하여 주시기 바랍니다.,부분공개,11
2022-12-26,미래군 상하수도과,FOI-2022-00904,샘물동 상하수도 수질 검사 결과 및 음용수 안전성 관련 공개 청구 (904호),현재 거주하는 아파트 단지로 공급되는 상하수도 수질 검사 결과와 음용수 안전성 관련 보고서를 최근 3년간 분기별로 공개하여 주시기 바랍니다. 수질 검사 기관과 검사 항목도 함께 포함하여 주시기 바랍니다.,부분공개,8
2024-02-28,가람시 새빛구 환경위생과,FOI-2024-00905,미래복합센터 인근 상수관로 노후도 평가 및 교체 계획 공개 (905호),미래복합센터 인근 상수관로의 노후도 평가 결과와 향후 교체 계획 일정을 공개하여 주시기 바랍니다. 현재 상수관로의 매설 연수와 추정 잔여 수명도 함께 알려주시기 바랍니다.,부분공개,17
2024-08-31,온빛시 환경위생과,FOI-2024-00906,새빛시장 주변 상하수도 배수관 정화 점검 및 청소 이력 공개 (906호),새빛시장 주변 상하수도 배수관 정화의 점검 및 청소 이력을 최근 3년간 분기별로 공개하여 주시기 바랍니다. 점검 시 발견된 문제점과 시정 조치 내용도 함께 포함하여 주시기 바랍니다.,공개,7
2023-10-29,새봄시 한울구 환경위생과,FOI-2023-00907,제직 공장 인근 공동주택 수질 검사 결과 및 수처리 시설 운영 현황 공개 (907호),비주거용 건물 내 주택에 거주하는 환경에서 근처 제직 공장의 생산 활동이 주거용 수질에 미치는 영향을 파악하고자 해당 지역 상하수도 수질 검사 결과를 최근 2년간 공개하여 주시기 바랍니다.,부분공개,5
2022-12-05,누리시 바른구 환경위생과,FOI-2022-00908,새빛시장 주변 상하수도 배수관 정화 점검 및 청소 이력 공개 청구 (908호),"새빛시장 주변 상하수도 배수관 정화의 최근 3년간 점검 및 청소 이력을 분기별로 공개하여 주시기 바랍니다. 점검 시 발견된 문제점과 시정 조치 내용, 다음 점검 예정일도 함께 포함하여 주시기 바랍니다.",부분공개,2
2023-09-13,해솔시 환경위생과,FOI-2023-00909,가온로 보행구간 상수관 매설 위치 및 연수 공개 (909호),"가온로 보행구간에 매설된 상수관의 위치 도면과 연수, 관종 종류를 공개하여 주시기 바랍니다. 관로 교체 이력과 향후 관리 계획을 함께 알려주시기 바랍니다.",부분공개,6
2022-06-16,가람시 열린구 환경위생과,FOI-2022-00910,한울초 주변 통학로 상수도와 우수 배수 시스템 유지보수 이력 공개 (910호),한울초 주변 통학로의 상수도와 우수 배수 시스템 유지보수 이력을 최근 5년간 공개하여 주시기 바랍니다. 유지보수 시 수행된 주요 작업 내용과 점검 주기도 함께 알려주시기 바랍니다.,부분공개,18
2025-12-12,가람시 열린구 환경위생과,FOI-2025-00911,한울초 주변 통학로 상수도와 우수 배수 시스템 안전 점검 결과 공개 (911호),한울초 주변 통학로에 설치된 상수도와 우수 배수 시스템에 대한 최근 안전 점검 결과를 공개하여 주시기 바랍니다. 점검에서 발견된 안전 문제와 시정 조치 내용도 함께 포함하여 주시기 바랍니다.,공개,11
2025-07-13,너울시 물빛구 상하수도과,FOI-2025-00912,맑은마을 상하수도 수질 검사 결과 및 음용수 수질 기준 적합 여부 공개 (912호),맑은마을 아파트 단지로 공급되는 상하수도 수질 검사 결과와 음용수 수질 기준 적합 여부를 최근 3년간 공개하여 주시기 바랍니다. 정수 처리 시설 운영 현황과 수질 개선 계획도 함께 알려주시기 바랍니다.,공개,9
2024-09-19,새봄시 한울구 환경위생과,FOI-2024-00913,새봄역 환승구역 상수도와 우수 배수 시설 현황 및 유지보수 계획 공개 (913호),새봄역 환승구역 상수도와 우수 배수 시설의 현황 및 향후 유지보수 계획을 공개하여 주시기 바랍니다. 현재 시설의 노후도 평가 결과와 교체 예정일도 함께 알려주시기 바랍니다.,공개,20
2023-08-07,너울시 물빛구 상하수도과,FOI-2023-00914,가람공공청사 주변 상하수도 수질 검사 결과 및 급수 시설 안전 점검 결과 공개 (914호),가람공공청사 주변 상하수도 수질 검사 결과와 급수 시설 안전 점검 결과를 최근 2년간 공개하여 주시기 바랍니다. 급수 시설의 노후도 상태와 관리 현황도 함께 포함하여 주시기 바랍니다.,부분공개,2
2023-05-24,예담시 늘품구 환경위생과,FOI-2023-00915,한들동 생활권 상하수도 수질 검사 결과 및 음용수 안전성 관련 공개 청구 (915호),한들동 아파트 단지에 공급되는 상하수도 수질 검사 결과와 음용수 안전성 관련 보고서를 최근 3년간 분기별로 공개하여 주시기 바랍니다. 수질 검사 기관과 검사 항목도 함께 포함하여 주시기 바랍니다.,공개,15
2023-06-27,해솔시 상하수도과,FOI-2023-00916,도담천 산책로 공공 수도꼭지 및 휴식 공간 급수 시설 설치 현황 공개 (916호),"도담천 산책로에 설치된 공공 수도꼭지와 휴식 공간 급수 시설의 현황을 공개하여 주시기 바랍니다. 급수 시설의 점검 주기와 수질 검사 결과, 겨울철 동파 방지 조치 내용도 함께 알려주시기 바랍니다.",공개,13
2022-01-15,라온군 환경위생과,FOI-2022-00917,한울초 주변 통학로 우수 배수 시스템 개선 공사 계획 및 예산 배정 현황 공개 (917호),"한울초 주변 통학로 우수 배수 시스템의 분석 결과와 개선 공사 계획, 예산 배정 현황을 공개하여 주시기 바랍니다. 개선 공사의 일정과 공사 완료 후 기대 효과도 함께 알려주시기 바랍니다.",부분공개,2
2025-07-14,미래군 환경위생과,FOI-2025-00918,가온로 보행구간 상수관 누수 사고 이력 및 수질 영향 평가 결과 공개 (918호),가온로 보행구간에서 발생한 상수관 누수 사고 이력과 해당 사고로 인한 수질 영향 평가 결과를 최근 5년간 공개하여 주시기 바랍니다. 사고 원인 분석 결과와 재발 방지 조치 내용도 함께 포함하여 주시기 바랍니다.,부분공개,16
2024-02-18,빛솔시 아람구 상하수도과,FOI-2024-00919,새봄역 환승구역 상수관 누수 사고 이력 및 긴급 수질 처리 기록 공개 (919호),새봄역 환승구역에서 발생한 상수관 누수 사고 이력과 긴급 수질 처리 기록을 최근 3년간 공개하여 주시기 바랍니다. 사고 원인 분석 결과와 주민 피해 구제 절차를 포함하여 주시기 바랍니다.,공개,10
2022-03-22,빛솔시 아람구 환경위생과,FOI-2022-00920,너울천 산책로 주변 지하수 수질 조사 결과 및 음용 적합성 평가 공개 (920호),너울천 산책로 주변 지역 지하수 수질 조사 결과와 음용 적합성 평가를 최근 2년간 공개하여 주시기 바랍니다. 지하수 오염 가능 원인 분석 결과와 먹는물 수질 기준 비교 자료도 함께 포함하여 주시기 바랍니다.,공개,14
2023-05-28,빛솔시 아람구 환경위생과,FOI-2023-00921,빛솔광장 일대 상하수도 수질 검사 결과 및 음용수 수질 기준 적합 여부 공개 (921호),"빛솔광장 일대 단독주택에 공급되는 상하수도 수질 검사 결과와 음용수 수질 기준 적합 여부를 최근 3년간 공개하여 주시기 바랍니다. 수질 검사 기관과 검사 항목, 정수 처리 현황도 함께 알려주시기 바랍니다.",부분공개,17
2022-10-31,온빛시 상하수도과,FOI-2022-00922,미르로 교차로 상수관 누수 사고 이력 및 긴급 수질 처리 기록 공개 (922호),"미르로 교차로에서 발생한 상수관 누수 사고 이력과 긴급 수질 처리 기록을 최근 5년간 공개하여 주시기 바랍니다. 사고 원인 분석 결과와 재발 방지 조치 내용, 당시 주민 통보 내용도 함께 포함하여 주시기 바랍니다.",공개,18
2025-12-06,너울시 물빛구 상하수도과,FOI-2025-00923,도담천 산책로 우수 배수 시스템 개선 공사 계획 및 일정 공개 (923호),"도담천 산책로 우수 배수 시스템의 분석 결과와 개선 공사 계획, 일정 및 예산 배정 현황을 공개하여 주시기 바랍니다. 개선 공사로 인한 산책로 이용 제한 시간과 대체 경로 안내 내용도 함께 알려주시기 바랍니다.",부분공개,11
2024-12-19,빛솔시 아람구 상하수도과,FOI-2024-00924,샘물동 생활권 상수관 노후도 평가 결과 및 체계적 교체 계획 공개 (924호),"샘물동 생활권 아파트 단지 주변 상수관의 노후도 평가 결과와 체계적 교체 계획을 공개하여 주시기 바랍니다. 현재 상수관의 매설 연수, 추정 잔여 수명, 교체 우선순위 선정 기준도 함께 알려주시기 바랍니다.",공개,15
2023-01-09,온빛시 환경위생과,FOI-2023-00925,가온로 보행구간 상수관 교체 공사 현황 및 공사 품질 관리 결과 공개 (925호),"가온로 보행구간에서 시행 중인 상수관 교체 공사 현황과 공사 품질 관리 결과를 공개하여 주시기 바랍니다. 공사 시 사용되는 관재 규격, 방법, 검사 기준 및 완료 후 수질 검사 일정도 함께 알려주시기 바랍니다.",부존재,2
2024-08-26,해솔시 재무회계과,FOI-2024-00926,가사돌봄 지원사업 참여 및 신청 방법 안내 청구 (926호),"저는 한부모 가정으로 자녀 돌봄과 직장 일정을 병행하고 있습니다. 샘물동 생활권 내 가사돌봄 지원사업의 참여 자격 요건과 신청 절차, 제공되는 서비스 내용에 대해 알고 싶습니다. 특히 맞벌이 가구와 한부모 가구의 지원 차이도 확인 부탁드립니다.",공개,18
2022-12-29,여울시 단비구 재무회계과,FOI-2022-00927,장례식장 안전관리 점검결과 및 개선사항 청구 (927호),"최근 장례식장 안전사고 관련가 있어 걱정이 됩니다. 우리 동네 장례식장의 안전관리 점검결과와 개선계획, 비상대피 시설 현황에 대해 공개 요청합니다.",부분공개,11
2022-06-25,너울시 물빛구 일자리경제과,FOI-2022-00928,건물 관리원 직업 능력 개발 지원금 집행 내역 청구 (928호),"최근 시설관리 인력 역량강화사업에 지원금 수혜를 받았습니다. 해당 사업의 전체 집행 내역, 항목별 지출 내역, 성과 평가 결과를 포함한 사용 보고서를 공개해 주시면 감사하겠습니다. 특히 교육비와 안전장비 구입비의 세부 내역을 알고 싶습니다.",공개,12
2025-12-08,새봄시 한울구 재무회계과,FOI-2025-00929,공동주택 관리비 보조금 배분 기준 및 배분내역 청구 (929호),"우리 아파트는 최근 관리비 보조금을 받았습니다. 해당 보조금의 배분 기준, 사용 계획, 주민 동의 절차 및 구체적인 집행 내역에 대해 확인을 요청합니다. 특히 공용시설 보수 및 안전 점검 관련 지출 내역을 알고 싶습니다.",부분공개,17
2023-02-22,가람시 새빛구 재무회계과,FOI-2023-00930,건물관리원 안전교육 이수 현황 및 안전장비 지급 내역 청구 (930호),"최근 근로안전 강화 관련 현장 순회교육이 이루어졌다고 들었습니다. 해당 교육의 세부 운영 계획, 우리 동네 건물관리원들의 이수 현황, 그리고 안전장비 및 보호구 지급 기록을 확인할 수 있는지 문의합니다.",공개,9
2025-05-18,너울시 물빛구 일자리경제과,FOI-2025-00931,청년 구직자 직업 훈련비 지원사업 참여 조건 및 신청 절차 안내 (931호),"저는 현재 구직 중인 젊은 구직자로, 부모님과 함께 생활하고 있습니다. 새봄역 환승구역 주변 직업안정센터에서 제공하는 직업 훈련비 지원사업의 구체적인 참여 조건과 신청 절차에 대해 안내를 요청합니다.",부분공개,20
2024-10-07,해솔시 일자리경제과,FOI-2024-00932,취업알선 서비스 제공 기관 현황 및 선택 가이드 청구 (932호),"구직 과정에서 취업알선 서비스 이용을 고려하고 있습니다. 새봄역 환승구역 내 취업알선 서비스 제공 기관의 현황, 서비스 내용, 이용자 후기 및 무료 이용 가능한 기관 정보를 확인할 수 있는지 문의합니다.",부분공개,12
2023-05-18,예담시 늘품구 재무회계과,FOI-2023-00933,직업상담사 자격 취득 지원금 신청 자격 및 금액 안내 청구 (933호),"현재 무직 상태로 구직 활동 중입니다. 직업상담 관련 자격증을 취득하여 취업에 활용하고 싶습니다. 해당 자격 취득 지원금의 신청 자격 조건과 지원 금액, 신청 시 필요한 서류 및 심사 기준에 대해 안내를 요청합니다.",부분공개,2
2025-12-22,여울시 단비구 일자리경제과,FOI-2025-00934,비정규직 전환 지원금 제도 참여 기업 현황 청구 (934호),"저는 현재 비정규직 신분으로 구직 중입니다. 비정규직을 정규직으로 전환하는 지원금 제도가 있다는 소식을 들었습니다. 해당 제도의 참여 기업 목록, 지원금 지급 규모 및 전환 지원 내역에 대해 확인을 요청합니다. 특히 통신관련 기업 지원 현황이 있는지 알고 싶습니다.",공개,15
2022-07-16,너울시 물빛구 일자리경제과,FOI-2022-00935,구직자 체류허가 및 취업비자 발급 절차 안내 청구 (935호),"저는 현재 구직 중이며, 향후 취업 비자 발급이 필요할 수 있습니다. 구직 비자 체류 기간 및 취업 비자 발급 절차, 필요한 구비서류 및 심사 기준에 대해 안내를 요청합니다. 특히 비자 발급 지연 시 구직 활동 연속성 보장 방안이 있는지 알고 싶습니다.",비공개,8
2025-06-28,라온군 일자리경제과,FOI-2025-00936,비정규직 전환 지원금 제도 참여 기업 현황 청구 (936호),"저는 현재 비정규직 신분으로 구직 중입니다. 비정규직을 정규직으로 전환하는 지원금 제도가 있다는 소식을 들었습니다. 해당 제도의 참여 기업 목록, 지원금 지급 규모 및 전환 지원 내역에 대해 확인을 요청합니다. 특히 통신관련 기업 지원 현황이 있는지 알고 싶습니다.",부분공개,8
2025-11-16,너울시 물빛구 일자리경제과,FOI-2025-00937,구직자 체류허가 및 취업비자 발급 절차 안내 청구 (937호),"저는 현재 구직 중이며, 향후 취업 비자 발급이 필요할 수 있습니다. 구직 비자 체류 기간 및 취업 비자 발급 절차, 필요한 구비서류 및 심사 기준에 대해 안내를 요청합니다. 특히 비자 발급 지연 시 구직 활동 연속성 보장 방안이 있는지 알고 싶습니다.",공개,6
2025-03-16,가람시 새빛구 일자리경제과,FOI-2025-00938,비정규직 전환 지원금 제도 참여 기업 현황 청구 (938호),"저는 현재 비정규직 신분으로 구직 중입니다. 비정규직을 정규직으로 전환하는 지원금 제도가 있다는 소식을 들었습니다. 해당 제도의 참여 기업 목록, 지원금 지급 규모 및 전환 지원 내역에 대해 확인을 요청합니다. 특히 통신관련 기업 지원 현황이 있는지 알고 싶습니다.",공개,19
2024-12-27,가람시 새빛구 재무회계과,FOI-2024-00939,구직자 체류허가 및 취업비자 발급 절차 안내 청구 (939호),"저는 현재 구직 중이며, 향후 취업 비자 발급이 필요할 수 있습니다. 구직 비자 체류 기간 및 취업 비자 발급 절차, 필요한 구비서류 및 심사 기준에 대해 안내를 요청합니다. 특히 비자 발급 지연 시 구직 활동 연속성 보장 방안이 있는지 알고 싶습니다.",부분공개,1
2025-01-25,예담시 늘품구 재무회계과,FOI-2025-00940,비정규직 전환 지원금 제도 참여 기업 현황 청구 (940호),"저는 현재 비정규직 신분으로 구직 중입니다. 비정규직을 정규직으로 전환하는 지원금 제도가 있다는 소식을 들었습니다. 해당 제도의 참여 기업 목록, 지원금 지급 규모 및 전환 지원 내역에 대해 확인을 요청합니다. 특히 통신관련 기업 지원 현황이 있는지 알고 싶습니다.",부분공개,12
2022-11-02,새봄시 한울구 재무회계과,FOI-2022-00941,구직자 체류허가 및 취업비자 발급 절차 안내 청구 (941호),"저는 현재 구직 중이며, 향후 취업 비자 발급이 필요할 수 있습니다. 구직 비자 체류 기간 및 취업 비자 발급 절차, 필요한 구비서류 및 심사 기준에 대해 안내를 요청합니다. 특히 비자 발급 지연 시 구직 활동 연속성 보장 방안이 있는지 알고 싶습니다.",공개,4
2024-06-02,도담군 재무회계과,FOI-2024-00942,비정규직 전환 지원금 제도 참여 기업 현황 청구 (942호),"저는 현재 비정규직 신분으로 구직 중입니다. 비정규직을 정규직으로 전환하는 지원금 제도가 있다는 소식을 들었습니다. 해당 제도의 참여 기업 목록, 지원금 지급 규모 및 전환 지원 내역에 대해 확인을 요청합니다. 특히 통신관련 기업 지원 현황이 있는지 알고 싶습니다.",부분공개,1
2023-02-19,가람시 새빛구 재무회계과,FOI-2023-00943,구직자 체류허가 및 취업비자 발급 절차 안내 청구 (943호),"저는 현재 구직 중이며, 향후 취업 비자 발급이 필요할 수 있습니다. 구직 비자 체류 기간 및 취업 비자 발급 절차, 필요한 구비서류 및 심사 기준에 대해 안내를 요청합니다. 특히 비자 발급 지연 시 구직 활동 연속성 보장 방안이 있는지 알고 싶습니다.",공개,16
2024-04-08,너울시 물빛구 일자리경제과,FOI-2024-00944,비정규직 전환 지원금 제도 참여 기업 현황 청구 (944호),"저는 현재 비정규직 신분으로 구직 중입니다. 비정규직을 정규직으로 전환하는 지원금 제도가 있다는 소식을 들었습니다. 해당 제도의 참여 기업 목록, 지원금 지급 규모 및 전환 지원 내역에 대해 확인을 요청합니다. 특히 통신관련 기업 지원 현황이 있는지 알고 싶습니다.",공개,12
2023-07-23,누리시 바른구 일자리경제과,FOI-2023-00945,구직자 체류허가 및 취업비자 발급 절차 안내 청구 (945호),"저는 현재 구직 중이며, 향후 취업 비자 발급이 필요할 수 있습니다. 구직 비자 체류 기간 및 취업 비자 발급 절차, 필요한 구비서류 및 심사 기준에 대해 안내를 요청합니다. 특히 비자 발급 지연 시 구직 활동 연속성 보장 방안이 있는지 알고 싶습니다.",공개,19
2023-01-02,빛솔시 아람구 재무회계과,FOI-2023-00946,비정규직 전환 지원금 제도 참여 기업 현황 청구 (946호),"저는 현재 비정규직 신분으로 구직 중입니다. 비정규직을 정규직으로 전환하는 지원금 제도가 있다는 소식을 들었습니다. 해당 제도의 참여 기업 목록, 지원금 지급 규모 및 전환 지원 내역에 대해 확인을 요청합니다. 특히 통신관련 기업 지원 현황이 있는지 알고 싶습니다.",부분공개,18
2022-12-21,해솔시 일자리경제과,FOI-2022-00947,구직자 체류허가 및 취업비자 발급 절차 안내 청구 (947호),"저는 현재 구직 중이며, 향후 취업 비자 발급이 필요할 수 있습니다. 구직 비자 체류 기간 및 취업 비자 발급 절차, 필요한 구비서류 및 심사 기준에 대해 안내를 요청합니다. 특히 비자 발급 지연 시 구직 활동 연속성 보장 방안이 있는지 알고 싶습니다.",공개,12
2025-07-08,미래군 재무회계과,FOI-2025-00948,비정규직 전환 지원금 제도 참여 기업 현황 청구 (948호),"저는 현재 비정규직 신분으로 구직 중입니다. 비정규직을 정규직으로 전환하는 지원금 제도가 있다는 소식을 들었습니다. 해당 제도의 참여 기업 목록, 지원금 지급 규모 및 전환 지원 내역에 대해 확인을 요청합니다. 특히 통신관련 기업 지원 현황이 있는지 알고 싶습니다.",부분공개,8
2025-04-27,가람시 새빛구 일자리경제과,FOI-2025-00949,구직자 체류허가 및 취업비자 발급 절차 안내 청구 (949호),"저는 현재 구직 중이며, 향후 취업 비자 발급이 필요할 수 있습니다. 구직 비자 체류 기간 및 취업 비자 발급 절차, 필요한 구비서류 및 심사 기준에 대해 안내를 요청합니다. 특히 비자 발급 지연 시 구직 활동 연속성 보장 방안이 있는지 알고 싶습니다.",공개,19
2025-11-16,해솔시 일자리경제과,FOI-2025-00950,비정규직 전환 지원금 제도 참여 기업 현황 청구 (950호),"저는 현재 비정규직 신분으로 구직 중입니다. 비정규직을 정규직으로 전환하는 지원금 제도가 있다는 소식을 들었습니다. 해당 제도의 참여 기업 목록, 지원금 지급 규모 및 전환 지원 내역에 대해 확인을 요청합니다. 특히 통신관련 기업 지원 현황이 있는지 알고 싶습니다.",공개,8
2025-04-19,도담군 문화체육과,FOI-2025-00951,샘물동 생활권 가을 지역 축제 보조금 집행 내역 청구 (951호),최근 샘물동 생활권에서 개최된 가을 지역 축제의 보조금 집행 내역을 공개해 주시기 바랍니다. 특히 축제 기획 단계부터 운영 완료까지 단계별 보조금 배분과 집행 비율이 어떻게 되었는지 알고 싶습니다. 구직 중인으로 지역 축제가 젊은 세대에게 어떤 일자리를 제공했는지도 확인하고 싶습니다.,공개,3
2024-01-02,미래군 문화체육과,FOI-2024-00952,도담천 산책로 조경 관리 경비 절감 배경 및 세부 내역 (952호),"도담천 산책로 조경 관리비가 올해 크게 절감되었다고 들었습니다. 어떤 항목에서 얼마나 절감되었고, 그 배경에 어떤 정책 변화가 있었는지 구체적으로 알려주시기 바랍니다. 조경 분야 경력을 갖춘으로 이 정보가の 재취업에 참고가 될 수 있을 것 같습니다.",부분공개,18
2023-09-19,너울시 물빛구 문화체육과,FOI-2023-00953,열린마을 공원 반려식물 등록제 운영 실태 및 수혜자 현황 (953호),"열린마을 공원에서 추진된 반려식물 등록제 운영 실태를 확인하고 싶습니다. 등록된 반려식물 수와 참여 주민 수, 그리고 사업 기간 중 운영비 지출 내역을 알려주시기 바랍니다. 도시 녹지 관련 사업이 지역 환경 개선에 얼마나 기여했는지 알고 싶습니다.",부분공개,8
2023-10-03,여울시 단비구 기획감사과,FOI-2023-00954,새빛시장 주변 상가 후생 경비 중 문화·여가 항목 사용 내역 (954호),새빛시장 주변 상가 후생 경비 중 문화·여가 항목이 어떻게 사용되었는지 확인하고 싶습니다. 상가 입주자녀|pos|를 위한 문화 프로그램이나 여가 지원에 지출된 금액과 구체적인 사용 내역을 알려주시기 바랍니다. 소규모 자영업자도 지역 문화 활동에 참여할 기회가 있었는지 궁금합니다.,부분공개,4
2022-11-19,여울시 단비구 기획감사과,FOI-2022-00955,해솔문화광장 도시재생 지역 경관 개선 사업비 사용 내역 (955호),"해솔문화광장 일대 도시재생 지역 경관 개선 사업에 투입된 사업비 사용 내역을 공개해 주시기 바랍니다. 전체 사업비 규모, 용역비, 자재비, 인건비 등 항목별 배분 내역을 알고 싶습니다. 도시재생 사업이 지역 경관 개선에 어떤 효과가 있었는지 확인하고 싶습니다.",공개,4
2023-05-28,미래군 기획감사과,FOI-2023-00956,푸른마루 교차로 패션 문화 축제 보조금 지원 사업 운영 세칙 (956호),"푸른마루 교차로에서 개최된 패션 문화 축제 보조금 지원 사업의 운영 세칙을 알고 싶습니다. 어떤 기준으로 사업 대상과 지원 금액이 결정되었고, 신청부터 선정까지 어떤 과정이 있었는지 구체적으로 알려주시기 바랍니다. 봉제 업계 관련자로서 향후 지원 사업 참여를 준비하고 싶습니다.",공개,6
2023-08-21,해솔시 기획감사과,FOI-2023-00957,한울초 주변 통학로 인근 수공예품 판매장 설치 조성비 지출 내역 (957호),"한울초 주변 통학로 인근에 설치된 수공예품 판매장 조성비 지출 내역을 확인하고 싶습니다. 설치 공사와 관련된 용역비, 시설비, 인건비 등 항목별 비용이 어떻게 배분되었는지 알려주시기 바랍니다. 수공예업계 종사자로서 지역 문화 산업 활성화 방안에 참고하고 싶습니다.",부분공개,4
2024-04-15,새봄시 한울구 문화체육과,FOI-2024-00958,온빛도서관 앞 문화나래 행사 섬유·봉제 체험 프로그램 운영비 지원 내역 (958호),온빛도서관 앞 문화나래 행사에서 진행된 섬유·봉제 관련 체험 프로그램 운영비 지원 내역을 알려주시기 바랍니다. 보조금 지급 규모와 프로그램 운영에 투입된 비용 항목별 배분을 알고 싶습니다. 봉제 기술을 갖춘으로 향후 지역 문화 프로그램 참여 가능성을 확인하고 싶습니다.,공개,20
2022-12-16,빛솔시 아람구 문화체육과,FOI-2022-00959,라온체육센터 주변 상설 공예 전당 건립 추진 현황 및 향후 계획 (959호),"라온체육센터 주변에 추진 중인 상설 공예 전당 건립 사업 추진 현황과 향후 계획을 알려주시기 바랍니다. 현재 추진 단계와 예상 완료 일정, 그리고 유치 예정 작가 규모와 분야를 알고 싶습니다. 수공예업계 종사자로서 지역 공예 산업 발전 방향을 확인하고 싶습니다.",부분공개,16
2023-09-21,가람시 새빛구 문화체육과,FOI-2023-00960,새봄역 환승구역 광장 봄맞이 꽃 박람회 운영비 및 수입 사용 내역 (960호),새봄역 환승구역 광장에서 열린 봄맞이 꽃 박람회 운영비와 수입 사용 내역을 확인하고 싶습니다. 행사에 투입된 보조금 규모와 입장권수입 등 자체 수입 사용 내역을 구체적으로 알려주시기 바랍니다. 아버지와 함께 거주하는으로 지역 문화 행사 재정 투명성에 관심을 갖고 있습니다.,부존재,13
2024-04-03,여울시 단비구 기획감사과,FOI-2024-00961,미래복합센터 인근 직업 전환 지원 문화edu 프로그램 운영 실적 (961호),"미래복합센터 인근에서 운영된 직업 전환 지원 문화edu 프로그램 운영 실적을 확인하고 싶습니다. 프로그램 완료 인원과 취업 연계율, 그리고 참여자 평균 훈련 기간을 알려주시기 바랍니다. 구직 중인으로 직업 전환을 위한 지원 사업 운영 현황과 효과를 파악하고 싶습니다.",부분공개,6
2025-05-27,빛솔시 아람구 문화체육과,FOI-2025-00962,가온로 보행구간 전통 공예 체험 행사 보조금 집행 내역 (962호),"가온로 보행구간에서 열린 전통 공예 체험 행사에 지급된 보조금 집행 내역을 알려주시기 바랍니다. 행사 규모와 보조금 총액, 항목별 집행 비율을 구체적으로 알고 싶습니다. 가죽 및 모피 수선 경력을 갖춘으로 전통 공예 분야 지원 현황을 확인하고 싶습니다.",부분공개,9
2022-08-11,너울시 물빛구 문화체육과,FOI-2022-00963,도담천 산책로 수공예품 체험 프로그램 재료비 보조금 지급 현황 (963호),도담천 산책로에서 운영된 수공예품 체험 프로그램 재료비 보조금 지급 현황을 확인하고 싶습니다. 보조금 지급 규모와 재료비 항목별 배분 비율을 구체적으로 알려주시기 바랍니다. 구직 중인으로 체험 프로그램 운영 방식과 재료비 지원 수준을 파악하고 싶습니다.,부분공개,18
2024-07-23,너울시 물빛구 기획감사과,FOI-2024-00964,누리버스 정류장 주변 도시재생 전통 업소 재개발 지원 사업 보조금 배분 내역 (964호),"누리버스 정류장 주변 도시재생 지역 전통 업소 재개발 지원 사업 보조금 배분 내역을 알려주시기 바랍니다. 업소별 지원 금액과 선정 기준, 그리고 영업 손실 보상 규모를 알고 싶습니다. 전직 업종 경력을 가진으로 재개발 지원 사업의 실질적 지원 수준을 확인하고 싶습니다.",공개,7
2024-01-01,온빛시 문화체육과,FOI-2024-00965,한울초 주변 통학로 기반 전통 공예 마을 조성 추진 현황 및 장기 계획 (965호),"한울초 주변 통학로를 기반으로 추진 중인 전통 공예 마을 조성 사업 추진 현황과 장기 계획을 알려주시기 바랍니다. 현재 추진 단계와 향후, 예상되는 고용 효과와 입주 업소 규모를 구체적으로 알고 싶습니다. 구직 중인으로 향후 일자리 창출 가능성을 확인하고 싶습니다.",공개,19
2025-11-23,가람시 새빛구 기획감사과,FOI-2025-00966,푸른마루 교차로 어린이 문화교실 운영비 지원 내역 및 참가 아동 현황 (966호),"푸른마루 교차로 인근에서 운영된 어린이 문화교실 운영비 지원 내역을 확인하고 싶습니다. 운영비 지원 규모와 장소, 프로그램 내용, 그리고 참가 아동 연령대를 알려주시기 바랍니다. 한부모 가구의 를 양육하는으로 공공 문화 프로그램이 자녀 안전과 교육에 어떤 지원을 하고 있는지 알고 싶습니다.",공개,13
2022-01-28,세움시 맑은구 기획감사과,FOI-2022-00967,새빛시장 주변 한부모 가족 지원 문화 프로그램 운영 현황 및 참가 가족 현황 (967호),"새빛시장 주변에서 운영된 한부모 가족 지원 문화 프로그램 운영 현황을 알려주시기 바랍니다. 프로그램 종류, 운영 횟수, 참가 가족 수, 그리고 사업 기간 중 투입된 예산 규모를 구체적으로 알고 싶습니다. 한부모 가구의 경제적 부담을 덜어주는 문화 지원이 얼마나 실질적으로 이루어졌는지 확인하고 싶습니다.",부분공개,18
2025-03-08,도담군 기획감사과,FOI-2025-00968,미르로 교차로 인근 공공 복합시설 돌봄휴게실 설치 추진 현황 및 설치 비용 (968호),"미르로 교차로 인근 공공 복합시설에 설치 예정인 돌봄휴게실 추진 현황을 확인하고 싶습니다. 현재 추진 단계와 예상 설치 비용, 그리고 운영 방식과 시간을 알려주시기 바랍니다. 한부모 가구의 를 돌보면서 외부 활동에 제약이 있는으로 돌봄 인프라 확충에 관심을 갖고 있습니다.",부분공개,8
2024-12-10,너울시 물빛구 문화체육과,FOI-2024-00969,한들동 생활권 한부모가족 지원 축제 보조금 지출 내역 (969호),"한들동 생활권에서 개최된 한부모가족 지원 축제 보조금 지출 내역을 알려주시기 바랍니다. 축제 규모, 보조금 총액, 항목별 집행 비율을 구체적으로 알고 싶습니다. 한부모 가구의 자녀가 문화 활동에 참여할 기회가 얼마나 확대되었는지 확인하고 싶습니다.",부존재,17
2022-01-27,도담군 문화체육과,FOI-2022-00970,라온체육센터 주변 다자녀 가구 지원 문화 강좌 참가자 현황 및 운영 성과 (970호),"라온체육센터 주변에서 운영된 다자녀 가구 지원 문화 강좌 참가자 현황을 확인하고 싶습니다. 강좌 종류와 수강 인원, 그리고 사업 기간 중 지원된 예산 규모를 알려주시기 바랍니다. 한부모 가구의 를 둔으로 다자녀 가구 지원 문화 프로그램이 어떻게 운영되는지 파악하고 싶습니다.",부존재,1
2023-08-10,도담군 기획감사과,FOI-2023-00971,도담천 산책로 해양 문화 행사 운영비 보조금 사용 내역 (971호),"도담천 산책로에서 열린 해양 문화 행사 운영비 보조금 사용 내역을 확인하고 싶습니다. 행사 규모, 보조금 총액, 항목별 사용 비율을 구체적으로 알려주시기 바랍니다. 어업 시험원 경력을 가진으로 해양 문화 행사 기획과 지원 수준을 파악하고 싶습니다.",부분공개,3
2024-07-13,누리시 바른구 기획감사과,FOI-2024-00972,해솔문화광장 어촌 체험 관광 프로그램 지원 사업 운영 현황 (972호),"해솔문화광장에서 진행된 어촌 체험 관광 프로그램 지원 사업 운영 현황을 알려주시기 바랍니다. 프로그램 종류, 운영 횟수, 참가 인원, 그리고 사업비 지원 규모를 구체적으로 알고 싶습니다. 어업 시험원으로서 지역 어촌 관광 활성화 방안과 지원 실태를 확인하고 싶습니다.",공개,3
2025-02-21,세움시 맑은구 문화체육과,FOI-2025-00973,새빛시장 주변 어품 공동 브랜드화 추진 사업 보조금 배분 내역 (973호),"새빛시장 주변에서 추진 중인 어품 공동 브랜드화 사업 보조금 배분 내역을 확인하고 싶습니다. 업소별 지원 금액과 선정 기준, 브랜드화 추진 단계를 알려주시기 바랍니다. 가구주로서 지역 수산물 유통 구조 개선이 가정 경제에 어떤 영향을 미치는지 파악하고 싶습니다.",공개,6
2023-08-06,미래군 기획감사과,FOI-2023-00974,누리버스 정류장 주변 수산물 유통 구조 개선 지원 사업 보조금 집행 내역 (974호),"누리버스 정류장 주변 수산물 유통 구조 개선 지원 사업 보조금 집행 내역을 알려주시기 바랍니다. 사업 총 예산과 항목별 집행 비율, 그리고 유통 구조 개선 효과에 투입된 비용 배분을 구체적으로 알고 싶습니다. 지역 수산물 유통 체계 개선이 어부들의 생계에 어떤 도움이 되었는지 확인하고 싶습니다.",부분공개,19
2024-02-13,도담군 문화체육과,FOI-2024-00975,한울초 주변 통학로 어촌 마을 활성화 지원 사업 추진 현황 및 향후 계획 (975호),"한울초 주변 통학로를 중심으로 추진 중인 어촌 마을 활성화 지원 사업 추진 현황과 향후 계획을 확인하고 싶습니다. 현재 추진 단계와 마을 개선, 예상 고용 효과와 지원 규모를 구체적으로 알려주시기 바랍니다. 형제자매와 함께 거주하며계를 유지하는으로 지역 경제 활성화 방안에 관심을 갖고 있습니다.",부분공개,2
2022-06-14,도담군 도시계획과,FOI-2022-00976,푸른마루 교차로 일대 시내버스 노선 변경 내역 및 운행 시간표 (976호),"시내버스 27번 노선이 푸른마루 교차로 구간을 통과하지 않게 된 후 근처 농가에서는 시장 출납이나 병원 방문 시 심각한 불편을 겪고 있습니다. 기존 노선이 폐지된 시점과 대체 교통수단 마련 계획, 마을버스 추가 배치 가능 여부를 알고 싶습니다.",공개,10
2023-09-16,해솔시 교통행정과,FOI-2023-00977,젖소 사육 농가 대상 폐업 예정 축산차량 등록 및 검사 주기 관련 고시 (977호),"축산차량 등록 절차와 정기검사 주기를 명확히 안내받은 적이 없어 불편을 겪고 있습니다. 특히 젖소 사육에 필요한 특수 차량의 검사 간격과 검사 기관, 농촌 맞춤형 검사 편의 시설이 있는지 자료를 요청합니다.",부존재,10
2023-02-17,도담군 교통행정과,FOI-2023-00978,시농 협약에 따른 농산물 직거래장터 대중교통 연계 운송 지원금 지급 내역 (978호),농산물 직거래 장터 이용 고객 증가에 따라 장터까지 이어지는 셔틀버스 지원금 규모와 배차 간격이 어떻게 운영되는지 확인이 필요합니다. 새빛시장 주변 정류장에서 장터까지 접근성 강화 방안도 함께 알려주시기 바랍니다.,공개,4
2024-03-17,새봄시 한울구 도시계획과,FOI-2024-00979,가온로 보행구간 취약 계층 대상 무 교통시설 설치 및 개선 공사 내역 (979호),"고령자로서 가온로 보행구간을 이용 시 그늘과 휴게시설이 부족하여 여름철 근교 출근이 어렵습니다. 취약 계층의 이동권 보호를 위한 보행로 개선 공사 시행 여부와 예산 배정 현황, 향후 개선 일정을 알려주시기 바랍니다.",부분공개,7
2022-02-04,온빛시 도시계획과,FOI-2022-00980,한울초 주변 통학로 학생 통학 버스 운행 노선 및 Subsidies 적용 기준 (980호),"손주이 통학 버스 이용 시 학부모 부담금이 상당하여 실질적 보조가 되고 있는지 의문이 듭니다. 한울초 주변 통학 버스 노선별 운임 체계와 국가 및 지방 보조금 지급 기준, 학교와 운영기관 간 비용 분담 내역을 확인하고 싶습니다.",공개,19
2025-03-06,새봄시 한울구 교통행정과,FOI-2025-00981,미래복합센터 인근 정류장 시내버스 환승 편의시설 개선 사업 추진 현황 (981호),"출퇴근길에 미래복합센터 인근 정류장에서 여러 노선을 환승하는데 환승 동선이 복잡하고 노후 시설물이 불편합니다. 환승 편의시설 개선 사업 추진 현황과 개선 완료 예상 시기, 자전거 보관소 설치 계획이 있는지 알려주시기 바랍니다.",부분공개,19
2022-04-25,누리시 바른구 교통행정과,FOI-2022-00982,주택 이외의 거처 거주자 대상 대중교통 월정액 Subsidy 지급 규정 및 신청 방법 (982호),"주택 이외의 거처에서 거주하며 출퇴근 교통비가 부담이 되고 있습니다. 주거 형태에 따른 대중교통 월정액 보조금 지급 규정과 신청 자격 요건, 현재까지 지급된 총액 및 수혜자 수 통계를 알려주시기 바랍니다.",부분공개,6
2024-09-09,온빛시 교통행정과,FOI-2024-00983,누리버스 정류장 실시간 버스 도착 정보 시스템 구축 비용 및 운영 주체 (983호),"누리버스 정류장 실시간 도착 정보 시스템 구축 비용과 운영 주체, 민간 기업과의 협력 방식이 궁금합니다. 또한 시스템 장애 시 안내 체계와 민원 처리 절차가 어떻게 운영되는지도 함께 알려주시기 바랍니다.",공개,9
2023-04-30,새봄시 한울구 도시계획과,FOI-2023-00984,자녀 학원 통근용 셔틀버스 Subsidies 지원금 규모 및 지급 기준 (984호),"맞벌이 부부로서 자녀 학원 통근용 셔틀버스 비용이 가계 부담이 되고 있습니다. 자치구 내 셔틀버스 지원금 규모와 지급 기준, 지원금을 받은 사업자 명단과 각 사업자별 지원 금액을 알고 싶습니다.",부분공개,9
2022-09-09,가람시 열린구 교통행정과,FOI-2022-00985,열린마을 공원 주변 접근 도로 확충 계획 및 신규 마을버스 노선 검토 내역 (985호),열린마을 공원 주변 도로 확충 계획과 함께 신규 마을버스 노선 검토가 이루어지고 있는지 확인이 필요합니다. 특히 공원 이용 고령자와 장애인 등 취약 계층이 안전한 교통 수단을할 수 있도록 하는 계획이 있는지 알려주시기 바랍니다.,비공개,5
2022-03-26,빛솔시 아람구 교통행정과,FOI-2022-00986,신규 버스 기사 채용 시 운전 경력 조건 및 신체검사 기준 고시 내역 (986호),"전직 특수교육 교사 출신으로 새로운 직종에 도전하려고 합니다. 신규 버스 기사 채용 시 운전 경력 조건과 신체검사 기준, 필수 교육을 수료해야 하는 기관과 비용 지원이 있는지 상세한 고시 내역을 요청합니다.",부분공개,17
2025-07-02,해솔시 도시계획과,FOI-2025-00987,실업자 대상 분야 직업훈련 지원금 지급 현황 및 훈련 과정 운영 내역 (987호),"현재 구직 중인 상태로 직업훈련 지원금을 받으며 분야 전환을 준비하고 있습니다. 그동안에서 실업자 대상 분야 직업훈련 지원금 총 지출액과 훈련 과정별 수료자 수, 취업 통계를 알려주시기 바랍니다.",부분공개,6
2023-12-26,너울시 물빛구 도시계획과,FOI-2023-00988,버스 운전기사 채용시험 일정 및 과목별 출제 범위 (988호),"공개경쟁시험을 통해 버스 운전기사 직렬로 취업 준비 중입니다. 최근 실시된 버스 운전기사 채용 공개경쟁시험 일정과 과목별 출제 범위, 실기시험 평가 기준 및 배점 비율을 알고 싶습니다.",비공개,16
2022-03-02,가람시 새빛구 교통행정과,FOI-2022-00989,돌봄 종사자 대상 이동 경비 보조금 지원 사업 추진 현황 및 예산 배분 내역 (989호),"아버님과 함께 거주하며 취업을 준비하고 있지만 어머니의 건강 문제로 돌봄 경비 부담이 큽니다. 돌봄 종사자나 구직자를 대상으로 한 이동 경비 보조금 지원 사업이 있는지, 있다면 추진 현황과 예산 배분 내역을 알려주시기 바랍니다.",공개,13
2022-02-26,미래군 도시계획과,FOI-2022-00990,취업 지원사업 선정 평가 시 Transportation 관련 경력 환산 기준 (990호),"특수교육 교사로서의 경력을 교통 분야 취업 지원사업에 환산할 수 있는지 알고 싶습니다. 취업 지원사업 선정 평가 시 경력 환산 기준과 우대 조건, 지원금 지급 규모 및 지급 일정을 알려주시기 바랍니다.",부분공개,14
2022-04-13,도담군 교통행정과,FOI-2022-00991,실업자 지원금 지급 대상자 선정 기준 및 최근 선정자 수 (991호),"전직 보험 설계사로 재취업 지원금 지급 대상에 선정되어 있는지 확인이 필요합니다. 지원금 지급 대상자 선정 기준과 최근 3년간 선정자 수, 선정 후 의무 취업 기간 및 위반 시 환수 기준을 알려주시기 바랍니다.",부존재,4
2024-08-22,온빛시 교통행정과,FOI-2024-00992,미르로 교차로 주변 면허 시험장 Audiometer 검사 예약 대기 기간 및 운영 시간 (992호),"자동차운전면허 을 위해Audiometer 검사를 받아야 하는데 예약 대기 기간이 상당하다고 들었습니다. 미르로 교차로 주변 면허 시험장의Audiometer 검사 예약 대기 기간과 운영 시간, 사전 예약 방법 및 응시료 기준을 알려주시기 바랍니다.",부분공개,3
2025-01-04,새봄시 한울구 교통행정과,FOI-2025-00993,구직자 대상 면허 취득비용 Subsidies 지원 사업 추진 여부 및 지원 기준 (993호),"구직 활동을 하며 새로운 자격증을 취득하려고 합니다. 특히 대형운전면허나 영업용 면허 취득 비용에 대한 보조금 지원 사업이에서 추진되고 있는지, 있다면 지원 기준과 신청 방법을 알려주시기 바랍니다.",비공개,18
2022-05-16,너울시 물빛구 도시계획과,FOI-2022-00994,해솔문화광장 일대 셔틀버스 서비스 중단 이후 대체 교통수단 확보 방안 (994호),"해솔문화광장 일대 셔틀버스가 중단된 이후 근처 연립주택 거주민들이 시장과 병원 이용에 어려움을 겪고 있습니다. 대체 교통수단 확보 방안이 있는지, 시급한 민원과 관련하여 향후 대응 일정이 있는지 알려주시기 바랍니다.",공개,14
2022-01-19,가람시 새빛구 교통행정과,FOI-2022-00995,라온체육센터 주변 무료 셔틀버스 이용 대상자 소득 기준 및 신청 절차 (995호),"현재 재취업 준비 중인 상태로 체육관을 이용하고 싶지만 교통비 부담이 큽니다. 라온체육센터 주변 무료 셔틀버스 서비스 이용 대상자의 소득 기준과 신청 절차, 현재까지 서비스 수와 만족도 조사 결과를 알려주시기 바랍니다.",공개,8
2023-07-09,온빛시 도시계획과,FOI-2023-00996,혼례장 도착용 셔틀버스 운행 허가 기준 및 교통 혼잡 유도 비용 내역 (996호),"혼례 종사자로서 결혼식 도착용 셔틀버스를 운영하려고 합니다. 셔틀버스 운행 허가 기준과 신청 필요 서류, 교통 혼잡 유도 비용 처리 규정과 과거 혼잡 유도 비용 집행 내역을 알려주시기 바랍니다.",공개,17
2024-03-05,가람시 새빛구 교통행정과,FOI-2024-00997,주말 특별기간 대중교통 배차 증회 계획 및 새봄역 환승구역 운임 할인 적용 내역 (997호),"혼례 일정이 주말에 편중되어 주말 대중교통 이용 빈도가 높습니다. 주말 특별기간 버스 배차 증회 계획과 새봄역 환승구역에서 환승 시 운임 할인 적용 여부와 할인율, 해당 제도 시행 기간을 알려주시기 바랍니다.",공개,2
2024-06-05,여울시 단비구 도시계획과,FOI-2024-00998,새벽 및 야간 혼례 종사자 통근용 특별 대중교통 노선 지원금 지급 현황 (998호),"혼례 작업 특성상 새벽과 야간에 이동하는 경우가 많은데 대중교통 사각지대가 불편합니다. 새벽 및 야간 특별 대중교통 노선 지원금 지급 현황과 내 새벽 야간 버스 운행 현황, 향후 노선 확대 계획이 있는지 알려주시기 바랍니다.",부존재,1
2022-08-12,라온군 도시계획과,FOI-2022-00999,아파트 지하주차장 전기자동차 충전시설 설치 subsidy 지원금 규모 및 신청 요건 (999호),"자가용 차량을하고 아파트에 거주하며 전기자동차로 전환을 중입니다. 아파트 지하주차장 전기자동차 충전시설 설치 보조금 지원 규모와 신청 요건, 내 충전시설 설치 현황 및 향후 확대 계획을 알려주시기 바랍니다.",부분공개,16
2023-08-28,여울시 단비구 도시계획과,FOI-2023-01000,혼례식장 주차장 확충 추진 계획 및 가람공공청사 주변 교통정체 해소 방안 (1000호),"혼례식장 주변 교통정체가 심각하여 참석 고객과 혼례 종사자 모두 불편을 겪고 있습니다. 가람공공청사 주변 교통정체 해소 방안과 혼례식장 주차장 확충 추진 계획, 임시 주차장 확보 가능 여부를 알려주시기 바랍니다.",공개,8
2023-01-02,너울시 물빛구 안전총괄과,FOI-2023-01001,금형원 경력 활용 직무교육 지원금 관련 영상 열람 청구 (1001호),전직 금형원으로서 제조업 일자리를 찾고 있습니다. 지난주 새봄역 환승구역에서 직업상담을 받으러 갔다가 역사로 들어서는 과정에서 계단에서 넘어질 뻔한 일이 있었습니다. 당시 상황을 확인하여 안전시설 개선 필요성을 파악하고자 해당 구간의 영상 기록을 청구합니다. 계단 범퍼 및 손잡이 설치 현황이 제대로 되어 있었는지 확인이 필요합니다.,공개,8
2022-01-10,온빛시 안전총괄과,FOI-2022-01002,여권대리 접수 관련 사인 과정 영상 열람 요청 (1002호),지난달 한울초 주변 통학로 부근 민간 기관에서 여권 대리 접수를 의뢰한 후 사인하는 장면을 녹화된 것으로 확인하였습니다. 서류 처리가 제대로 이루어졌는지 확인하기 위해 해당 기관 내 설치된 영상기록 장치의 해당 시간대 촬영분을 열람하고자 합니다. 신청인은 현재 구직 준비 중으로 신분증 발급이 시급한 상황입니다.,공개,2
2025-09-14,해솔시 정보통신과,FOI-2025-01003,취업 박람회 참가 당시 물품 분실 관련 영상 열람 청구 (1003호),도담천 산책로 인접 청소년 채용박람회에 지난달 참여하였습니다. 참가registration 과정에서 핸드폰을 상실한 것 같습니다. 현장에서 확인을 요청하였으나 기억이 불분명하여 정확한 위치 파악이 어렵습니다. 박람회 입장구 및 안내 데스크 주변의 영상 정보를 요청합니다. 구직 준비에 필요한 물건이라 조속한 확인이 필요합니다.,부분공개,11
2024-05-17,가람시 열린구 정보통신과,FOI-2024-01004,지원금 지급 현장 확인 영상 열람 청구 (1004호),"지역 일자리센터에서 실업자 우선지원 대상자로 선정되어 방문 수령하러 갔습니다. 대기 순번이 잘 지켜졌는지, 지급 창구 직원이 순서대로 안내하였는지 확인이 필요합니다. 당시 지급 구역은 가람공공청사 주변 복도이며, 해당 구간의 영상 기록을 요청합니다. 구직 지원금 수령 과정의 투명성 확인을 위함입니다.",비공개,11
2022-12-12,라온군 안전총괄과,FOI-2022-01005,종합 취업설명회 진행 영상 일부 열람 청구 (1005호),지난주 열린마을 공원에서 열린 통합 취업설명회에 참석하였습니다. 설명 진행자가 지원 대상 자격 요건을 설명할 때 일부 내용이 잘 들리지 않았습니다. 당시 진행 상황과 설명 자료 게재 화면이 담긴 영상을 열람하고자 합니다. 조부모님과 함께 생활하며 경제적 부담이 크므로 지원사업 선정 기준을 정확히 파악하고 싶습니다.,부분공개,7
2025-07-21,여울시 단비구 정보통신과,FOI-2025-01006,고령 구직자 지원 상담 영상 열람 요청 (1006호),장기간 제조업 현장에서 근무하다 은퇴 후 다시 일자리를 찾고 있습니다. 지난 주 누리버스 정류장 부근 직업재활시설을 방문하여 상담을 받았습니다. 상담사との 대화 내용이 적절히 전달되었는지 확인하고 향후 재취업 계획 수립에 활용코자 해당 상담실 설치 영상기록을 열람하고자 합니다. 배우자와 자녀에게 경제적 지원을 드리고 싶습니다.,공개,1
2024-04-18,가람시 새빛구 정보통신과,FOI-2024-01007,취업 활동 증빙 영상 열람 청구 (1007호),새빛시장 주변 상점에서 단기간 근무 후 퇴사하였습니다. 고용보험확인을 위해 퇴직 전 최종 출근일의퇴근 시간을 증빙할 필요가 있습니다. 상점 앞 설치 카메라에 당일 출근 및 퇴근 장면이 촬영되어 있을 것으로 보여 영상 기록 제출을 요청합니다. 가족을 부양하며 구직 중인 처지입니다.,부분공개,2
2022-05-08,도담군 정보통신과,FOI-2022-01008,고령자 고용장려금 신청 관련 영상 열람 청구 (1008호),종이 제조업 경력 30년 이상으로 오랜 경험이 있습니다. 지난 달 라온체육센터 주변 지역고용센터에서 고령자 우선 채용 지원금을 신청하였습니다. 신청 접수가 정상적으로 처리되었는지 확인코자 해당일 접수 창구 및 대기 공간의 영상 정보를 요청합니다. 배우자와 함께 살아가며 수입 창출이 시급한 상황입니다.,부분공개,1
2023-10-15,미래군 안전총괄과,FOI-2023-01009,직장 전환 프로그램 현장 영상 일부 열람 청구 (1009호),장년층프로그램 우수사례 발표회에 참석하였습니다. 성공 사례 발표자의 구체적인 활동내용が 잘 파악되지 않아 후속 상담을 받고 싶습니다. 발표회 당일 한들동 생활권 주민센터 강당에서의 발표 장면 영상 중 본인 시선에 놓인 각도 일부를 열람하고자 합니다. 구직 준비에 실질적 도움이 될 것으로 기대합니다.,공개,7
2024-01-25,빛솔시 아람구 안전총괄과,FOI-2024-01010,직업훈련 참여 확인 영상 열람 청구 (1010호),기계장비 기술 영업 경력을 바탕으로 재활 훈련을 받고 있습니다. 훈련 기관은 미르로 교차로 부근 직업능력개발원입니다. 훈련 참여를 고용관리청에 확인받아야 하므로 해당원 출석 기록 영상을 열람하고자 합니다. 본인 출석 장면이 포함된 특정 일자의 영상 제출을 요청합니다.,공개,11
2024-12-07,빛솔시 아람구 안전총괄과,FOI-2024-01011,농업기술 교육 장려금 영상 열람 청구 (1011호),"농업용 기계장비 기술 영업 경력이 있으며 농업 관련 재취업을 준비하고 있습니다. 해솔문화광장 농업기술 전시회에 지난달 참여하였습니다. 현장에서 농업기계 체험 부스를 직접 시범 작동한 장면이 있었는데, 이를 확인하여 경력 전환 지원금 신청 시 기술 보유 증빙으로 활용코자 해당 영상 기록을 열람합니다.",부분공개,8
2024-04-26,가람시 열린구 안전총괄과,FOI-2024-01012,단순고령취업자 생활임금 확인 영상 열람 청구 (1012호),"주택 이외의 거처에서 배우자와 함께 거주하며 구직 활동 중입니다. 온빛도서관 앞 공터에서 열린 단순직 채용 상담회에 참여하였습니다. 상담관과의 대화를 녹음하지 못하여서 정확한 임금 수준 확인이 필요합니다. 해당 상담 위치 주변의 영상 정보를 열람하고자 하며, 특히 임금 지급 조건을 설명하던 장면이 필요합니다.",공개,2
2025-02-20,세움시 맑은구 정보통신과,FOI-2025-01013,고령자 역량강화 교육 영상 일부 열람 요청 (1013호),미래복합센터 인근 디지털 literacy 교육장에 다니고 있습니다. 요즘 채용 공고가 대부분 온라인으로만 접수되어 어려움을 겪고 있어 компьютер 교육을 받고 있습니다. 지난 주 교육 참여 장면 중 본인 부분만 확인하고 싶어 영상 열람을 요청합니다. 배우자와 함께 디지털 환경에 적응하고자 노력 중입니다.,부분공개,16
2024-02-20,라온군 안전총괄과,FOI-2024-01014,취업준비생 건강검진 영상 열람 청구 (1014호),새봄역 환승구역 지하상가 내 건강검진 예약 기관에서 취업을 앞둔 young 사람으로 health 검진을 받았습니다. 검진 대기 중 본인 확인을 위해 촬영된 것 같은데 정확히 어떤 과정을 거쳤는지 확인하고 싶습니다. 특히 reception desk에서의 장면 영상을 열람하고 싶습니다.,비공개,11
2023-12-20,새봄시 한울구 정보통신과,FOI-2023-01015,지역경제 활성화를 위한 상인 인터뷰 영상 열람 청구 (1015호),"새빛시장 주변 상인 연합회 주관 경제활성화 행사에 참여하였습니다. 행사 진행자가 상인들을 인터뷰하는 장면이 있었는데 본인의 인터뷰 영상을 확인하고 싶습니다. 보험 설계사 경력이 있어 시장에서 다시 일자리를 찾고 있으며, 상인 활동을 통해 지역사회와 연결되고 싶습니다.",부분공개,18
2025-04-11,라온군 안전총괄과,FOI-2025-01016,부동산 거래 과정 영상 열람 청구 (1016호),연립주택으로 이사갈 계획을 갖고 부동산 중개 사무소를 방문하였습니다. 중개사との이 영상으로 기록되어 있을 것 같아 열람을 요청합니다. 계약 전 중개 수수료 산정 방식과 거래 절차에 대한 안내를 받았는지 정확한 내용을 확인하고 싶습니다. 가족과 함께 안전한 주거를 찾고 있습니다.,부분공개,12
2023-09-06,누리시 바른구 정보통신과,FOI-2023-01017,주변 상권 실태 조사 영상 열람 요청 (1017호),연립주택에 거주하며 지역 상권 변화를 파악하고 있습니다. 맑은마을 커뮤니티센터에서 주관한 상권 실태 조사 활동에 자원봉사자로 참여하였습니다. 현장 조사 장면을 촬영한 기록이 있을 것으로 보여 본인 참여 부분을 열람하고자 합니다. 보험 설계사 경력을 바탕으로 지역사회에 기여하고 싶습니다.,공개,18
2025-09-24,해솔시 안전총괄과,FOI-2025-01018,취업알선|matching 확인 영상 열람 청구 (1018호),지역 job center에서 취업을 알선받아 면접을 보러 갔습니다. 면접 시간과 장소가 정확히 기억나지 않아 확정 일자를 확인하고 싶습니다. 가온로 보행구간에 위치한 취업알선 기관에서 면접 자리까지의 동선 영상 기록이 있을 것으로 보여 열람을 요청합니다. 구직 준비 중인 상황으로 알선 일정을 확실히 파악하고 싶습니다.,공개,18
2024-06-20,예담시 늘품구 정보통신과,FOI-2024-01019,의료보수교육 수료 확인 영상 열람 청구 (1019호),보험설계사 자격으로 의료보수교육을 수료하였습니다. 수료증이 날짜를 기준으로 발급되었는데 실제로 교육에 참여했던 시간과 출석 여부를 확인하고 싶습니다. 세움산업단지 입구 근처 교육원에서 교육받은 내역이 실제와 일치하는지 해당일 영상 기록을 열람하고 싶습니다.,부존재,16
2025-08-02,도담군 정보통신과,FOI-2025-01020,재활용업금 관련 영상 열람 청구 (1020호),재활용품 수거원으로 오래 근무하다 retirement 후 재취업을 준비하고 있습니다. 지난달 누리버스 정류장 부근 환경순환센터에서 재활용업 취업 지원금을 신청하였습니다. 신청 접수가 정상적으로 이루어졌는지 확인코자 해당일 환경센터 접수 창구 주변 영상 기록을 요청합니다.,공개,6
2022-05-04,가람시 열린구 정보통신과,FOI-2022-01021,고령자 일용직 채용 현장 영상 열람 청구 (1021호),매일 새벽 가람공공청사 주변에서 일용직 채용 공고가 붙는 장소로 갑니다. 지난 주 채용 등록을 하였는데 정확한 일자와 시간을 기록해두지 못하여 확인이 필요합니다. 채용 공고 게시판 앞 및 등록 접수를 하는 공간 주변의 영상 정보를 열람하고자 합니다. 혼자 살며 근로 소득이 생존에 필수적입니다.,부분공개,11
2022-09-18,가람시 새빛구 정보통신과,FOI-2022-01022,생활권 내 쓰레기수거 과정 영상 열람 요청 (1022호),샘물동 생활권 내에서 매일 아침 환경미화 일에 참여하고 있습니다. 동네주민 중 환경미화에 불만을 표시하는 분이 계셔서 실제 작업 과정이 적절한지 스스로 확인하고 싶습니다. 한들동 생활권 환경미화 과에서 본인의 작업 구간 영상을 제공하여 주시면 감사하겠습니다. 정확한 작업 시간과 방법을 점검하고자 합니다.,부분공개,3
2023-02-01,예담시 늘품구 안전총괄과,FOI-2023-01023,의료비 지원사업 선정 관련 영상 열람 청구 (1023호),연립주택에 혼자 거주하며 노후 생활에 어려움을 겪고 있습니다. 보건소에서 실시하는 의료비 지원사업 신청 접수를 하였는데 절차가 제대로 진행되었는지 확인이 필요합니다. 라온체육센터 주변 보건소 분소에서 신청 접수 과정을 촬영한 영상이 있을 것으로 보여 열람을 요청합니다. 고령으로 인해 건망증이 있어 정확한 내용 파악이 필요합니다.,부분공개,6
2024-04-10,가람시 열린구 정보통신과,FOI-2024-01024,안전보건교육 이수 확인 영상 열람 청구 (1024호),재활용업 종사자로서 안전보건 의무교육을 수료하였습니다. 교육 기관은 도담천 산책로 근처 산업안전보건센터입니다. 교육 이수 증빙을 고용관리청에 제출해야 하는데 실제로 교육에 참여했던 시간이 정확한지 확인코자 해당 교육실 영상 기록을 열람하고 싶습니다.,부분공개,6
2024-11-04,라온군 정보통신과,FOI-2024-01025,라온체육센터 주변 CCTV·영상정보 열람 관련 자료 공개 청구 40-0 (1025호),라온체육센터 주변 일대의 CCTV·영상정보 열람 업무와 관련하여 올해 상반기 처리된 문서와 집행 내역 일체를 공개하여 주시기 바랍니다. 항목별 세부 내역과 근거 서류를 포함해 주세요.,공개,19
2025-12-06,빛솔시 아람구 안전총괄과,FOI-2025-01026,푸른마루 교차로 보행자 신호 시간 조정 이력 및 관련 데이터 공개 청구 (1026호),최근 푸른마루 교차로의 보행자 신호 시간이 기존 대비 크게 줄어드는 변화를 체감하고 있습니다. 고령 보행자가 안전한 횡단을 마무리하기 어려운 상황이 빈번해졌다는 점에 대한 안내가 필요합니다. 해당 구간의 신호 시간 조정 전후 데이터와 결정 과정을 요청합니다.,공개,7
2023-10-27,빛솔시 아람구 교통행정과,FOI-2023-01027,가온로 보행구간 CCTV 설치 계획 및 근거 자료 공개 청구 (1027호),가온로 보행구간에 대한 CCTV 계획이 지역 주민에게 사전 고지 없이 진행된 것으로 파악됩니다. 보행자 안전을 위한 설치 근거와 기존 단속 데이터를 요청하오니 공개하여 주시기 바랍니다.,공개,6
2022-02-26,빛솔시 아람구 안전총괄과,FOI-2022-01028,해솔문화광장 주변 단속 이력 및 노인 안전 개선 근거 공개 청구 (1028호),해솔문화광장을 자주 찾는 고령 주민들 사이에서 단속 방식에 대한 불안감이 확산되고 있습니다. 최근 단속 처리 이력과 단속 근거가 되는 안전 평가 자료를 요청하오니 투명한 안내를 부탁드립니다.,부분공개,9
2023-08-23,온빛시 교통행정과,FOI-2023-01029,라온체육센터 주변 과속 방지를 위한 신호 체계 변경 이력 공개 청구 (1029호),라온체육센터 주변 도로의 차량 속도가 높아지고 있다는 민원이 다수 제기되고 있습니다. 과속 억제를 위한 신호 체계 변경 이력과 조치 결과를 요청하오니 공개하여 주시기 바랍니다.,공개,17
2022-06-19,세움시 맑은구 안전총괄과,FOI-2022-01030,한울초 주변 통학로 보행 신호 체계 보완 이력 공개 청구 (1030호),한울초 주변 통학로에서 통학 시간 전후 보행 신호 체계가 충분히 안전하지 않다는 학부모 의견이 있습니다. 신호 체계 보완 이력과 기존 민원 대응 결과를 요청하오니 투명한 안내를 부탁드립니다.,비공개,11
2022-09-17,가람시 열린구 교통행정과,FOI-2022-01031,도담천 산책로 신호 체계 고장 및 수리 기록 공개 청구 (1031호),도담천 산책로를 이용하는 과정에서 신호 체계가 비정상적으로 작동하는 사례를 확인한 바 있습니다. 최근 고장 발생 및 수리 이력을 요청하오니 안전 점검 결과와 대응 과정을 알려주시기 바랍니다.,공개,2
2023-01-26,예담시 늘품구 안전총괄과,FOI-2023-01032,샘물동 생활권 과속 단속 카메라 설치 및 운용 기준 공개 청구 (1032호),샘물동 생활권의 특정 구간에 과속 단속 카메라가 설치된 것으로 확인됩니다. 해당 카메라의 설치 근거가 되는 속도 위반 데이터와 운용 기준이 되는 규정 자료 공개를 요청드립니다.,부분공개,8
2022-03-04,온빛시 안전총괄과,FOI-2022-01033,새빛시장 주변 주정차 단속 기준 및 처리 기간 공개 청구 (1033호),새빛시장 주변 상가 밀집 구간에서 주정차 단속 빈도가 급격히 높아지면서 지역 상인들 사이에 경영 불안이 확산되고 있습니다. 단속 기준이 되는 규정과 처리 기간 기준을 요청하오니 명확한 안내를 부탁드립니다.,부분공개,6
2023-05-30,세움시 맑은구 안전총괄과,FOI-2023-01034,푸른마루 교차로 신호 체계 변경 이력 및 기술적 근거 공개 청구 (1034호),푸른마루 교차로의 신호 체계가 변경된 뒤 교통 흐름이 급격히 변화한 것으로 체감됩니다. 체계 변경의 기술적 근거와 예상 효과를 정리한 자료를 요청하오니 공개하여 주시기 바랍니다.,부분공개,4
2023-04-07,미래군 교통행정과,FOI-2023-01035,누리버스 정류장 단속 카메라 설치 및 활용 현황 공개 청구 (1035호),누리버스 정류장 인근에 단속 카메라가 설치되어 운수 이용객들의 주차 패턴 변화가 나타나고 있습니다. 카메라 설치 허가 및 활용 현황을 요청하오니 안내하여 주시기 바랍니다.,공개,5
2024-08-05,세움시 맑은구 안전총괄과,FOI-2024-01036,새봄역 환승구역 주정차 제한 구간 변경 이력 공개 청구 (1036호),새봄역 환승구역 주변의 주정차 제한 구간이 이전된 후 해당 지역을 이용하는 재 현장에 불편이 발생하고 있습니다. 제한 구간 변경 이력과 영향 평가 자료를 요청하오니 공개하여 주시기 바랍니다.,부존재,16
2023-07-27,온빛시 교통행정과,FOI-2023-01037,열린마을 공원 주변 무단횡단 단속 처리 현황 공개 청구 (1037호),열린마을 공원 주변에서 무단횡단 단속이 강화된 것으로 확인됩니다. 단속 처리 현황과 단속 근거가 되는 안전 평가 자료를 요청하오니 공개하여 주시기 바랍니다.,부분공개,15
2023-12-06,여울시 단비구 교통행정과,FOI-2023-01038,가온로 보행구간 단속 구역 확대 계획 입안 배경 공개 청구 (1038호),가온로 보행구간에 단속 구역이 확대될 것이라는 안내가 있었으나 구체적 입안 배경이 공개되지 않았습니다. 확대 계획 입안 배경과 주민 참여 기회를 요청하오니 안내하여 주시기 바랍니다.,부분공개,14
2025-03-19,미래군 안전총괄과,FOI-2025-01039,해솔문화광장 주변 단속 처리 공정한 근거 공개 청구 (1039호),해솔문화광장 주변에서 단속이 이루어지고 있으나 단속 대상과 처리 방식에 대한 불균형이 의심됩니다. 단속 공정한 근거와 처리 기간에 대한 안내를 요청하오니 명확히 알려주시기 바랍니다.,부분공개,8
2025-06-17,세움시 맑은구 교통행정과,FOI-2025-01040,한들동 생활권 단속 이력 및 민원 처리 결과 공개 청구 (1040호),한들동 생활권에서 단속 관련 민원을 제기한 뒤 구체적인 처리 결과를 알지 못해 불안감을 느끼고 있습니다. 단속 이력과 민원 처리 결과를 요청하오니 공개하여 주시기 바랍니다.,공개,20
2022-09-03,라온군 안전총괄과,FOI-2022-01041,미르로 교차로 신호 체계 변경 근거 및 노인 이동권 보장 계획 공개 청구 (1041호),미르로 교차로의 신호 체계가 고령 보행자 이용에 불편을 주는 방식으로 변경된 것으로 파악됩니다. 체계 변경의 기술적 근거와 노인 이동권 보장 계획을 요청하오니 공개하여 주시기 바랍니다.,공개,17
2025-01-28,미래군 안전총괄과,FOI-2025-01042,새빛시장 주변 주정차 단속이 지역 경제에 미치는 영향 공개 청구 (1042호),새빛시장 주변 주정차 단속이 지역 경제주민 생활에 미치는 영향을 파악할 필요가 있습니다. 단속 전후 변화 데이터와 불편 개선 조치를 요청하오니 공개하여 주시기 바랍니다.,비공개,13
2024-04-12,너울시 물빛구 안전총괄과,FOI-2024-01043,한울초 주변 통학로 과속 단속 강화 계획 및 학부모 안전 요구 공개 청구 (1043호),한울초 주변 통학로에서 초등학생들의 안전을 위해 과속 단속이 강화되어야 한다는 학부모 의견이 있습니다. 단속 강화 계획과 학부모 안전 요구 사항 반영 현황을 요청하오니 안내하여 주시기 바랍니다.,공개,8
2023-04-17,가람시 열린구 교통행정과,FOI-2023-01044,빛솔광장 일대 단속 현황 및 개선 이력 공개 청구 (1044호),빛솔광장 일대에서 이루어지는 단속의 현황과 개선 이력이 지역에 혼란을 주고 있습니다. 단속 현황과 개선 이력을 요청하오니 투명한 안내를 부탁드립니다.,공개,7
2023-09-27,너울시 물빛구 교통행정과,FOI-2023-01045,한울초 주변 통학로 과속 단속 강화 계획 세부 근거 공개 청구 (1045호),한울초 주변 통학로에서 어린이 보호를 위한 과속 단속 강화 계획이 수립된 것으로 파악됩니다. 계획의 세부 근거와 집행 일정을 요청하오니 공개하여 주시기 바랍니다.,공개,13
2022-07-26,새봄시 한울구 교통행정과,FOI-2022-01046,도담천 산책로 주변 주정차 단속 현황 및 처리 결과 공개 청구 (1046호),도담천 산책로 주변에서 주정차 관련 단속이 이루어지고 있으나 처리 결과가 안내되지 않아 불만을 느끼는 주민이 많습니다. 단속 현황 및 처리 결과를 요청하오니 공개하여 주시기 바랍니다.,부분공개,19
2025-08-28,라온군 안전총괄과,FOI-2025-01047,누리버스 정류장 주변 단속 처리 결과 및 개선 방안 공개 청구 (1047호),누리버스 정류장 주변 단속 후 처리 결과가 불투명하게 안내되어 이용객들의 불만이 증가하고 있습니다. 처리 결과와 개선 방안을 요청하오니 명확한 안내를 부탁드립니다.,공개,8
2025-12-11,빛솔시 아람구 안전총괄과,FOI-2025-01048,미르로 교차로 보행자 신호 체계 및 단속 현황 공개 청구 (1048호),미르로 교차로에서 보행자 신호 체계가 변경된 후 단속이 이루어지고 있으나 체계와 단속 현황이 명확하지 않습니다. 보행자 신호 체계 운영 현황과 단속 현황을 요청하오니 공개하여 주시기 바랍니다.,부분공개,20
2022-01-25,여울시 단비구 교통행정과,FOI-2022-01049,도담천 산책로 주정차 단속 처리 결과 공개 청구 (1049호),도담천 산책로 주변 주정차 단속 후 처리 결과가 공지되지 않아 개선 효과가 확인되지 않고 있습니다. 처리 결과와 향후 개선 방안을 요청하오니 안내하여 주시기 바랍니다.,부분공개,12
2022-04-17,미래군 교통행정과,FOI-2022-01050,한울초 주변 통학로 과속 단속 강화 계획 공개 청구 (1050호),한울초 주변 통학로의 초등학생 안전을 위해 과속 단속 강화 계획이 필요하다는 의견이 부모들 사이에서 확산되고 있습니다. 강화 계획의 수립 배경과 추진 일정을 요청하오니 공개하여 주시기 바랍니다.,부분공개,15
2022-10-04,가람시 열린구 도시계획과,FOI-2022-01051,가온로 보행구간 불법 구조물 철거 요청 (1051호),근처 보행로에 철골 구조물이 무단 설치되어 통행에 불편을 겪고 있습니다. 최근 새빛시장 주변 상가를 이용하는 손님들 사이에서도 안전 문제가 거론되고 있습니다. 해당 구간 구조물 설치 승인 여부와 철거 계획이 있는지 알려주시기 바랍니다.,공개,20
2022-12-07,가람시 열린구 건축허가과,FOI-2022-01052,누리버스 정류장 주변 불법 건축물 안전 점검 결과 (1052호),출퇴근길에 이용하는 버스정류장 인근에 미신고 임시 건축물이 계속 증축되고 있어 안전이 걱정됩니다. 해당 정류장 반경 50미터 이내 건축물 안전 점검 결과와 적법 절차 이행 여부를 확인하고 싶습니다.,공개,8
2022-06-07,여울시 단비구 건축허가과,FOI-2022-01053,샘물동 생활권 불법 건축물 유형별 현황 보고 (1053호),"주거지 주변 불법 건축물이 반복적으로 신고되지만 근절이 이루어지지 않고 있습니다. 최근 1년간 샘물동 생활권에서 접수된 불법 건축물 신고 건수, 유형별 처리 현황 및 향후 단속 계획을 구체적으로 알려주시기 바랍니다.",공개,3
2024-09-11,예담시 늘품구 건축허가과,FOI-2024-01054,한들동 생활권 공동주택 신축현황 및 건축허가 대장 (1054호),"주거지에 새 아파트 공사가 진행 중인데 과정에서 소음과 진동이 심해 거주 환경에 영향을 받고 있습니다. 해당 부지의 건축허가 신청일, 승인일, 확인일과 관련 대장 정보를 알려주시기 바랍니다.",비공개,16
2024-05-14,여울시 단비구 도시계획과,FOI-2024-01055,미래복합센터 인근 도시가스 배관 공사 승인 서류 (1055호),공동주택 단지에 도시가스 배관 공사가 최근 완료되었는데 품질이 의심스럽습니다. 해당 공사에 사용된 자재 시험성적서와 검사 기록을 확인하고 싶습니다.,비공개,7
2023-03-05,누리시 바른구 도시계획과,FOI-2023-01056,미래복합센터 인근 상가 신축허가 심사자료 (1056호),근린생활시설 건축 허가 심사 과정에서 사업자가 제출한 설계 도서와 대지 위치도가 필요합니다. 현재 행정 처리 진행 상황을 함께 안내해 주시기 바랍니다.,부분공개,9
2022-10-01,예담시 늘품구 도시계획과,FOI-2022-01057,미래복합센터 인근 지하주차장 건축허가 대지 위치도 (1057호),복합센터 인근 지하주차장 신축 현장에서 공사 중 인접 도로 일부가 폐쇄되어 통행 불편이 발생하고 있습니다. 해당 건축허가 대지 위치도와 관련 대장 정보를 제공하고 있는지 확인 요청드립니다.,부분공개,1
2023-12-15,빛솔시 아람구 건축허가과,FOI-2023-01058,미래복합센터 인근 공동주택 현장 안전 관리 현황 (1058호),공동주택 현장 과정에서 지적된 안전 관리 미흡 사항과 이에 대한 개선 조치 내용을 알고 싶습니다. 해당 현장의 정기 안전 점검 결과와 조치 현황을 상세히 알려주시기 바랍니다.,부분공개,20
2022-05-22,세움시 맑은구 도시계획과,FOI-2022-01059,미래복합센터 인근 건축허가 심사대장 조회 요청 (1059호),건축허가 심사대장에는 허가 조건과 이행 사항이 기재되어 있을 것으로 파악됩니다. 해당 건축물의 허가 조건 이행 여부를 확인하기 위해 심사대장 열람이 필요한 상황입니다.,부분공개,1
2024-05-03,가람시 새빛구 도시계획과,FOI-2024-01060,미래복합센터 인근 지구단위계획 결정 고시 및 이행 현황 (1060호),해당 지역의 지구단위계획 결정 고시 내용과 현재까지의 이행 현황이 어떻게 되고 있는지 구체적으로 알고 싶습니다. 향후 계획 변경 가능성이 있는지도 함께 알려주시기 바랍니다.,비공개,1
2022-02-28,가람시 열린구 도시계획과,FOI-2022-01061,도담천 산책로 불법 건축물 신고 접수 및 처리 현황 (1061호),산책로 변에 설치된 무허가 철골 구조물이 지난 몇 달간 방치되고 있어 미관과 안전 양 측면에서 문제가 되고 있습니다. 해당 신고 접수 경위와 처리 진행 상황을 자세히 알려주시기 바랍니다.,부존재,14
2023-09-11,온빛시 도시계획과,FOI-2023-01062,도담천 산책로 불법건축물 유형별 단속 현황 (1062호),"산책로 주변에서 반복적으로 발생하는 불법 건축물 유형이 무엇인지, 유형별 단속 및 처리 현황이 어떻게 되고 있는지 알고 싶습니다. 향후 예방을 위한 계획도 함께 알려주시기 바랍니다.",부분공개,15
2025-11-27,누리시 바른구 건축허가과,FOI-2025-01063,도담천 산책로 불법건축물 안전점검결과 및 행정처분 현황 (1063호),산책로 근처에 설치된 임시 건축물 안전성이 우려되어 점검을 요청한 바 있습니다. 점검 결과와 이에 따른 행정처분 내용을 구체적으로 알려주시기 바랍니다.,비공개,3
2023-04-02,가람시 새빛구 건축허가과,FOI-2023-01064,도담천 산책로 접근성 영향평가 결과 (1064호),산책로 주변 새로운 건축 공사로 통행로가 변경되었는데 장애인 및 접근성에 미치는 영향이 걱정됩니다. 해당 건축 사업에 대한 접근성 영향평가 결과가 있는지 확인 요청드립니다.,부분공개,13
2023-10-29,새봄시 한울구 도시계획과,FOI-2023-01065,도담천 산책로 인접 건축물 용도변경 적법성 검토 요청 (1065호),산책로 바로 옆 건물에서 용도변경 공사 후 주변 환경이 변화했습니다. 해당 건물의 용도변경 허가 여부와 적법성 여부를 확인하고 싶습니다.,부분공개,2
2024-09-22,가람시 열린구 도시계획과,FOI-2024-01066,한울초 주변 통학로 진입도로 확충 계획 (1066호),초등학교 통학로 주변 불법 건축물이 그대로 방치되어 어린아이들 안전이 걱정됩니다. 해당 구간의 불법 건축물 철거 계획과 통학로 진입도로 확충 계획이 있는지 알려주시기 바랍니다.,비공개,2
2025-12-23,미래군 도시계획과,FOI-2025-01067,한울초 주변 통학로 불법건축물 위험도 평가결과 (1067호),통학로에 인접한 오래된 건물 일부가 위험 상태로 방치되고 있는 것으로 파악됩니다. 해당 건물의 불법 건축물 위험도 평가 결과와 철거 조치 예정일을 알고 싶습니다.,비공개,6
2024-05-05,라온군 도시계획과,FOI-2024-01068,새빛시장 주변 임시구조물 설치허가 심사자료 (1068호),시장 주변에 설치된 임시 판매 부스가 허가 없이 설치된 것으로 의심됩니다. 해당 임시 구조물의 설치 허가 신청 및 심사 자료가 있는지 확인 요청드립니다.,부분공개,3
2024-10-27,해솔시 건축허가과,FOI-2024-01069,새빛시장 주변 상가신축허가 설계도서 (1069호),시장 주변 상가 신축 공사가 진행 중인데 방식이 건축기준에 맞는지 설계 도서를 직접 확인해 보고 싶습니다. 허가된 설계도서 열람이 가능한지 확인 요청드립니다.,부분공개,18
2024-05-23,가람시 새빛구 건축허가과,FOI-2024-01070,새빛시장 주변 불법건축물 집중단속 계획 (1070호),"시장 주변 상가들 사이에서 무허가 증축과이 반복되고 있어 주변 환경과 안전에 문제이 kickstarter습니다. 시장 주변 불법 건축물 집중단속 계획이 있는지, 현재까지 실시된 단속 결과를 알려주시기 바랍니다.",공개,19
2025-04-07,도담군 도시계획과,FOI-2025-01071,해솔문화광장 불법 축조물 철거 및 재축조 방지계획 (1071호),공원 내에 설치된 무허가 축조물이 철거 후 다시 재축조되는 사례가 발생하고 있습니다. 재발 방지를 위한 제도적 방안과 향후 구체적 방지계획이 있는지 알려주시기 바랍니다.,공개,12
2022-07-09,세움시 맑은구 건축허가과,FOI-2022-01072,해솔문화광장 부지 활용계획 및 건축허가 현황 (1072호),공원 부지의 향후 활용 계획과 관련 건축 허가 현황이 어떻게 되는지 알고 싶습니다. 부지 내 설치 가능한 시설 기준과 허가 절차도 함께 안내해 주시기 바랍니다.,공개,5
2022-06-27,세움시 맑은구 도시계획과,FOI-2022-01073,가람공공청사 주변 건축물 용도변경 허가 현황 (1073호),공공청사 주변 건물 중 용도변경 공사가 진행된 것으로 파악됩니다. 해당 건물들의 용도변경 허가 여부와 적법성 여부를 확인하고 싶습니다.,공개,6
2022-12-18,빛솔시 아람구 도시계획과,FOI-2022-01074,가람공공청사 주변 도시계획시설 결정 고시 속성 (1074호),공공청사 주변의 도시계획시설 결정 고시 내용과 해당 시설의 설치 현황이 어떻게 되고 있는지 알고 싶습니다. 향후 계획 변경 가능 여부도 함께 안내해 주시기 바랍니다.,공개,1
2022-05-29,온빛시 건축허가과,FOI-2022-01075,가람공공청사 주변 건축허가 현황 및 인허가 일자 (1075호),공공청사 주변 최근 2년간허가 인허가 건수와 주요 인허가 일자를 알고 싶습니다. 인허가된 건축물의 주요 용도별 분류도 함께 알려주시기 바랍니다.,부분공개,5
2024-06-07,온빛시 환경위생과,FOI-2024-01076,전직 기계 조작원 직업재활서비스 참여 가능 여부 확인 요청 (1076호),"전 직장에서 장시간 기계 조작 업무를 수행한 경력이 있습니다. 현재 재취업을 준비하면서 직업재활서비스 참여 가능 여부와 참여 조건, 지원 내용을 알고 싶습니다. 장년 재취업 지원와 의 연결 가능성도 함께 확인 부탁드립니다.",공개,4
2024-11-15,새봄시 한울구 환경위생과,FOI-2024-01077,부양 가족 대상 건강검진 지원 제도 및 신청 절차 확인 (1077호),"정보 시스템 운영자로 소득이 낮아 아버지를 부양하고 있습니다. 아버지의 건강검진 지원 제도와 신청 방법, 수검 기관 확인 절차를 알고 싶습니다. 아버지 건강검진 지원금 상한과 본인부담금 감면 조건도 함께 확인 부탁드립니다.",공개,6
2024-06-21,가람시 열린구 환경위생과,FOI-2024-01078,가족 돌봄 관련 고용지원금 제도 및 지원 조건 확인 (1078호),"어머니를 부양하며 가족 돌봄휴가 활용 가능 여부와 고용지원금 신청 조건, 지원 금액을 알고 싶습니다. 가족 돌봄 관련 고용지원금 지급 요건과 신청 기한, 소명 서류 준비 방법도 함께 안내 부탁드립니다.",공개,2
2025-05-09,미래군 안전총괄과,FOI-2025-01079,혼례식장 근로자 산업안전보건교육 의무 이수 여부 확인 (1079호),혼례 종사원으로 매일 혼례식장에서 근무합니다. 혼례식장 근로자 대상 산업안전보건교육 의무 이수 여부와 관련 서류 발급 절차를 알고 싶습니다. 산업안전보건교육 미이수 시 준수사항과 행정 제재 여부도 함께 확인 부탁드립니다.,공개,17
2022-06-26,해솔시 환경위생과,FOI-2022-01080,혼례 종사원 대상 고용안정 지원 및 구직활동 지원금 확인 (1080호),"혼례식장 근로자로 고용이 불안정합니다. 혼례 종사원 대상 고용안정 지원 제도와 구직활동 지원금 신청 조건, 지원 금액을 알고 싶습니다. 직업능력개발.circular 참여 비용 지원 규모와 경력인정 기준도 함께 확인 부탁드립니다.",부분공개,8
2024-10-28,누리시 바른구 환경위생과,FOI-2024-01081,샘물동 생활권 배출시설 악취 및 대기오염 물질 농도 측정 결과 (1081호),"다세대주택에 거주하며 배출시설에서 악취가 지속적으로 풍겨 대기오염이 걱정됩니다. 해당 배출시설에서 발생하는 악취 물질 종류와 농도, 대기오염 물질 농도 측정 결과를 알고 싶습니다. 배출시설 설치 허가 조건과 악취 방지 시설 설치 현황도 확인 부탁드립니다.",공개,9
2023-09-09,해솔시 안전총괄과,FOI-2023-01082,새빛시장 주변 음식물 쓰레기 악취 및 공해 물질 농도 측정 결과 (1082호),"아파트에 거주하며 새빛시장 주변 음식물 쓰레기 악취가 심해 호흡기 건강이 걱정됩니다. 해당 지역 음식물 쓰레기 처리 현황과 악취 물질 농도, 공해 물질 농도 측정 결과를 알고 싶습니다. 음식물 쓰레기 처리시설 악취 방지 시설 설치 현황과 개선 계획도 확인 부탁드립니다.",부분공개,20
2025-03-26,가람시 새빛구 환경위생과,FOI-2025-01083,누리버스 정류장 일대 대형화물차량 야간 소음·진동 영향 (1083호),"아파트에 거주하며 누리버스 정류장 일대에서 대형화물차량이 밤에 지나가면서 소음과 진동이 심합니다. 해당 구간 대형화물차량 현황과 소음·진동 측정 결과, 환경기준 초과 여부를 알고 싶습니다. 관련 교통 규제 강화 내용과 단속 계획도 확인 부탁드립니다.",부분공개,9
2024-05-01,가람시 새빛구 환경위생과,FOI-2024-01084,도담천 산책로 일대 야적장 소음 실태 및 방지 시설 현황 (1084호),"도담천 산책로 일대에 야적장이 설치되어 소음이 지속적으로 발생합니다. 해당 야적장 현황과 소음 실태, 소음 방지 시설 설치 현황을 알고 싶습니다. 야적장 소음 허용 기준과 민원 처리 결과, 향후 개선 계획도 확인 부탁드립니다.",공개,10
2024-08-31,가람시 새빛구 환경위생과,FOI-2024-01085,새봄역 환승구역 일대 음악Practice실 bass음 아파트 소음 민원 (1085호),새봄역 환승구역 근처 아파트에 거주하며 인근 음악Practice실에서 bass음이 심하게 울려 주변이 소음에 시달리고 있습니다. 해당 음악Practice실bass음 수준 측정 결과와 아파트 소음 허용 기준 초과 여부를 알고 싶습니다. 민원 처리 경과와 향후 관리 계획도 확인 부탁드립니다.,공개,20
2024-12-06,가람시 새빛구 안전총괄과,FOI-2024-01086,미르로 교차로 일대 대형화물차량 야간 소음·진동 영향 (1086호),"미르로 교차로 일대에서 대형화물차량이 밤에 지나가면서 소음과 진동이 심합니다. 해당 구간 대형화물차량 현황과 소음·진동 측정 결과, 환경기준 초과 여부를 알고 싶습니다. 관련 교통 규제 강화 내용과 단속 계획도 확인 부탁드립니다.",공개,9
2025-01-14,도담군 안전총괄과,FOI-2025-01087,한울초 주변 통학로 일대 공사장 소음·분진 영향 및 규제 강화 (1087호),한울초 주변 통학로 일대에 공사장이 있어 아이들이 공사장 소음과 분진에 노출되고 있습니다. 해당 공사장 소음·분진 측정 결과와 허용 기준 초과 여부를 알고 싶습니다. 공사장 소음·분진 관련 규제 강화 내용과 안전 조치 계획도 확인 부탁드립니다.,부분공개,12
2024-12-13,도담군 안전총괄과,FOI-2024-01088,미래복합센터 인근 산업체 소각 야간가동 악취 영향 (1088호),미래복합센터 인근 산업체에서 소각가 밤에 가동하면서 악취가 퍼져 호흡기 건강이 걱정됩니다. 해당 산업체 소각 야간가동 현황과 악취 물질 농도 측정 결과를 알고 싶습니다. 소각 가동 시간 제한 규정과 악취 방지 조치 계획도 확인 부탁드립니다.,부분공개,12
2024-12-17,세움시 맑은구 안전총괄과,FOI-2024-01089,맑은마을 커뮤니티센터 주변 음식물처리시설 악취 방지 시설 현황 (1089호),"맑은마을 커뮤니티센터 주변 음식물처리시설에서 악취가 지속적으로 풍겨 인근 주민이 불편을 겪고 있습니다. 해당 시설 악취 방지 시설 설치 현황과 운영 현황, 악취 물질 농도 측정 결과를 알고 싶습니다. 민원 처리 결과와 향후 개선 계획도 확인 부탁드립니다.",공개,7
2025-07-15,새봄시 한울구 안전총괄과,FOI-2025-01090,푸른마루 교차로 주변 포장공사 소음 수준 및 허용 기준 준수 여부 (1090호),"푸른마루 교차로 주변에서 포장공사가 진행 중이며 소음이 심합니다. 해당 공사 소음 수준과 허용 기준 초과 여부를 알고 싶습니다. 포장공사 시간 제한 규정과 소음 방지 조치 계획, 민원 처리 결과도 확인 부탁드립니다.",부분공개,1
2024-08-19,해솔시 환경위생과,FOI-2024-01091,온빛도서관 앞 도로 교통소음 측정 결과 및 환경기준 초과 여부 (1091호),온빛도서관 앞 도로에서 교통량이 많아 교통소음이 심합니다. 해당 구간 교통소음 측정 결과와 환경기준 초과 여부를 알고 싶습니다. 교통소음 방지 조치 계획과 도로 주민 불편 해소 방안도 확인 부탁드립니다.,부분공개,2
2024-10-12,도담군 안전총괄과,FOI-2024-01092,가람공공청사 주변 공원 새벽주민건강체조 음악 소음 민원 처리 결과 (1092호),"가람공공청사 주변 공원에서 새벽에 주민 건강체조 음악이 울려 아파트 주민이 소음 피해를 겪고 있습니다. 해당 공원 새벽음악 소음 수준 측정 결과와 허용 기준 초과 여부를 알고 싶습니다. 민원 처리 결과와 향후 관리 계획, 활동 시간 제한 규정도 확인 부탁드립니다.",공개,6
2024-09-26,해솔시 환경위생과,FOI-2024-01093,한들동 생활권 공장 야간 작업 대기오염 물질 농도 증가 (1093호),"한들동 생활권에 공장이 있어 밤에 공장으로 대기오염 물질 농도가 증가하는 것 같습니다. 해당 공장 야간 현황과 대기오염 물질 농도 측정 결과를 알고 싶습니다. 공장 대기오염 물질 배출 기준과 행정 지도 내용, 준수 여부도 확인 부탁드립니다.",부분공개,6
2024-01-13,도담군 안전총괄과,FOI-2024-01094,너울천 산책로 일대 야적장 분진 및 악취 농도가 학교에 미치는 영향 (1094호),너울천 산책로 일대에 야적장이 설치되어 분진과 악취가 주변 학교에 영향을 미치고 있습니다. 해당 야적장 분진 및 악취 농도 측정 결과와 학교 환경への 평가를 알고 싶습니다. 야적장 분진 및 악취 방지 시설 설치 현황과 민원 처리 결과도 확인 부탁드립니다.,공개,17
2024-10-09,너울시 물빛구 안전총괄과,FOI-2024-01095,라온체육센터 주변 운동시설 소음 수준 및 방지 시설 현황 (1095호),"라온체육센터 주변 운동시설에서 새벽부터 소음이 발생하여 아파트 주민이 피해를 겪고 있습니다. 해당 운동시설 소음 수준 측정 결과와 허용 기준 초과 여부를 알고 싶습니다. 소음 방지 시설 설치 현황과 민원 처리 결과, 향후 관리 계획도 확인 부탁드립니다.",공개,19
2023-04-25,해솔시 환경위생과,FOI-2023-01096,온빛도서관 앞 환경오염·소음 민원 관련 자료 공개 청구 43-0 (1096호),온빛도서관 앞 일대의 환경오염·소음 민원 업무와 관련하여 올해 상반기 처리된 문서와 집행 내역 일체를 공개하여 주시기 바랍니다. 항목별 세부 내역과 근거 서류를 포함해 주세요.,공개,3
2025-12-18,라온군 환경위생과,FOI-2025-01097,해솔문화광장 환경오염·소음 민원 관련 자료 공개 청구 43-1 (1097호),해솔문화광장 일대의 환경오염·소음 민원 업무와 관련하여 2024년 한 해 처리된 문서와 집행 내역 일체를 공개하여 주시기 바랍니다. 항목별 세부 내역과 근거 서류를 포함해 주세요.,부분공개,2
2024-03-31,세움시 맑은구 안전총괄과,FOI-2024-01098,한울초 주변 통학로 환경오염·소음 민원 관련 자료 공개 청구 43-2 (1098호),한울초 주변 통학로 일대의 환경오염·소음 민원 업무와 관련하여 최근 6개월간 처리된 문서와 집행 내역 일체를 공개하여 주시기 바랍니다. 항목별 세부 내역과 근거 서류를 포함해 주세요.,비공개,13
2023-09-10,가람시 열린구 안전총괄과,FOI-2023-01099,세움산업단지 입구 환경오염·소음 민원 관련 자료 공개 청구 43-3 (1099호),세움산업단지 입구 일대의 환경오염·소음 민원 업무와 관련하여 최근 6개월간 처리된 문서와 집행 내역 일체를 공개하여 주시기 바랍니다. 항목별 세부 내역과 근거 서류를 포함해 주세요.,공개,5
2024-04-08,도담군 환경위생과,FOI-2024-01100,새빛시장 주변 환경오염·소음 민원 관련 자료 공개 청구 43-4 (1100호),새빛시장 주변 일대의 환경오염·소음 민원 업무와 관련하여 2023년부터 현재까지 처리된 문서와 집행 내역 일체를 공개하여 주시기 바랍니다. 항목별 세부 내역과 근거 서류를 포함해 주세요.,부분공개,4
2025-05-13,미래군 복지정책과,FOI-2025-01101,새빛시장 주변 상가 임대차 보호 관련 정보 요청 (1101호),"배우자와 어머니, 자녀와 아파트에서 거주하며 대리석 부착원으로 일하고 있습니다. 새빛시장 주변에서 상가 임차를 고려 중인데, 임대차 보호 조항과 분쟁 해결 절차, 최근 3년간 임대차 관련 민원 처리 현황을 알고 싶습니다.",공개,7
2022-06-05,온빛시 복지정책과,FOI-2022-01102,새벽시장 주변 노점상 단속 기준 및 창업 지원금 정보 (1102호),"대리석 부착원으로 새벽시장 주변 노점 출점을 검토하고 있습니다. 현재 시행 중인 단속 기준과 단속 시간대, 신규 창업자 지원금 지급 현황 및 신청 자격 요건을 구체적으로 알고 싶습니다.",부분공개,9
2024-07-22,해솔시 복지정책과,FOI-2024-01103,해솔문화광장 재개발 구간 환경영향평가 자료 요청 (1103호),"대리석 공사 수주를 위해 해솔문화광장 재개발 예정 구간 정보를 필요로 합니다. 해당 구간의 환경영향평가 결과와 공사 일정, 배수 시설 관련 공사 계획이 있는지 확인 부탁드립니다.",공개,20
2023-07-17,해솔시 재무회계과,FOI-2023-01104,배달앱 수수료 감면 정책 시행 기간 및 지원 금액 (1104호),"아파트에서 가족과 거주하며 대리석 부착원으로 일하고 있습니다. 배달앱 수수료 감면 정책의 현재 시행 기간과 지원 금액 상한, 신청 방법 및 지급 일정에 대해 구체적으로 알고 싶습니다.",비공개,9
2022-06-20,누리시 바른구 재무회계과,FOI-2022-01105,푸른마루 교차로 일대 상가 공실률 및 임대차 동향 (1105호),"배우자와 어머니, 자녀와 아파트에서 거주하며 대리석 부착원으로 일하고 있습니다. 푸른마루 교차로 주변 상가 공실률 현황과 최근 2년간 임대차 동향, 해당 지역 상가 지원금 지급 내역을 알고 싶습니다.",공개,17
2025-09-23,예담시 늘품구 복지정책과,FOI-2025-01106,누리버스 정류장 주변 공공근로 지원금 집행 내역 (1106호),"전직 공군 병사로 현재 구직중이며 부모님과 아파트에서 동거하고 있습니다. 누리버스 정류장 주변 공공근로 프로그램 지원금 지급 현황,수, 급여 수준, 참여 가능 기간에 대해 알고 싶습니다.",부분공개,16
2024-12-02,누리시 바른구 재무회계과,FOI-2024-01107,열린마을 공원 일대 직업훈련 과정 운영 현황 (1107호),"전직 공군 병사로 현재 구직중이며 부모님과 아파트에서 동거하고 있습니다. 열린마을 공원 주변에서 수행하는 직업훈련 과정 종류, 수료 후 취업 연계율, 참여자 선정 기준 및 현재 신청 경쟁률을 구체적으로 확인하고 싶습니다.",부분공개,12
2024-06-21,세움시 맑은구 재무회계과,FOI-2024-01108,미래복합센터 인근 청년 실업자 지원 프로그램 현황 (1108호),"전직 공군 병사로 현재 구직중이며 부모님과 아파트에서 동거하고 있습니다. 미래복합센터 인근에서 운영되는 청년 실업자 대상 지원 프로그램 종류, 신청 자격 요건, 현재 참여 가능 인원, 선정 심사 기준에 대해 알고 싶습니다.",부존재,14
2024-03-25,온빛시 재무회계과,FOI-2024-01109,새봄역 환승구역 프로그램 참여 조건 (1109호),"전직 공군 병사로 현재 구직중이며 부모님과 아파트에서 동거하고 있습니다. 새봄역 환승구역 주변에서 수행하는 산업 현장맞춤형 교육 과정 운영 현황, 수료 후 취업 연계율, 참여자 선정 기준 및 현재 신청 경쟁률을 확인하고 싶습니다.",공개,1
2023-07-10,가람시 새빛구 복지정책과,FOI-2023-01110,가온로 보행구간 일대 상가 공실률 및 임대료 추이 (1110호),"부모님과 아파트에서 동거하며 디자인 관련 관리자로 일하고 있습니다. 가온로 보행구간 일대 상가 공실률 현황과 최근 2년간 임대료 추이, 해당 지역 상가 지원금 지급 내역을 구체적으로 확인하고 싶습니다.",공개,8
2022-05-25,빛솔시 아람구 재무회계과,FOI-2022-01111,문화행사 유치 지원금 신청 절차 및 지급 현황 (1111호),"디자인 관련 관리자로 일하며 부모님과 아파트에서 동거하고 있습니다. 문화행사 유치 지원금의 신청 절차와 현재 지급 현황, 최근 2년간 유치된 행사 수 및 지원금 총액에 대해 알고 싶습니다.",부분공개,18
2025-08-27,온빛시 재무회계과,FOI-2025-01112,라온체육센터 주변 직원 복지 프로그램 운영 현황 (1112호),"부모님과 아파트에서 동거하며 디자인 관련 관리자로 일하고 있습니다. 라온체육센터 주변 사업장에서 운영되는 직원 복지 프로그램 종류와 참여율, 연간 예산 배분 비율에 대해 구체적으로 알고 싶습니다.",부분공개,11
2022-07-11,가람시 새빛구 복지정책과,FOI-2022-01113,한울초 주변 통학로 교통안전 시설 설치 현황 (1113호),"배우자와 자녀와 아파트에서 거주하며 산업용 기계장비 기술 영업원으로 일하고 있습니다. 한울초 주변 통학로의 교통안전 시설 현황과 최근 3년간 어린이 보호 구역 개선 내역, 교통사고 발생 현황을 알고 싶습니다.",부분공개,16
2025-05-17,누리시 바른구 복지정책과,FOI-2025-01114,누리버스 정류장 주변 아동돌봄교실 운영 현황 (1114호),"배우자와 자녀와 아파트에서 거주하며 산업용 기계장비 기술 영업원으로 일하고 있습니다. 누리버스 정류장 주변 지역 아동 대상 방과후돌봄교실 운영 현황, 운영 인원, 운영비 집행 내역 및 지원금 지급 현황에 대해 확인하고 싶습니다.",부분공개,15
2022-11-28,예담시 늘품구 재무회계과,FOI-2022-01115,가람공공청사 주변 유치원비 지원금 지급 현황 (1115호),"배우자와 자녀와 아파트에서 거주하며 산업용 기계장비 기술 영업원으로 일하고 있습니다. 가람공공청사 주변 유치원비 지원금 지급 대상 선정 기준, 지원을 받은 아동 수, 지원금 규모에 대해 구체적으로 알고 싶습니다.",공개,1
2025-02-04,해솔시 복지정책과,FOI-2025-01116,미르로 교차로 주변 다문화가정 지원 프로그램 운영 현황 (1116호),"배우자와 자녀와 아파트에서 거주하며 산업용 기계장비 기술 영업원으로 일하고 있습니다. 미르로 교차로 주변 다문화가정 지원 프로그램 종류와 참여 가정 수, 지원금 규모, 신청 자격 요건에 대해 알고 싶습니다.",공개,10
2025-03-24,도담군 복지정책과,FOI-2025-01117,도담천 산책로 일대 경로당 현황 및 운영비 지원 내역 (1117호),"전직 상하수도 처리 장치 조작원으로 현재 구직중이며 배우자와 아파트에서 거주하고 있습니다. 도담천 산책로 일대 경로당 위치와 수, 운영비 지원금 규모, 연간 운영 예산에 대해 알고 싶습니다.",공개,2
2025-11-24,온빛시 재무회계과,FOI-2025-01118,빛솔광장 일대 노후 건강검진비 지원금 지급 현황 (1118호),"전직 상하수도 처리 장치 조작원으로 현재 구직중이며 배우자와 아파트에서 거주하고 있습니다. 빛솔광장 일대에서 지원하는 노후 건강검진비 지원금의 신청 자격과 지급 기준, 현재까지 지급된 금액 규모를 구체적으로 알고 싶습니다.",부분공개,6
2025-07-03,가람시 새빛구 복지정책과,FOI-2025-01119,한들동 생활권 의료검진 일정 및 신청 방법 안내 (1119호),"전직 상하수도 처리 장치 조작원으로 현재 구직중이며 배우자와 아파트에서 거주하고 있습니다. 한들동 생활권 내 65세 이상 대상 무료의료검진 일정과 신청 절차, 검진 항목에 대해 확인하고 싶습니다.",공개,1
2024-02-14,예담시 늘품구 재무회계과,FOI-2024-01120,새빛시장 주변 재래시장 고령자 편의시설 현황 (1120호),"전직 상하수도 처리 장치 조작원으로 현재 구직중이며 배우자와 아파트에서 거주하고 있습니다. 새빛시장 주변 재래시장 내 고령자 편의시설 설치 현황과 시장 휴게공간 운영 현황, 연간 관리비 규모에 대해 알고 싶습니다.",공개,17
2025-08-31,빛솔시 아람구 복지정책과,FOI-2025-01121,너울천 산책로 안전시설 설치 현황 및 관리 현황 (1121호),"전직 상하수도 처리 장치 조작원으로 현재 구직중이며 배우자와 아파트에서 거주하고 있습니다. 너울천 산책로 안전시설 설치 위치와 종류, 설치 비용, 최근 개선 공사의 내용과 일정에 대해 구체적으로 알고 싶습니다.",부존재,17
2022-08-10,여울시 단비구 재무회계과,FOI-2022-01122,누리버스 정류장 주변 노약자 이동 동선 안전시설 현황 (1122호),"전직 상하수도 처리 장치 조작원으로 현재 구직중이며 배우자와 아파트에서 거주하고 있습니다. 누리버스 정류장 주변 노약자 이동 동선 안전시설 현황과 개선 계획, 개선 예산 규모에 대해 확인하고 싶습니다.",공개,6
2023-06-07,해솔시 복지정책과,FOI-2023-01123,맑은마을 커뮤니티센터 주변 무료 프로그램 운영 현황 (1123호),"전직 상하수도 처리 장치 조작원으로 현재 구직중이며 배우자와 아파트에서 거주하고 있습니다. 맑은마을 커뮤니티센터 주변 지역 아동 대상 무료 프로그램 운영 기관 수와 참여 아동 수, 연간 예산 규모를 구체적으로 알고 싶습니다.",공개,1
2023-07-01,가람시 열린구 재무회계과,FOI-2023-01124,샘물동 생활권 노약자 우선 의료검진 일정 확인 요청 (1124호),"전직 상하수도 처리 장치 조작원으로 현재 구직중이며 배우자와 아파트에서 거주하고 있습니다. 샘물동 생활권 내 노인을 대상으로 한 무료건강검진 일정과 신청 방법, 검진 항목에 대해 알고 싶습니다.",부분공개,17
2024-06-10,가람시 열린구 복지정책과,FOI-2024-01125,맑은마을 커뮤니티센터 복지예산 집행내역 관련 자료 공개 청구 44-0 (1125호),맑은마을 커뮤니티센터 일대의 복지예산 집행내역 업무와 관련하여 2024년 한 해 처리된 문서와 집행 내역 일체를 공개하여 주시기 바랍니다. 항목별 세부 내역과 근거 서류를 포함해 주세요.,부분공개,16
2025-11-13,너울시 물빛구 기획감사과,FOI-2025-01126,샘물동 생활권 아파트 공용시설 유지보수 예산 집행내역 (1126호),"우리 아파트 단지의 공용 엘리베이터 점검, 외벽 보수 등 유지보수 예산이 어떻게 집행되고 있는지 구체적으로 알고 싶습니다. 최근 수리 비용이 크게 늘어난 것 같은데, 관리주체별 지출 항목과 업체 선정 절차를 공개해 주세요.",부분공개,19
2024-04-07,라온군 기획감사과,FOI-2024-01127,푸른마루 교차로 주변 고령자 교통 접근성 개선비 지출내역 (1127호),"푸른마루 교차로 일대의 무단횡단 사고가 늘고 있습니다. 부모님이 매일 이 길을 건널 때마다 불안합니다. 고령자 교통접근성 개선에 투입된 예산의 규모, 공사 내용, 시행 기관을 알려주세요.",공개,16
2022-06-26,온빛시 재무회계과,FOI-2022-01128,새빛시장 주변 구직자 맞춤형 직업훈련 운영비 집행내역 (1128호),"전직 전산 자료 입력원으로 현재 구직중입니다. 새빛시장 주변에서 열리는 직업역량 강화 프로그램의 운영 예산이 어느 정도이고, 누가 수강생을 선정하는지 궁금합니다. 지원사업 선정 기준과 절차도 포함하여 알려주세요.",부분공개,10
2024-02-08,여울시 단비구 기획감사과,FOI-2024-01129,한울초 주변 통학로 문화유적 보존 관련 예산 지출내역 (1129호),"한울초 주변 통학로 부근에 문화유적이 있는데, 현재 방치 상태인 것 같습니다. 문화재 보존원이었던 경력이 있어 눈에 밟힙니다. 해당 유적의 보존 관리 예산이 얼마나 투입되고 있는지, 향후 복원 계획이 있는지 알려주세요.",공개,4
2025-08-19,새봄시 한울구 기획감사과,FOI-2025-01130,미래복합센터 인근 어린이 보호구역 안전 강화 예산 (1130호),"한부모 가정에서 자녀를 키우고 있습니다. 미래복합센터 인근 어린이 보호구역의 방범 시설 설치 예산과 관련해서 알려주세요. 최근 해당 구역에 CCTv 설치 계획이 있는지, 기존 안전 시설의 점검 주기를 알고 싶습니다.",부분공개,5
2025-06-05,가람시 새빛구 기획감사과,FOI-2025-01131,도담천 산책로 조명 시설 교체 공사에 투입된 예산 (1131호),"도담천 산책로의 기존 조명이 너무 어두워서 야간 이용 시이 있습니다. 최근 조명 시설 교체 공사에 투입된 예산 규모와 규격, 시공 업체 선정 과정을 알려주세요.",부분공개,9
2023-05-28,누리시 바른구 재무회계과,FOI-2023-01132,열린마을 공원 노인건강 프로그램 운영비 집행 현황 (1132호),"우리 아파트 단지에서 부모님을 모시고 있습니다. 열린마을 공원에서 열리는 노인건강 프로그램의 운영 예산이 어떻게 쓰이고 있는지 궁금합니다. 강사료,사용료, 프로그램 재료비 등의 세부 내역을 알려주세요.",공개,17
2023-02-14,라온군 재무회계과,FOI-2023-01133,가온로 보행구간 취약계층 이동지원 서비스 운영 예산 (1133호),"철로 설치원으로 현장을 돌며 일합니다. 부모님이 가온로 보행구간을 이용하실 때 이동이 불편하다고 하십니다. 해당 구간 취약계층 이동지원 서비스의 예산 규모와 이용 신청 방법, 운영 시간 등을 알려주세요.",부분공개,18
2024-02-05,가람시 열린구 재무회계과,FOI-2024-01134,새봄역 환승구역 구직자 취업 박람회 행사비 지출내역 (1134호),"구직 중이라 새봄역 환승구역에서 열린 취업 박람회에 참가하려고 했습니다. 행사의 준비 예산이 어느 정도였는지, 기업 선정 기준, 행사 후 취업 등이 궁금합니다.",공개,13
2025-09-26,새봄시 한울구 재무회계과,FOI-2025-01135,누리버스 정류장 주변 문화재 보존 활동 지원금 지출내역 (1135호),"전직 문화재 보존원으로서 해당 분야에 관심이 많습니다. 누리버스 정류장 주변 문화유산 보존 활동에 대한 지역 지원금의 규모와 배분 기준, 지원 대상 활동 내역을 알려주세요.",공개,6
2022-10-14,라온군 기획감사과,FOI-2022-01136,라온체육센터 주변 한부모 가족 돌봄 지원 예산 집행내역 (1136호),"한부모 가정으로 아이를 키우고 있습니다. 라온체육센터 주변에서 한부모 가족 대상 돌봄 지원 사업이 진행된다고 들었습니다. 해당 사업의 예산 규모, 지원 내용, 신청 자격 기준을 알려주세요.",공개,9
2023-09-27,새봄시 한울구 기획감사과,FOI-2023-01137,한들동 생활권 공동주택 에너지 효율화 개선 공사비 (1137호),"다세대주택에 거주하면서 관리비 부담이 늘고 있습니다. 한들동 생활권의 공동주택 에너지 효율화 개선 공사 예산이 어떻게 배분되고 있는지, 지원 대상 주택 선정 기준을 알려주세요.",부분공개,18
2023-05-19,너울시 물빛구 기획감사과,FOI-2023-01138,샘물동 생활권 내 도서관 장서 구입비 및 운영 예산 (1138호),"우리 아파트에서 도서관 이용이 잦은 편입니다. 샘물동 생활권 도서관의 장서 구입 예산 규모와 최근 구입된 주요 도서 목록, 대출 통계 등을 알려주세요. 주민 요구를 반영한 구입 계획이 있는지 궁금합니다.",부분공개,16
2023-03-08,새봄시 한울구 기획감사과,FOI-2023-01139,미르로 교차로 과속 단속 장비 구입 및 운영비 (1139호),"미르로 교차로에서 종종 과속 차량이 눈에 띕니다. 철로 설치원으로서 교통 안전의 중요성을 잘 압니다. 해당 교차로 과속 단속 장비 구입비와 운영비가 얼마나 투입되었는지, 단속 실적이 있는지 알려주세요.",부존재,6
2023-03-08,누리시 바른구 기획감사과,FOI-2023-01140,가람공공청사 주변 지역 경제 활성화를 위한 예산 지출 (1140호),"구직 활동을 하면서 지역 경제 활성화 정책에 관심이 많습니다. 가람공공청사 주변 상권 지원을 위한 예산이 어떻게 쓰이고 있는지, 마을기업이나 공동사업체 지원 현황을 알려주세요.",비공개,7
2023-10-10,온빛시 재무회계과,FOI-2023-01141,해솔문화광장 야외 공연장 설치 및 운영 예산 (1141호),"문화유적 보존원으로서 지역 문화 활동에 관심이 많습니다. 해솔문화광장 야외 공연장 설치에 투입된 예산 규모와 장비 구입 내역, 연간 공연 운영비를 알려주세요.",공개,17
2023-11-02,새봄시 한울구 재무회계과,FOI-2023-01142,온빛도서관 앞 민원인들의 편의시설 설치 예산 (1142호),"한부모 가정이므로 시간을 효율적으로 사용해야 합니다. 온빛도서관 앞 민원인 편의시설 설치 예산이 어떻게 배분되었는지, 시설이 설치되었는지, 향후 확대 계획이 있는지 알려주세요.",부분공개,17
2025-07-26,해솔시 재무회계과,FOI-2025-01143,세움산업단지 입구 교통정체 해소를 위한 예산 집행 (1143호),철로 설치원으로서 현장 출퇴근길에 세움산업단지 입구 교통정체가 심각합니다. 해당 구간 교통정체 해소를 위해 투입된 예산의 규모와 구체적인 개선 내용을 알려주세요.,부분공개,10
2024-10-08,해솔시 재무회계과,FOI-2024-01144,맑은마을 커뮤니티센터 여성가족 관련 프로그램 운영비 (1144호),"우리 아파트 단지의 여성가족 관련 프로그램 참여를 고려하고 있습니다. 맑은마을 커뮤니티센터에서 운영하는 프로그램 예산 규모와 종류, 신청 방법 등을 알려주세요.",부분공개,14
2022-08-08,세움시 맑은구 재무회계과,FOI-2022-01145,너울천 산책로 안전펜스 설치 및 보수 예산 지출내역 (1145호),"너울천 산책로에 안전펜스가 없으면 아이와 함께 산책하기 어렵습니다. 안전펜스 설치 예산과 기존 시설 보수 예산이 어떻게 집행되었는지, 향후 설치 계획이 있는지 알려주세요.",공개,2
2022-02-09,가람시 새빛구 기획감사과,FOI-2022-01146,빛솔광장 일대 다세대주택 주거환경 개선 지원 예산 (1146호),"다세대주택에 거주하면서 주거환경 개선이 시급합니다. 빛솔광장 일대 다세대주택 주거환경 개선 지원 사업의 예산 규모와 지원 대상 선정 기준, 개선 내용을 알려주세요.",공개,14
2024-01-14,예담시 늘품구 기획감사과,FOI-2024-01147,새빛시장 주변 고용 창출사업 예산 집행 현황 (1147호),"구직 중인으로 새빛시장 주변 고용 창출사업에 관심이 많습니다. 해당 사업에 투입된 예산 규모와 창출된 일자리의 종류, 근무 조건 등을 알려주세요. 사업 선정 기준과 수행 기관도 궁금합니다.",공개,19
2023-01-19,너울시 물빛구 기획감사과,FOI-2023-01148,누리버스 정류장 한부모 가족 긴급돌봄 지원 예산 (1148호),"한부모 가정으로 긴급한 상황에 대비하고 싶습니다. 누리버스 정류장 주변 한부모 가족 긴급돌봄 지원 사업의 예산 규모와 지원 내용, 신청 절차 및 연락처를 알려주세요.",공개,17
2024-11-04,온빛시 기획감사과,FOI-2024-01149,도담천 산책로 및 열린마을 공원 공용화장실 설치 예산 (1149호),"도담천 산책로와 열린마을 공원 사이에 공용화장실이 없습니다. 시민 이용 편의를 위한 설치 예산이 어느 정도였는지, 시설 규모와 위치를 알려주세요. 관리 주체와 관리비도 궁금합니다.",공개,12
2025-03-06,새봄시 한울구 재무회계과,FOI-2025-01150,미래복합센터 인근 어린이놀이터 안전 점검 비용 내역 (1150호),"미래복합센터 인근 어린이놀이터에서 아이를 놀려주고 싶습니다. 놀이터 안전 점검에 투입된 예산의 규모와 점검 주기, 안전 인증 현황을 알려주세요. 놀이기구 교체나 보수 비용도 포함해 주세요.",공개,11
2025-05-12,여울시 단비구 재무회계과,FOI-2025-01151,푸른마루 교차로 가로등 교체공사 수의계약 현황 요청 (1151호),"인근 가로등이 고장 난 지 한 달이 넘었는데 교체 공사가 수의계약으로 처리되었다고 합니다. 구직 중인으로지역의 발주 절차와 수의계약 선정 기준을 알고 싶습니다. 공사 계약일시, 계약금액, 계약상대방 상호를 공개해 주시기 바랍니다.",부분공개,13
2022-03-03,도담군 일자리경제과,FOI-2022-01152,샘물동 생활권 도로보수 입찰 참여 업체 자격기준정보공개 (1152호),"최근 샘물동 생활권 내 도로보수 공사가 진행되었는데, 입찰 공고에서 요구한 업체 자격기준을 확인하고자 합니다. 전직 기계조작 경력이 있어 도로 관련 공사에도 지원 가능할지 검토하려 합니다. 입찰공고일, 업체자격요건, 낙찰자 선정기준을 요청합니다.",부분공개,9
2023-05-21,여울시 단비구 재무회계과,FOI-2023-01153,한울초 주변 통학로 보안등 설치 수의계약 내역 청구 (1153호),"한울초 주변 통학로에 보안등 설치 공사가 수의계약으로 이루어졌다는 소식을 들었습니다. 학부모 신분으로라도 공사 내용과 금액을 알고 싶습니다. 수의계약 결정일시, 계약금액, 선택 사유, 시공업체명을 공개해 주시기 바랍니다.",공개,17
2024-11-20,빛솔시 아람구 일자리경제과,FOI-2024-01154,새빛시장 주변 공중화장실 청소용역 입찰결과 정보 (1154호),"새빛시장 주변 공중화장실 청소용역이 입찰로 진행되었다고 확인했습니다. 현재 구직 중으로 청소용역 업종 지원 가능 여부를 판단하고자 합니다. 입찰공고일, 낙찰금액, 낙찰업체명, 계약기간을 알려주시기 바랍니다.",공개,8
2025-10-28,가람시 열린구 재무회계과,FOI-2025-01155,미르로 교차로 교통표지판 교체 수의계약 내역 청구 (1155호),"미르로 교차로에서 최근 교통표지판 교체 공사가 있었다고 파악됩니다. 수의계약으로 처리된 사유와 계약 세부사항을 확인하고자 합니다. 계약체결일자, 계약금액, 수의계약 적용근거, 계약상대방 상호를 요청합니다.",부분공개,4
2025-08-27,새봄시 한울구 일자리경제과,FOI-2025-01156,가온로 보행구간 전신주 철거 공사의 수의계약 현황 (1156호),"가온로 보행구간에 설치되어 있던 전신주가 철거되었는데, 해당 공사가 수의계약으로 진행되었다고 합니다. 철거 공사자 입장에서 수의계약이 합리적인지 궁금합니다. 공사 계약일시, 계약금액, 계약상대방, 수의계약 사정근거를 공개해 주시기 바랍니다.",비공개,7
2023-03-30,온빛시 일자리경제과,FOI-2023-01157,누리버스 정류장 승강시설 설치 입찰 참여 기록 공개 (1157호),"누리버스 정류장 승강시설 설치 공사에 입찰 참여를 고려하고 있습니다. 입찰 절차와 참여 업체 수,찰 사유를 확인하여 준비에 참고하고자 합니다. 입찰공고 및 개찰 일시, 참여 업체 수, 개찰 결과, 유찰 시 유찰 사유를 요청합니다.",공개,16
2024-11-20,라온군 일자리경제과,FOI-2024-01158,도담천 산책로 조명시설 교체 수의계약 세부내역 공개 (1158호),"도담천 산책로 조명시설 교체 공사가 수의계약으로 처리되었다고 확인됩니다. 지역으로서 세금 사용 내역을 알고자 합니다. 공사 계약 체결일, 계약금액, 계약상대방 상호, 계약조건, 수의계약 선택 사유를 알려주시기 바랍니다.",부분공개,4
2025-10-22,미래군 일자리경제과,FOI-2025-01159,새봄역 환승구역 승강사다리 구매 입찰결과 정보요청 (1159호),"새봄역 환승구역에 승강사다리 구매 공사가 있었는데, 입찰로 진행되었는지 확인이 필요합니다. 구매 물품 내역, 입찰일시,찰 금액,찰 업체를 알고 싶습니다. 입찰공고 내용과 결과, 낙찰금액을 공개해 주시기 바랍니다.",비공개,4
2022-06-28,여울시 단비구 재무회계과,FOI-2022-01160,맑은마을 커뮤니티센터 냉난방 입찰 참여현황 (1160호),"맑은마을 커뮤니티센터 냉난방 장비 교체 공사에 입찰 공고가 있었다고 들었습니다. 음식료품 판매원이지만 설비 분야 경력이 있어 참여 가능성을 확인하고자 합니다. 입찰공고 일자, 참가자격, 낙찰자 선정방법, 낙찰금액을 요청합니다.",공개,19
2024-08-11,새봄시 한울구 재무회계과,FOI-2024-01161,온빛도서관 앞 공원 도로포장 수의계약 내역 공개 (1161호),"온빛도서관 앞 공원 도로포장 공사가 수의계약으로되었다는 정보를 입수했습니다. 해당 지역 자주 찾는으로 공사 내용과 금액이 적절한지 알고 싶습니다. 공사 계약 체결일, 계약금액, 계약상대방, 수의계약 적용 규정 조항을 공개해 주시기 바랍니다.",부분공개,12
2023-11-15,가람시 새빛구 재무회계과,FOI-2023-01162,세움산업단지 입구 가로등 에너지 절감 교체 공사의 수의계약 (1162호),"세움산업단지 입구 가로등을 LED 에너지 절감형으로 교체하는 공사가 수의계약으로 진행되었다고 확인됩니다. 입찰이 아닌 수의계약 선택 사유와 계약금액이 합리적인지 확인이 필요합니다. 계약일시, 계약금액, 계약상대방, 수의계약 사정근거를 요청합니다.",비공개,3
2022-03-30,여울시 단비구 일자리경제과,FOI-2022-01163,가람공공청사 주변 CCTV 입찰 결과 상세내역 (1163호),"가람공공청사 주변 CCTV 공사가 입찰로 진행되었다고 파악됩니다. 입찰 참여를 고려하고 있어 상세내역를 확인하고자 합니다. 입찰공고 및 개찰 일시, 낙찰금액, 낙찰업체, 낙찰가 제공한 내역을 요청합니다.",공개,8
2024-03-18,가람시 열린구 일자리경제과,FOI-2024-01164,한들동 생활권 어린이공원 놀이시설 보수 수의계약 현황 (1164호),"한들동 생활권 어린이공원 놀이시설 보수가 수의계약으로 이루어졌다고 합니다. 아동 안전과 관련되어 부모 신분으로서 공사 내용과 금액을 확인하고 싶습니다. 공사 계약 체결일, 계약금액, 계약상대방 상호, 수의계약 사정근거를 공개해 주시기 바랍니다.",공개,17
2025-11-11,가람시 새빛구 재무회계과,FOI-2025-01165,너울천 산책로 생태 복원 공사의 입찰 참여 자격 (1165호),"너울천 산책로 생태 복원 공사가 입찰 공고되었음을 확인했습니다. 해당 분야 전문성이 있어 참여를 희망합니다. 입찰공고일, 참가자격 요건, 낙찰자 선정기준, 예정가격을 알려주시기 바랍니다.",부분공개,14
2024-09-04,예담시 늘품구 일자리경제과,FOI-2024-01166,빛솔광장 일대 벤치 설치 수의계약 결정 사유 및 내역 (1166호),"빛솔광장 일대에 벤치 설치 공사가 수의계약으로 결정되었다고 확인됩니다. 지역주민로서 수의계약 선택이 타당한지, 금액이 적정한지 알고 싶습니다. 계약일시, 계약금액, 계약상대방, 수의계약 사정근거, 견적서 비교내역을 요청합니다.",비공개,12
2022-08-12,가람시 새빛구 재무회계과,FOI-2022-01167,라온체육센터 주변 체육시설 보수 입찰결과 및 낙찰자 (1167호),"라온체육센터 주변 체육시설 보수 공사가 입찰로 진행되었다고 파악됩니다. 투명한 발주가 이루어졌는지 확인하고자 합니다. 입찰공고 및 개찰 일시, 낙찰금액, 낙찰업체, 계약기간을 공개해 주시기 바랍니다.",공개,20
2025-11-10,빛솔시 아람구 일자리경제과,FOI-2025-01168,열린마을 공원 조경 식재 공사 수의계약 세부내용 공개 (1168호),"열린마을 공원 조경 식재 공사가 수의계약으로되었다는 정보를 들었습니다. 공원 이용자로서 식재 물량과 금액이 적정한지 확인이 필요합니다. 공사 계약 체결일, 계약금액, 계약상대방, 식재 물량 내역, 수의계약 선택 사유를 요청합니다.",부분공개,18
2023-09-19,미래군 일자리경제과,FOI-2023-01169,미래복합센터 인근 도로표시 Pavement marking 입찰 결과 (1169호),"미래복합센터 인근 도로표시 공사가 입찰로 진행되었다고 확인됩니다. 입찰 참여를 고려하고 있어 결과를 알고 싶습니다. 입찰공고 및 개찰 일시, 참여 업체 수, 낙찰금액, 낙찰업체를 알려주시기 바랍니다.",부분공개,3
2022-11-21,너울시 물빛구 일자리경제과,FOI-2022-01170,해솔문화광장 음향시설 설치 수의계약 내역 및 사정근거 (1170호),"해솔문화광장 음향시설 설치 공사가 수의계약으로 처리되었다는 정보를 확인했습니다. 문화시설 설치에 따른 계약이 투명하게 이루어졌는지 확인이 필요합니다. 계약 체결일, 계약금액, 계약상대방, 수의계약 사정근거, 물품 내역을 공개해 주시기 바랍니다.",부분공개,9
2022-12-22,도담군 재무회계과,FOI-2022-01171,샘물동 생활권 생활수거용역 입찰 참여 제한 기준 (1171호),"샘물동 생활권 생활폐기물 수거용역이 입찰 공고되었다고 확인됩니다. 청소용역 분야에서 경력이 있어 참여를 희망합니다. 입찰공고일, 참가자격 제한 사유, 낙찰자 선정기준, 낙찰금액 상한을 요청합니다.",부분공개,9
2024-10-12,가람시 새빛구 일자리경제과,FOI-2024-01172,푸른마루 교차로 교통신호등 교체 수의계약 정보 (1172호),"푸른마루 교차로 교통신호등 교체 공사가 수의계약으로 이루어졌다는 소식을 들었습니다. 긴급 공사였는지, 금액이 적정했는지 알고 싶습니다. 계약 체결일, 계약금액, 계약상대방, 긴급 수의계약 적용 근거를 공개해 주시기 바랍니다.",공개,8
2022-06-24,세움시 맑은구 재무회계과,FOI-2022-01173,가온로 보행구간 노후 수도꼭지 교체 공사의 수의계약 현황 (1173호),"가온로 보행구간 노후 수도꼭지 교체 공사가 수의계약으로 처리되었다고 확인됩니다. 해당 공사의 적정성과 계약 금액을 알고 싶습니다. 계약 체결일, 계약금액, 계약상대방, 수의계약 사정근거를 공개해 주시기 바랍니다.",부분공개,10
2024-12-21,누리시 바른구 일자리경제과,FOI-2024-01174,새빛시장 주변 옥상 방수 공사 입찰결과 상세내역 (1174호),"새빛시장 주변 건물 옥상 방수 공사가 입찰로 진행되었다고 파악됩니다. 시장 상인으로서 공사가 적정하게 이루어졌는지 확인이 필요합니다. 입찰공고 및 개찰 일시, 낙찰금액, 낙찰업체, 공사 범위와 기간을 요청합니다.",부분공개,9
2024-07-21,미래군 재무회계과,FOI-2024-01175,한울초 주변 통학로 가드레일 설치 수의계약 내역 공개 (1175호),"한울초 주변 통학로 가드레일 설치 공사가 수의계약으로되었다는 정보를 확인했습니다. 아동 통학 안전과 관련되어 계약 내용과 금액을 알고 싶습니다. 계약 체결일, 계약금액, 계약상대방, 수의계약 사정근거, 설치 연장 길이를 공개해 주시기 바랍니다.",공개,7
2022-05-18,해솔시 기획감사과,FOI-2022-01176,최근 3년간 구립 일자리센터 채용공고 세부선발기준 공개 청구 (1176호),전직 음식 종사자로 현재 구직중인 상황입니다. 샘물동 생활권 구립 일자리센터에서 기간제-worker 채용 시 서류전형·면접배점 기준을 구체적으로 알고 싶습니다. 공개된 공고에는 부서별 직무기술만 있어 실질적인 선발기준 파악이 어렵습니다.,부분공개,4
2022-01-15,너울시 물빛구 행정지원과,FOI-2022-01177,푸른마루 행정복지센터 임시직원 채용절차 내시감사결과 청구 (1177호),구직활동 중이던 중 해당센터에서 시행한 행정보조요원 채용에 불합격했습니다. 투명성과성에 의심이 들어 내시감사 결과를 요청합니다. 면접평가를 누가 어떠한 기준으로 진행했는지 알고 싶습니다.,비공개,19
2025-10-30,미래군 기획감사과,FOI-2025-01178,새빛시장 상권활성화 임시근로자 현황 및 보수표 공개 (1178호),"현재 부모님과 다세대주택에 거주하며 구직중입니다. 시장 주변 상권활성화 사업에 임시근로자로 지원할 예정인데,인원 규모와 일급 수준, 근로조건이 구체적으로 어떤지 공개를 요청합니다.",부분공개,5
2024-06-18,예담시 늘품구 기획감사과,FOI-2024-01179,한울초 주변 통학로 환경개선 사업 채용발표 문서 공개 (1179호),새벽시간대 음식배달アル바이트를 병행하며 구직중입니다. 한울초 주변 통학로 환경개선 사업에서 채용한다는 공고를 보았으나 자세한 모집요강이 없습니다. 고용형태 및 계약기간을 명확히 알고 싶습니다.,부분공개,9
2023-07-05,라온군 행정지원과,FOI-2023-01180,가람공공청사 행정파트 프로그램 운영규정 공개 (1180호),"실업급여 수급 중이며 행정분야 취업을 준비하고 있습니다. 가람공공청사에서 실시하는 프로그램이 있다면 그 선발절차와 의무시간, 수당 지급기준을 알고 싶어 신청합니다.",공개,4
2025-02-21,세움시 맑은구 기획감사과,FOI-2025-01181,시장조사 담당자 신규채용 시 경력산정 기준표 공개 청구 (1181호),시장 및 여론 조사 관리자로 재직 중인 상황입니다. 자녀와 아파트에서 거주하며 한부모 가구로서 경력산정 시 경력단절 인정범위가 중요합니다. 채용공고에 명시되지 않은 경력방식의 세부기준을 요청합니다.,공개,6
2024-01-13,라온군 행정지원과,FOI-2024-01182,누리버스 정류장 주변 스마트시티 시범단지에 인력채용 계획 공개 (1182호),아파트에서 자녀와 함께 거주하며 일과 가사와의 균형에 어려움이 있습니다. 누리버스 정류장 주변 스마트시티 시범단지에 행정지원 인력을 신규채용한다면 근무시간 유연성 여부와 육아휴직 관련 규정을 알고 싶습니다.,부분공개,6
2022-06-07,세움시 맑은구 기획감사과,FOI-2022-01183,해솔문화광장 어린이 놀이시설 설치사업 채용절차 내역 공개 (1183호),한부모 가구로서 자녀의 안전이 가장 큰 걱정입니다. 해솔문화광장에 설치하는 어린이 놀이시설 관리인 채용 시 보안을 위한 채용심사 절차를 구체적으로 알고 싶습니다. background 절차가 있는지 확인하고자 합니다.,부분공개,3
2024-04-01,누리시 바른구 기획감사과,FOI-2024-01184,미래복합센터 인근 돌봄인력지원사업 staffing 기준 공개 (1184호),시장조사 일을 하면서도 아이를 돌봐줄 돌봄인력이 필요합니다. 미래복합센터 인근 돌봄인력지원사업을 통해 돌봄를 받으려 할 때 staffing 기준이 되는 소득 및 고용인정 기준을 구체적으로 알고 싶습니다.,부분공개,4
2025-01-31,여울시 단비구 기획감사과,FOI-2025-01185,새봄역 환승구역 시민여론조사 연구보조원 모집요강 공개 (1185호),"여론조사 관리자로서 해당 분야 일자리에 관심이 많습니다. 새봄역 환승구역에서 시민여론조사 연구보조원을 모집할 때 필요한 자격요건 및 경력우대 조건, 보수 수준을 알고 싶어 정보공개를 청구합니다.",부분공개,10
2025-08-09,온빛시 기획감사과,FOI-2025-01186,지역 인구감소 대응 인력채용 공정성 평가를 위한 감사결과 공개 (1186호),전직 광고 및 홍보 사무원으로 현재 구직중인 상황입니다. 배ator자 및 자녀와 다세대주택에 거주하며 지역사회 채용의 투명성에 큰 관심을 가지고 있습니다. 최근 지역 인구감소 대응 인력채용에 대한 감사결과를 요청합니다.,공개,20
2025-12-13,예담시 늘품구 기획감사과,FOI-2025-01187,온빛도서관 앞 시민참여 특별채용 심사위원 선정기준 공개 (1187호),"광고 홍보 경력이 있어 해당 분야 특별채용에 관심을 가지고 있습니다. 온빛도서관 앞 시민참여 특별채용의 심사위원을 누가 어떤 자격으로 위촉했는지, 이해충돌 방지를 위한 기준이 있는지 알고 싶습니다.",부분공개,17
2025-02-07,누리시 바른구 행정지원과,FOI-2025-01188,라온체육센터 주변 체육지도자 양성교육 recruitment 절차 공개 (1188호),"광고 홍보에서 체육관련 분야로 전직을 준비중입니다. 라온체육센터 주변 체육지도자 양성교육 과정 후 취업연계가 이루어지는지, recruitment 시 우대조건이 무엇인지 구체적으로 알고 싶습니다.",부분공개,16
2023-11-05,세움시 맑은구 행정지원과,FOI-2023-01189,맑은마을 커뮤니티센터 지역상인 채용 지원사업 선정기준 공개 (1189호),배ator와 함께 구직중이며 광고 홍보 분야 경력을 지역에 환원하고 싶습니다. 맑은마을 커뮤니티센터 지역상인 채용 지원사업의 선정기준과 심사점수 체계를 알고 싶어 청구를 제기합니다.,공개,12
2023-06-05,누리시 바른구 기획감사과,FOI-2023-01190,세움산업단지 입구 환경개선 PROJECT 임시직용역 recruitment 내역 (1190호),"광고 홍보 사무원 경력을 바탕으로 세움산업단지 입구 환경개선 프로젝트에직으로 지원하려 합니다. recruitment 인원 규모와 계약기간, 임금체불 예방을 위한 급여지급 기준을 알고 싶습니다.",부분공개,13
2022-06-24,너울시 물빛구 기획감사과,FOI-2022-01191,너울천 산책로 숲길 가이드 인력채용 경력자 우대사항 공개 (1191호),전직 고무 플라스틱 기술자 및 연구원으로 현재 어머니와 아파트에 거주하며 구직중입니다. 환경관련 분야로의 직종 전환을 고려하며 너울천 산책로 숲길 가이드 인력채용에 경력자 우대사항이 있는지 확인하고 싶습니다.,부분공개,12
2022-07-13,여울시 단비구 기획감사과,FOI-2022-01192,도담천 산책로 생태복원 PROJECT 기술자채용 기술자격 기준 공개 (1192호),고무 플라스틱 분야 기술자 경력이 있어 생태복원 프로젝트에 지원하려 합니다. 도담천 산책로 생태복원 PROJECT에서 요구하는 기술자격 기준과 전공 분야 제한 여부를 구체적으로 알고 싶어 청구를 요청합니다.,부분공개,10
2025-01-01,가람시 열린구 행정지원과,FOI-2025-01193,빛솔광장 일대 청소인력채용 체력검정 기준 공개 (1193호),"어머니와 함께 거주하며 아파트에서 생활하는 상황입니다. 빛솔광장 일대 청소인력 신규채용 시 체력검정을 시행하는지, 어떤 체력항목을 기준으로 합격자를 선정하는지 알고 싶습니다.",공개,7
2023-10-31,세움시 맑은구 기획감사과,FOI-2023-01194,가온로 보행구간시설 개선사업 기술인력 recruitment 조건 (1194호),전직 고무 플라스틱 기술자 경력을 바탕으로 가온로 보행구간시설 개선사업에 관심이 있습니다. 기술인력 recruitment 시 복지급여 수준과 기술자격 별 호봉 인정범위를 구체적으로 알고 싶습니다.,공개,11
2025-02-04,온빛시 행정지원과,FOI-2025-01195,새빛시장 주변 전통시장 현대화 인테리어 인력채용 계획 공개 (1195호),기술자 경력을 바탕으로 전통시장 현대화 인테리어 분야에 취업을 고려중입니다. 새빛시장 주변 전통시장 현대화 사업의 인력채용 계획과 직종별 필요 자격증 목록을 알고 싶어 청구합니다.,부분공개,13
2024-10-16,새봄시 한울구 기획감사과,FOI-2024-01196,체형 관리사로서의 전문성 인정을 위한 교육이수 국가기술자격 취득 현황 공개 (1196호),"배ator와 자녀와 함께 다세대주택에 거주하며 체형 관리사로 일하고 있습니다. 산책로 또는 광장 등에서 outdoor 체형관리 프로그램 운영 시 국가기술자격 취득 현황을 어떻게 확인하는지, 어떤 절차로 신고하는지 알고 싶습니다.",부분공개,7
2023-02-17,예담시 늘품구 행정지원과,FOI-2023-01197,한들동 생활권 보건소 건강관리 채용 자격기준 공개 (1197호),"체형 관리사로서 한들동 생활권 보건소 건강관리 활동에 관심을 가지고 있습니다. 채용 시 필요 자격요건과 경력산정 방식, 활동수당 수준을 구체적으로 알고 싶어 정보를 요청합니다.",부분공개,12
2025-07-10,너울시 물빛구 기획감사과,FOI-2025-01198,누리버스 정류장 인근 직장복귀 지원 프로그램 참여 recruitment 절차 (1198호),"자녀와 함께 생활하며 체형 관리 업무를 하고 있으나, 맞벌이 전환을 고려중입니다. 누리버스 정류장 인근 직장복귀 지원 프로그램에 참여 recruitment 되려면 어떤 절차를 거쳐야 하는지, 참여 조건을 알고 싶습니다.",부분공개,1
2024-04-20,도담군 행정지원과,FOI-2024-01199,열린마을 공원 Outdoor 피트니스 시설 관리인 채용 시 고용조건 공개 (1199호),"체형 관리사로서 Outdoor 피트니스 분야에도 전문성을 확장하고 싶습니다. 열린마을 공원 Outdoor 피트니스 시설 관리인 채용 시 고용형태와 근로시간, 연간 계약 갱신 기준을 구체적으로 알고 싶습니다.",부존재,9
2023-06-24,너울시 물빛구 기획감사과,FOI-2023-01200,가람공공청사 체형관리 신규직원 채용 적격자 선정평정 기준 공개 (1200호),배ator와 자녀와 함께 다세대주택에서 거주하며 체형 관리사로 활동중입니다. 가람공공청사에서 체형관리 신규직원을 채용할 때 적격자 선정평정의 구체적인 항목과 배점 체계를 알고 싶어 정보공개를 청구합니다.,부분공개,7
2023-06-18,해솔시 건축허가과,FOI-2023-01201,샘물동 생활권 놀이터 시설 안전점검 결과 청구 (1201호),"샘물동 생활권 내 아파트 단지에 설치된 놀이터 시설에 대한 최근 3년간 정기안전점검 및 정밀안전점검 결과서를 공개해 주시기 바랍니다. 놀이터 사용 중 안전시설 미흡으로 인해 사고 우려가 발생하고 있어, 어머니와 동거하며 취약계층인 것을 감안하여 안전 관련 기록 확인이 필요합니다.",부분공개,11
2024-12-17,세움시 맑은구 건축허가과,FOI-2024-01202,푸른마루 교차로 가로등 안전점검 기록 청구 (1202호),푸른마루 교차로를 포함하여 아파트에서 출퇴근 길에 이용하는 주요 가로등 시설의 최근 2년간 안전점검 및 고장 접수 처리 기록을 공개해 주시기 바랍니다. 야간 통학로로서 시각적 안전 확보가 중요합니다.,부분공개,19
2022-03-28,미래군 안전총괄과,FOI-2022-01203,새빛시장 주변 옥상 물탱크 안전 점검 기록 청구 (1203호),새빛시장 주변 아파트 단지에 설치된 옥상 물탱크 및 급수설비에 대한 최근 3년간 안전점검 결과를 공개해 주시기 바랍니다. 공동주택 상가 부분 포함하여 세대 전체 수질 및 시설 안전 확인이 필요합니다.,공개,20
2024-02-14,가람시 새빛구 안전총괄과,FOI-2024-01204,한울초 주변 통학로 안전시설 점검 결과 청구 (1204호),"한울초 주변 통학로에 설치된 과속방지턱, 방범등, 가로수 등 안전시설에 대한 최근 2년간 점검 및 보수 이력을 공개해 주시기 바랍니다. 어린이 안전 통학로로서 시설 유지관리 현황 확인이 필요합니다.",부분공개,8
2023-09-01,해솔시 건축허가과,FOI-2023-01205,가온로 보행구간 노후 펜스 안전 점검 결과 청구 (1205호),가온로 보행구간 내 아파트 단지와 인접한 보행로 방호펜스 및 난간에 대한 최근 3년간 안전점검 결과를 공개해 주시기 바랍니다. 낙상 및 추락 사고 예방을 위한 시설 현황 파악이 필요합니다.,부분공개,18
2022-07-19,해솔시 안전총괄과,FOI-2022-01206,주택 이외 거처 해당 지역 공용 시설 안전 점검 기록 청구 (1206호),현재 거주 중인 주택 이외 거처 주변으로 한들동 생활권 내 공용복도·계단·화재감지시설에 대한 최근 2년간 안전점검 결과를 공개해 주시기 바랍니다. 어머니와 동거하며 자취방에서 생활하는 입장에서 공용시설 안전 확인이 시급합니다.,부분공개,8
2022-07-06,라온군 안전총괄과,FOI-2022-01207,미르로 교차로 지하차도 배수시설 점검 결과 청구 (1207호),미르로 교차로 부근 주택 이외 거처 출입구 주변 지하차도 배수펌프 및 배수구 시설에 대한 최근 2년간 안전점검 및 긴급 보수 이력을 공개해 주시기 바랍니다. 우수 시 침수 우려 지역으로서 시설 관리 실태 확인이 필요합니다.,비공개,15
2025-07-05,세움시 맑은구 건축허가과,FOI-2025-01208,도담천 산책로 조명시설 안전 점검 기록 청구 (1208호),도담천 산책로 일대에 설치된 산책로 조명시설 및 보안등에 대한 최근 2년간 안전점검 결과를 공개해 주시기 바랍니다. 야간 통근길로 이용하는 주택 이외 거처 거주민으로서 안전 이용 환경 확인이 필요합니다.,공개,14
2024-01-05,온빛시 안전총괄과,FOI-2024-01209,새봄역 환승구역 에스컬레이터 점검 결과 청구 (1209호),새봄역 환승구역 내 에스컬레이터 및 승강기에 대한 최근 2년간 안전점검 결과와 고장·사고 발생 이력을 공개해 주시기 바랍니다. 대중교통 이용 시 일상적 안전 확인이 필요합니다.,공개,8
2024-02-07,도담군 건축허가과,FOI-2024-01210,라온체육센터 주변 운동시설 안전 점검 기록 청구 (1210호),라온체육센터 주변 공원 내 설치된 야외운동기구 및 노인 운동시설에 대한 최근 2년간 안전점검 및 교체 이력을 공개해 주시기 바랍니다. 어머니와 동거하며 건강관리에 관심이 높은 상황으로 안전 이용 환경 확인이 필요합니다.,공개,10
2022-05-10,빛솔시 아람구 안전총괄과,FOI-2022-01211,열린마을 공원 벤치 및 파고라 시설 안전 점검 결과 청구 (1211호),"열린마을 공원 내 벤치, 파고라, 그늘막 구조물에 대한 최근 3년간 안전점검 결과를 공개해 주시기 바랍니다. 아파트 단지가 인접한 공용 공간으로서 낙상 및 구조물 붕괴 안전 확인이 필요합니다.",공개,13
2024-12-30,세움시 맑은구 안전총괄과,FOI-2024-01212,누리버스 정류장차실 안전 점검 기록 청구 (1212호),누리버스 정류장차실 천장·바닥·좌석 등 시설에 대한 최근 2년간 안전점검 결과를 공개해 주시기 바랍니다. 공공교통 이용 시 일상의 안전 환경 확인이 필요합니다.,비공개,7
2022-11-05,빛솔시 아람구 안전총괄과,FOI-2022-01213,가람공공청사 주변 전기실 안전 점검 결과 청구 (1213호),가람공공청사 주변 아파트 단지 내 전기실 및 분전반 시설에 대한 최근 3년간 정기안전점검 결과를 공개해 주시기 바랍니다. 공동주택 전기시설 안전성 및 비상발전기 가동 이력 확인이 필요합니다.,부존재,14
2024-08-24,가람시 새빛구 건축허가과,FOI-2024-01214,세움산업단지 입구 가로등 및 보안등 점검 결과 청구 (1214호),세움산업단지 입구 주변 가로등 및 보안등에 대한 최근 2년간 안전점검 및 고장 처리 이력을 공개해 주시기 바랍니다. 야간 통근로로서 조명 시설 유지관리 현황 확인이 필요합니다.,부분공개,19
2024-01-23,온빛시 건축허가과,FOI-2024-01215,미래복합센터 인근 승강기 안전 점검 기록 청구 (1215호),미래복합센터 인근 아파트 단지에 설치된 승강기 전반에 대한 최근 3년간 안전점검 결과와 고장·이상 발생 이력을 공개해 주시기 바랍니다. 생활권 내 핵심 이동 수단으로서 점검 및 유지관리 현황 확인이 필요합니다.,부존재,13
2024-04-30,여울시 단비구 안전총괄과,FOI-2024-01216,한들동 생활권 엘리베이터 정밀안전점검 결과 청구 (1216호),한들동 생활권 아파트 단지에 설치된 엘리베이터 정밀안전점검 결과를 최근 2건 이상 공개해 주시기 바랍니다. 아파트 거주자로서 주요 공동시설 안전 확보가 시급한 사안입니다.,공개,13
2022-11-23,도담군 안전총괄과,FOI-2022-01217,해솔문화광장 분수대 및 관개시설 안전 점검 기록 청구 (1217호),"해솔문화광장 내 분수대, 관개배관, 전기연결 시설에 대한 최근 2년간 안전점검 결과를 공개해 주시기 바랍니다. 아파트 단지와 인접한 공용 광장으로서 전기·수질 안전 확인이 필요합니다.",부분공개,15
2022-05-15,가람시 열린구 건축허가과,FOI-2022-01218,온빛도서관 앞 보행자 신호등 점검 결과 청구 (1218호),온빛도서관 앞 교차로 보행자 신호등 및 횡단보도 표시 시설에 대한 최근 2년간 안전점검 및 보수 이력을 공개해 주시기 바랍니다. 도서관 이용 시 보행 안전 확보를 위한 현황 파악이 필요합니다.,부분공개,8
2022-08-26,예담시 늘품구 안전총괄과,FOI-2022-01219,너울천 산책로 폭풍우 대비 안전 점검 결과 청구 (1219호),너울천 산책로 일대 호안·제방·교량 시설에 대한 최근 3년간 풍수해 대비 안전점검 결과를 공개해 주시기 바랍니다. 갑작스러운 수위 상승 시 대피 경로 및 안전시설 확보 실태 확인이 필요합니다.,부분공개,6
2023-04-06,라온군 건축허가과,FOI-2023-01220,빛솔광장 일대 놀이터 안전 점검 기록 청구 (1220호),빛솔광장 일대 설치된 놀이터 시설 및 안전 울타리에 대한 최근 2년간 안전점검 결과를 공개해 주시기 바랍니다. 놀이시설 안전 기준 적합 여부 및 이상 시설 조치 현황 확인이 필요합니다.,비공개,12
2022-03-06,예담시 늘품구 건축허가과,FOI-2022-01221,맑은마을 커뮤니티센터 내 운동시설 안전 점검 결과 청구 (1221호),맑은마을 커뮤니티센터 실내 운동시설(러닝머신·싸이클·근력운동기)에 대한 최근 2년간 안전점검 결과를 공개해 주시기 바랍니다. 혼자 거주하며 건강관리를 위해 시설 안전성 확인이 시급합니다.,부분공개,8
2025-05-28,가람시 열린구 건축허가과,FOI-2025-01222,새빛시장 주변 다세대주택 방범시설 점검 기록 청구 (1222호),"새빛시장 주변 다세대주택 단지 내 공동현관 자동문,cctv,인터폰 등 방범시설에 대한 최근 2년간 안전점검 및 이상 감지 이력을 공개해 주시기 바랍니다. 혼자 거주하는 세입자로서 보안 환경 파악이 필요합니다.",부분공개,11
2022-08-18,가람시 열린구 건축허가과,FOI-2022-01223,가온로 보행구간 음영지역 가로등 교체 이력 청구 (1223호),가온로 보행구간 내 아파트 단지 주변 음영지역 가로등 교체 이력 및 안전점검 결과를 최근 3년간 공개해 주시기 바랍니다. 부모님과 동거하며 통근로 야간 안전 확보 실태 확인이 필요합니다.,공개,18
2023-10-24,해솔시 건축허가과,FOI-2023-01224,한울초 주변 도로포장 및 가드레일 점검 결과 청구 (1224호),한울초 주변 통학로 도로포장 상태 및 가드레일 안전 점검 결과를 최근 2년간 공개해 주시기 바랍니다. 통학로 이용 학생들의 보행 안전 및 시설 유지관리 현황 확인이 필요합니다.,부분공개,4
2023-05-19,세움시 맑은구 건축허가과,FOI-2023-01225,미래복합센터 지하주차장 환기 및 방범시설 점검 기록 청구 (1225호),"미래복합센터 지하주차장 환기팬, 조명, 방범cctv 시설에 대한 최근 2년간 안전점검 결과를 공개해 주시기 바랍니다. 아파트 단지와 연결된 지하주차장 시설로서 밀폐공간 안전 확인이 필요합니다.",공개,19
2022-09-29,여울시 단비구 보건행정과,FOI-2022-01226,고령자 취약계층 식사 배달 서비스 운영 현황 및 점검 기준에 관한 정보 공개 청구 (1226호),"해당 동네에서 실시되는 고령자 취약계층 대상 식사 배달 서비스의 최근 2년간 운영 현황이 필요합니다. 배달, 식단 영양 기준, 위생 관리 방식, 질락 사후 처리 기준 등을 구체적으로 알고 싶습니다.",부분공개,6
2023-04-08,가람시 새빛구 환경위생과,FOI-2023-01227,배치 49번 도로 주변 음식물 매립 및 불법 음식물 처리 현황에 관한 정보 공개 청구 (1227호),"샘물동 생활권 내 도로 주변 음식물 불법 매립 신고 및 처리 현황이 필요합니다. 구체적으로 신고 접수일, 현장 조치 내용, 재발 방지 대책, 해당 구간의 환경 위생 점검 일정이 포함되어 있는지 알고 싶습니다.",비공개,5
2023-09-06,예담시 늘품구 환경위생과,FOI-2023-01228,고령자 복지 정책 추진 실적 및 주민 참여 체계에 관한 정보 공개 청구 (1228호),"해당 동네 고령자 대상 복지 정책 추진 실적과 주민 참여 평가 체계가 필요합니다. 우수사례 발표회나 주민 만족도 조사 결과, 정책 환류 과정 등도 포함되어 있는지 알려주시기 바랍니다.",부분공개,2
2025-07-01,빛솔시 아람구 환경위생과,FOI-2025-01229,푸른마루 교차로 근처 급식시설 위생 점검 결과 및 행정 처분 내역에 관한 정보 공개 청구 (1229호),푸른마루 교차로 인근 종합사회복지관 급식시설에 대한 최근 1년간 위생 점검 결과와 행정 처분 내역이 필요합니다. 식중독 사고 발생 시 대응 매뉴얼과 관계기관 연락 체계도 포함되어 있는지 확인 요청합니다.,부분공개,20
2022-08-09,빛솔시 아람구 환경위생과,FOI-2022-01230,아파트 단지의 식품 위생 공동 관리 방안 및 입주자 참여 절차에 관한 정보 공개 청구 (1230호),"해당 아파트 단지의 공동 식당 및 식품 위생 공동 관리 방안, 입주자 참여 결정 절차, 관리 주체 간 책임 범위 규정 등이 필요합니다. 최근 발생한 식품 안전 관련 민원과 처리 결과를 포함해서 알려주세요.",공개,18
2025-06-17,온빛시 환경위생과,FOI-2025-01231,어업 시험원 자격 근린 해양 수산식품 위생 검사 현황 및 기준에 관한 정보 공개 청구 (1231호),"새빛시장 주변에서 유통되는 어류 및 수산가공품에 대한 안전 검사 결과를 최근 6개월치로 요청합니다. 검사, 부적합 판정 사례, 관리 조치, 검사 기관 정보를 포함해 주시기 바랍니다.",부분공개,8
2022-10-24,예담시 늘품구 환경위생과,FOI-2022-01232,어민 자녀 급식 수산식품 안전 관리 현황 및 공급 업체 선정 기준에 관한 정보 공개 청구 (1232호),"한울초 주변 통학로 소재 학교 급식의 수산식품 안전 관리 현황이 필요합니다. 급식 수산식품 공급 업체 선정 기준, 품질 확인 절차, 위생 관리 수준 평가 결과, 최근 1년간 급식 위생 사고 발생 건수를 포함해 주세요.",공개,3
2024-08-01,누리시 바른구 환경위생과,FOI-2024-01233,어업 시험원 자격 수산식품 유통 이력 추적 관리 현황에 관한 정보 공개 청구 (1233호),"해당 동네 수산시장 및 대형유통업체에서 실시하는 수산식품 이력 추적 관리 시스템 현황이 필요합니다. 어류 원산지 표시 정확도 점검 결과, 이력 관리 미흡 판정 사례, 소비자에 대한 정보 공개 방식 등을 포함해 주시기 바랍니다.",부분공개,6
2024-07-21,예담시 늘품구 보건행정과,FOI-2024-01234,수산식품 위생 검사관 활동 보고 및 부적합 사례 공개 범위에 관한 정보 공개 청구 (1234호),"해당 동네 수산식품 위생 검사관의 최근 1년간 활동 보고서와 부적합 판정 사례가 필요합니다. 검사관 1인당 평균 검사 건수, 현장 채취 검사 비율, 부적합 판정 후 시정 명령 이행 확인 결과가 포함되어 있는지 확인 요청합니다.",부분공개,13
2022-11-19,누리시 바른구 환경위생과,FOI-2022-01235,수산가공업 영업장 주변 수질 및 소음 환경 조사 결과에 관한 정보 공개 청구 (1235호),"세움산업단지 입구 소재 수산가공업 영업장 주변 환경 영향을 파악하기 위한 수질 및 소음 조사 결과가 필요합니다. 최근 1년간 환경 모니터링 데이터, 법적 기준 대비 초과 여부, 주변 주민 민원 처리 결과를 포함해 주세요.",부존재,19
2023-10-25,세움시 맑은구 환경위생과,FOI-2023-01236,전직 도시 계획 설계사 건축물 용도변경 허가 및 위생 시설 기준에 관한 정보 공개 청구 (1236호),"아파트 단지에 입주자대표회의를 통한 커뮤니티시설 용도변경 계획이 추진되고 있습니다. 용도변경 허가 심사의 위생 시설 기준 충족 여부, 단지 내 식품 판매 시설 설치 가능성, 관련 규정 및 허가 절차가 필요합니다.",공개,8
2025-08-14,세움시 맑은구 환경위생과,FOI-2025-01237,전직 도시 계획 설계사 구직 활동 관련 도시재생 사업 인력 수요 및 자격 요건에 관한 정보 공개 청구 (1237호),"해당 동네 도시재생 지역 내 도시계획 및 설계 관련 사업 추진 현황과 인력 수요 정보가 필요합니다. 도시재생 전문 인력 자격 요건, 구직자 지원 프로그램, 도시계획 법규 변경 사항 등이 포함되어 있는지 확인 요청합니다.",부분공개,10
2022-04-10,새봄시 한울구 보건행정과,FOI-2022-01238,아파트 인근 노점상 식품 위생 관리 수준 평가 및 행정 지도 현황에 관한 정보 공개 청구 (1238호),"가온로 보행구간 노점상 밀집 지역에 대한 식품 위생 관리 수준 평가 결과와 행정 지도 현황이 필요합니다. 최근 6개월간 지도 횟수, 위반 사항, 행정 처분 종류, 단속 후 개선 확인 결과가 포함되어 있는지 알려주세요.",공개,13
2022-03-06,가람시 새빛구 보건행정과,FOI-2022-01239,전직 도시 계획 설계사 구직 관련 지구단위계획 내 식품 관련 시설 배치 기준에 관한 정보 공개 청구 (1239호),"해당 동네 지구단위계획 내 식품 제조 및 판매 시설의 배치 기준과 용도 지역별 허용 여부가 필요합니다. 현재 지구단위계획 인정 용도 목록, 최근 변경 사항, 도시계획 결정 절차가 포함되어 있는지 확인 요청합니다.",부분공개,17
2022-08-10,라온군 보건행정과,FOI-2022-01240,아파트 주거환경 개선 사업 내 공동 식당 설치 및 위생 기준에 관한 정보 공개 청구 (1240호),"해당 아파트 단지 주거환경 개선 사업을 통해 공동 식당 설치 계획이 논의되고 있습니다. 공동 식당 설치 시 요구되는 위생 시설 기준, 관련 허가 절차, 관리 운영 방안, 기존 사례 정보가 필요합니다.",부존재,2
2024-01-25,새봄시 한울구 환경위생과,FOI-2024-01241,인발기 조작원 산업 안전 및 식품 위생 관련 연간 사고 통계에 관한 정보 공개 청구 (1241호),"해당 동네 제조업체 지역 내 인발기 등 기계 관련 산업 안전 사고 현황과 식품 위생 관련 연간 사고 통계가 필요합니다. 사고 유형별 발생 건수, 주요 원인은 분석, 예방 교육 실시 현황이 포함되어 있는지 확인 요청합니다.",부분공개,16
2024-03-15,온빛시 환경위생과,FOI-2024-01242,인발기 조작원 인근 집단 급식소 위생 점검 결과 및 보수 지원 제도에 관한 정보 공개 청구 (1242호),"인발기 조작원 근로자 급식 위탁 집단 급식소에 대한 위생 점검 결과와 산업보건 지원 제도가 필요합니다. 위생 불합격 시 개선 명령 이행 여부, 직업병 예방 교육 지원, 근로자 건강 관리 프로그램 내용이 포함되어 있는지 알려주세요.",비공개,2
2024-09-04,너울시 물빛구 환경위생과,FOI-2024-01243,단독주택 소재 식품 제조업영업장 주변 환경 위생 실태 조사 결과에 관한 정보 공개 청구 (1243호),"단독주택 밀집 지역 내 식품 제조 및 가공 영업장 주변 환경 위생 실태 조사 결과가 필요합니다. 하수 및 폐수 처리 현황, 소음 및 악취 발생 정도, 최근 환경 민원 처리 결과가 포함되어 있는지 확인 요청합니다.",공개,1
2023-03-27,너울시 물빛구 환경위생과,FOI-2023-01244,인발기 조작원 작업 환경 내 식품 판매 Automated기 및 관리 기준에 관한 정보 공개 청구 (1244호),"제조업체 내Automated식품 판매기 설치 가능 여부와 관리 기준이 필요합니다. Automated판매기 설치 허가 기준, 식품 위생 관리 책임 소재, 유통기한 관리 방식, 사고 발생 시 대응 체계가 포함되어 있는지 알려주세요.",비공개,12
2025-04-17,가람시 새빛구 보건행정과,FOI-2025-01245,단독주택 가구의 식품 안전 지역 거버넌스 참여 기희 및 주민 건강 보호 정책에 관한 정보 공개 청구 (1245호),"단독주택 가구의 식품 안전 관련 주민 참여 기희와 지역 건강 보호 정책 추진 현황이 필요합니다. 주민자치위원회 구성 및 활동 실적, 지역 건강 보호 정책 예산 배분, 주민 의견 수렴 절차가 포함되어 있는지 확인 요청합니다.",공개,20
2024-06-18,예담시 늘품구 보건행정과,FOI-2024-01246,전직 문화 관광 해설사 구직 관련 자연환경 해설 인력 양성 사업 운영 현황에 관한 정보 공개 청구 (1246호),"도담천 산책로 및 너울천 산책로 주변 자연환경 해설사 양성 사업 운영 현황이 필요합니다. 양성 과정 훈련 기간, 수료 후 취업 연계 실적, 자격 시험 응시 요건, 자연환경 해설사 등록 현황이 포함되어 있는지 알려주세요.",부분공개,20
2025-05-13,누리시 바른구 보건행정과,FOI-2025-01247,전직 문화 관광 해설사 구직 관련 해설사 지원금 지급 기준 및 선정 과정에 관한 정보 공개 청구 (1247호),"자연환경 해설사 활동 지원금 지급 기준과 선정 과정의 투명성이 필요합니다. 지원금 지급 요건, 선정 심사 기준, 지원금 금액 체계, 선정 결과 이의 신청 절차가 포함되어 있는지 확인 요청합니다.",공개,15
2024-10-07,누리시 바른구 보건행정과,FOI-2024-01248,자연환경 해설사 자격 산책로 주변 위생 환경 개선 사업 추진 현황에 관한 정보 공개 청구 (1248호),"산책로 주변 위생 환경 개선 사업 추진 현황과 해설 활동 공간 위생 관리 기준이 필요합니다. 산책로 공용 화장실 위생 관리 수준, 쓰레기 수거, 위생 설비 확충 계획, 해설사 안전 보호 조치 내용이 포함되어 있는지 알려주세요.",공개,9
2025-05-05,라온군 환경위생과,FOI-2025-01249,전직 문화 관광 해설사 구직 관련 관광안내표지판 설치 기준 및 해설 자원 현황에 관한 정보 공개 청구 (1249호),"자연 관광지 안내 표지판 설치 기준과 해설 자원 현황 파악이 필요합니다. 해솔문화광장 및 빛솔광장 일대 안내 표지판 현황, 해설 자원 구축 여부, 지역 해설 전문가 활용 계획이 포함되어 있는지 확인 요청합니다.",공개,12
2023-04-08,온빛시 보건행정과,FOI-2023-01250,청소년 대상 자연환경 교육 프로그램 운영 현황 및 참여 확대 방안에 관한 정보 공개 청구 (1250호),"라온체육센터 주변 청소년 대상 자연환경 교육 프로그램 운영 현황이 필요합니다. 최근 1년간 프로그램 운영 횟수, 청소년 참여 인원, 교육 만족도 조사 결과, 향후 참여 확대 방안이 포함되어 있는지 확인 요청합니다.",부분공개,11
2025-02-26,여울시 단비구 문화체육과,FOI-2025-01251,ouverte점포 운영허가 현황 및 관리 체계 공개 (1251호),"샘물동 생활권 내 열린마을 공원 주변에 설치된 무인점포의 설치허가 현황, 관리 주체, 점검 주기를 파악하고자 합니다. 공원 내 설치 시설물 전반의 관리 체계를 확인하여 안전하고 질서 있는 공원 환경 조성과 관련한 개선 의견을 제시하고 싶습니다.",부분공개,1
2025-02-11,온빛시 문화체육과,FOI-2025-01252,녹지 식재 계획서 및 시민 의견 수렴 결과 공개 (1252호),"새빛시장 주변 공원 녹지 식재 계획의 전체 내용을 확인하고, 최근 실시된 시민 의견 수렴 절차 및 그 결과를 알고 싶습니다. 공원 인근에 거주하며 지역의 환경 개선에 직접적인 이해관계가 있어 계획의 실효성과 주민 참여 기회를 평가하고자 합니다.",공개,8
2023-10-06,여울시 단비구 공원녹지과,FOI-2023-01253,환경 미화 용역 입찰 평가 기준 및 배점표 공개 (1253호),"도담천 산책로 환경 미화 용역 입찰의 평가 기준, 배점표, 심사 절차를 공개해 주시기 바랍니다. 구직 중으로 녹지 및 환경 미화 관련 일자리에 관심을 갖고 있어 입찰 공정의 투명성과 공정한 경쟁 기준을 확인하고 싶습니다.",부분공개,18
2025-02-21,누리시 바른구 공원녹지과,FOI-2025-01254,공 조명 시설 설계 시공 기준 및 안전 관리 계획 공개 (1254호),"도담천 산책로 조명 시설의 설치 및 운용 기준, 전제 조건, 조도 기준, 안전 관리 계획을 확인하여 안전하고 쾌적한 산책 환경을 평가하고자 합니다.",부분공개,18
2024-12-08,가람시 열린구 문화체육과,FOI-2024-01255,가로수 전지 작업 안전 수칙 및 작업 수행 업체 공개 (1255호),"한울초 주변 통학로 가로수의 전지 작업 시 적용된 안전 수칙, 작업 수행 업체, 안전 교육 이수 여부를 확인하여 통학로 안전 수준을 평가하고자 합니다.",부분공개,11
2025-04-22,여울시 단비구 문화체육과,FOI-2025-01256,CCTV 설치 현황 및 야간 촬영 범위 공개 (1256호),"도담천 산책로 내에 설치된 CCTV의 대수, 위치, 화각, 야간 촬영 여부를 확인하여 공원 안전 관리 실태를 파악하고 싶습니다.",부분공개,4
2025-02-04,온빛시 공원녹지과,FOI-2025-01257,녹지 식재 인건비 배분 내역 공개 (1257호),새봄역 환승구역 주변 공원 녹지 식재 인건비가 각 공종별로 어떻게 배분되었는지 내역을 확인하고 싶습니다. 공원 조성 예산의 합리적 배분 여부를 검증하여 알 권리를 행사하고자 합니다.,공개,10
2025-09-08,라온군 공원녹지과,FOI-2025-01258,공원 환경 미화 용역 입찰 평가 기준 공개 (1258호),"새빛시장 주변 공원 환경 미화 용역 입찰의 평가 항목, 배점 기준, 심사 절차, 낙찰 업체 선정 근거를 확인하여 공정한 경쟁이 이루어졌는지 파악하고 싶습니다.",공개,12
2023-09-15,가람시 열린구 공원녹지과,FOI-2023-01259,공원 조성 설계비 배분 내역 공개 (1259호),누리버스 정류장 일대 공원 조성 설계비의 배분 내역을 각 항목별로 자세히 알고 싶습니다. 설계비 집행의 적정성과 투명성을 확인하여 공원 조성 사업의 신뢰도를 평가하고자 합니다.,공개,15
2023-11-23,해솔시 문화체육과,FOI-2023-01260,가로수 전지 작업 안전 수칙 및 작업 수행 업체 공개 (1260호),"한울초 주변 통학로 가로수의 전지 작업 시 적용된 안전 수칙, 작업 수행 업체, 안전 교육 이수 여부를 확인하여 통학로 안전 수준을 평가하고자 합니다.",공개,12
2024-05-15,도담군 문화체육과,FOI-2024-01261,산책로 CCTV 설치 현황 및 관리 주체 공개 (1261호),"도담천 산책로 내에 설치된 CCTV의 대수, 위치, 화각, 관리 주체를 확인하여 공원 안전 관리 실태를 파악하고 싶습니다.",부분공개,14
2022-07-22,해솔시 공원녹지과,FOI-2022-01262,공원 조명 시설 설계 시공 기준 및 품질 관리 방안 공개 (1262호),"가온로 보행구간 공원 조명 시설의 설계 시공 기준, 품질 관리 방안, 시설물 안전 점검 일정을 확인하여 시설 설치의 적절성을 평가하고 싶습니다.",부분공개,17
2024-05-02,누리시 바른구 문화체육과,FOI-2024-01263,공원 조성 품질 평가 보고서 및 하자 관리 기록 공개 (1263호),"미래복합센터 인근 공원 조성 공사의 품질 평가 보고서, 하자 발견 및 처리 기록, 사후 관리 계획을 확인하여 공사 완성도 수준을 파악하고 싶습니다.",부분공개,15
2022-10-19,새봄시 한울구 문화체육과,FOI-2022-01264,가로수 식재 수종 선정 근거 및 주민 참여 절차 공개 (1264호),푸른마루 교차로 가로수 식재 수종 선정의 기술적·환경적 근거와 주민 참여 절차를 확인하여 도시 녹화 정책의 합리성을 평가하고 싶습니다.,공개,4
2024-12-14,누리시 바른구 공원녹지과,FOI-2024-01265,공원 이용자 행동 지침 및 안전 관리 계획 공개 (1265호),"누리버스 정류장 주변 공원의 이용자 행동 지침, 안전 관리 계획, 비상 대응 절차를 확인하여 공원 이용 안전 수준을 점검하고 싶습니다.",부분공개,7
2023-08-26,예담시 늘품구 문화체육과,FOI-2023-01266,시설물 안전 점검 일정 및 관리 기준 공개 (1266호),"가온로 보행구간 공원 내 놀이·운동 시설물 안전 점검 일정, 점검 기관, 관리 기준을 확인하여 시설 안전성을 점검하고 싶습니다.",공개,7
2024-09-02,라온군 문화체육과,FOI-2024-01267,녹지 식재 사업 안전 관리 계획 공개 (1267호),"가온로 보행구간 녹지 식재 사업의 안전 관리 계획, 작업자 안전 교육 이수 여부, 사고 대응 절차를 확인하여 사업 추진의 안전성을 평가하고 싶습니다.",공개,17
2024-02-14,빛솔시 아람구 문화체육과,FOI-2024-01268,공원 내 급수·배수 시설 설계 시공 기준 공개 (1268호),"가온로 보행구간 공원 내 급수 시설 및 배수 시설의 설계 시공 기준, 재료 규격, 시설물 안전 점검 결과를 확인하여 공원 인프라 수준을 평가하고 싶습니다.",비공개,1
2025-03-20,누리시 바른구 공원녹지과,FOI-2025-01269,녹지 식재 인건비 배분 내역 공개 (1269호),새봄역 환승구역 주변 공원 녹지 식재 인건비가 각 공종별로 어떻게 배분되었는지 내역을 확인하고 싶습니다. 공원 조성 예산의 합리적 배분 여부를 검증하여 알 권리를 행사하고자 합니다.,공개,4
2023-04-25,가람시 열린구 공원녹지과,FOI-2023-01270,환경 미화 용역 입찰 평가 기준 및 배점표 공개 (1270호),"새빛시장 주변 공원 환경 미화 용역 입찰의 평가 기준, 배점표, 심사 절차를 공개해 주시기 바랍니다. 구직 중으로 녹지 및 환경 미화 관련 일자리에 관심을 갖고 있어 입찰 공정의 투명성과 공정한 경쟁 기준을 확인하고 싶습니다.",부분공개,19
2024-08-08,가람시 열린구 문화체육과,FOI-2024-01271,공원 조성 설계비 배분 내역 공개 (1271호),누리버스 정류장 일대 공원 조성 설계비의 배분 내역을 각 항목별로 자세히 알고 싶습니다. 설계비 집행의 적정성과 투명성을 확인하여 공원 조성 사업의 신뢰도를 평가하고자 합니다.,부분공개,17
2025-01-02,가람시 열린구 문화체육과,FOI-2025-01272,가로수 전지 작업 안전 수칙 및 작업 수행 업체 공개 (1272호),"한울초 주변 통학로 가로수의 전지 작업 시 적용된 안전 수칙, 작업 수행 업체, 안전 교육 이수 여부를 확인하여 통학로 안전 수준을 평가하고자 합니다.",부존재,11
2022-09-05,가람시 새빛구 문화체육과,FOI-2022-01273,산책로 CCTV 설치 현황 및 관리 주체 공개 (1273호),"도담천 산책로 내에 설치된 CCTV의 대수, 위치, 화각, 관리 주체를 확인하여 공원 안전 관리 실태를 파악하고 싶습니다.",부분공개,17
2025-02-27,온빛시 공원녹지과,FOI-2025-01274,공원 조성 품질 평가 보고서 및 하자 관리 기록 공개 (1274호),"가온로 보행구간 공원 조성 공사의 품질 평가 보고서, 하자 발견 및 처리 기록, 사후 관리 계획을 확인하여 공사 완성도 수준을 파악하고 싶습니다.",공개,9
2025-02-14,빛솔시 아람구 공원녹지과,FOI-2025-01275,가로수 식재 수종 선정 근거 및 주민 참여 절차 공개 (1275호),푸른마루 교차로 가로수 식재 수종 선정의 기술적·환경적 근거와 주민 참여 절차를 확인하여 도시 녹화 정책의 합리성을 평가하고 싶습니다.,공개,8
2025-03-17,빛솔시 아람구 도시계획과,FOI-2025-01276,샘물동 생활권 재개발 사업 추진 일정 및 철거 대상 건물 목록 (1276호),현재 거주하는 아파트가 재개발 대상으로 지목되어 있는지 확인 요청합니다. 특히 최근 부동산 시장에서 재개발 소식이 활발히 보도되고 있어 향후 이사 일정과 보상금 산정 기준이 궁금합니다. 2022년 이후 추진 현황과 주민 설명회 일정이 있으면 알려주시기 바랍니다.,비공개,7
2024-12-14,세움시 맑은구 도시계획과,FOI-2024-01277,가온로 보행구간 재개발 후 보상 정책 및Criteria (1277호),가온로 보행구간 주변 아파트 재개발 시의 보상 비율과 이전비 지원 기준을 알고 싶습니다. 특히 저처럼 장기 무허가 건물에 거주하는의 특례 지원 방안이 있는지 확인 부탁드립니다. 경제적으로이 없어 향후 주거비 부담이 걱정한나서입니다.,비공개,2
2025-09-18,예담시 늘품구 도시계획과,FOI-2025-01278,미래복합센터 인근 재개발 구역 내 Elderly 취약계층 주거 지원 현황 (1278호),"미래복합센터 인근 재개발 구역에서 Elderly 및 신체 불편인이사를 갈 때 받을 수 있는 주거 지원 서비스 종류와 신청 방법, 그리고임대주택 배정 대기 기간을 알고 싶습니다. 구체적으로 65세 이상 해당 지원금 지급액과 소득 기준을 알려주시기 바랍니다.",공개,1
2025-08-04,가람시 새빛구 도시계획과,FOI-2025-01279,새봄역 환승구역 재개발 사업 환경영향평가 보고서 (1279호),"새봄역 환승구역 재개발 사업의 환경영향평가 최종 보고서와 소음·진동 예측 모델링 결과, 그리고 공사 기간 중 교통 혼잡 대응 계획을 요청합니다. 특히 대형 화물차의 우회도로 지정 여부와 차량 통행 시간대가 중요합니다.",공개,8
2024-10-13,세움시 맑은구 건축허가과,FOI-2024-01280,재개발 지역 내 지원 프로그램 및 직업훈련 과정 안내 (1280호),재개발 지역의 주거이전 지원 제도와 함께 구직자 대상 직업훈련 과정이 있는지 확인 요청합니다. 장기 운전 경력직으로 다른 업종 전직 시 필요한 자격증 취득 비용 지원 여부와 구체적인 훈련 기관 위치 및 수료 후 취업 연계율을 알고 싶습니다.,부분공개,20
2023-02-21,온빛시 건축허가과,FOI-2023-01281,푸른마루 교차로 아파트 단지의 전기 설비 점검 및 안전 진단 결과 (1281호),"최근 아파트 전기실 이상 소식으로 안전에 대한 우려가 있어 최근 3년간 전기 설비 정기 점검 기록과 결함 조치 현황, 그리고 옥내 배선 교체 공사의 구체적 내용을 요청합니다. 또한 전기 사고 발생 시 emergency 대피 경로와 대피 장소 지정 현황이 있는지 확인 부탁드립니다.",부분공개,1
2023-02-11,빛솔시 아람구 건축허가과,FOI-2023-01282,도담천 산책로 인접 아파트 단지의 건축물 안전등급 결과 (1282호),"도담천 산책로 옆 아파트가 노후화 되어 건축물 안전등급이 어떻게되었는지 궁금합니다. 특히 내진 설계 적용 여부와 지진 시 긴급 대피 체계, 그리고 최근 прове된 외벽 균열 보강 공사 결과를 알고 싶습니다.",공개,18
2023-07-24,세움시 맑은구 도시계획과,FOI-2023-01283,새빛시장 주변 상가 재건축 시 업종 변경 조건 및 절차 (1283호),"새빛시장 주변 상가를 운영하는로, 재건축 시 현 위치에할 수 있는지 또는업종 변경이 필요한 경우その과 승인을 위한 절차 및 소요 기간을 알고 싶습니다. 특히 숙박업에서다른 업종으로 전환할 때 필요한 자격 요건과, 안전 기준 강화 여부를 확인 요청합니다.",비공개,10
2022-06-09,여울시 단비구 도시계획과,FOI-2022-01284,한울초 주변 통학로 재개발 구역 지정 여부 및안전 (1284호),"한울초 주변 통학로가 재개발 구역에 포함되어 있는지, 그리고 자녀의길 안전 확보를 위한 학교 측 대응 계획이 있는지 확인 요청합니다. 공사 기간 중학로 우회 경로 지정 여부와 같은 안전시설 설치 계획을 알고 싶습니다.",공개,12
2023-02-03,누리시 바른구 도시계획과,FOI-2023-01285,새봄역 환승구역 재개발 사업의 교통영향평가 보고서 전문 (1285호),"새봄역 환승구역 재개발 사업의 교통영향평가 보고서 전문을 요청합니다. 특히 출퇴근 시간대 대중교통 이용 불편 완화를 위한 환승 주차장 확대 계획, 그리고 자전거 보관소 설치 여부 및 규모를 알고 싶습니다. 직장인이므로 교통 혼잡 시 출근 시간 소요가 걱정되기 때문입니다.",공개,4
2022-08-16,누리시 바른구 도시계획과,FOI-2022-01286,온빛도서관 앞 아파트 단지 경로당 및 생활문화시설 확충 계획 (1286호),"현재 혼자 거주하며 Elderly로서 경로당 이용이 주요 여가 활동인데, 온빛도서관 앞 아파트 단지 재개발 시 경로당 규모 축소 또는 위치 변경 계획이 있는지 확인 요청합니다. 또한 생활문화시설 확충 계획 중 스포츠 센터나 복지관 건립 여부를 알고 싶습니다.",부존재,4
2022-10-14,라온군 도시계획과,FOI-2022-01287,재개발 예정 지역 청년 실업자 주거비 지원 사업 선정 기준 (1287호),"현재 구직 중으로 소득이 없는 상황에서 재개발로 인한 주거비 부담이 커질 것 같아 주거비 지원 사업의 선정 기준과 지원액을 알고 싶습니다. 특히 지역 기반 지원금과 중앙정부 고용관리청 지원금을 동시에 신청할 수 있는지, 그리고 신청 시한 증빙서류 종류를 확인 요청합니다.",부존재,12
2025-12-11,미래군 건축허가과,FOI-2025-01288,라온체육센터 주변 아파트 지하주차장 확장 계획 및 이용료 책정 기준 (1288호),"라온체육센터 주변 아파트 단지의 지하주차장 확장과 관련된 사업계획서와 현재 주차면 수 대비 차량 대수 비율, 그리고 이용료 책정 기준 및 향후 조정 가능성을 알고 싶습니다. 특히 장애인 차량 우선 주차 구역 확대 계획이 있는지 확인 요청합니다.",비공개,19
2024-05-15,가람시 열린구 건축허가과,FOI-2024-01289,세움산업단지 입구 재개발 구역 내 직장인 전용 통근버스 운행 계획 (1289호),"세움산업단지 입구 재개발 구역에서 직장인 통근을 위한 셔틀버스 운행 계획이 있는지, 그리고 기존 버스 노선 조정 계획이 있는지 확인 요청합니다. 특히 막차 시간 연장 가능성과 주말 운행 여부를 알고 싶습니다. 철도운송 직 특성상 교대 근무이 달라 교통 편의가 중요하기 때문입니다.",공개,14
2025-12-07,예담시 늘품구 건축허가과,FOI-2025-01290,가람공공청사 주변 노후주택 리모델링 지원 사업 대상 선정 내역 (1290호),"가람공공청사 주변 단독주택에 거주하며 노후화된 주택의 리모델링을 고려 중입니다. 리모델링 지원 사업의 대상 선정 내역과 지원 한도액, 그리고 신청 경쟁률 및 선정 비율을 알고 싶습니다. 또한 지원금이 바로 집행되는지 아니면 공사 완료 후 환급되는지 확인 요청합니다.",공개,14
2023-05-09,여울시 단비구 건축허가과,FOI-2023-01291,새봄역 환승구역 재개발 공사 소음 규제 기준 및 위반 시 제재 내용 (1291호),"새봄역 환승구역 재개발 공사가 밤늦게까지 진행되어 생활에 불편을 겪고 있습니다. 공사 소음 규제 기준과 야간 공사 허용 시간대, 그리고 소음 기준 초과 시 민원 처리 절차 및에 대한 제재 내용을 알고 싶습니다. 구체적인 민원 접수처와 처리 기간을 확인 요청합니다.",부분공개,18
2023-08-04,미래군 건축허가과,FOI-2023-01292,한들동 생활권 재개발 민원 접수 현황 및 처리 (1292호),"한들동 생활권 재개발과 관련하여 지금까지 접수된 민원의 주요 내용과 처리, 그리고 해결되지 않은 사항에 대한 대응 방안을 알고 싶습니다. 특히 주차난과 소음 관련 민원이 얼마나 접수되었는지, 그리고의 개선 계획이 있는지 확인 요청합니다.",공개,13
2022-09-26,예담시 늘품구 건축허가과,FOI-2022-01293,미르로 교차로 재개발 지구 경계 설정 관련 협의 회의록 (1293호),미르로 교차로 재개발 지구 경계 설정과 관련하여 주민 설명회 및 간담회 회의록을 요청합니다. 특히 경계 조정 사유와 함께 영향받는 건물 목록 및 소유자 의견을 수렴한 내용을 알고 싶습니다. 향후 재산권에 영향을 미칠 수 있어 중요하기 때문입니다.,부분공개,20
2024-03-08,빛솔시 아람구 도시계획과,FOI-2024-01294,누리버스 정류장 주변 아파트 단지의 주차장 확충 관련 기부채납 계획 (1294호),"누리버스 정류장 주변 아파트 단지의 주차장 확충과 관련하여 기부채납 계획이 있는지, 그리고 공공 주차장 전환 시 관리 주체 변경 여부를 알고 싶습니다. 특히 기부채납 후 관리비 산정 기준이 기존과 다른지, 그리고 주민 결과를 알고 싶습니다.",공개,9
2024-05-22,세움시 맑은구 건축허가과,FOI-2024-01295,해솔문화광장 주변 노후 건축물 매입 및 지원 사업 계획 (1295호),"현재 단독주택에 거주하며 집 값이 점점 하락하여 재건축을 고려 중입니다. 해솔문화광장 주변 노후 건축물 매입 지원 사업과 재건축 추천 및 시공 비용 보조 사업이 있는지, 그리고 사업 신청 시 필요한 자격 요건과 신청 기한을 알고 싶습니다.",공개,2
2023-03-27,너울시 물빛구 건축허가과,FOI-2023-01296,온빛도서관 앞 재개발 지구 내임대주택 건설 계획 및 입주 자격 (1296호),"온빛도서관 앞 재개발 지구 내 공공임대주택 건설 계획이 있는지, 그리고 입주 자격 기준과 임대 기간, 그리고 월 임대료를 알고 싶습니다. 특히 혼자 거주하는 사람에게 유리한 세대당 소득 제한 기준과 전용면적별 임대료 차등제를 확인 요청합니다.",공개,11
2022-07-18,세움시 맑은구 도시계획과,FOI-2022-01297,새봄역 환승구역 재개발 시 장애인 편의시설 설치 기준 및 현황 (1297호),"새봄역 환승구역 재개발 시 장애인 편의시설 설치 기준과 함께 현재 설치 계획 또는 공사 완료 후 설치 예정인 시설 목록을 알고 싶습니다. 특히 휠체어 리프트, 점자블록, 음성 안내 시설 설치 위치 및 이용 방법을 확인 요청합니다. 신체 불편인이사의 이동권과 관련이 있어 중요합니다.",부존재,14
2024-12-10,예담시 늘품구 도시계획과,FOI-2024-01298,맑은마을 커뮤니티센터 주변 주거환경 개선사업 추진 현황 (1298호),"맑은마을 커뮤니티센터 주변 주거환경 개선사업의 추진 현황과 함께 주요 공사 항목, 그리고 공사 완료 예상 시기를 알고 싶습니다. 특히 가로등 설치 및 보차도 분리 공사, 그리고 공원 확장 계획이 있는지 확인 요청합니다. 가족과 함께 거주하며 아이들의 놀이터 안전이 걱정되기 때문입니다.",비공개,8
2023-03-20,빛솔시 아람구 건축허가과,FOI-2023-01299,새빛시장 주변 상가 재개발 시 근린생활시설 설치 기준 및 배분 계획 (1299호),"새빛시장 주변 상가 재개발 시 근린생활시설 설치 기준과 배분 계획을 알고 싶습니다. 특히 업종 배분 비율과 임대료 산정 방식, 그리고 소규모 상인권 보장 여부를 확인 요청합니다. 숙박업 특성상 주변 생활과의 연계가 중요하기 때문입니다.",부분공개,6
2022-02-01,미래군 건축허가과,FOI-2022-01300,너울천 산책로 인접 아파트 단지의 공용면적 확대 및 관리비 변화 전망 (1300호),"너울천 산책로 인접 아파트 단지가 재개발로 공용면적이 확대될 경우 향후 관리비 변화 전망을 알고 싶습니다. 특히 관리비 산정 기준과 함께 공동시설 유지보수 비용의 부담 비율, 그리고 장기 수선충당금 적립 계획이 어떻게 변경되는지 확인 요청합니다.",공개,3
2025-05-09,여울시 단비구 교육지원과,FOI-2025-01301,다세대주택 거주민의 저녁돌봄교실 이용 편의 개선 요청 (1301호),"현재 구직 중인 전직 사무용품 대여원으로서 지역사회 돌봄 인프라 확보 여부에 관심을 가지고 있습니다. 샘물동 생활권 내 초등학교 방과후돌봄교실의 운영 시간과 정원이 현재 학부모 근무 환경에 적합한지, 저녁시간대 돌봄 수요에 대응하고 있는지 확인하고자 합니다.",공개,6
2023-04-14,새봄시 한울구 교육지원과,FOI-2023-01302,푸른마루 교차로 인근 초등학교 방과후돌봄교실 운영 현황 청구 (1302호),"배우자와 자녀와 함께 거주하며 경제적 부담을 절감하기 위해 방과후돌봄교실 이용을 검토하고 있습니다. 해당 지역 초등학교 돌봄교실의 월 이용료와 식대 포함 여부, 추가 비용 발생 항목이 있는지 상세히 확인하고 싶습니다.",공개,1
2022-08-29,라온군 복지정책과,FOI-2022-01303,열린마을 공원 인접 초등학교 돌봄교실 안전 점검 결과 청구 (1303호),최근 학교 안전 관련 뉴스를 접하고 어린 자녀의 안전에 대한 불안감이 커졌습니다. 한울초 주변 통학로와 연계된 돌봄교실의 실내외 안전 점검 실시 여부와 지적 사항 및 개선 이행을 확인하고자 합니다.,비공개,4
2023-02-13,가람시 열린구 교육지원과,FOI-2023-01304,가온로 보행구간 초등학교 돌봄교실 종사자 범죄경력 조회 여부 청구 (1304호),"자녀를 돌봄교실에 위탁하는 학부모로서 종사자의 인성 확인 여부가 중요합니다. 미래복합센터 인근 초등학교 방과후돌봄교실 종사자가 범죄경력조회 절차를 완료했는지, 결과 확인 일자와 처리 기준을 알고 싶습니다.",부분공개,2
2023-03-21,너울시 물빛구 교육지원과,FOI-2023-01305,새빛시장 주변 초등학교 방과후돌봄교실 운영 위탁 현황 청구 (1305호),"현재 구직 중인 신분이니만큼 돌봄 분야 일자리 창출 방안에도 관심이 많습니다. 맑은마을 커뮤니티센터 인근 초등학교 돌봄교실이 위탁 운영되는지, 위탁 기관명칭과 계약 기간, 평가 기준을 확인하여 돌봄 분야 재취업 가능성을 파악하고자 합니다.",공개,3
2025-01-07,가람시 새빛구 교육지원과,FOI-2025-01306,선원 돌봄 지원 프로그램 운영 현황 청구 (1306호),"선장으로서 출항 기간 중 가족 돌봄에 대한 부담이 크며, 특히 자녀 방과후 돌봄 지원 제도 활용 가능 여부를 확인하고자 합니다. 해솔문화광장 주변 초등학교 방과후돌봄교실의 야간 연장 운영 여부와 선원가족 특별 지원 제도 존재 여부를 알고 싶습니다.",공개,11
2025-01-01,해솔시 교육지원과,FOI-2025-01307,도담천 산책로 인접 초등학교 방과후돌봄교실 급식 위생 관리 현황 (1307호),배우자와 자녀와 거주하며 가정경제를 주도적으로 관리하는 입장에서 돌봄교실 급식의 위생·안전 수준이 중요합니다. 한울초 주변 통학로 인근 초등학교 돌봄교실의 급식 위생 점검 빈도와 최근 점검 결과를 확인하여 자녀 건강 보호에 참고하고 싶습니다.,공개,16
2023-07-28,새봄시 한울구 복지정책과,FOI-2023-01308,선원 직계가족 돌봄 이용료 감면 지원 제도 존재 여부 청구 (1308호),선원 직계가족이 방과후돌봄교실을 저렴하게 이용 가능한 감면 제도나 지원금이 있는지 확인하고자 합니다. 온빛도서관 앞 초등학교 돌봄교실을 기준으로 감면 대상 확대 여부와 한부모·조손가정 외 선원가족 포함 가능성을 알고 싶습니다.,공개,7
2025-11-05,여울시 단비구 복지정책과,FOI-2025-01309,라온체육센터 주변 초등학교 돌봄교실 적정 인원 충원 여부 청구 (1309호),"선원으로서 교대 근무와 출항 일정으로 인해 돌봄교실 운영 안정성에 대한 신뢰가 필요합니다. 누리버스 정류장 인접 초등학교 방과후돌봄교실의 교사 대 어린이 비율이 국가 기준을 충족하는지, 현재 종사자 수와 적정 배치를 확인하고 싶습니다.",공개,18
2024-03-13,여울시 단비구 교육지원과,FOI-2024-01310,선원 주재부모 돌봄 분야 우선 취업 지원 제도 존재 여부 청구 (1310호),"배우자가 혼자 자녀를 돌보는 상황에서 출항 중 가사·돌봄 부담을 덜고 싶습니다. 방과후돌봄교실 종사자 채용 시 선원가족 주재부모를 우선 채용하거나하는 지원 제도가 있는지, 그간 선정 사례가 있는지 확인하고 싶습니다.",부분공개,11
2022-10-29,온빛시 복지정책과,FOI-2022-01311,특수교육 대상 학생의 방과후돌봄 보장 여부 청구 (1311호),전직 특수교육 교사로서 특수교육 지원 대상 학생의 방과후돌봄 접근성이 여전히 낮다는 문제를 실감했습니다. 한울초 주변 통학로 초등학교 방과후돌봄교실에서 장애 유형별 편입 실태와 담당 인력 전문성 확보 현황을 확인하여 개선 필요 사항을 파악하고 싶습니다.,공개,7
2025-02-02,너울시 물빛구 교육지원과,FOI-2025-01312,특수교육 교사 경력자의 돌봄 종사자 전환 교육 지원금 청구 (1312호),현재 구직 중인 신분으로 재취업을 준비하면서 특수교육 교사 경력을 돌봄 분야에 활용할 수 있는지 확인하고 싶습니다. 새봄역 환승구역 주변 초등학교 방과후돌봄교실 채용 공고 시교육 경력 규정과 유사 경력 전환 교육 프로그램 지원금이 있는지 알고 싶습니다.,부분공개,3
2023-07-28,가람시 열린구 복지정책과,FOI-2023-01313,돌봄교실 위기 대응 매뉴얼 보유 및 교육 이수 여부 청구 (1313호),특수교육 교사로서 응급 상황 대응 역량의 중요성을 잘 압니다. 가온로 보행구간 초등학교 방과후돌봄교실에서 응급환자 발생·실종·비위험 상황 대응 매뉴얼 보유 여부와 종사자 정기 교육을 이수했는지 확인하여 자녀 안전에 참고하고 싶습니다.,부분공개,10
2024-05-17,세움시 맑은구 교육지원과,FOI-2024-01314,돌봄교실 운영비 보조금 지원 규모 및 배분 기준 청구 (1314호),"특수교육 교사 경력자로서 공적 재정 지원이 돌봄 품질에 직접 영향을 미친다는 점을 잘 압니다. 한울초 주변 통학로 초등학교 방과후돌봄교실에 지급되는 국가 및 지방 보조금 규모와 사용 목적별 배분 기준, 성과 평가 연결 여부를 확인하여 돌봄 제도 개선 방향을 파악하고 싶습니다.",부분공개,15
2024-11-17,라온군 복지정책과,FOI-2024-01315,특수교육 지원대상 학생 돌봄 이용 만족도 조사 결과 청구 (1315호),"현재 구직 중인 전직 특수교육 교사로서 현장의 목소리가 제도 개선에 반영되는지 궁금합니다. 라온체육센터 주변 초등학교 방과후돌봄교실 이용 학생·학부모 대상 만족도 조사 실시 여부와 조사 결과, 주요 불만 사항 및 개선 계획을 확인하여 돌봄 품질 향상을 위한 기초 자료를 얻고 싶습니다.",공개,1
2024-09-09,온빛시 복지정책과,FOI-2024-01316,철도운송 사무원 직계가족 돌봄 이용료 감면 지원 제도 존재 여부 (1316호),철도운송 사무원으로서 교대 근무와 야간 열차 운영으로 인해 평일 낮시간 돌봄 이용에 제약이 있습니다. 한울초 주변 통학로 초등학교 방과후돌봄교실에서 철도종사자 직계가족 대상 이용료 감면 제도나 특별 지원금이 있는지 확인하여 경제적 부담을 절감할 수 있을지 파악하고 싶습니다.,공개,15
2023-11-20,세움시 맑은구 복지정책과,FOI-2023-01317,역세권 초등학교 방과후돌봄교실 야간 연장 운영 현황 (1317호),"철도운송 사무원으로서 야간 근무 후 다음 날 아침까지 자녀 돌봄 공백이 발생합니다. 새봄역 환승구역 초등학교 방과후돌봄교실에서 야간 연장 운영 여부와 운영 가능 시간대, 이용 희망 학부모 수 대비 실제 운영 여부를 확인하여 철도종사자 근무 환경에 맞는 돌봄 서비스 접근 가능성을 파악하고 싶습니다.",공개,20
2022-12-11,가람시 열린구 복지정책과,FOI-2022-01318,돌봄교실 종사자 인건비 현실화 계획 및 이행 현황 (1318호),"철도운송 사무원으로서 낮은 임금이 서비스 품질 저하로 이어진다는 인과관계를 잘 압니다. 도담천 산책로 인접 초등학교 방과후돌봄교실 종사자 인건비 수준이 정부 권고 수준에 미달할 경우 개선 계획이 있는지, 인건비 변화 추이를 확인하여 종사자 처우 개선 실태를 파악하고 싶습니다.",부분공개,19
2025-05-13,가람시 새빛구 교육지원과,FOI-2025-01319,철도종사자 돌봄 이용 만족도 및 불만 사항 조사 결과 (1319호),"자녀가 방과후돌봄교실을 이용 중이며 본인의 근무 특성이 자녀 돌봄에 미치는 영향을 직접 체감하고 있습니다. 누리버스 정류장 인접 초등학교 돌봄교실에서 철도종사자 학부모를 대상으로 한 만족도 조사 결과와 철도 근무 특성(야간근무, 교대근무) 관련 불만 사항 및 기관 대응 방안을 확인하여 제도 개선 요구를 정리하고 싶습니다.",공개,6
2022-06-15,가람시 새빛구 복지정책과,FOI-2022-01320,돌봄교실 통학버스 안전 점검 및 운전자 자격 기준 (1320호),"철도운송 사무원으로서 교통 안전 기준에 대한 관심이 높습니다. 가온로 보행구간 초등학교 방과후돌봄교실에서 운용하는 통학버스 안전 점검 실시 여부와 운전자 자격 요건, 보험 가입 현황을 확인하여 자녀 이동 중 안전을 보장받을 수 있는지 파악하고 싶습니다.",공개,7
2024-11-02,누리시 바른구 교육지원과,FOI-2024-01321,고령 돌봄 종사자 재취업 지원 프로그램 운영 현황 (1321호),"전직 철로 보수원으로서 현장 작업이 어려워진 상황에서도 돌봄 종사자로 재취업하기를 희망합니다. 세움산업단지 입구 초등학교 방과후돌봄교실에서 만 오십오세 이상 종사자 재취업 지원 프로그램 운영 여부와 신체검사 기준, 업무 역량 교육 프로그램이 있는지 확인하여 재취업 가능성을 판단하고 싶습니다.",공개,14
2025-03-29,새봄시 한울구 복지정책과,FOI-2025-01322,돌봄시설 종사자 건강검진 실시 현황 및 지원 내용 (1322호),"철로 보수원 경력으로 근골격계 질환 이력이 있어 돌봄 종사자로 전환 시 건강 관리 지원 여부가 중요합니다. 라온체육센터 주변 초등학교 돌봄교실에서 종사자 정기 건강검진 실시 여부와 검진 항목, 부담 여부를 확인하여 고령 재직자 건강 보장 수준을 파악하고 싶습니다.",공개,13
2023-01-22,가람시 열린구 교육지원과,FOI-2023-01323,방과후돌봄교실 운영 정보 공개 및 학부모 참여 절차 (1323호),"배우자와 자녀, 부모와 함께하며 가족 의견 수렴의 중요성을 잘 압니다. 한들동 생활권 초등학교 방과후돌봄교실에서 운영 계획, 예산 집행, 행사 일정 등 주요 정보를 학부모에게 정기적으로 공개하는지, 운영위원회 등 학부모 참여 기구가 있는지 확인하여 참여 가능성을 파악하고 싶습니다.",비공개,3
2022-08-13,온빛시 교육지원과,FOI-2022-01324,돌봄 분야 공공일자리 창출 계획 및 참여 자격 기준 (1324호),"현재 구직 중인 전직 철로 보수원으로서 공공 돌봄 일자리에 관심을 가지고 있습니다. 가람공공청사 주변 초등학교 방과후돌봄교실에서 만 오십오세 이상 구직자를 대상으로 한 공공돌봄일자리 창출 계획이 있는지, 참여 자격 기준과 급여 수준, 계약 기간을 확인하여 재취업 목표로 삼고 싶습니다.",부분공개,2
2022-05-29,예담시 늘품구 교육지원과,FOI-2022-01325,돌봄 종사자 안전 교육 프로그램 운영 현황 및 이수 현황 (1325호),"철로 보수원 경력자로서 작업 현장의 안전 교육 중요성을 실무로 잘 알고 있습니다. 빛솔광장 일대 초등학교 방과후돌봄교실에서 종사자 안전 교육 프로그램 운영 여부와 교육 내용, 연간 이수 횟수, 미이수자 처리 절차를 확인하여 어린이 안전 확보 수준을 파악하고 싶습니다.",부분공개,20
2024-07-29,세움시 맑은구 보건행정과,FOI-2024-01326,미래복합센터 내 구직 지원 프로그램 선정 기준 공개 (1326호),"현재 직업소에서 미래복합센터 내 구직 지원 프로그램 참여를 희망합니다. 해당 프로그램의 선정 기준, 심사 절차, 과거 선정자들의 직종 분포 등 선정 과정을 구체적으로 알려주시기 바랍니다.",공개,10
2025-06-18,미래군 복지정책과,FOI-2025-01327,새봄역 환승구역 주변 고용취업 현황 (1327호),"새봄역 환승구역 인근에 위치한 고용취업 및 직업훈련기관의 운영 시간, 수강 가능 분야, 정부지원 과정 여부 등을 알려주시기 바랍니다.",공개,1
2023-12-08,해솔시 복지정책과,FOI-2023-01328,한들동 생활권 내 실주기별 구인공고 현황 (1328호),"한들동 생활권 내 최근 6개월간 게시된 구인공고의 업종별 분포, 급여 수준대, 경력 요구사항 등 고용 동향 자료를 요청합니다.",공개,20
2023-07-29,빛솔시 아람구 복지정책과,FOI-2023-01329,누리버스 정류장 관광서비스업 채용 정보 (1329호),"누리버스 정류장 주변 숙박·관광 서비스업에서 최근 시행한 채용 공고 내용과 고용 형태, 수당 체계 등 근로 조건을 알고 싶습니다.",부분공개,12
2024-02-23,라온군 복지정책과,FOI-2024-01330,가온로 보행구간 주변 돌봄종사자 인력 Pool 현황 (1330호),"가온로 보행구간 인근 지역사회에서 운영 중인 돌봄종사자 인력 Pool 등록 현황, 평균 대기 시간, 급여 단가 등 실태를 파악하고자 합니다.",공개,11
2024-08-23,가람시 새빛구 보건행정과,FOI-2024-01331,다세대주택지역 식중독 발생 시 대응 매뉴얼 (1331호),"다세대주택이 밀집한 지역에서 조리업 종사자로서 식중독 의심 환자 발생 시 보건소 조치 절차와 영업 정지 기준, 개선 명령 기간 등 대응 매뉴얼을 요청합니다.",부분공개,13
2023-10-23,해솔시 복지정책과,FOI-2023-01332,새빛시장 주변 식품접객업 영업시간 제한 규정 (1332호),새빛시장 주변에서 음료 조리사로 근무하며 해당 지역 야간 영업시간 제한 규정과 소음·환경 기준 여부를 확인하고 싶습니다.,비공개,15
2024-10-07,새봄시 한울구 보건행정과,FOI-2024-01333,푸른마루 교차로 주변 음식물 쓰레기 수거 일정 (1333호),"푸른마루 교차로 일대 다세대주택가에서 발생하는 음식물 쓰레기 수거 일정과 분리수거 배출 요일, 위생 처리 과정 등 환경 위생 관리 현황을 알려주세요.",부분공개,18
2023-04-10,가람시 열린구 보건행정과,FOI-2023-01334,세움산업단지 입구 주변 식품업체 위생 점검 결과 (1334호),"세움산업단지 입구 근처 식당가에서 발생한 위생 위반 사안과 부과된 시정 명령 내용, 개선 후평가 결과를 공개해 주시기 바랍니다.",부분공개,13
2025-06-18,해솔시 복지정책과,FOI-2025-01335,한들동 생활권 계절별 식재료 유통 검사 계획 (1335호),한들동 생활권 내 식재료 유통업체에 대한 계절별 검사 계획과 함께 최근 1년간 실시한 유통식품 잔류농약 검사 결과와 식품 표시 실태 조사 결과를 요청합니다.,공개,2
2022-11-07,가람시 열린구 보건행정과,FOI-2022-01336,한울초 주변 통학로 학생 감염병 발생 시 학교 조치 기준 (1336호),"한울초 주변 통학로를 이용하는 자녀의 안전을 위해 교사로서 학교 내 감염병 의심 환자 발생 시 학부모 통보 기준, 보건교사 배치 현황, 절차 등을 알고 싶습니다.",부분공개,9
2025-09-04,빛솔시 아람구 복지정책과,FOI-2025-01337,열린마을 공원 outdoor 체육활동 시 안전 관리 지침 (1337호),"열린마을 공원에서 교사 협회 체육활동 진행 시 응급 처치 장비 비치 기준, nearest 병원 위치, 안전 관리자 배치 요건 등 이용자 안전 관리 지침을 요청합니다.",공개,17
2023-10-18,여울시 단비구 보건행정과,FOI-2023-01338,가온로 보행구간 학생 교통사고 발생 빈도 및 원인 (1338호),"가온로 보행구간 인접 학교 통학로에서 최근 3년간 발생한 학생 교통사고 건수, 발생 시간대, 사고 원인 등 안전 실태 조사 결과를 알려주시기 바랍니다.",부분공개,10
2023-12-14,예담시 늘품구 복지정책과,FOI-2023-01339,온빛도서관 앞 지역사회 피부질환 환자 발생 보고 현황 (1339호),"온빛도서관 앞 지역에서 피부질환 의심 환자 발생 보고 건수와 보건소 환경위생 점검 결과, 근린시설 관계자 건강진단 실시 여부를 파악하고자 합니다.",부분공개,8
2024-03-20,해솔시 복지정책과,FOI-2024-01340,샘물동 생활권 학교 급식 식중독 예방 관리 계획 (1340호),"샘물동 생활권 관내 학교 급식 식중독 예방을 위한 위생 점검 계획, 납품업체 위생관리 상태 평가 결과, 급식 식재료 검사 일정 등 학교 식품안전 관리 현황을 요청합니다.",비공개,15
2024-09-11,누리시 바른구 복지정책과,FOI-2024-01341,맑은마을 커뮤니티센터 방문보건 서비스 이용 대상 선정 기준 (1341호),"85세 고령자로서 맑은마을 커뮤니티센터 방문보건 서비스를 이용하고자 합니다. 서비스 대상 선정 기준, 방문 주기, 제공되는 건강관리 항목, 간호사 배치 현황 등을 알려주시기 바랍니다.",부분공개,11
2025-06-10,도담군 보건행정과,FOI-2025-01342,너울천 산책로자 접근성 개선 공사 일정 (1342호),"너울천 산책로가 고령자 이용 불편 구간으로 파악되어 개선 공사가 계획된 것으로 알고 있습니다. 개선 공사 범위, 일정, 완료 예상 시점, 이동 제약자 배려 시설 설치 내용 등을 요청합니다.",공개,20
2022-04-16,라온군 복지정책과,FOI-2022-01343,도담천 산책로 emergency 호출bell 설치 위치 현황 (1343호),"도담천 산책로를 이용하는 고령자가 급성 질환 발생 시 즉각 대응할 수 있도록 emergency 호출bell 설치 위치 현황과 작동 여부 확인 주기, 담당 기관 등을 알고 싶습니다.",부분공개,5
2023-02-24,가람시 새빛구 복지정책과,FOI-2023-01344,가람공공청사 주변 병원 긴급실 시간 (1344호),"가람공공청사 주변 종합병원 긴급실 시간과 고령자 우선 진료 절차, 진료 가능 여부 및 nearest 요양원 연계 체계 등을 파악하고 싶습니다.",공개,3
2022-01-05,미래군 보건행정과,FOI-2022-01345,빛솔광장 일대회관 운영 프로그램 및 이용 방법 (1345호),"빛솔광장 일대관 운영 프로그램 현황과 회원 가입 방법, 료 체계,transportation 지원 여부 등 고령자 복지 서비스 이용 안내를 요청합니다.",공개,13
2022-11-07,라온군 복지정책과,FOI-2022-01346,세움산업단지 입구 영업장 흡연실 설치 기준 (1346호),"세움산업단지 입구 주변 고객사를 방문하며 영업입니다. 해당 지역 영업장 내 흡연실 설치 기준, 지정 흡연 구역 배치가 어디어인지, 위반 시 부과되는 과태료 수준을 알고 싶습니다.",부분공개,10
2025-04-19,가람시 새빛구 복지정책과,FOI-2025-01347,미래복합센터 인근 영업차 교통량 조사 자료 (1347호),"미래복합센터 인근 고객사 방문을 위해 해당 지역 일평균 영업차량 통행량과 교통 혼잡 시간대, 주차시설 현황 등 traffic 자료가 필요합니다.",비공개,2
2022-01-25,빛솔시 아람구 복지정책과,FOI-2022-01348,미르로 교차로 주변 산업용 기계류 전시회 개최 일정 (1348호),"산업용 기계장비 영업원으로서 미르로 교차로 주변 전시 시설에서 열리는 산업용 기계류 전시회·박람회 개최 일정과 기업 목록, 참관객 등록 방법 등을 알고 싶습니다.",부분공개,5
2023-10-29,누리시 바른구 보건행정과,FOI-2023-01349,가온로 보행구간 공사 구간 영업차량 우회 안내 (1349호),"가온로 보행구간 일대 도로 공사기간 고객사 방문이 제한될 것으로 예상됩니다. 공사 구간 영업차량 우회 경로와 통행 제한 시간대, 공사 완료 예상 시점 등 안내 자료를 요청합니다.",공개,1
2023-11-25,누리시 바른구 보건행정과,FOI-2023-01350,해솔문화광장 고객사 제품 설명회 개최 가능 시설 (1350호),"해솔문화광장 인근 다목적 시설에서 산업용 기계장비 제품 설명회를 개최할 예정입니다. 대관 가능 시설 규모, 수용 인원, 장비 시연 가능 공간 여부, 대관 비용 체계 등을 알려주세요.",공개,19
2022-01-24,세움시 맑은구 행정지원과,FOI-2022-01351,재난대비 대피시설 안내 자료 공개 청구 (1351호),현재 구직중에 있으며 지역사회 안전 인프라에 관심이 많습니다. 샘물동 생활권 내 공식 대피시설 위치와 운영 현황에 대한 안내 자료를 요청합니다. 최근 정부 발표된 일자리 연계 재난안전 프로그램 신청 가능한지 확인하고 싶습니다.,부분공개,15
2024-09-21,여울시 단비구 안전총괄과,FOI-2024-01352,대피소 위치 및 이용 안내 청구서 (1352호),"장기 실업 상태로 생계가 크며 가족과 함께 안전한 삶을 원합니다. 새빛시장 주변 대피소 위치와 이용 가능 시간을 알려주세요. 특히 지상 1층에 있는 시설인지, 계단 없이 접근 가능한지 중요한 확인 항목입니다.",부분공개,8
2024-03-26,빛솔시 아람구 행정지원과,FOI-2024-01353,대가원동 대피소 안전 점검 결과 공개 (1353호),대가원동 한울초 주변 통학로 안전문제에 대해 우려합니다. 대피소 안전 점검 결과를 공식적으로 확인하고 싶습니다. 지진이나 홍수 시 학생들과 주민들의 대피 경로가 확보되어 있는지 꼼꼼히 알아보고 싶습니다.,부분공개,16
2025-01-06,너울시 물빛구 행정지원과,FOI-2025-01354,대피시설 안내 현황 청구 (1354호),미래복합센터 인근 대피시설 안내 현황을 공식 기록으로 확인하고 싶습니다. 장애인이나 노약자가 이용하기에 적합한 시설인지 알려주시기 바랍니다. 대피소까지의 예상 소요 시간도 함께 알려주시기 바랍니다.,부분공개,4
2025-03-24,온빛시 안전총괄과,FOI-2025-01355,대피경로 및 대피소 배치 현황 공개 청구 (1355호),푸른마루 교차로 일대 대피소 위치와 대피 경로 배치를 공식적으로 확인하고 싶습니다. 대피경로 안전시설 현황과 긴급출구 위치가 중요한 관심사입니다. 커뮤니티 내비상조명시설도 갖추어져 있는지 알고 싶습니다.,공개,2
2024-01-02,누리시 바른구 안전총괄과,FOI-2024-01356,재난 대비자 비치 현황 청구 (1356호),장기 실업자로서 지역사회 지원사업 현황에 관심이 많습니다. 샘물동 생활권 재난 대비물자 보관 현황과 관리 담당 부서 연락처를 알고 싶습니다. 대피소 사용료가 무료하게 운영되는지도 확인하고 싶습니다.,공개,13
2024-07-02,세움시 맑은구 안전총괄과,FOI-2024-01357,새빛시장 주변 대피소 이용 규정 공개 (1357호),새빛시장 주변 대피시설 위치와 사용 가능 시간을 알고 싶습니다. 시장 상인들과 소비자 모두의 안전을 위한 정보 공개가 필요하다고 생각합니다. 특히 야간 운영 시간과Emergency 연락처도 함께 알려주시기 바랍니다.,공개,17
2025-09-17,너울시 물빛구 행정지원과,FOI-2025-01358,산업단지 대피소 위치도 공개 청구 (1358호),이전 직장인으로서 산업단지 입구역시 대피시설 현황이 궁금합니다. 세움산업단지 입구 주변 대피소 위치와 수용 인원을 공식 기록으로 확인하고 싶습니다. 작업자 안전을 위한 대피 경로 확보 여부도 중요합니다.,공개,15
2022-08-15,여울시 단비구 안전총괄과,FOI-2022-01359,공공시설 대피소 안전 서류 공개 청구 (1359호),현재 주거 불안정 상태로 비상시 대피 가능 시설이 중요한 생존 문제입니다. 가람공공청사 주변 대피시설 위치와 구조물 안전 진단 여부를 공식적으로 확인하고 싶습니다. 특히 지진 대응 설계 기준인지 알고 싶습니다.,부분공개,10
2025-08-20,새봄시 한울구 행정지원과,FOI-2025-01360,대피소 위치 및 이용 요금 안내 청구 (1360호),가온로 보행구간 주변 대피시설 현황에 대해 알고 싶습니다. 대피소 위치와 사용 가능 시간을 비롯하여 이용 요금 발생 여부도 확인하고 싶습니다. 특히 노약자 가능 구역이 있는지 알려주시기 바랍니다.,공개,10
2023-11-27,빛솔시 아람구 안전총괄과,FOI-2023-01361,산책로 주변 비상대피 시설 현황 공개 (1361호),너울천 산책로 주변 비상대피 시설 위치와 개방 시간을 공식 기록으로 확인하고 싶습니다. 자연재난 대피 가능한 시설과Emergency 연락 방법을 알고 싶습니다. 대피소까지의 이동 거리도 중요합니다.,공개,6
2022-02-01,미래군 안전총괄과,FOI-2022-01362,가온로 보행구간 안전 시설물 자료 공개 (1362호),개인 안전을 위해 주거지 주변 비상대피 시설 현황이 중요한 관심사입니다. 가온로 보행구간 주변 대피시설 위치와 Emergency 연락 체계가 갖추어져 있는지 확인하고 싶습니다. 대피 경로 비상등 설치 여부도 알고 싶습니다.,부분공개,14
2025-12-20,해솔시 행정지원과,FOI-2025-01363,대피소 안내 SYSTEM 운용 현황 공개 (1363호),미래복합센터 인근 대피시설 안내 SYSTEM 운용 현황을 알고 싶습니다. 대피소 위치와 사용 방법을 주민들이 쉽게 파악할 수 있는지 확인하고 싶습니다. 안내 설치 위치와 작동 방식도 중요합니다.,부분공개,6
2022-04-14,라온군 행정지원과,FOI-2022-01364,주민 대피 문서 공개 청구 (1364호),가족 안전을 위해 대피 수립 현황에 관심이 많습니다. 누리버스 정류장 주변 대피시설 위치와 수용 인원을 공식 기록으로 확인하고 싶습니다. 가족 구성원 모두에게 안전한 대피 경로 확보 여부가 핵심입니다.,부분공개,5
2022-05-05,너울시 물빛구 안전총괄과,FOI-2022-01365,대피시설 안전 점검 기록 공개 청구 (1365호),온빛도서관 앞 대피시설 안전 점검 결과를 공식적으로 확인하고 싶습니다. 지진이나 홍수 발생시 이용 가능한 시설인지 구조적 안전성을 알 필요가 있습니다. 대피소 위치 표시 방법도 함께 알려주시기 바랍니다.,부분공개,16
2024-05-09,너울시 물빛구 행정지원과,FOI-2024-01366,대피시설 위치 및 안전 상태 공개 (1366호),현재 주거 불안정으로 비상시 대피 가능 시설이 시급한 생존 문제입니다. 해솔문화광장 주변 대피시설 위치와 안전 상태를 공식 기록으로 확인하고 싶습니다. 대피소 사용 가능한 시간대와 비상 연락처도 함께 알려주시기 바랍니다.,부분공개,20
2023-07-08,세움시 맑은구 안전총괄과,FOI-2023-01367,통학로 대피소 위치도 공개 청구 (1367호),한울초 주변 통학로를 자주 이용하며 자녀이 가장 큰 걱정입니다. 대피소 위치와 수용 인원을 공식 기록으로 확인하고 싶습니다. 긴급재난 발생 시 대피 경로 안전시설도 중요합니다.,공개,3
2024-12-11,새봄시 한울구 안전총괄과,FOI-2024-01368,대피소 위치 및 운영 기관 공개 청구 (1368호),빛솔광장 일대 대피시설 위치와 운영 기관을 알고 싶습니다. 대피소 사용 가능 시간과 비상시 대응 절차를 공식 기록으로 확인하고 싶습니다. 특히 노약자 이동 편의시설 갖추어져 있는지 중요합니다.,부분공개,16
2025-05-12,새봄시 한울구 안전총괄과,FOI-2025-01369,대피소 안전 관리 현황 공개 청구 (1369호),개인 생존과 가족 안전을 위해 대피시설 현황 파악이 시급합니다. 라온체육센터 주변 대피시설 안전 관리 현황과 비상 연락 체계를 공식적으로 확인하고 싶습니다. 대피소 위치와 구조 안전성도 중요합니다.,부존재,8
2025-02-26,새봄시 한울구 안전총괄과,FOI-2025-01370,대피소 위치 및 Emergency 대응 계획 공개 (1370호),투자 포트폴리오 분석하듯 지역사회 안전 인프라를 면밀히 검토하고 싶습니다. 한들동 생활권 대피시설 위치와 Emergency 대응 계획을 공식 기록으로 확인하고 싶습니다. 대피소 수용 인원과 구조 안전성이 핵심 분석 항목입니다.,공개,19
2024-05-14,가람시 열린구 안전총괄과,FOI-2024-01371,대피소 위치 및 안전 관련 정보 공개 (1371호),가족 안전을 위해 대피시설 현황 파악이 무엇보다 중요합니다. 맑은마을 커뮤니티센터 주변 대피소 위치와 안전 관련 정보를 공식적으로 확인하고 싶습니다. 대피소까지의 접근로 안전성도 함께 알려주시기 바랍니다.,공개,17
2023-09-16,예담시 늘품구 행정지원과,FOI-2023-01372,대피시설 위치 및 사용 규정 공개 청구 (1372호),새봄역 환승구역 주변 대피시설 위치와 사용 규정을 공식 기록으로 확인하고 싶습니다. 대피소 수용 인원과 사용 가능 시간을 비롯하여 개인 물품 보관 가능 여부도 중요합니다. Emergency 발생 시 대피 절차를 알고 싶습니다.,비공개,17
2024-12-12,가람시 열린구 안전총괄과,FOI-2024-01373,대피소 위치 및 수용 인원 공개 (1373호),개인 안전 확보를 위해 주거지 주변 대피시설 현황 파악이 시급합니다. 도담천 산책로 주변 대피소 위치와 수용 인원을 공식 기록으로 확인하고 싶습니다. Emergency 연락 체계와 대피 경로 안전시설 갖추어져 있는지 중요합니다.,공개,12
2022-08-31,가람시 열린구 안전총괄과,FOI-2022-01374,미르로 교차로 재난대비·대피시설 관련 자료 공개 청구 54-0 (1374호),미르로 교차로 일대의 재난대비·대피시설 업무와 관련하여 최근 6개월간 처리된 문서와 집행 내역 일체를 공개하여 주시기 바랍니다. 항목별 세부 내역과 근거 서류를 포함해 주세요.,공개,20
2024-03-18,너울시 물빛구 행정지원과,FOI-2024-01375,새빛시장 주변 재난대비·대피시설 관련 자료 공개 청구 54-1 (1375호),새빛시장 주변 일대의 재난대비·대피시설 업무와 관련하여 최근 1년간 처리된 문서와 집행 내역 일체를 공개하여 주시기 바랍니다. 항목별 세부 내역과 근거 서류를 포함해 주세요.,부분공개,18
2022-08-10,여울시 단비구 청소행정과,FOI-2022-01376,샘물동 생활권 음식물 폐기물 수거 체계 및 배출 기준 관련 자료 (1376호),"최근 샘물동 일대 아파트 단지에서 음식물 폐기물 수거 일정이 불규칙해지면서 악취 문제가 발생하고 있습니다. 환경 감시원으로서 해당 지역 수거 차량 운행 기록, 수거 체계 변경 사항, 배출 기준 강화 방안 등을 확인할 수 있는지 문의합니다.",부분공개,11
2022-01-06,미래군 환경위생과,FOI-2022-01377,새빛시장 주변 재활용 품목별 수거 실적 및 수산물 폐기물 처리 현황 (1377호),"새빛시장 주변에서 매일 다량의 수산물 폐기물이 발생하고 있으며, 재활용되지 않고 매립되는 것으로 파악됩니다. 시장 내 폐기물 발생량, 품목별 수거 실적, 수산물 폐기물 전용 처리 설비 현황을 청구합니다.",부분공개,16
2025-02-15,누리시 바른구 환경위생과,FOI-2025-01378,도담천 산책로 휴식 재활용 쓰레기통 배치 및 수거 현황 (1378호),"도담천 산책로를 이용하는 주민들 사이에서 재활용 쓰레기통이 부족하다는 의견이 많습니다. 산책로 내 재활용 쓰레기통 위치, 수거 주기, 주민 불편 신고 처리 현황을 알려주시기 바랍니다.",부분공개,16
2024-11-27,가람시 열린구 청소행정과,FOI-2024-01379,한울초 주변 통학로 어린이 안전 관련 폐기물 수거 차량 통행 시간표 (1379호),"한울초 주변 통학로에서 폐기물 수거 차량이 등하교 시간에 통행하여이 발생하고 있습니다. 통학로 구간 수거 차량 운행 시간, 안전 마련 현황, 학교 측과의 협업체계 관련 문서를 요청합니다.",공개,4
2022-08-28,너울시 물빛구 환경위생과,FOI-2022-01380,가온로 보행구간 음식물 폐기물 중간처리시설 방류수 수질 검사 결과 (1380호),"가온로 보행구간 인근 음식물 폐기물 중간처리시설에서 불쾌한 냄새가 풍기고 있다는 신고가 증가하고 있습니다. 해당 시설의 최근 방류수 수질 검사 결과, 악취 측정 데이터,환경 영향 조사 보고서를 청구합니다.",부분공개,10
2023-05-07,누리시 바른구 청소행정과,FOI-2023-01381,세움산업단지 입구 산업 폐기물 발생업체 등록 현황 및 배출 실적 (1381호),"세움산업단지에 신규 이 들어서면서 산업 폐기물 발생량이 크게 늘어난 것으로 보입니다. 산업단지의 업종별 폐기물 발생업체 수, 업로드 배출 실적 총괄, 위탁 처리업체 내역에 대해 자료 공개를 요청합니다.",비공개,5
2023-08-02,라온군 청소행정과,FOI-2023-01382,새봄역 환승구역 승객 발생 폐기물 수거 체계 개편 계획안 (1382호),"새봄역 환승구역은 일일 이용객이 많고 카페·편의점 폐기물이 집중되어 수거 체계 개선이 시급합니다. 환승구역 발생 폐기물 현황 조사 결과, 수거 체계 개편안, 신규 투입 인력 및 장비 계획 관련 문서를 요청합니다.",공개,11
2023-12-16,미래군 청소행정과,FOI-2023-01383,한들동 생활권 다가구주택 밀집지역 사업장 폐기물 수거 예외 규정 (1383호),"한들동 일대 다가구주택에는 소규모 사업장이 다수 입주해 있으나 사업장 폐기물 수거 체계가 불분명합니다. 다가구주택 입주 사업장 폐기물 배출 규정, 수거 예외 조건, 개별 수거 계약 체결 현황 자료를 요청합니다.",공개,2
2025-03-24,여울시 단비구 청소행정과,FOI-2025-01384,미르로 교차로 혼합 건축물 복합 폐기물 분류 수거 시범사업 결과 (1384호),"미르로 교차로 주변에는 다가구주택과 소규모 점포가 공존하는 혼합 건물이 많습니다. 해당 지역에서 추진한 복합 폐기물 분류 수거 시범사업의 참여 건물 수, 분리배출률 변화, 향후 확대 계획에 대한 자료를 청구합니다.",부분공개,19
2025-11-15,너울시 물빛구 청소행정과,FOI-2025-01385,가람공공청사 주변 행정기관 발생 폐기물 위탁 수거 계약 내용 (1385호),"가람공공청사를 포함한 행정기관에서 발생하는 폐기물은 위탁 수거업체를 통해 처리되고 있습니다. 위탁 수거업체 선정 기준, 계약 내용, 처리 비용 및 체계 관련 내부 문서를 공개해 주시기 바랍니다.",공개,11
2022-08-14,너울시 물빛구 환경위생과,FOI-2022-01386,샘물동 아파트 단지 생활폐기물 수거 일정표 및 배출 가능 시간대 (1386호),"우리 아파트 단지는 수거 일정표가 관리사무소에만 비치되어 있어 주민들이 배출 시간을 놓치는 경우가 많습니다. 단지 내 수거 일정표, 배출 가능 시간대, 배출 시 개선 내용에 대한 자료를 요청합니다.",부분공개,10
2024-02-20,예담시 늘품구 청소행정과,FOI-2024-01387,새빛시장 주변 대형마트 식품 폐기물량 및 기부 실적 현황 (1387호),"새빛시장 인근 대형마트에서 식품 폐기물이 급증하고 있으며, 남은 식자재를 지역 취약계층에 기부하는 체계가 제대로 작동하는지 알고 싶습니다. 대형마트 식품 폐기물 발생량, 기부 실적, 음식물 관련 추진 사업을 청구합니다.",공개,15
2024-04-17,도담군 환경위생과,FOI-2024-01388,도담천 산책로 주변 경관 휴지통 운영 현황 및 보충 주기 (1388호),"도담천 산책로를 찾는 관광객이 증가하면서 휴지통 포화 상태가 잦아지고 있습니다. 산책로 전체 휴지통 현황, 보충 담당 인력 배치, 흡혈 개선에 대한 향후 계획을 요청합니다.",공개,13
2024-04-11,빛솔시 아람구 환경위생과,FOI-2024-01389,한울초 주변 통학로 학교 급식 폐기물 발생량 및 퇴비화 처리 실적 (1389호),"한울초에서는 급식 과정에서 일정량의 폐기물이 발생하며 퇴비화 처리를 하고 있습니다. 학교 급식 폐기물 발생량, 퇴비화 처리 실적, 과정사용되는 소모품사용량 자료를 공개해 주시기 바랍니다.",부분공개,3
2023-02-20,빛솔시 아람구 청소행정과,FOI-2023-01390,가온로 보행구간 재활용품 선별 인력 고용 현황 및 근무 환경 (1390호),"가온로 보행구간 재활용품 수거·선별 인력의 근무 환경이 열악하다는 목소리가 있습니다. 재활용품 선별 인력 수, 고용 형태, 안전 장비 지급 및 건강검진 실시 여부 관련 자료를 요청합니다.",공개,6
2025-11-16,온빛시 환경위생과,FOI-2025-01391,세움산업단지 입구 특정 업종 산업폐기물 위탁 처리업체 (1391호),"세움산업단지에 신규 설립된 금속제품 제조업 체의 산업폐기물 위탁 처리업체 계약 정보가 필요합니다. 해당 업종 전체 위탁 처리업체, 처리 위탁 계약 기간, 허가 현황 자료를 청구합니다.",공개,5
2025-09-25,가람시 새빛구 청소행정과,FOI-2025-01392,새봄역 환승구역 승객 이용 폐기물 분석 조사 결과 보고서 (1392호),"새봄역 환승구역을 이용하는 승객이 하루에 발생시키는 폐기물 종류와 양을 분석한 보고서가 있는지 확인 요청합니다. 환승구역 폐기물 발생 특성, 종류별 구성비, peak 시간대 분석 결과 자료를 공개해 주시기 바랍니다.",부존재,15
2025-10-31,가람시 열린구 청소행정과,FOI-2025-01393,한들동 생활권 다가구주택 생활폐기물 수거차량 진입로 안전 점검 결과 (1393호),"한들동 다가구주택 밀집 지역에서 폐기물 수거 차량의 진입로가 협소하고 안전시설이 부족합니다. 수거 차량 진입로 안전 점검 실시 여부, 점검 결과, 개선 요청 사항 처리 현황 자료를 요청합니다.",공개,3
2023-12-26,해솔시 환경위생과,FOI-2023-01394,미르로 교차로 주변 재활용센터 입지 선정 이유 및 환경영향평가 내용 (1394호),"미르로 교차로 주변에 재활용센터가 건립될 예정으로 알려졌습니다. 입지 선정 배경, 해당 지역 환경영향평가 내용, 주민 동의 절차 진행 현황에 대한 자료를 청구합니다.",부분공개,9
2022-01-30,라온군 환경위생과,FOI-2022-01395,가람공공청사 주변 환경 단속 현황 및 민원 처리 기록 (1395호),"가람공공청사 주변에서는 불법 폐기물기 민원이 끊이지 않고 있습니다. 최근 1년간 단속 실적, 처리된 민원 건수, 반복 위반업체 제재 내역 자료를 공개해 주시기 바랍니다.",공개,1
2022-07-03,너울시 물빛구 환경위생과,FOI-2022-01396,샘물동 생활권 음식물 폐기물 수거 담당 인력 교육 이수 현황 (1396호),"샘물동 일대 음식물 폐기물 수거 담당 인력의 위생·안전 교육 이수 여부와 교육 내용을 알고 싶습니다. 수거 인력 교육 일정, 이수율, 교육 내용 전반에 대한 자료를 요청합니다.",공개,16
2022-07-08,여울시 단비구 청소행정과,FOI-2022-01397,새빛시장 주변 해산물을하는 자원순환 프로그램 추진 현황 (1397호),"새빛시장에서 나오는 해산물 폐기물을하는 자원순환 프로그램이 있는지 확인 요청합니다. 추진 중인 프로그램 종류, 참여업체 수, 연간 실적 자료를 공개해 주시기 바랍니다.",부분공개,8
2024-03-23,온빛시 환경위생과,FOI-2024-01398,도담천 산책로 쓰레기 무단기 단속을 위한 카메라 설치 현황 (1398호),"도담천 산책로에서 쓰레기 무단기 문제가 심각한데, 단속용 카메라가 설치되어 있는지 확인 요청합니다. 카메라 설치 위치, 단속 실적, penalty 부과 현황 자료를 청구합니다.",공개,14
2022-07-30,라온군 환경위생과,FOI-2022-01399,한울초 주변 통학로 어린이 보호구역 폐기물 수거 금지 시간대 설정 근거 (1399호),"한울초 주변 통학로를 어린이 보호구역으로 지정하고 폐기물 수거 제한 시간을 두었는지 확인 요청합니다. 보호구역 내 수거 금지 시간대, 해당 시간 수거 업무 처리 방안, 학교·가정との 체계 자료를 요청합니다.",공개,12
2025-04-07,새봄시 한울구 청소행정과,FOI-2025-01400,가온로 보행구간 재활용품 수거함오염 상황 신고 처리 절차 및 개선 사례 (1400호),"가온로 보행구간 재활용품 수거함이 오염돼 재활용품이 제대로 분리되지 않는 문제가 반복되고 있습니다. 오염 상황 신고 처리 절차, 재활용품 오염로 인한 처리 비용 증가 규모, 개선 우수 사례 공유 자료를 청구합니다.",부분공개,2
2025-01-09,예담시 늘품구 환경위생과,FOI-2025-01401,샘물동 아파트 단지의 상수도 정기 수질검사 결과 자료 요청 (1401호),우리 아파트 단지가 속한 샘물동 생활권에서 최근 3년간 실시된 상수도 수질검사 결과 보고서를 요청합니다. 수도꼭지 수돗물 수질 기준 적합 여부 및 초과 항목이 있었다면 그 내용과 시정 조치 기록을 포함해 주시기 바랍니다.,공개,5
2022-03-02,도담군 환경위생과,FOI-2022-01402,도담천 산책로 주변 상수관로 정비 사업 완료도 및 시공 업체 자료 (1402호),"도담천 산책로 사업으로 추진된 상수관로 교체 공사의 완료 시기, 시공 업체명, 사용된 관종 규격 및 전체 공정률 관련 자료를 요청합니다. 공공 공사 추진 경위와 현황이 필요합니다.",공개,12
2023-05-21,가람시 새빛구 환경위생과,FOI-2023-01403,가람공공청사 주변 상수원 수질검사 이력 및 기준 초과 발생 시 대응 기록 (1403호),가람공공청사 주변 상수원 관련 최근 5년간 수질검사 이력을 요청합니다. 대장균군 검출 등 기준을 초과한 시점과 행정 기관의 구체적 대응 내역을 포함해 주세요.,공개,16
2025-02-02,세움시 맑은구 환경위생과,FOI-2025-01404,샘물동 상수관망 확장 사업의 환경영향평가 및 주민 의견 수렴 기록 (1404호),샘물동 상수관망 확장을 위한 환경영향평가서 초안과 관련 주민 설명회 자료 및 의견 수렴 결과를 요청합니다. 사회학 연구 수행을 위한 자료 활용 목적입니다.,공개,13
2023-07-25,도담군 상하수도과,FOI-2023-01405,새빛시장 주변 하수관로 정화조 관리 실태 점검 결과 자료 (1405호),"새빛시장 주변 상권 지역에서 지난 2년간 실시된 하수관로 및 정화조 관리 실태 점검 결과를 요청합니다. 위반 사항 지적 내용과 시정 요구 내역, 이행 여부 확인 기록을 포함해 주세요.",부분공개,10
2023-07-23,도담군 상하수도과,FOI-2023-01406,도담천 산책로 생태 수변 구간 유지관리용수 수질검사 결과 요청 (1406호),도담천 산책로 내 생태 수변 구간에 공급되는 유지관리용수의 수질검사 결과를 최근 2개년을 기준으로 요청합니다. 조경용수 수질 기준 적합 여부와 권고 기준 초과 시 조치 내역을 포함해 주세요.,부분공개,16
2024-08-06,라온군 상하수도과,FOI-2024-01407,가온로 보행구간 우수 배수 시설 교체 공사의 시공 내역 및 사용 자재 규격 (1407호),"가온로 보행구간 우수 배수 시설 교체 공사의 시공 내역, 사용 배수관 및 연결관의 재질·규격, 공사 완료 후 점검 기록을 요청합니다. 조경 설계 업무 참고용입니다.",공개,20
2024-04-22,빛솔시 아람구 상하수도과,FOI-2024-01408,도담천 수변 생태 복원 사업의 물 순환 영향 분석 보고서 및 사후 모니터링 기록 (1408호),도담천 수변 생태 복원 사업 추진에 따른 물 순환 영향 분석 보고서와 후 수질·수량 모니터링 기록을 요청합니다. 조경 계획 수립 시 기초 자료 활용 목적입니다.,공개,11
2022-11-22,해솔시 환경위생과,FOI-2022-01409,한울초 주변 통학로 배수 시스템 점검 및 유지보수 이력 기록 (1409호),"한울초 주변 통학로 구간 배수 시스템의 연도별 유지보수 이력과 구조물 점검 기록을 요청합니다. 안전 점검 일시, 점검 항목, 보수 내역 및 다음 예정 점검 일정을 포함해 주세요.",부분공개,14
2025-06-15,너울시 물빛구 환경위생과,FOI-2025-01410,미래복합센터 인근 공공용수 공급 시설의 설계 기준 및 용수 공급 능력 자료 (1410호),"미래복합센터 인근 공공용수 공급 시설의 설계 기준, 시설 용량, 공급 가능 용수량 및 현재 공급률을 요청합니다. 조경·녹지 설계 기초 자료 확보용입니다.",공개,20
2025-07-30,해솔시 환경위생과,FOI-2025-01411,샘물동 아파트 상수관로 누수 이력 및 보수 공사 기록 청구 (1411호),"우리 아파트 단지의 상수관로에서 발생한 누수 사고 이력과 보수 공사 기록을 최근 5년간 범위로 요청합니다. 사고 발생 일시, 장소, 원인 추정 내용 및 공사비를 포함해 주세요.",공개,12
2024-10-20,예담시 늘품구 상하수도과,FOI-2024-01412,가람공공청사 상수 공동구 매설 공사 완료도 및 감리 결과 보고서 (1412호),"가람공공청사 주변 상수 공동구 매설 공사의 현재 공정률, 주요 공종 완료 현황 및 감리 결과 보고서를 요청합니다. 공사 진행 현황과 안전 관리 사항이 필요합니다.",공개,14
2024-12-08,세움시 맑은구 환경위생과,FOI-2024-01413,샘물동 상수관로 교체 공사 주변 교통·소음 영향 평가 및 완화 조치 기록 (1413호),샘물동 상수관로 교체 공사 관련 환경영향평가 및 교통·소음 영향 분석 결과를 요청합니다. 공사 중 주민 불편 민원 처리 내용과 완화 조치 이행 여부도 포함해 주세요.,공개,3
2022-06-10,누리시 바른구 상하수도과,FOI-2022-01414,가온로 상수관로 매설 깊이 기준 및 시공 품질 관리 기준 관련 설계 도서 (1414호),"가온로 상수관로 매설 구간의 설계 도서, 매설 깊이 기준, 관 경 및 시공 품질 관리 기준을 요청합니다. 대리석 부착 공사 시 관로 간섭 여부 확인용입니다.",공개,19
2024-11-09,너울시 물빛구 환경위생과,FOI-2024-01415,샘물동 생활권 상수 급수 중단 이력 및 긴급 수돗물 공급 체계 자료 (1415호),"샘물동 생활권에서 발생한 상수 급수 중단 이력을 최근 3년간 범위로 요청합니다. 중단 발생 일시, 원인, 영향 범위 및 긴급 수돗물 공급 대응 체계를 포함해 주세요.",공개,11
2024-03-04,누리시 바른구 환경위생과,FOI-2024-01416,상수관로 시설 유지관리 용역업체 선정 기준 및 심사 결과 자료 (1416호),"상수관로 시설 유지관리 용역업체 선정 시 적용된 심사 기준, 배점 항목 및 업체별 심사 결과를 요청합니다. 용역 투입 인력 규모 및 계약 기간 관련 내용도 포함해 주세요.",비공개,11
2022-10-08,여울시 단비구 상하수도과,FOI-2022-01417,새빛시장 주변 하수관로 막힘 민원 처리 기록 및 예방 세척 계획 (1417호),"새빛시장 주변 하수관로 막힘 관련 민원 처리 이력과 예방 세척 계획을 요청합니다. 막힘 발생 일시, 위치, 원인 및 복구 조치 내용과 향후 예방 계획 수립 현황을 포함해 주세요.",부분공개,19
2025-04-02,빛솔시 아람구 환경위생과,FOI-2025-01418,상수관로 공사 현장 작업자 안전 교육 이수 현황 및 사고 기록 (1418호),현재 추진 중인 상수관로 공사 현장에서 작업자 안전 교육 이수 현황과 현장 사고 발생 이력을 요청합니다. 안전 점검 빈도 및 지적 사항 관련 내용도 포함해 주세요.,부분공개,19
2023-02-03,새봄시 한울구 환경위생과,FOI-2023-01419,한울초 주변 통학로 상수 수도꼭지 및 음용수 공급 시설 점검 이력 (1419호),"한울초 주변 통학로 구간에 설치된 상수 수도꼭지 및 음용수 공급 시설의 점검 이력을 요청합니다. 점검 일시, 점검 항목, 수질 기준 적합 여부 및 보수 내역을 포함해 주세요.",부분공개,20
2025-07-11,미래군 상하수도과,FOI-2025-01420,상수관로 긴급 보수 사업의 예산 편성 근거 및 투입 인력 규모 자료 (1420호),"상수관로 긴급 보수 사업 관련 예산 편성 근거 자료와 투입 인력 규모, 작업 시간 등 운영 현황을 요청합니다. 행정 transparency 확보를 위한 확인 목적입니다.",공개,16
2025-05-22,누리시 바른구 환경위생과,FOI-2025-01421,샘물동 아파트 상수 수질검사 기관 선정 기준 및 검사 비용 범위 자료 (1421호),우리 아파트 단지 상수 수질검사를 맡길 기관 선정 시 적용된 기준과 검사 비용 범위를 요청합니다. 최근 2회 수질검사 계약 금액 및 업체 선정 사유를 포함해 주세요.,공개,19
2025-01-06,도담군 상하수도과,FOI-2025-01422,한울초 주변 통학로 상수 수도관 노후도 평가 및 교체 계획 관련 자료 (1422호),한울초 주변 통학로에 매설된 상수 수도관의 노후도 평가 결과와 향후 교체 계획이 있다면 그 일정 및 추진 방안을 요청합니다. 학생 통학 안전 확보를 위해 확인이 필요합니다.,부분공개,4
2023-02-23,라온군 상하수도과,FOI-2023-01423,가온로 보행구간 우수 배수 우수 유출량 측정 기록 및 홍수 대비 조치 자료 (1423호),가온로 보행구간 우수 배수 시설의 우수 유출량 측정 기록과 돌발 홍수 시 대비 조치를 요청합니다. 최근 3년간 최대 강우 시 유출량 데이터 및 안전 점검 기록을 포함해 주세요.,부존재,15
2022-09-29,미래군 상하수도과,FOI-2022-01424,샘물동 상수 수돗물 수질검사 결과 항목별 세부 수치 및 기준 대비 수치 청구 (1424호),"샘물동 상수 수돗물 수질검사 결과에서 각 항목별 세부 수치를 요청합니다.anganese, 불소 등 미량 물질 농도 수치와 먹는물 수질 기준 대비 수치를 포함해 주세요.",비공개,8
2022-09-16,해솔시 환경위생과,FOI-2022-01425,한울초 주변 통학로 공공 음용수 시설 설치 사업 추진 경위 및 아동 안전 관련 기준 자료 (1425호),"한울초 주변 통학로에 공공 음용수 시설 설치가 추진된 경위와 설치 기준, 선택 기준 관련 자료를 요청합니다. 아동이 안전하게 음용수를할 수 있는 환경 조성 관련 정보가 필요합니다.",공개,16
2025-11-02,온빛시 재무회계과,FOI-2025-01426,용융 도금 공정 작업환경 안전 점검 결과에 관한 정보공개 청구 (1426호),"현재 근무하는 도금 공장에서 최근 3개월간 실시된 작업환경 측정이 있었는지 확인이 필요합니다. 용융 도금 과정에서 발생하는 유해물질 노출 농도가 기준 이내인지, 작업자 보호장비 착용 현황은 어떤지 파악하고자 합니다.",부분공개,17
2023-08-14,너울시 물빛구 일자리경제과,FOI-2023-01427,도금업 종사자 건강진단 결과 분석 자료 청구 (1427호),"지난 1년간 도금 업종 전체 종사자들의 특수건강진단 결과 중 질환 이환율 변화 추이를 알고 싶습니다. 직업 발병률이 어느 수준인지, 업종 특이 질환에 대한 인식이 어떻게 변하고 있는지 확인하려 합니다.",공개,8
2023-06-20,누리시 바른구 일자리경제과,FOI-2023-01428,제조업간 고용환경 실태 조사 결과 공개 청구 (1428호),제조업 특히 도금 Industry에서 야간 근무자 인건비 체계와 수당 적용 실태가 어떤지 조사된 기록이 있는지 확인하고 싶습니다. 부랑수당과 야간근로수당의 현실적 적용 현황을 파악하여 근로조건 개선에 참고하고 싶습니다.,공개,12
2022-08-12,라온군 재무회계과,FOI-2022-01429,도금 공정 개선 설비 도입 보조금 지원 사업 안내 자료 청구 (1429호),"작업환경 개선을 위한 설비 현대화 사업이 있으면 그 지원 조건과 신청 방법, 선정 기준에 대해 알고 싶습니다. 작업자 보호 설비 도입 시 국고 지원 비율이 얼마나 되는지, 업력 기준 등이 있는지 확인이 필요합니다.",비공개,7
2023-06-17,도담군 일자리경제과,FOI-2023-01430,샘물동 산업단지 유해물질 배출허용 기준 강화 계획 관련 정보 청구 (1430호),샘물동 산업단지에 위치한 도금 업체의 경우 최근 대기환경보전법 개정에 따른 배출허용 기준 강화 계획이 있는지 확인이 시급합니다. 기준 강화 시 이행 기간과 개선 기한이 어떻게 설정되어 있는지 파악해야 합니다.,공개,5
2025-12-22,미래군 재무회계과,FOI-2025-01431,디자인 분야 문화창작 분야 제작 지원금 심사 기준 공개 청구 (1431호),"문화창작 분야 제작 지원금의 최종 심의에서 채점되는 항목과 배점이 어떻게 구성되어 있는지 알고 싶습니다. 작품성보다 제작 역량이나 팀 구성, 마케팅 전략의 반영 비중이 어느 정도인지 구체적으로 확인이 필요합니다.",공개,3
2024-09-08,가람시 새빛구 재무회계과,FOI-2024-01432,디자인 프로젝트 선정 결과에 대한 탈락 사유 통보 기준 청구 (1432호),지난 차수 지원사업에 신청했다가 탈락한 경우 탈락 사유를 구체적으로 안내 받을 수 있는지 확인하고 싶습니다. 서류 평가 단계에서 어떤 항목에서 감점이 되었는지 알 수 있다면 향후 신청 때 개선점에 참고하고 싶습니다.,공개,7
2025-07-17,빛솔시 아람구 일자리경제과,FOI-2025-01433,미래복합센터 인근 업무용 공간 임차료 지원 사업 세부 계획 청구 (1433호),"미래복합센터 인근에 디자인 스튜디오를 운영할 계획인데 해당 지역으로 한정한 사업이 있는지 확인이 필요합니다. 임차료 보조와 인테리어 지원 중 어떤 항목이 더 현실적인지, 국비와비 배분 비율은 어떤지 알고 싶습니다.",공개,3
2023-09-26,새봄시 한울구 재무회계과,FOI-2023-01434,창작자 대상 디지털 전환 교육 프로그램 운영 실적 공개 청구 (1434호),"문화재단에서 주관하는 창작자를 위한 디지털 역량 강화 교육이 최근 2년간 몇 회 시행되었고, 참여자 만족도가 어느 수준이었는지 확인하고 싶습니다. 프로그램 내용 중 AI 활용이나 SNS 마케팅 관련 과목이 얼마나 포함되어 있는지 파악이 필요합니다.",부분공개,11
2024-12-27,누리시 바른구 재무회계과,FOI-2024-01435,누리버스 정류장 환승구역 주변 상권 현황 조사 자료 청구 (1435호),누리버스 정류장 환승구간 주변의 상권 변화와 유동인구 패턴에 관한 최근 조사 자료가 있는지 확인이 필요합니다. 해당 지역이 신규 상가를 유치하기에 적합한지 판단하는 데 참고하고 싶습니다.,비공개,4
2024-12-25,도담군 재무회계과,FOI-2024-01436,한울초 주변 통학로 안전 시설물 설치 현황 및 보수 계획 공개 청구 (1436호),"한울초 주변 통학로에 최근 설치된 안전 시설물이 어떤 종류로, 어느 구간에 설치되었는지 확인이 필요합니다. 방범등나 속도 제한 등 자녀 통학 안전을 위한 구체적 이행 현황이 어떤지 파악하고 싶습니다.",공개,7
2024-12-25,예담시 늘품구 일자리경제과,FOI-2024-01437,가족 대상 급식 지원 사업 소득 기준 변경 내역 청구 (1437호),자녀가 초등학교에 재학 중인데 지역에서 시행하는 학교 급식비 지원 사업의 소득 기준이 최근었는지 확인이 필요합니다. 기준이 상향되었을 경우 우리 가구에도 신청 자격이 있는지 알고 싶습니다.,공개,13
2023-12-10,여울시 단비구 일자리경제과,FOI-2023-01438,아파트 단지 내 놀이터 안전 점검 결과 공개 청구 (1438호),"현재 거주하는 아파트 단지의 놀이터 안전 점검 결과가 어떻게 나왔는지 확인이 필요합니다. 균열이나 손상된 시설이 있는지, 개선 조치 기한이 정해져 있는지 파악해서 자녀 안전에 참고하고 싶습니다.",공개,20
2025-07-25,새봄시 한울구 재무회계과,FOI-2025-01439,초등학생 대상 방과후돌봄교실 운영 시간 조정 기준 공개 청구 (1439호),맞춤형 돌봄교실의 운영 종료 시간이 업무 후 영아아이를 데리러 가기에 적절한지 판단하기 어렵습니다. 운영 시간 설정 기준과 연장 운영 신청 가능 여부에 대해 알고 싶습니다.,비공개,2
2025-04-15,미래군 일자리경제과,FOI-2025-01440,가온로 보행구간 가로등 밝기 조정 이력 및 민원 처리 경과 청구 (1440호),"가온로 보행구간 가로등이 너무 어두워서 시인성이 낮다는 민원을 넣은 후 어떻게 처리되었는지 확인이 필요합니다. 민원 처리 기한과 조치 이행 결과, 향후 동일 구간에 대한 추가 개선 계획이 있는지 알고 싶습니다.",공개,7
2025-01-17,누리시 바른구 일자리경제과,FOI-2025-01441,전직 조미료 회사 제품 유통 이력 조사 자료 공개 청구 (1441호),"예전에 근무했던 조미료 회사의 제품이 시장에서 회수된 적이 있는지 확인하고 싶습니다. 품질 문제로 인한 조치 내용과 해당 제품의 유통 범위, 수거 실적 등이 어떻게 처리되었는지 파악이 필요합니다.",부분공개,14
2024-04-04,여울시 단비구 일자리경제과,FOI-2024-01442,조미료 생산 현장 유해물질 노출 기준 검사 결과 공개 청구 (1442호),"조미료 제조 공정의 분진과 냄새 관련 노출 기준을 얼마나하게 관리되고 있는지 확인이 필요합니다. 과거 검사에서 기준 초과 이력이 있었는지, 어떤에서 문제가 발생했는지 알고 싶습니다.",공개,7
2022-09-22,세움시 맑은구 일자리경제과,FOI-2022-01443,해솔문화광장 구인 공고 게시 현황 및 취업 사후 지원 사업 청구 (1443호),"해솔문화광장에 설치된 구인 게시판에 최근 어떤 직종의 공고가 올라오는지, 구직자 대상 후속 지원 프로그램이 있는지 확인이 필요합니다. 취업 성공 촉진을 위한 제도적 지원 내용이 구체적으로 알고 싶습니다.",부분공개,8
2022-06-26,가람시 열린구 재무회계과,FOI-2022-01444,새봄역 환승구역 주변 구직 관련 시설 및 서비스 이용 안내 청구 (1444호),"새봄역 환승구간 주변에 고용센터 연계 출장소나 취업을 위한 교육 시설이 있는지 확인이 필요합니다. 시설 위치와 운영 시간, 이용 조건을 알아야 활용할 수 있을 것 같습니다.",비공개,2
2023-12-21,빛솔시 아람구 재무회계과,FOI-2023-01445,푸른마루 교차로 주변 상가 폐업률 변화 추이 공개 청구 (1445호),"푸른마루 교차로 주변 상가의 최근 3년간 폐업률 변화가 어떤지 확인이 필요합니다. 폐업 사유로 가장 많은 유형이 무엇이고, 신규 개업 대비 비율이 어떻게하고 있는지 파악해서 미래 창업에 참고하고 싶습니다.",공개,16
2024-08-31,빛솔시 아람구 일자리경제과,FOI-2024-01446,음식점 위생 점검 빈도 및 기준 변경 이력 공개 청구 (1446호),"음식점을 운영하는 주변 환경이 점점 변화하고 있는데 위생 점검 기준이 최근었는지 알고 싶습니다. 중식 전문점에 대한 특별 점검 항목이 있는지, 식품 안전 관리 획득 시 혜택이 무엇인지 확인이 필요합니다.",공개,13
2022-05-22,너울시 물빛구 일자리경제과,FOI-2022-01447,라온체육센터 주변 배달음식사고발 구간 안전 수립 경과 청구 (1447호),"라온체육센터 주변 배달음식사고 구간으로 알려진 지점의 안전 개선이 어떻게 진행되고 있는지 확인이 필요합니다. 배달 라이더와 보행자 분리 방안이 논의된 적 있는지, 도로시설 개선 계획이 있는지 파악하고 싶습니다.",공개,2
2025-07-12,너울시 물빛구 일자리경제과,FOI-2025-01448,온빛도서관 앞 외식업 소규모 사업자 경영 컨설팅 지원 사업 안내 청구 (1448호),"외식 관련 소규모 사업자를 대상으로 한 경영 컨설팅 지원이 있는지 확인이 필요합니다. 라멘, 짜장면 등 중식을 제외한도 신청 가능한지, 신청 시 필요한 서류와 선정 기준이 무엇인지 알고 싶습니다.",공개,13
2023-01-14,미래군 재무회계과,FOI-2023-01449,새빛시장 주변 재래시장 현대화 지원금 집행 현황 공개 청구 (1449호),"새빛시장 주변 재래시장의 현대화 지원금이 어떤 항목에 집행되었는지 공개해 주시기 바랍니다. 설치된 시설물 종류와 규모, 업체별 배분 내역이 어떻게 되는지 구체적으로 확인하고 싶습니다.",부분공개,9
2022-12-23,도담군 일자리경제과,FOI-2022-01450,미르로 교차로 주변 음식물 쓰레기 수거 체계 개선 계획 공개 청구 (1450호),미르로 교차로 주변 음식점 밀집 지역에서 음식물 쓰레기 수거 일정이 제대로 이행되지 않아이 있습니다. 수거 차량 운행 시간대 변경 계획이나 분리수거station 설치 계획이 있는지 확인이 필요합니다.,공개,16
2024-02-14,여울시 단비구 문화체육과,FOI-2024-01451,해솔문화광장 축제 보조금 집행내역 청구 (1451호),"해솔문화광장에서 지난 3년간된 지역 축제 보조금 집행내역을 청구합니다. 국고와 지방비 보조금 각각의 사용내역, 사업비 집행명세서, 정산보고서를 포함한 상세 서류를 요청합니다. 특정 축제에 대한 보조금 교부결정과 집행 현황이 투명하게 공개되어야 한다고 판단합니다.",공개,16
2025-07-01,세움시 맑은구 문화체육과,FOI-2025-01452,지역 문화행사 추진위원회 회의록 공개 청구 (1452호),"푸른마루 교차로 일대에서 추진된 문화행사 추진위원회 회의록을 청구합니다. 위원 구성, 회의 안건, 발언 내용, 의결 결과를 포함한 완전한 회의록을 요청합니다. 지역 문화예산 배분 과정이 어떻게 이루어졌는지 확인할 필요가 있습니다.",부존재,9
2024-02-03,빛솔시 아람구 문화체육과,FOI-2024-01453,새빛시장 상인 문화지원금 지급 현황 (1453호),"새빛시장 주변 상인을 대상으로 지급된 문화지원금의 지급대상자 현황과 금액을 청구합니다. 상인 수, 업종별 배분 비율, 지급일시 등 지급 현황 내역을 요청합니다. 시장 상인에 대한 지원이 공정하게 이루어졌는지 확인이 필요합니다.",공개,17
2022-12-08,너울시 물빛구 문화체육과,FOI-2022-01454,누리버스 정류장 주변 공연 프로그램 운영 실태 (1454호),"누리버스 정류장 인근에서 지난 2년간 운영된 야외 공연 프로그램의 운영 현황을 청구합니다. 프로그램 종류, 공연 횟수, 출연료 지출내역, 관객 동원 인원을 포함한 상세 내역을 요청합니다.",공개,2
2022-05-24,가람시 열린구 기획감사과,FOI-2022-01455,문화행사 참가 주민 만족도 조사 결과 (1455호),"도담천 산책로에서 개최된 문화행사 참가 주민 만족도 조사 결과를 청구합니다. 조사 항목, 표본 수, 조사 방법, 전체 결과 데이터를 포함한 상세 보고서를 요청합니다. 주민 만족도가 문화예산 편성에 반영되고 있는지 확인이 필요합니다.",공개,5
2024-04-26,빛솔시 아람구 기획감사과,FOI-2024-01456,온빛도서관 문화강좌 수강생 보조금 지급내역 (1456호),"온빛도서관에서 운영된 문화강좌 수강생 보조금 지급 현황을 청구합니다. 수강생 수, 수강료 지원 규모, 본인 부담금 비율 등 보조금 지급 내역을 요청합니다. 고령자 교육 기회가 실질적으로 보장되고 있는지 확인할 필요가 있습니다.",공개,7
2025-07-23,가람시 새빛구 문화체육과,FOI-2025-01457,한울초 주변 통학로 문화 행사 안전 점검 내역 (1457호),"한울초 주변 통학로에서 열린 문화 행사의 안전 점검 기록을 청구합니다. 점검 일시, 점검 항목, 지적 사항, 조치 내용을 포함한 안전관리 현황을 요청합니다. 어르신과 아동이 함께 참여하는 행사에서 안전이 철저히 관리되어야 합니다.",공개,16
2023-04-15,라온군 기획감사과,FOI-2023-01458,가온로 보행구간 주민 문화교실 운영비 집행내역 (1458호),"가온로 보행구간에서 운영된 주민 문화교실의 운영비 집행내역을 청구합니다. 강사료, 재료비, 프로그램 운영비 등 지출 항목별 금액과 영수증을 포함한 상세 내역을 요청합니다.",공개,11
2023-01-11,예담시 늘품구 기획감사과,FOI-2023-01459,문화행사 의료 지원 계약 현황 (1459호),"지역 문화행사 시 의료 지원을 위탁한 기관과의 계약 내용과 지급 비용을 청구합니다. 계약 기관명, 계약 기간, 지원 인력 규모, 비용 지급내역을 포함한 서류를 요청합니다. 어르신이 참여하는 행사에서 의료 지원 체계가 갖춰졌는지 확인할 필요성이 있습니다.",공개,7
2025-05-08,미래군 문화체육과,FOI-2025-01460,라온체육센터 주변 노후층 문화활동 지원사업 내역 (1460호),"라온체육센터 주변에서 실시된 고령자 대상 문화활동 지원사업의 전체 내역을 청구합니다. 지원 대상자 선정 기준, 지원 내용, 사업비 배분 현황을 포함한 상세 내역을 요청합니다.",부분공개,2
2023-08-19,도담군 문화체육과,FOI-2023-01461,가람공공청사 주변 전통 공예 전시 행사의 보조금 지출보고서 (1461호),"가람공공청사 주변에서 개최된 전통 공예 전시 행사의 보조금 지출보고서를 청구합니다. 보조금 교부 신청 내역, 지출 항목, 사용 내역, 잔액 처리 현황을 포함한 서류를 요청합니다. 전통 공예 관련 산업을 운영하는 입장에서 보조금이 올바르게 사용되었는지 확인이 필요합니다.",부존재,16
2022-10-31,여울시 단비구 문화체육과,FOI-2022-01462,양장업 전통 기술 보존 지원금 집행 현황 (1462호),"지역 양장업 전통 기술 보존을 위한 지원금 집행 현황을 청구합니다. 지원금 지원 대상자 선정 과정, 개별 지원 금액, 기술 전수 프로그램 운영 내역을 포함한 서류를 요청합니다.",공개,9
2024-11-30,가람시 열린구 기획감사과,FOI-2024-01463,문화행사 참가 작품 제작 재료비 보조금 지급내역 (1463호),"문화행사 참가 작품 제작을 위해 지급된 재료비 보조금의 세부 내역을 청구합니다. 신청 절차, 심사 기준, 개별 지급 금액, 재료 구매 내역을 포함한 서류를 요청합니다. 참가자가 부담하는 비용이 적정하게 지원되었는지 확인할 필요가 있습니다.",공개,16
2023-05-12,새봄시 한울구 문화체육과,FOI-2023-01464,새봄역 환승구역 축제 기간 교통 정리 용역비 지출내역 (1464호),"새봄역 환승구역에서 축제가 열린 기간 동안 사용된 교통 정리 용역비 지출내역을 청구합니다. 용역 업체명, 인력 투입 규모, 계약 금액, 일별 작업 내역을 포함한 서류를 요청합니다.",공개,12
2023-08-06,빛솔시 아람구 기획감사과,FOI-2023-01465,지역 문화행사 개최 제한 기준과 허가 절차 관련 규정 (1465호),"지역 문화행사를 개최할 때 적용되는 제한 기준과 허가 절차에 관한 규정을 청구합니다. 신고 의무, 인원 제한, 소음 기준, 안전 시설 기준 등 개최 시 준수해야 할 사항을 포함한 서류를 요청합니다.",공개,13
2024-11-23,세움시 맑은구 기획감사과,FOI-2024-01466,문화행사 추진 사업자 선정 평가 기준 공개 청구 (1466호),"문화행사 추진 사업자로 선정되는 평가 기준과 채점 결과를 청구합니다. 공고 내용, 평가 항목, 배점 기준, 응모 사업자의 점수 현황을 포함한 서류를 요청합니다. 공정하고 투명한 선정 과정이 이루어졌는지 확인이 필요합니다.",부분공개,12
2025-02-08,미래군 기획감사과,FOI-2025-01467,누리버스 정류장 주변 축제 보조금 지원사업 선정 과정 (1467호),"누리버스 정류장 주변 축제에 지원될 보조금 지원사업의 선정 과정을 청구합니다. 신청 기, 서류 심사와 현장 심사 결과, 선정 통보 내용, 지원 규모를 포함한 상세 내역을 요청합니다. 선정 과정에서 불합리한 점이 없었는지 확인할 필요가 있습니다.",공개,7
2025-10-06,라온군 기획감사과,FOI-2025-01468,미래복합센터 인근 문화행사 인력 고용비 집행내역 (1468호),"미래복합센터 인근에서 개최된 문화행사의 인력 고용비 집행내역을 청구합니다. 고용 인력 수, 업무 구분, 일당 기준, 총 지출액을 포함한 서류를 요청합니다. 구직 중인 사람으로서 행사 개최 시 일자리 창출 규모가 얼마나 되었는지 확인이 필요합니다.",비공개,8
2022-12-31,새봄시 한울구 기획감사과,FOI-2022-01469,문화행사 안전 관리 인력 배치 현황 (1469호),"문화행사 개최 시 배치되는 안전 관리 인력의 배치 현황을 청구합니다. 배치 기준, 배치 인원, 근무 시간, 임금 수준을 포함한 상세 내역을 요청합니다. 현장에서 실제로 얼마나 안전 인력이 투입되었는지 확인할 필요가 있습니다.",부분공개,12
2023-05-22,너울시 물빛구 문화체육과,FOI-2023-01470,지역 문화행사 보조금 정산 결과와 미집행액 처리 현황 (1470호),"지난 문화행사 보조금의 정산 결과와 미집행액 처리 현황을 청구합니다. 정산서류, 집행 잔액, 미집행액 환수 또는 이월 처리 내역을 포함한 서류를 요청합니다. 보조금이 적정하게 집행되었는지 최종 확인이 필요합니다.",부분공개,1
2022-06-16,해솔시 문화체육과,FOI-2022-01471,새빛시장 야외 장터 문화행사 장비 지원 내역 (1471호),"새빛시장 야외 장터 문화행사에 투입된 장비 지원 현황을 청구합니다. 장비 종류, 대여 또는 구매 여부, 비용 지출내역, 설치 및 해체 인력 현황을 포함한 서류를 요청합니다.",부분공개,5
2023-08-16,너울시 물빛구 기획감사과,FOI-2023-01472,누리버스 정류장 축제 전기시설 설치 비용 지출내역 (1472호),"누리버스 정류장 축제 전기시설 설치 및 해체에 지출된 비용 내역을 청구합니다. 전기 배선 공사비, 장비 임차료, 전기 기술인력 인건비를 포함한 상세 지출내역을 요청합니다. 전기기술 자격을 갖춘 사람으로서 해당 비용이 적정하게 산정되었는지 확인이 필요합니다.",공개,11
2022-08-05,세움시 맑은구 문화체육과,FOI-2022-01473,가온로 보행구간 문화행사 소음 측정 기록 (1473호),"가온로 보행구간에서 개최된 문화행사의 소음 측정 기록을 청구합니다. 측정 일시, 측정 지점, 측정 결과, 법적 기준 초과 여부와 행정 조치를 포함한 서류를 요청합니다. 관련 분야의 전문가로서 기준 준수 여부를 확인할 필요가 있습니다.",공개,6
2023-05-09,새봄시 한울구 문화체육과,FOI-2023-01474,한들동 생활권 문화행사 에너지 사용량 보고서 (1474호),"한들동 생활권에서 개최된 문화행사의 에너지 사용량 보고서를 청구합니다. 전기 사용량, 연료 사용량, 에너지 비용 지출내역, 에너지 절감 조치를 포함한 서류를 요청합니다.",비공개,9
2024-08-28,가람시 열린구 기획감사과,FOI-2024-01475,미래복합센터 인근 축제 장비 임차 계약서 공개 (1475호),"미래복합센터 인근 축제 장비용으로 체결된 장비 임차 계약서의 주요 내용을 청구합니다. 계약 업체, 임대 기간, 대여 장비 목록, 계약 금액, 계약 조건을 포함한 서류를 요청합니다.",부분공개,12
2024-03-18,여울시 단비구 교통행정과,FOI-2024-01476,누리버스 42번 노선 새봄역 환승구역 정차 시간 조정 계획 (1476호),"새봄역 환승구역에서 42번 버스를 매일 출근 시간에 이용하고 있습니다. 최근 배차 간격이 20분에서 35분으로 늘어나 이동에 큰 불편을 겪고 있습니다. 해당 노선의 최근 6개월간 정차 시간표, 배차 간격 변경 내역 및 향후 조정 계획이 있는지 알려주시기 바랍니다.",공개,7
2024-07-29,해솔시 교통행정과,FOI-2024-01477,누리버스 노선별 보조금 지급 현황 및 재정 규모 (1477호),"대중교통 보조금 지급 현황이 지역 주민의 이동권에 직결된다고 생각합니다. 특히 노인 대중교통 이용자가 많은 지역인 만큼, 최근 3개년간 노선별 보조금 지급 규모 및 재정 비율을 명확히 알 필요성을 느끼고 있습니다. 전체 보조금 규모와 노선 배분 기준을 공개해 주시기 바랍니다.",공개,10
2024-02-04,예담시 늘품구 교통행정과,FOI-2024-01478,가온로 보행구간 버스정류장 설치 가능성 검토 자료 (1478호),"가온로 보행구간은 보도확장 공사로 길이 넓어졌지만, 가장 가까운 버스정류장까지 400미터 이상 떨어져 있어 불편합니다. 고령자가 다수 거주하는 아파트단지와 인접한 만큼, 해당 구간 버스정류장 신규 설치 검토 여부 및 검토 과정 자료를 요청합니다.",부분공개,15
2024-02-19,가람시 열린구 교통행정과,FOI-2024-01479,미래복합센터 인근 시내버스 노선 개편 계획 (1479호),"미래복합센터 인근으로 시내버스 노선이 변경된다는 소문이 있습니다. 현재 들로서는 노선 변경이 출퇴근 길에 큰 영향을 미칠 수 있어, 실제 개편 계획이 있는지, 있다면 어떤 노선이 해당되는지 알려주시기 바랍니다.",부분공개,13
2022-04-12,너울시 물빛구 도시계획과,FOI-2022-01480,누리버스 정류장 내 노약자 우선 좌석 설치 현황 및 확대 계획 (1480호),"아파트에서 누리버스 정류장까지 거리가 있어 버스를 할 때 항상해야 하는 상황이 많습니다. 정류장 내에 노약자 우선 좌석이나 쉼터 설치 현황이 어떠한지, 확대 계획이 있는지 알려주시기 바랍니다.",부분공개,15
2024-09-28,가람시 열린구 교통행정과,FOI-2024-01481,투자 권유 대행 업무 관련 교통비 지원 제도 존재 여부 (1481호),투자 권유 대행인으로 업무상 도시 내 다양한 곳을 직접 이동하며 고객을 방문합니다. 업무 이동 시 에 따른 비용 지원이나 환급 제도가에 존재하는지 확인이 필요합니다. 관련 지원사업의 존재 여부와 신청 방법을 알려주시기 바랍니다.,비공개,9
2022-03-16,빛솔시 아람구 도시계획과,FOI-2022-01482,샘물동 생활권 시내버스 7번 노선 최종 정차 시간 (1482호),"샘물동 생활권에서 7번 버스를 하여 새벽이나 늦은 밤에 귀가하는 일이 잦습니다. 7번 노선의 현재 최종 정차 시간과 주말·공휴일 시간표가 실제로 어떻게 운영되는지, 시간도 있는지 상세히 알려주시기 바랍니다.",부존재,15
2025-10-15,새봄시 한울구 교통행정과,FOI-2025-01483,새빛시장 주변 버스정류장 이동 관련 민원 처리 경과 (1483호),"새빛시장 주변 버스정류장이 이전되었다는 민원이 다수 제기된 것으로 알려져 있습니다. 정류장 이전에 따른 이용자 불편이 크므로, 관련 민원의건수 및 처리 경과, 향후 개선 방안이 있는지 알려주시기 바랍니다.",부분공개,4
2024-10-18,누리시 바른구 도시계획과,FOI-2024-01484,시내버스 저상버스 배차 비율 및 확대 계획 (1484호),"투자 권유 대행 업무 특성상도 많아, 저상버스 가 필수적입니다. 현재 시내버스 전체 노선 중 저상버스 비율이 어떠한지, 특히 이 많은 노선에 대한 확대 계획이 있는지 정보를 요청합니다.",공개,15
2023-03-24,가람시 열린구 교통행정과,FOI-2023-01485,한울초 주변 통학로 학교 통학 버스 운영 현황 (1485호),"한울초 주변 통학로 구간에서 통학 버스 노선이 단축되었다는 이야기가 있습니다. 자녀의 безопас과 직접 관련되는 사안이므로, 해당 통학 버스 노선 현황과 단축 사유, 대체 마련 여부를 알려주시기 바랍니다.",부분공개,19
2023-12-26,빛솔시 아람구 교통행정과,FOI-2023-01486,누리버스 정류장 휠체어 접근 가능성 점검 결과 (1486호),누리버스 주요 정류장을 할 때 휠체어 이용이 가능한지 항상 걱정됩니다. 정류장에 대한 휠체어 접근성 점검 결과를 알고 싶습니다. 특히 새봄역 환승구역 및 한들동 생활권 내 정류장의 접근성 점검 결과를 요청합니다.,부분공개,16
2025-11-29,라온군 도시계획과,FOI-2025-01487,온빛도서관 앞 버스정류장 Shelter 설치 여부 및 계획 (1487호),온빛도서관 앞 버스정류장은 과 비를 막을 수 있는 shelter가 없어 Waiting 시 불편합니다. 이용객 다수가 노인이므로 shelter 설치 검토 여부와 계획을 알려주시기 바랍니다. 현재 해당 정류장의 설치 현황 및 향후 사업 계획을 요청합니다.,부분공개,8
2025-09-01,세움시 맑은구 교통행정과,FOI-2025-01488,도담천 산책로 주변 대중교통 이용편의 증진을 위한 검토 자료 (1488호),"도담천 산책로를 찾는 시민들이 증가하고 있어, 산책로 주변 대중 접근성 향상을 위한 검토가 있었는지 궁금합니다. 산책로 주요 입구 Near기관 연결 가능성 평가 자료가 있다면 공개해 주시기 바랍니다.",부분공개,8
2023-01-02,너울시 물빛구 교통행정과,FOI-2023-01489,라온체육센터 주변 버스 정차 위반 단속 실적 및 기준 (1489호),라온체육센터 주변 도로에서 버스 정차 위반 단속이하게 이루어지고 있다는 신고가 있습니다. 단속의 구체적 기준과 최근 1년간 단속 실적을 공개해 주시기 바랍니다. 단속 기준의이 중요하다고 생각합니다.,부분공개,20
2023-09-24,온빛시 도시계획과,FOI-2023-01490,세움산업단지 입구 지원사업 신청 안내 (1490호),현재 구직 중으로 세움산업단지로 출퇴근하는 경우 대중비 부담이 큽니다. 해당 지역 근로자 대상 공공 지원사업이 있는지 확인이 필요합니다. 지원사업의 존재 여부와 신청 자격 요건을 알려주시기 바랍니다.,공개,12
2022-09-14,온빛시 교통행정과,FOI-2022-01491,푸른마루 교차로 시내버스 정류소 위치 변경 이력 (1491호),"푸른마루 교차로 주변 시내버스 정류소 위치가 최근 변경되었습니다. 전후 위치 및 변경 사유, 이용자 민원을 고려한 대응 내용이 있었는지 알고 싶습니다. 변경 이력과 관련 검토 자료를 요청합니다.",공개,11
2023-02-27,새봄시 한울구 교통행정과,FOI-2023-01492,맑은마을 커뮤니티센터 주변 마을버스 운행 시간 연장 가능성 (1492호),맑은마을 커뮤니티센터 주변에는 마을버스가 있으나 시간이 저녁 7시로되어 귀가 시 불편합니다. 마을버스 운행 시간 연장에 대한 민원 처리 경과 및 연장 가능성을 검토한 자료가 있는지 알려주시기 바랍니다.,공개,20
2025-01-12,온빛시 교통행정과,FOI-2025-01493,가람공공청사 주변 버스정류장 현황 및 개선 계획 (1493호),"가람공공청사 주변 새로운 버스정류장이 설치되었으나, 정류장 내에 연락처나 안내가 없어 시 불편합니다. 정류장 안내표지 현황과 개선 계획, 특히장소 공개 여부를 요청합니다.",공개,7
2025-02-19,가람시 새빛구 교통행정과,FOI-2025-01494,시내버스 이용료 할인 대상 확대 기준 검토 자료 (1494호),"현재 시내버스 이용료 할인 대상이 특정 조건에 한해서만 적용되고 있습니다. 차에게도 혜택이 확대될 수 있는지, 확대 기준 마련을 위한 검토가 있었는지 알려주시기 바랍니다. 예산 범위 내 적용 가능 여부도 확인이 필요합니다.",공개,16
2022-10-04,미래군 교통행정과,FOI-2022-01495,새봄역 환승구역 버스·지하철 환승 시행 현황 (1495호),"새봄역 환승구역에서 버스와 지하철을 환승할 때 환승가 어떻게 적용되는지 구체적으로 알고 싶습니다. 환승의 적용 기준, 할인 금액 및 적용 시간 범위를 상세히 알려주시기 바랍니다.",공개,3
2025-06-05,누리시 바른구 도시계획과,FOI-2025-01496,누리버스 노선별 일평균 이용객 통계 (1496호),현재 구직 중으로 면접 출퇴근을 위해 버스 빈도가 높아졌습니다. 노선별 일평균 이용객 통계가 공개되어 있으면な 노선 선택에 도움이 될 것 같습니다. 주요 시내버스 노선별 최근 1년간 이용객 통계를 요청합니다.,부분공개,8
2023-12-14,새봄시 한울구 교통행정과,FOI-2023-01497,한들동 생활권 시내버스 도착 정보 시스템 가동률 (1497호),한들동 생활권에 거주하며 시내버스를 할 때 도착 정보 시스템이 정상 가동되지 않는 경우가 많습니다. 시스템 가동률 현황과 장애 발생 시 대응 절차를 공개해 주시기 바랍니다. 실제 가동률을りたい입니다.,비공개,15
2022-01-16,도담군 교통행정과,FOI-2022-01498,시내버스 대형버스 대체 투입 검토 노선 목록 (1498호),"시내버스 대형버스가 노후화되어 이용자 불편이 증가하고 있습니다. 대형버스 대체 투입을 검토 중인 노선이 있는지, 그리고 교체 일정이 어떻게 되는지 알려주시기 바랍니다. 특히 미르로 교차로 및 너울천 산책로 주변 노선을적으로 확인하고 싶습니다.",부존재,10
2024-12-17,해솔시 교통행정과,FOI-2024-01499,빛솔광장 일대 버스정류장 휠체어 경사로 설치 현황 (1499호),"빛솔광장 일대는가 있는로, 휠체어 경사로 여부가 중요합니다. 해당 지역 버스정류장 휠체어 경사로 설치 현황을 종합적으로 파악하고 싶습니다. 설치 여부와 향후 설치 계획까지 알려주시기 바랍니다.",공개,6
2023-02-27,해솔시 도시계획과,FOI-2023-01500,마을버스 보조금 규모 및 노선별 배분 비율 (1500호),마을버스는 지역 주민의 생활Transportation 수단으로 중요합니다. 현재 마을버스에 지급되는 보조금 규모와 노선별 배분 비율이 어떻게 되는지 구체적으로 알려주시기 바랍니다. 특히 새봄역 환승구역과 한들동 생활권 마을버스 노선 보조금 배분 내역을 요청합니다.,공개,2
2024-06-19,미래군 정보통신과,FOI-2024-01501,가온로 보행구간 야간 통행 영상 열람 청구 (1501호),"최근 구직 외출 시 빈번히 이용하는 구간에서 안전 사각지대 발생 우려가 있어, 해당 구간 전체 CCTV 영상 중 일몰 후 시간대 분량 열람 청구. 이동권 보장을 위한 최소한의 안전 확인 목적.",공개,6
2023-04-30,세움시 맑은구 정보통신과,FOI-2023-01502,도담천 산책로 불법 주정차 영상 열람 청구 (1502호),"아파트 단지에 이어지는 산책로 진입로에서 반복적으로 불법 주정차 발생. 게다가 현재 구직중이라 차량 출입 현황을 직접 확인하기 어려우므로, CCTV 영상으로 해당 구간 불법 주정차 빈도 및 패턴 파악 청구.",공개,9
2025-08-29,여울시 단비구 정보통신과,FOI-2025-01503,새빛시장 주변 보행자 영상 열람 청구 (1503호),"전직 천일염 생산 경력 관련 전시 행사 참여를 위해 시장 주변을 자주 왕복. 최근 시장 뒤편 골목에서 보행 중 위협 경험을 하여, 해당 구간 CCTV 영상 중 골목 진입 시점 전후 영상 열람 청구.",부분공개,19
2025-09-03,여울시 단비구 정보통신과,FOI-2025-01504,한울초 주변 통학로 안전 영상 열람 청구 (1504호),"현재 구직중에 있으며 동네 안부를 확인하는 차원에서 초등학교 등교시간 통학로 안전 현황 파악 목적. 최근 공사 구간이 생긴 것으로 파악되어, 해당 통학로 CCTV 영상 중 오전 등교시간대 열람 청구.",부분공개,20
2024-07-16,빛솔시 아람구 안전총괄과,FOI-2024-01505,샘물동 생활권 보행 영상 열람 청구 (1505호),"구직 중인 전직 천일염 생산 종사자로서 동네 복지관과 일자리 센터를 정기적으로 이용. 단독주택에서 근린생활시설까지 도보 이동 중 보행로 안전이 우려되어, 해당 생활권 주요 보행 구간 CCTV 영상 열람 청구.",공개,3
2023-03-31,새봄시 한울구 안전총괄과,FOI-2023-01506,미래복합센터 인근 불법주차 영상 열람 청구 (1506호),현재 구직 중인 전직 통신 관리자로 아파트에서 복합센터까지 출퇴근 비슷한 패턴으로 이동. 복합센터 주변 상가 앞 불법주차가 만성적이라 CCTV 영상으로 위반 패턴 및 빈도 파악 후 교통 개선 제안 자료 확보 목적.,공개,5
2023-02-15,예담시 늘품구 안전총괄과,FOI-2023-01507,온빛도서관 앞 시설이용 현황 영상 열람 청구 (1507호),행사 전시 기획 경력으로 구직 중이다. 도서관 앞 공공공간에서 공공 프로그램 운영 시 참가자 동선·안전 관리 계획 수립에 참고할 목적으로 CCTV 영상 열람 청구.,부분공개,16
2023-06-20,누리시 바른구 안전총괄과,FOI-2023-01508,라온체육센터 주변 야간 안전 영상 열람 청구 (1508호),주택 이외 거처에서 생활하며 구직 중인 상황. 체육센터 주변 야간 통행 시 안전 확인을 위해 해당 구간 CCTV 영상 중 오후 10시 이후 시간대 열람 청구.,부분공개,4
2024-07-15,가람시 새빛구 정보통신과,FOI-2024-01509,새봄역 환승구역 이용자 밀집 영상 열람 청구 (1509호),"전직 택배원 경력으로 구직 중이다. 환승구역 내 승강기·계단 이용 시 밀집도 파악이 안전상에 필요하여, 해당 구간 CCTV 영상 중 오전 러시아워 시간대 열람 청구.",부분공개,12
2025-05-05,새봄시 한울구 정보통신과,FOI-2025-01510,미르로 교차로 교통 안전 영상 열람 청구 (1510호),단독주택에서 복지관까지 도보 이동 중 미르로 교차로를 매일 건너야 한다. 최근 신호 체계 변경 후 보행자 신호 대기 시간·횡단 안전 상태 확인 목적의 CCTV 영상 열람 청구.,공개,12
2024-10-30,도담군 안전총괄과,FOI-2024-01511,열린마을 공원 위축 영상 열람 청구 (1511호),"현재 구직 중인 전직 통신 관리자. 최근 공원 내 무단 흡연·고성 목소리 등 위축로 불편을 느껴, 해당 구간 CCTV 영상 중 해당 시간대 열람 청구하여 사실 확인 및 민원 처리 자료 확보 목적.",공개,16
2022-01-04,예담시 늘품구 정보통신과,FOI-2022-01512,가람공공청사 주변 공익 영상 열람 청구 (1512호),행사 전시 기획자로 구직 중이다. 공공청사 주변 공원·광장 공공 프로그램 기획 시 참고할 목적으로 CCTV 영상 열람 청구. 특히 공원 내 행사 참여자 동선 파악에 필요한 구간 선정.,부분공개,18
2025-01-03,온빛시 안전총괄과,FOI-2025-01513,세움산업단지 입구 안전 영상 열람 청구 (1513호),"전직 농업용 기계장비 기술 영업원으로서 현재 구직 중이다. 산업단지 입구 보행로에서 대형 화물차량 접근 빈도가 높아 안전이 우려되어, 해당 구간 CCTV 영상 중 통행량 확인 가능 시간대 열람 청구.",부분공개,20
2025-10-11,누리시 바른구 안전총괄과,FOI-2025-01514,누리버스 정류장 승강 영상 열람 청구 (1514호),현재 구직 중인 전직 택배원. 아파트에서 정류장까지 도보 이동 중 승강 동작 및 안전 상태를 확인하여 안전하게 대중교통을 이용하기 위한 목적으로 CCTV 영상 열람 청구.,부분공개,4
2022-10-12,빛솔시 아람구 정보통신과,FOI-2022-01515,너울천 산책로 야간 범죄 예방 영상 열람 청구 (1515호),"현재 구직 중인 전직 통신 관리자로 혼자 거주하는 상황. 산책로 야간 이용 시 안전 확보가 최우선이므로, 해당 구간 CCTV 영상 중 일몰 이후 시간대 열람 청구.",부분공개,13
2022-10-25,가람시 열린구 정보통신과,FOI-2022-01516,빛솔광장 일대 공익 안전 영상 열람 청구 (1516호),구직 중인 전직 천일염 생산 종사자로 배우자와 단독주택에 거주. 동네 광장 일대 안전 환경 확인 목적으로 CCTV 영상 열람 청구. 특히 낮 시간대 노인 보행 패턴 파악에 필요한 구간.,공개,17
2023-08-07,미래군 안전총괄과,FOI-2023-01517,푸른마루 교차로 신호위반 영상 열람 청구 (1517호),"현재 구직 중인 전직 통신 관리자. 아파트 앞 교차로에서 신호위반 차량으로 인해 보행 위험을 경험한 바 있어, 해당 교차로 CCTV 영상 중 최근 일주일 이내 신호위반 관련 시간대 열람 청구.",공개,8
2022-12-08,여울시 단비구 안전총괄과,FOI-2022-01518,한들동 생활권 공원 이용 안전 영상 열람 청구 (1518호),배우자와 함께 아파트에 거주하며 구직 중인 전직 택배원. 자녀와 함께 공원 방문 시 안전 확인을 위해 CCTV 영상 열람 청구. 특히 놀이시설 주변 안전 관리 상태 파악에 초점.,공개,11
2024-01-24,해솔시 안전총괄과,FOI-2024-01519,맑은마을 커뮤니티센터 다목적실 이용 영상 열람 청구 (1519호),행사 전시 기획자로서 현재 구직 중이다. 커뮤니티센터 다목적실 대관 사용 시 시설 활용도·안전 동선 파악을 위해 CCTV 영상 열람 청구.,공개,10
2024-10-09,너울시 물빛구 정보통신과,FOI-2024-01520,새빛시장 주변 상가 차량 영상 열람 청구 (1520호),현재 구직 중인 전직 농업용 기계장비 기술 영업원. 주택 이외 거처에서 생활하며 시장 주변 상가 차량 동선을 파악하여 영업 활동 재개에 참고할 목적으로 CCTV 영상 열람 청구.,부분공개,8
2023-10-30,가람시 새빛구 정보통신과,FOI-2023-01521,도담천 산책로 무단투기 현황 영상 열람 청구 (1521호),"배우자와 아파트에 거주하며 구직 중인 전직 택배원. 산책로 일대에 무단투기가 반복되어 환경 안전에 대한 우려가 크므로, 해당 구간 CCTV 영상 중 최근 한 달간 투기 관련 시간대 열람 청구.",부분공개,20
2025-12-11,온빛시 정보통신과,FOI-2025-01522,가온로 보행구간 보행자 우선 정책 모니터링 영상 열람 청구 (1522호),현재 구직 중인 전직 통신 관리자. 보행자 우선 정책 시행 후 해당 구간 보행자·차량 상호 접근 실태를 직접 확인하고자 CCTV 영상 열람 청구. 특히 출근시간대 보행자 신호 준수 여부 파악.,부분공개,19
2022-10-06,새봄시 한울구 안전총괄과,FOI-2022-01523,세움산업단지 입구 안전 사고 영상 열람 청구 (1523호),"전직 농업용 기계장비 기술 영업원으로 현재 구직 중이다. 산업단지 입구에서 작업자 안전 사고 우려를 경험한 바 있어, 해당 구간 CCTV 영상 중 작업시간대 안전 상태 확인 목적 열람 청구.",공개,11
2023-11-28,라온군 정보통신과,FOI-2023-01524,해솔문화광장 공공프로그램 안전 영상 열람 청구 (1524호),배우자와 별거 상태로 자녀와 연립주택에 거주하는 행사 전시 기획자. 동네 공공프로그램 참여 시 자녀 안전 확인을 위해 CCTV 영상 열람 청구. 특히 프로그램 운영 시간 내 안전 관리 실태 파악.,비공개,13
2024-06-19,미래군 안전총괄과,FOI-2024-01525,새봄역 환승구역 안전 강화 조치 확인 영상 열람 청구 (1525호),"전직 택배원 경력으로 현재 구직 중이다. 환승구역에서 반복적으로 안전사고 우려를 체감하여, 안전 강화 조치 이행 현황 파악 목적의 CCTV 영상 열람 청구.",공개,7
2025-01-27,예담시 늘품구 교통행정과,FOI-2025-01526,도담천 산책로 근처 보도 이용 불편 관련 정보 공개 청구 (1526호),"도담천 산책로 주변 보도를 자주 이용하고 있는데 경사가 가파르고 단차가 심합니다. 나이가 들어 발걸음이 불편한데 보도 상황이 나아지지 않아 매일 두려움을 느끼며 다닙니다. 해당 구간의 보도 폭, 경사도, 단차 해소 공사 이력 등 접근성 관련 현황이 있는지 궁금합니다.",부분공개,7
2025-05-01,누리시 바른구 안전총괄과,FOI-2025-01527,한울초 주변 보행 신호 체계 개선 관련 정보 공개 청구 (1527호),"한울초 통학로 앞 신호가 너무 빨라 횡단하기 어렵습니다.에 손주을둔 할머니로서 안전이 걱정됩니다. 신호 대기시간, 보행자 전용 신호시간, 고령자 배려 신호 운영 여부 등 현재 체계가 어떻게 운영되고 있는지 알려주시기 바랍니다.",부분공개,13
2025-01-28,라온군 안전총괄과,FOI-2025-01528,가온로 보행구간 안전 관련 정보 공개 청구 (1528호),"가온로 보행구간을 지날 때마다 차들이 빨리 지나갑니다. 전동 휠체어를 타고 다니는데 매우 위험합니다. 해당 구간의 단속 실적, 속도 제한 조치 여부, 단속 카메라 설치 현황 등 안전 관련 데이터를 요청합니다.",공개,15
2025-02-12,도담군 안전총괄과,FOI-2025-01529,샘물동 생활권 주정차 단속 현황 관련 정보 공개 청구 (1529호),"샘물동 아파트에서 혼자 살고 있는데 최근 주변에 주차 위반 차량이 늘었습니다. 밤에 소음이 자주 발생하고Emergency차량 진입이 걱정됩니다. 해당 생활권 내 주정차 단속 실적, 집중 단속 기간, 단속 기준 등 현황이 있는지 알려주시기 바랍니다.",공개,10
2024-04-01,예담시 늘품구 교통행정과,FOI-2024-01530,라온체육센터 주변 단속 관련 정보 공개 청구 (1530호),"건강을 위해 라온체육센터에 자주 방문하는데 차를 세워두고 운동하러 가면 귀가할 때마다 단속될까 불안합니다. 주변 허가 주차 구역이 어떻게 운영되고 있는지, 단속 시간대 및 기준이 무엇인지 구체적으로 알고 싶습니다.",부분공개,9
2023-09-11,빛솔시 아람구 안전총괄과,FOI-2023-01531,단독주택가 골목 교통 체계 관련 정보 공개 청구 (1531호),"단독주택 지역 골목에서 차들이 시끄럽게 지나갑니다. 배우자와 함께 조용히 살고 싶은데 골목이 놀이터처럼 쓰이고 있습니다. 골목 내 교통량 변화, 과속 단속 실적, 골목 놀이터 지정 여부 등 교통 체계 관련 현황을 요청합니다.",공개,18
2023-03-26,온빛시 안전총괄과,FOI-2023-01532,미르로 교차로 신호 체계 관련 정보 공개 청구 (1532호),"만화로 도시 풍경을 그리는 작업 중에 미르로 교차로를 자주 관찰합니다. 신호 체계가 복잡해서 보행자가 헷갈려 하는 모습이 보입니다. 교차로 신호 단계 구성, 보행자 신호 전환 간격, 신호 체계 변경 이력 등을 그림 자료로 참고하고 싶습니다.",부분공개,17
2023-09-09,너울시 물빛구 안전총괄과,FOI-2023-01533,가온로 보행구간 단속 관련 정보 공개 청구 (1533호),"가온로 보행구간에서 주정차 위반 차량 단속이 이루어지고 있는지 궁금합니다. 작품 소재로 도시 교통 현장을 기록하고 싶은데 단속 실적이공개되지 않아 확인이 어렵습니다. 해당 구간 단속 조치 건수, 단속 시간대, 단속 유형별 분류 현황을 알려주시기 바랍니다.",부분공개,11
2025-06-02,미래군 안전총괄과,FOI-2025-01534,라온미술관 앞 신호 체계 관련 정보 공개 청구 (1534호),"라온미술관 근처 신호 체계가 문화시설에 어울리지 않게 단순합니다. 장애인이나 노인이 횡단하기 어려운 신호 체계로 알고 싶습니다. 해당 구간 장애고령자 배려 신호 운영 현황, 점멸식 신호 도입 여부 등을 그림로 확보하고 싶습니다.",공개,14
2024-08-22,여울시 단비구 안전총괄과,FOI-2024-01535,열린마을 공원 주변 단속 현황 관련 정보 공개 청구 (1535호),"열린마을 공원 주변에 불법 주정차 차량이 많습니다. 작품에서 공원 문화와 교통 문제를 다루고 싶어서 단속 현황이 필요합니다. 공원 주변 금지 구역 설정 현황, 단속 조치 기간 및 건수, 주차 위반 감소 효과 분석 자료 등이 있는지 확인해주십시오.",부분공개,13
2022-09-25,미래군 안전총괄과,FOI-2022-01536,도담천 산책로 주변 교통 체계 관련 정보 공개 청구 (1536호),"예전에 해설사としてので 자연 친화적 교통 체계를 눈여겨보게 되었습니다. 도담천 산책로 주변 보차 분리 현황, 자전거 도로 설치 여부, 자동차 통행 제한 시간대 등을 조사해 보고 싶습니다. 환경과 조화로운 교통 정책이 있는지 알려주시기 바랍니다.",부분공개,9
2024-08-09,가람시 열린구 교통행정과,FOI-2024-01537,해솔문화광장 주변 주차 관련 정보 공개 청구 (1537호),"문화공간으로서 해솔문화광장 방문객을 위해 주차 공간이 부족한 것 같습니다. 불법 주차가 일상화되어 있고 단속이 이루어지지 않는 것 같습니다. 주차 수용 가능 대수, 불법 주차 단속 실적, 주차장 확충 계획 등이 있는지 확인하고 싶습니다.",공개,2
2022-07-07,세움시 맑은구 교통행정과,FOI-2022-01538,한울초 주변 단속 현황 관련 정보 공개 청구 (1538호),"구직 중에 사회도 하고 싶어서 학부모 volunteer을 하고 있습니다. 한울초 주변 통학로에서 안전이 걱정되는데 주정차 단속이 이루어지고 있는지 궁금합니다. 단속 시간대, 단속 기준, 학교 측과 협의 내용 등이 있으면 알려주시기 바랍니다.",공개,1
2024-01-05,새봄시 한울구 안전총괄과,FOI-2024-01539,누리버스 정류장 주변 단속 관련 정보 공개 청구 (1539호),"구직 활동으로 면접을 보러 다닐 때마다 버스를 이용합니다. 누리버스 정류장 주변에 택시와 승용차가 장시간 주정차해서 버스 정류소 접근이 불편합니다. 정류소 주변 금지 구역 단속 실적, 정류소 진입 방해 단속 여부 등을 알려주시기 바랍니다.",부분공개,6
2022-11-11,온빛시 교통행정과,FOI-2022-01540,새빛시장 주변 단속 현황 관련 정보 공개 청구 (1540호),"전직 해설사로 지역 상권 활성화에도 관심이 많습니다. 새빛시장 주변 불법 주정차가 상인들에게 피해를 주고 있는 것 같습니다. 시장 주변 단속 실적, 단속 시간대, 시장 상인들과의 협의 현황 등을 조사해 보고 싶습니다.",부분공개,3
2024-12-12,여울시 단비구 안전총괄과,FOI-2024-01541,다세대주택 밀집 지역 교통 관련 정보 공개 청구 (1541호),"현재 다세대주택에서 혼자 살고 있습니다. 우리 동네 골목이 좁아서 양쪽에 차를 세우면차도 지나기 어렵습니다. 골목 내 주차 허용 현황, 단속 기준, 주민 민원 처리 내역 등이 어떻게 되고 있는지 궁금합니다.",부존재,3
2025-02-16,새봄시 한울구 교통행정과,FOI-2025-01542,미르로 교차로 사고 관련 정보 공개 청구 (1542호),"구직 준비하며 운전연수를 받으면서 미르로 교차로 사고가 많다는 이야기를 들었습니다. 단속이 아닌 사고 예방 차원에서 교차로 신호 체계 위반 사고 통계, 신호 관련 사고 등을 확인하고 싶습니다. 안전한 운전을 위한로 필요합니다.",부분공개,10
2022-03-01,누리시 바른구 교통행정과,FOI-2022-01543,다세대주택 경비원 교통 관련 정보 공개 청구 (1543호),"예전에 주방장으로 работа했는데 주변 다세대주택 경비원들이 교통 단속에 어려움을 겪고 있다고 들었습니다. 경비원이 신고한 단속 요청 처리 현황, 단속 요청 대비 실제 단속 비율 등이 있는지 궁금합니다.",부분공개,17
2023-07-19,예담시 늘품구 교통행정과,FOI-2023-01544,새봄역 환승구역 단속 관련 정보 공개 청구 (1544호),"새봄역 환승구역에서 버스와 지하철을 갈아타는데 환승구역 주변에 택시와 승용차가 길목을 막고 있습니다. 환승구역 진입 금지 구역 단속 현황, 단속 시간대, 환승 이용객 불편 신고 처리 내역 등을 알려주시기 바랍니다.",공개,15
2024-01-25,너울시 물빛구 교통행정과,FOI-2024-01545,세움산업단지와 주거지 연결 도로 관련 정보 공개 청구 (1545호),"세움산업단지로 출퇴근하는 분들이 많은데 주거지와 연결되는 도로 사정이 나쁜 것 같습니다. 출퇴근 시간대 교통량, 도로 포장 상태, 교통 단속 현황 등이 어떻게 되는지 궁금합니다. 구직 준비 중이라 일자리 접근성에도 관심이 갑니다.",공개,8
2024-07-08,새봄시 한울구 교통행정과,FOI-2024-01546,세움산업단지와 아파트 연결 도로 단속 관련 정보 공개 청구 (1546호),"전직 항공기 조립원으로관리 분야에 관심이 많습니다. 세움산업단지와 아파트 단지를 연결하는 도로는 대형 화물차도 다니는데 안전이 걱정됩니다. 해당 도로 주정차 단속 실적, 화물차 통행 제한 여부, 도로 포장 공사 이력 등을 알려주시기 바랍니다.",공개,9
2024-02-10,도담군 안전총괄과,FOI-2024-01547,미래복합센터 주변 신호 체계 관련 정보 공개 청구 (1547호),"미래복합센터 근처 교차로 신호 체계가 복잡해서 종종 혼란이 생기는 것 같습니다. 대규모 시설인 만큼 교통 체계 관리가 중요할 것 같습니다. 복합센터 주변 신호 체계 구성, 보행자 신호 전환 주기, 신호 체계 변경 이력 등을 확인하고 싶습니다.",부분공개,4
2024-10-04,여울시 단비구 교통행정과,FOI-2024-01548,누리버스 정류장 주변 단속 관련 정보 공개 청구 (1548호),"배우자와 함께 Elderly인 만큼 대중교통을 많이 이용합니다. 누리버스 정류장 주변에 불법 주정차 차량이 있으면 승하차가 매우 어렵습니다. 정류소 주변 금지 구역 단속 실적, 정류소 접근성 개선 계획 등이 있는지 알려주시기 바랍니다.",공개,3
2024-08-27,온빛시 교통행정과,FOI-2024-01549,한들동 주거단지 단속 현황 관련 정보 공개 청구 (1549호),"한들동 아파트 단지가 규모가 커서 교통 관리가 중요합니다. 단지 내 도로와 주변도로 불법 주정차가 문제로 들립니다. 단지 내 도로 단속 실적, 단지 출입구 주변 단속 현황, 관리규약 관련 단속 규정 등을 알려주시기 바랍니다.",공개,2
2023-01-21,가람시 새빛구 교통행정과,FOI-2023-01550,미르로 교차로 신호 체계 관련 정보 공개 청구 (1550호),"미르로 교차로가 미래복합센터와 주거지를 연결하는 핵심 교차로입니다. 대형 시설이 들어서면서 교통량이 늘었을 것 같습니다. 교차로 신호 체계 현황, 신호 대기시간 조정 이력, 교통 변화에 따른 체계 변경 내역 등을 요청합니다.",부분공개,20
2024-01-30,도담군 도시계획과,FOI-2024-01551,세움산업단지 내 건축현장 안전 점검 기록 공개 청구 (1551호),"전직 기계 조작원으로 현재 구직 중인 청구인이 재취업 목적으로접 및 건설 현장 안전관리 실무를 파악하고자 합니다. 최근 3년간 세움산업단지 입구 일대 건축현장의 정기 안전 점검 일시, 점검 항목, 지적사항 및 시정 조치 내용을 요청합니다.",공개,9
2023-06-28,도담군 도시계획과,FOI-2023-01552,샘물동 다세대주택 지구 단위계획 위반 건축물 현황 자료 (1552호),"현재 어머니와 함께 샘물동 생활권 다세대주택에 거주하는 청구인이 해당 지역 지구단위계획 위반 건축물에 대한 조치 현황과 향후 계획에 관하여 파악이 필요합니다. 지난 5년간의 인허가 현황, 위반 건축물 수, 이행강제금 부과 내역을 요청합니다.",공개,13
2025-10-13,예담시 늘품구 건축허가과,FOI-2025-01553,가온로 보행구간 포장공사 시공업체 선정 기준 및 기록 (1553호),"구직 중인 청구인이 도로 및 보행로 포장 공사에 필요한 전문 시공업체 선정 기준을 참고하여 재취업 포트폴리오를 준비하고자 합니다. 가온로 보행구간 포장공사 시공업체 선정 기준, 평가 항목별 배점, 업체 선정 절차 관련 문서를 요청합니다.",부분공개,13
2022-11-05,새봄시 한울구 도시계획과,FOI-2022-01554,열린마을 공원 주변 불법 주정차 단속 현황 및 민원 처리 기록 (1554호),현재 어머니와 동거하며 경제적으로 어려운 처지에 있는 청구인이 열린마을 공원 주변 교통 혼잡 및 불법 주정차 관련 민원 제기 이력과 처리 결과를 파악하고자 합니다. 최근 2년간 해당 지역 불법 주정차 단속 실적과 민원 처리 절차를 요청합니다.,공개,9
2025-06-09,세움시 맑은구 건축허가과,FOI-2025-01555,미래복합센터 인근 건축허가 신청 처리기간 표준 안내 (1555호),재취업을 준비하며 건축 분야 진출을 고려하는 청구인이 미래복합센터 인근 지역 건축허가 신청 시 처리기간과 필요 서류를 사전 파악하고자 합니다. 최근 3년간 건축허가 신청 건수 및 평균 처리기간을 요청합니다.,공개,5
2025-09-01,빛솔시 아람구 건축허가과,FOI-2025-01556,라온체육센터 주변 체육시설 불법 개축 사항 조사 기록 (1556호),요양 보호사로 신체 건강에 각별한 주의를 기울이고 있는 청구인이 라온체육센터 주변 체육시설 불법 개축 여부를 파악하여 안전한 운동 환경을 확인하고자 합니다. 해당 지역 체육시설 최근 3년간 불법 개축 조사 내용과 행정처분 결과를 요청합니다.,부분공개,19
2025-04-19,빛솔시 아람구 건축허가과,FOI-2025-01557,누리버스 정류장 주변 노후 건축물 안전진단 결과 보고서 (1557호),배우자와 함께 아파트에 거주하며 출퇴근 시 누리버스 정류장 주변을 이용하는 청구인이 해당 지역 노후 건축물 안전성을 파악하고자 합니다. 정류장 반경 200미터 이내 노후 건축물 안전진단 실시 현황과 판정 결과를 요청합니다.,공개,11
2024-06-26,해솔시 도시계획과,FOI-2024-01558,가람공공청사 건물 리모델링 공사 계약 사항 및 시공계획서 (1558호),"요양 보호사로서 공공시설 안전관리 기준을 참고하여 실무 역량을 강화하고자 하는 청구인이 가람공공청사 리모델링 공사 계약 내용과 시공계획을 확인하고자 합니다. 공사 계약, 공기, 시공 업체 선정 사유를 요청합니다.",공개,9
2023-10-14,새봄시 한울구 건축허가과,FOI-2023-01559,새빛시장 주변 점포 불법 증축 민원 처리 절차 안내 (1559호),요양 보호사인 청구인이 새빛시장 주변 상가에서 발생하는 불법 증축 관련 민원 제기부터 처리 완료까지의 절차와 소요 기간을 파악하고자 합니다. 최근 3년간 해당 지역 불법 증축 민원 처리 절차별 평균 소요 기간을 요청합니다.,부분공개,7
2022-10-21,온빛시 건축허가과,FOI-2022-01560,온빛도서관 앞 도로 포장 상태 점검 기록 및 보수 계획 (1560호),"배우자와 함께 거주하며 도서관 이용 시 해당 도로를 자주 이용하는 청구인이 온빛도서관 앞 도로 포장 상태 점검 결과를 파악하여 안전한 통행 여부를 확인하고자 합니다. 최근 2년간 도로 포장 상태 점검 일시, 지적사항, 보수 계획 수립 현황을 요청합니다.",비공개,5
2023-03-05,라온군 건축허가과,FOI-2023-01561,한울초 주변 통학로 불법건축물 철거 기록 (1561호),"전직 교통 계획가로 현재 구직 중인 청구인이 한울초 주변 통학로 불법건축물 철거 공사 기록을 참고하여 건축물 철거 공사의 표준 시공 절차를 파악하고자 합니다. 최근 3년간 철거 공사 실적, 공기, 공사비 집행 내역을 요청합니다.",공개,8
2023-01-12,해솔시 건축허가과,FOI-2023-01562,푸른마루 교차로 교통개선사업 지하차도 설계 내용 (1562호),"전직 교통 계획 및 설계 경력을 가진 청구인이 재취업 준비 차원에서 푸른마루 교차로 지하차도 설계 승인 과정과 주요 변경 사유를 파악하고자 합니다. 해당 사업 설계 변경 승인 일시, 변경 사유, 변경 후 예산 조정 내역을 요청합니다.",부분공개,18
2022-12-08,누리시 바른구 도시계획과,FOI-2022-01563,도담천 산책로 내 불법 건축물 현황 및 조치 계획 (1563호),현재 어머니와 동거하며 경제적 여유가 없는 청구인이 도담천 산책로 내 불법 건축물 현황과 조치 계획을 파악하여 해당 지역 생활 환경을 이해하고자 합니다. 최근 3년간 불법 건축물 현황 조사 결과와 향후 2년간 조치 계획을 요청합니다.,부분공개,9
2023-10-02,해솔시 도시계획과,FOI-2023-01564,새봄역 환승구역 역사 건축물 대수선 공사 기록 (1564호),"전직 교통 계획가로서 철도 역사 건축물관리 실무 경험을 쌓고자 하는 청구인이 새봄역 환승구역 역사 대수선 공사 기록을 확인하고자 합니다. 공사 기간, 주요 내용, 공사 중 안전관리 조치 내용을 요청합니다.",부분공개,9
2025-08-01,라온군 도시계획과,FOI-2025-01565,빛솔광장 일대 도시계획시설 결정 변경 고시 문서 (1565호),현재 구직 중인 청구인이 도시계획 분야 취업을 준비하며 빛솔광장 일대 도시계획시설 결정 변경 고시 내용과 주민 의견 수렴 절차를 파악하고자 합니다. 최근 5년간 도시계획시설 결정 변경 고시 내역과 주민 의견 수렴 결과를 요청합니다.,부분공개,17
2023-04-05,너울시 물빛구 건축허가과,FOI-2023-01566,맑은마을 커뮤니티센터 건축물 용도변경 신청 처리 현황 (1566호),"배우자와 자녀와 함께 아파트에 거주하며 지역에 관심을 가진 청구인이 맑은마을 커뮤니티센터 건축물 용도변경 신청 처리 현황을 파악하고자 합니다. 최근 3년간 용도변경 신청 건수, 승인 및 부결 건수, 부결 주요 사유를 요청합니다.",공개,3
2022-01-09,세움시 맑은구 건축허가과,FOI-2022-01567,세움산업단지 환경영향평가 건축물 에너지효율 관련 기록 (1567호),광업용 기계 설치 및 정비원인 청구인이 산업시설물 에너지 효율 관리 기준을 파악하고자 세움산업단지 환경영향평가 내 건축물 에너지효율 관련 평가 항목을 요청합니다. 최근 5년간 환경영향평가 통과 건수와 주요 첨예 사항을 요청합니다.,부분공개,5
2023-02-24,누리시 바른구 도시계획과,FOI-2023-01568,가온로 보행구간 불법옥외광고물 단속 실적 및 처분 내역 (1568호),"가족과 함께 아파트에 거주하며 지역 환경을 살피는 청구인이 가온로 보행구간 불법옥외광고물 단속 현황을 파악하고자 합니다. 최근 3년간 불법옥외광고물 단속 실적, 행정처분 유형별 건수, 이행률 통계를 요청합니다.",부분공개,5
2024-09-08,누리시 바른구 도시계획과,FOI-2024-01569,도담천 산책로 연장 구간 건축허가 현황 및 용도지역 분류 (1569호),광업용 기계 설치 및 정비원인 청구인이 도담천 산책로 연장 구간 주변 건축허가 현황과 용도지역 분류를 파악하여 향후 해당 분야 취업 준비에 활용하고자 합니다. 최근 3년간 건축허가 현황과 용도지역 분류 체계를 요청합니다.,부분공개,13
2024-11-22,도담군 도시계획과,FOI-2024-01570,한들동 생활권 공동주택 불법 시정 명령 처리 현황 (1570호),"배우자와 자녀와 함께 거주하며 아파트 관리 수준을 관심을 가지고 있는 청구인이 한들동 생활권 공동주택 불법 시정 명령 처리 현황을 파악하고자 합니다. 최근 3년간 시정 명령 총건수, 이행 완료 건수, 이행강제금 부과 현황을 요청합니다.",비공개,18
2023-12-17,너울시 물빛구 도시계획과,FOI-2023-01571,새빛시장 주변 점포 건축물구조 인정 신청 처리 기록 (1571호),"현재 구직 중인 청구인이 향후 창업 준비를 위해 새빛시장 주변 점포 건축물구조 인정 신청 처리 절차를 파악하고자 합니다. 최근 3년간구조 인정 신청 건수, 처리기간, 부결 사유를 요청합니다.",공개,17
2023-05-13,누리시 바른구 건축허가과,FOI-2023-01572,너울천 산책로 주변 불법 건축물 신고 접수 및 처리 대기 현황 (1572호),현재 구직 중인 청구인이 행정 처리 실무 경험을 쌓고자 너울천 산책로 주변 불법 건축물 신고 접수부터 처리 완료까지의 처리 대기 현황을 파악하고자 합니다. 신고 접수부터 처리 완료까지 단계별 평균 소요 기간과 미처리 신고 건수를 요청합니다.,부분공개,3
2024-08-18,가람시 새빛구 도시계획과,FOI-2024-01573,누리버스 정류장 주변 노후주택 리모델링 지원사업 선정 기준 (1573호),"현재 부모와 조모와 함께 단독주택에 거주하는 청구인이 노후주택 리모델링 지원사업 선정 기준을 파악하여 향후 지원 신청을 준비하고자 합니다. 지원사업 선정 기준 항목, 배점 체계, 선정 발표 일정을 요청합니다.",부분공개,17
2022-06-26,온빛시 도시계획과,FOI-2022-01574,해솔문화광장 주변 불법 건축물 정비기금 집행 내역 (1574호),"현재 구직 중인 청구인이 불법 건축물 정비기금의 집행 체계와 규모를 파악하여 건축 분야 행정 실무 역량을 쌓고자 합니다. 최근 3년간 해솔문화광장 주변 불법 건축물 정비기금 집행 총액, 집행 항목별 배분 내역을 요청합니다.",공개,18
2023-11-10,미래군 건축허가과,FOI-2023-01575,미르로 교차로 일대 도시계획 위반 건축물 행정처분 절차 안내 (1575호),"전직 웨딩플래너로 현재 구직 중인 청구인이 행정처분 절차 실무 지식을 쌓고자 미르로 교차로 일대 도시계획 위반 건축물 행정처분 절차를 확인하고자 합니다. 위반 건축물 행정처분 단계별 소요 기간, 처리 기준, 민원 제기 방법을 요청합니다.",비공개,9
2024-07-23,너울시 물빛구 환경위생과,FOI-2024-01576,열린마을 공원 인접 공사장 소음·진동이 주변 주민 건강에 미치는 영향 조사 (1576호),"우리 아파트 아래층에서 공원 인접 부지의 공사가 시작된 후 심야까지 시공음이 지속되고 있습니다. 수면 장애와 두통을 호소하는 이웃이 늘고 있어 소음·진동의 빈도와 강도, 그리고 대기질 변화를 체계적으로 파악하고자 합니다.",부분공개,20
2025-11-18,도담군 안전총괄과,FOI-2025-01577,가온로 보행구간 가스배출 시설 주변 대기오염 실태 (1577호),"보행구간에 설치된 특정 시설에서 주간에 걸쳐 가스가 배출되는 것이 확인되었습니다. 보행객의 노출 시간과 빈도를 고려할 때 호흡기 질환 위험이 우려되며, 해당 시설의 배출량과 성분을 공식적으로 확인하고자 합니다.",부분공개,12
2024-01-11,예담시 늘품구 안전총괄과,FOI-2024-01578,세움산업단지 입구 화물차량 통행으로 인한 대기·소음오염 (1578호),산업단지 입구 도로를 대형 화물차가 반복적으로 왕복하면서 먼지와 배기가스가 주변 아파트로 유입되고 있습니다. 특히 새벽과 밤 시간대의 엔진음이 수면 패턴을 교란하고 있어 법적 기준 준수 여부와 교통량 통계를 요청합니다.,공개,12
2023-05-31,미래군 안전총괄과,FOI-2023-01579,새빛시장 주변 식당배출과 주변 대기질 상관성 (1579호),"시장 내 다수 식당에서 조리 시 발생하는 유분이 보도로 누출되고 있습니다. 습기가 많은 날이면 악취가까지 번져오며, 이에 따른 대기 중 유분이 농도 수치와 시장 전체 환기 체계 운영 현황을 알고 싶습니다.",부분공개,19
2023-07-20,라온군 환경위생과,FOI-2023-01580,도담천 산책로 인접 공장 악취 발생과 대기오염 현황 (1580호),"산책로에 인접한 공장에서 특정 시간대에 악취가 풍겨오고 있습니다. 맨발로 산책하는 주민들의 노출 위험이 높아 해당 공장의 허가 배출량, 사용 원료 성분, 그리고 최근 1년간 대기측정망 자료를 요청드립니다.",공개,12
2024-08-07,예담시 늘품구 환경위생과,FOI-2024-01581,한울초 주변 통학로 공사과 소음이 학생 건강에 미치는 영향 (1581호),"초등학교 앞 통학로 공사장에서이 크게 일어나고, 공사음이 수업을 방해하고 있습니다. 공사 시간 범위, 억제 조치 시행 여부, 그리고 교사·학부모 상담 내용을 포함해 공개 가능한 자료를 요청합니다.",공개,15
2022-05-23,가람시 열린구 환경위생과,FOI-2022-01582,미래복합센터 인근 작업장 소음·악취 발생과 주변 대기환경 (1582호),"복합센터 근처 공장에서 낮과 밤 구분 없이 소음과 악취가 새어나옵니다. 이전 직업에서 Similar한 유해인자에 노출된 경험이 있어 해당 공장의 작업 공정, 배출시설 현황, 그리고 환경영향평가 자료를 확인하고 싶습니다.",비공개,3
2025-05-02,여울시 단비구 안전총괄과,FOI-2025-01583,누리버스 정류장 인접 작업현장 소음·배기가스 피해 (1583호),"정류장 바로 옆 공사에서 대형 장비 가동음이 끊이지 않고 배기가스하고 있습니다. 승객 대부분이 취약계층이며, 특히 등하교 시 Elderly 이용객의 호흡기 질환 악화 우려가 높아 실태 파악이 시급합니다.",공개,20
2024-08-16,해솔시 안전총괄과,FOI-2024-01584,가람공공청사 주변 도로포장 공사 소음·먼지 피해 (1584호),청사 주변 도로포장 공사가 아침 일찍 시작되어 오후 늦게까지 계속되고 있습니다. 가족 중 유아와 노인이 같이 거주하고 있어 장기적인 노출이 생활권 전체의 대기질과 소음 환경에 미치는 영향을 구체적으로 알고 싶습니다.,부분공개,3
2024-07-25,빛솔시 아람구 안전총괄과,FOI-2024-01585,한들동 생활권 매립지 악취 확산과 대기질 변화 (1585호),"생활권 내 폐기물 매립지에서 따뜻한 계절에 특히 악취가 심해졌습니다. 냄새가 동네 곳곳으로 퍼지며 Outdoor시간을 줄이고 있는 실정이므로, 해당 매립지의 악취 측정 빈도, 원인물질 분석 결과, 그리고 개선 조치 계획을 요청합니다.",부분공개,2
2025-09-28,가람시 열린구 환경위생과,FOI-2025-01586,맑은마을 커뮤니티센터 대규모 콘서트 소음·교통 혼잡 피해 (1586호),"커뮤니티센터 광장에서 열리는 대규모 행사에 따라 만성적 소음과 교통 체증이 발생합니다. 집으로 돌아오는 길에 아이를 데리고 다니기가 어려워졌으며, 행사 빈도, 소음 허용 기준 초과 여부, 그리고 교통관리 계획 수립 근거를 알고 싶습니다.",부분공개,1
2024-01-12,누리시 바른구 안전총괄과,FOI-2024-01587,새봄역 환승구역 고층 아파트 단지의 대기환기 악화 우려 (1587호),"새봄역 환승구역 공사가 시작된 후 층 아파트는 풍향이 바뀌면 공사장 바람이 오염물질을 유입시킵니다. 공사 전후 대기질 변화를 정량적으로 비교하고, 고층의 환기 특성을 반영한 환경개선 방안이 있는지 확인하고자 합니다.",부분공개,7
2025-03-26,가람시 새빛구 안전총괄과,FOI-2025-01588,미르로 교차로 주변 작업현장 대형 진동 rollers 소음·진동 피해 (1588호),교차로 확장 공사에 투입된 대형 rollers의 진동음이 아파트 건물 전체에 전달되고 있습니다.structural피해는 물론이고 수면 중 진동으로 불면증을 호소하는 이웃이 늘어나고 있어 진동 영향 범위와 보상 기준을 공식 확인하고 싶습니다.,부분공개,14
2024-02-06,누리시 바른구 안전총괄과,FOI-2024-01589,너울천 산책로 양쪽 공장 배기가스와 대기오염 실태 (1589호),"산책로 양편 공장 굴뚝에서 동시에 배기가스가 올라오고, 특히 여름철 역풍이 불면가 산책로 전체에 퍼집니다. 운동 중 숨을 들이쉬기가 힘든 날이 늘고 있어 두 공장의 배출허가 내용과 최근 대기측정 결과를 비교 요청합니다.",비공개,9
2024-10-08,빛솔시 아람구 안전총괄과,FOI-2024-01590,빛솔광장 일대 야외 공연장 소음이 주변 아파트에 미치는 영향 (1590호),"빛솔광장에서 열리는 야외 공연음이까지 이어지며 아파트 내부까지 전달되고 있습니다. 유아 수면 시간을 고려할 때 행사 종료 시간 기준과 위반 시 과태료 부과 여부, 그리고 인근 주민 피해 접수 현황을 확인하고 싶습니다.",부분공개,6
2022-12-28,빛솔시 아람구 환경위생과,FOI-2022-01591,샘물동 생활권 재활용업체 소음·악취와 대기질 악화 (1591호),"생활권 내 재활용 업체에서 금속을 crushing하는 소음과 재활용물 보관 중 발생하는 악취가 심각합니다.치료사로서 신경계 과민 반응이 있는 환자들이 증가을 보이고 있어 해당 업체의 작업 시간 범위, 소음 차단 시설 설치 여부, 그리고 대기측정 결과를 요청합니다.",부분공개,15
2022-02-15,세움시 맑은구 안전총괄과,FOI-2022-01592,도담천 산책로 특정 공장 배출물질과 호흡기 질환 발생 상관성 (1592호),"산책로 주변 공장에서 매일 아침 특유의 냄새가 퍼지고, 최근 이웃の에서 기관지염·천식 진단을 받은 경우가 눈에 띄게 늘었습니다. 이 공장의 배출 허가 물질 목록과 최근 3년간 대기 중 유해물질 농도 변화를 비교 분석할 수 있는 데이터를 요청합니다.",부분공개,17
2023-11-18,새봄시 한울구 환경위생과,FOI-2023-01593,새빛시장 주변 야시장과 대기오염 피해 범위 (1593호),"시장 주변 야시장 출점이 늘면서 조리가 밤새 주변 아파트로 유입되고 있습니다. 문을 열면oil odor이 들어오고, 아침에 세탁물을 환기했다가 다시 빨아서을 겪고 있습니다. 야시장 운영 빈도, 처리 시설 설치 현황, 그리고 대기 측정 결과를 알고 싶습니다.",부분공개,3
2023-10-07,해솔시 환경위생과,FOI-2023-01594,가람공공청사 주변 포장 도로 공사 배기가스와 대기오염 (1594호),청사 앞 도로포장 공사가 대형 asphalt로 진행되면서 배기가스와た먼지가 주변 고층 아파트까지 도달하고 있습니다. 직업적 유해인자 노출 이력이 있는 저로서는 장기적 대기오염 데이터와 현재 공사장의 배기가스 성분 분석 결과를 반드시 확인하고 싶습니다.,공개,6
2024-04-18,여울시 단비구 안전총괄과,FOI-2024-01595,미르로 교차로 공사로 인한 대기오염과 통행인 노출 실태 (1595호),"교차로 확장 공사가 한쪽 도로를 완전히 폐쇄한 채기계가 가동되고 있어 통행 차량의 배기가스가 주변에 가두어지고 있습니다. 취약계층인 Elderly자와, 학 어린이들의 노출 시간을 줄이기 위해 공사 전후 대기질 변화 데이터와 주민 노출 최소화 방안 이행을 요청합니다.",공개,6
2025-06-10,도담군 안전총괄과,FOI-2025-01596,한울초 주변 통학로 공사장과 초등학생 호흡기 건강 (1596호),"우리 아이가 매일 다니는 통학로에 공사가 시작된 후 dust와 diesel 배기가스가 강하게 풍겨옵니다. 한부모 가정으로 어린이 건강이 가장 큰이며, 공사장 dust 억제 조치 시행 여부와 학생들의 호흡기 건강 설문 결과를 공식 확인하고 싶습니다.",부분공개,16
2025-07-07,여울시 단비구 환경위생과,FOI-2025-01597,누리버스 정류장 인접 공사와 환승 승객 대기오염 노출 (1597호),매일 출퇴근에 의존하는 저로서는 버스 정류장 바로 옆 공사에서 나는 소음과 배기가스가 체착 시간이 길어질수록 불편이 커집니다. 환승 승객의 대기오염 노출 시간을 줄이기 위한 공사 시간 조정 기록과 인근 정류장 대기질 측정 결과를 요청합니다.,공개,10
2025-03-23,가람시 열린구 환경위생과,FOI-2025-01598,가온로 보행구간 배기가스와 고령 보행자 건강 영향 (1598호),"보행구간을 다니는 Elderly 분들이 많은데, 지나가는 차량의 배기가스가보다 심해 졌습니다. 취약계층의 보행자 건강을 위해서는 구간별 배기가스 농도를 반드시 공개해야 한다고 생각합니다. 특히 고령자 집단이 많이 다니는 구간의 측정 데이터와 개선 사업을 요청합니다.",부존재,14
2023-09-28,빛솔시 아람구 안전총괄과,FOI-2023-01599,라온체육센터 주변 작업장 소음·배기가스와 운동 이용자 건강 (1599호),건강을 위해 주 3회 체육센터에서 운동하는데 옆장의 소음이 운동 중 집중력을 떨어뜨리고 배기가스 냄새도 심해졌습니다. 운동 중 심폐 부담이 커지는 것이 느껴져 직업 전환 후 첫 직장 생활에를 걱정하고 있습니다.장 배출 시설 현황과 운동장 인근 대기질 데이터를 확인하고 싶습니다.,공개,9
2022-05-19,해솔시 환경위생과,FOI-2022-01600,빛솔광장 야간 공사 소음이 주거단지 수면에 미치는 영향 (1600호),"빛솔광장 근처 공사가 밤 열한 시 넘어서도 계속되고 있고, 장비 소음이집 전체에 울려 퍼집니다. 한부모 가정에서 유일한 Adult로서 다음 날 아침에 출근 준비와 아이 등교 준비를 해야 하는데 수면 부족으로 업무 수행에 어려움을 겪고 있습니다. 야간 공사 허용 기준과 위반 시 조치 내용을 요청합니다.",비공개,16
2023-07-30,미래군 재무회계과,FOI-2023-01601,생활용품 대여 서비스 운영비 지원금 집행내역 (1601호),"저소득 가정에 생활용품을 대여해주는 사업을 운영중입니다. 올 상반기에 지원받은 운영비 중 임대료, 배송비, 세척비 항목별 지출내역을 알고 싶습니다. 특히 연립주택 공용창고 임대료가 포함되어 있는지 확인하고 싶습니다.",공개,9
2025-04-15,누리시 바른구 재무회계과,FOI-2025-01602,여성복지관 바자회 운영비 보조금 사용보고 (1602호),샘물동 생활권 여성복지관에서 개최한 바자회의 입장료 수입과 물품 판매 수익금 사용내역을 알고 싶습니다. 행사 기간 중 운영 Volunteers 인건비 처리 기준이 궁금합니다.,부존재,6
2023-05-14,누리시 바른구 재무회계과,FOI-2023-01603,저소득 가구를 위한 공공 대여물품비 집행내역 (1603호),푸른마루 교차로 근처 공공시설에 설치된 생활용품 대여함의 물품 구입비가 어떤 절차를 거쳐 집행되었는지 알고 싶습니다. 브랜드별 단가와 수량 배분 기준도 포함해 주세요.,비공개,16
2024-03-20,온빛시 복지정책과,FOI-2024-01604,복지관 이용권 지급 사업 예산 집행 현황 (1604호),"연립주택에 거주하는 한부모 가정에 발급되는 복지관 무료 이용권의 예산 배분 내역을 알고 싶습니다. 올 3분기 신청 인원수와 실제 발급 건수, 미발급 사유가 있는지 확인하고 싶습니다.",공개,8
2023-02-08,누리시 바른구 재무회계과,FOI-2023-01605,생활용품 대여원 업무 역량 강화 교육비 집행내역 (1605호),대여원 업무 역량을 높이기 위해 참여한 교육과정의 수강료와 교재비 지원 내역을 알고 싶습니다. 특히 안전위생 관련 교육비가 전체 교육비에서 차지하는 비중이 어느 정도인지 궁금합니다.,부분공개,13
2023-02-05,빛솔시 아람구 복지정책과,FOI-2023-01606,건설 현장 노동자 휴게시설 설치비 보조금 사용내역 (1606호),"세움산업단지 입구 건설현장에서 노동자 휴게시설 설치를 위해 지원받은 보조금의 세부 사용내역을 알고 싶습니다. 및 급수 시설 구입비가 포함되어 있는지, 설치사는 어떻게 선정했는지 확인하고 싶습니다.",부존재,3
2025-09-22,온빛시 재무회계과,FOI-2025-01607,건설업 생산직 노동자 건강검진비 지원금 집행현황 (1607호),다세대주택에 거주하며 건설현장 관리자로 일하고 있습니다. 산업안전보건법에 따른 특수건강검진 비용 지원 내역을 알고 싶습니다. 특히 근육골격계 검사 항목 비용이 포함되어 있는지 확인하고 싶습니다.,비공개,8
2025-07-22,빛솔시 아람구 재무회계과,FOI-2025-01608,산업안전 교육 프로그램 운영비 집행내역 (1608호),"미래복합센터 인근 직업훈련원에서 실시한 건설업 산업안전 교육 프로그램의 운영비 지출내역을 알고 싶습니다. 강사료, 장소임대료, 장비임대료 각각 몇 건인지, 국비와 지방비 비율이 어떻게 되는지 확인하고 싶습니다.",부분공개,6
2022-12-01,여울시 단비구 복지정책과,FOI-2022-01609,다세대주택 지역 노동자 복지포인트 사용내역 (1609호),"한들동 생활권 다세대주택 지역 노동자들에게 지급된 복지포인트의 업종별 사용분포를 알고 싶습니다. 특히 체력단련비, 문화향유비, 식비 항목별 사용률이 어떻게 되는지 궁금합니다.",부분공개,3
2022-03-05,라온군 재무회계과,FOI-2022-01610,건설관리자 직무교육 수당 지급 내역 (1610호),"건설현장 관리자로서 산업안전 책임자 교육을 이수한 후 수당을 신청했는지, 지원금이 집행되었는지 알고 싶습니다. 미르로 교차로 소재 교육장에서 진행된 교육 수당 지급 대상자 수와 총액도 확인하고 싶습니다.",부분공개,5
2023-11-05,라온군 재무회계과,FOI-2023-01611,구직자 희망 기업リスト비 집행내역 (1611호),현재 구직중으로 주택 이외의 거처에서 거주하고 있습니다. 직업상담사 배치 사업으로 희망 기업 리스트를해 준 비용이 어떤 항목으로 집행되었는지 알고 싶습니다. 리스트 외에 어떤 서비스가 포함되어 있는지 확인하고 싶습니다.,부분공개,5
2023-10-22,예담시 늘품구 재무회계과,FOI-2023-01612,경력단절 여성 재취업 촉진사업 예산 집행현황 (1612호),"전직 총무 및 인사 관리자로서 경력단절 여성 재취업 촉진사업에 참여했습니다. 해당 사업의 올 연도 예산 총액과 현재 집행액, 미집행 잔액이 있는지, 차기 연도 이월 예산이 있는지 알고 싶습니다.",부분공개,20
2022-06-17,도담군 복지정책과,FOI-2022-01613,구직활동 지원금 지급 대상자 선정 기준 집행내역 (1613호),"배우자와 거주하며 구직를 하고 있습니다. 구직활동 지원금 신청 시 선정 기준이 무엇인지, 올해 선정된 인원수와 평균 지원 금액이 어떻게 되는지 알고 싶습니다. 특히 경력기간별 배점이 있는지 확인하고 싶습니다.",부분공개,12
2023-11-02,새봄시 한울구 재무회계과,FOI-2023-01614,직업적성검사 비용 지원금 사용보고 (1614호),"직업적성검사 비용을 지원받아 검사 기관을했습니다. 해당 지원금의 검사 기관별 단가와 지원 건수가 어떻게 되는지, 특히 새빛시장 주변 직업상담소에서 시행한 검사 비용이 포함되어 있는지 확인하고 싶습니다.",부분공개,16
2025-07-31,빛솔시 아람구 재무회계과,FOI-2025-01615,구직자 면접복 사업 비품 구입비 집행내역 (1615호),"구직자 면접복을 위해 구입한 정장류의 브랜드, 단가, 수량 내역을 알고 싶습니다. 특히 가온로 보행구간 소재 구직센터에서 지급한 제품이 어떤 곳에서 구입했는지 확인하고 싶습니다.",공개,11
2023-03-02,온빛시 복지정책과,FOI-2023-01616,산업안전 보험료 지원 대상자 확대 사업 예산 사용내역 (1616호),"현재 구직중이며 아파트에 거주하고 있습니다. 염색기 조작원 경력자의 산업재해 예방을 위한 보험료 지원 사업을 알고 싶습니다. 해당 사업에 올 해 투입된 예산 규모와 지원 인원수, 보험료 감면 비율이 어떻게 되는지 확인하고 싶습니다.",부존재,12
2025-03-21,라온군 재무회계과,FOI-2025-01617,일자리 창출사업 채용공고 게시 비용 집행내역 (1617호),새봄역 환승구역 인근 직업안정소에 게시한 채용공고 제작비와 게시 기간 비용이 어떻게 집행되었는지 알고 싶습니다. 특히 건설업 관련 직종 채용공고가 다른 업종 대비 게시비가 높은지 확인하고 싶습니다.,비공개,3
2025-10-28,가람시 새빛구 재무회계과,FOI-2025-01618,산업보건센터 운영비 보조금 사용보고 (1618호),"도담천 산책로 인근 산업보건센터의 올 상반기 운영비 보조금 사용내역을 알고 싶습니다. 건강측정기기 점검비, 소모품 구입비, 시설 유지보수비가 각각 어느 정도인지, 해당 지출이 적절했는지 확인하고 싶습니다.",공개,11
2023-03-11,해솔시 복지정책과,FOI-2023-01619,청년 일자리 창출 경비 집행내역 (1619호),"아파트에 거주하는 청년으로 구직활동 중입니다. 열린마을 공원에서 개최된 청년 취업 박람회 개최비가 어떤 항목으로 집행되었는지 알고 싶습니다. 부스 임대료, 행사비, 참가 기업 교통비 지원 내역이 포함되어 있는지 확인하고 싶습니다.",부분공개,1
2022-01-28,도담군 복지정책과,FOI-2022-01620,산업안전 훈련교재 구입비 집행현황 (1620호),"한울초 주변 통학로 인근 직업훈련원에서 사용한 산업안전 훈련교재의 구입처와 단가, 수량을 알고 싶습니다. 특히 화학물질 취급 안전교재가 포함되어 있는지, 해당 교재 제작사에 지원한 금액이 있는지 확인하고 싶습니다.",비공개,18
2024-12-07,해솔시 복지정책과,FOI-2024-01621,어르신 이동 편의시설 설치비 지원금 사용내역 (1621호),"다세대주택에 거주하며 어르신 Mobility 지원 사업을 신청했습니다. 누리버스 정류장 주변 노후벤치 설치비 지원금이 어떤 항목으로 집행되었는지, 설치 위치가 어떻게 선정되었는지 알고 싶습니다.",공개,18
2025-02-14,새봄시 한울구 재무회계과,FOI-2025-01622,노인 여가 프로그램 운영비 집행현황 (1622호),"배우자와 함께 거주하며 노년을 보내고 있습니다. 해솔문화광장에서 실시된 노인 여가 프로그램의 운영비 지출내역을 알고 싶습니다. 강사료, 재료비, 장소임대료 항목별 금액이 어떻게 되는지, 국비와 지방비 비율이 어떻게 되는지 확인하고 싶습니다.",공개,13
2022-05-30,새봄시 한울구 재무회계과,FOI-2022-01623,어르신 장기요양보험 본인부담금 지원 사업 예산 사용보고 (1623호),"노인 장기요양보험 본인부담금 지원을 받은 내역이 있습니다. 올 해 해당 지원에 투입된 예산 총액과 현재 집행액, 지원 대상자 수와 평균 지원 금액이 어떻게 되는지 알고 싶습니다. 특히 라온체육센터 주변 대상자 비율이 포함되어 있는지 확인하고 싶습니다.",부분공개,14
2025-05-17,빛솔시 아람구 복지정책과,FOI-2025-01624,노인 돌봄 서비스 제공자 인건비 집행내역 (1624호),"맑은마을 커뮤니티센터에서 제공되는 노인 돌봄 서비스의 제공자 인건비가 어떻게 집행되었는지 알고 싶습니다. 방문요양, 방문목욕, 재가간호 서비스별 인건비 단가와 총액이 어떻게 되는지, 특히 주간 돌봄 서비스 인건비가 포함되어 있는지 확인하고 싶습니다.",부분공개,15
2025-10-06,여울시 단비구 복지정책과,FOI-2025-01625,어르신 안전출입구 개선 사업비 집행내역 (1625호),"가람공공청사 주변 노후건물 출입구 개선 사업에 지원된 예산의 세부 사용내역을 알고 싶습니다. 단차제거, 난간 설치, 미끄럼방지포장 비용이 각각 얼마인지,업체 선정 절차가 어떻게 되었는지 확인하고 싶습니다.",부분공개,14
2024-12-13,라온군 재무회계과,FOI-2024-01626,해솔문화광장 국악 공연 행사비 지출 내역 청구 (1626호),"해솔문화광장에서 올해 실시된 국악 관련 공연 행사비 지출 내역을 알고 싶습니다. 집행 내역서와 계약서 사본, 공연 참가자 수당 지급 내역을 공개해 주시기 바랍니다.",부존재,4
2022-07-28,미래군 재무회계과,FOI-2022-01627,푸른마루 교차로 전통 문화 진흥비 세부 편성 현황 (1627호),"푸른마루 교차로 일대 전통 문화 진흥비의 세부 편성 현황과 집행 계획을 알고 싶습니다. 국악 시범 공연비, 전통악기 교육비, 행사 운영비 항목별 배정 내역을 요청합니다.",공개,15
2022-03-20,도담군 기획감사과,FOI-2022-01628,새빛시장 주변 전통시장 활성화 사업비 사용 내역 (1628호),새빛시장 주변 전통시장 활성화 사업으로 사용된 국악 행사비 사용 내역을 알고 싶습니다. 전통악기 전시 부스 운영비와 시범 공연비 지출 내역을 요청합니다.,비공개,2
2024-05-01,여울시 단비구 기획감사과,FOI-2024-01629,가온로 보행구간 문화 행사 예산집행 현황 보고 (1629호),가온로 보행구간에서 상반기 중에 집행한 문화 행사 예산의 총 지출액과 항목별 집행 현황을 알고 싶습니다. 국악인 초청 공연비와 장르별 배분 내역을 요청합니다.,부분공개,19
2025-01-13,해솔시 기획감사과,FOI-2025-01630,누리버스 정류장 야외 국악 공연 추진비 사용 내역 (1630호),"누리버스 정류장 인근에서 실시된 야외 국악 공연의 추진비 사용 내역을 알고 싶습니다. 무대 설치비, 음향 장비 임차료, 출연료 지급 내역을 공개해 주시기 바랍니다.",부분공개,14
2025-02-10,빛솔시 아람구 기획감사과,FOI-2025-01631,연립주택 거주 구직자 직업훈련비 지원 현황 (1631호),현재 연립주택에 거주하며 구직 중인 만 60세 이상자에게 지급된 직업훈련비 지원 현황과 훈련 기관별 지원 내역을 알고 싶습니다. 지원자 수와 평균 지원액을 포함해 주세요.,공개,6
2025-11-18,예담시 늘품구 기획감사과,FOI-2025-01632,미래복합센터 인근 구직자 취업 지원사업 선정 기준 (1632호),미래복합센터 인근에서 운영되는 구직자 취업 지원사업의 선정 기준과 심사 구성 및 회의록을 알고 싶습니다. 선정 과정의 공정성 여부를 확인하고자 합니다.,공개,11
2024-09-27,세움시 맑은구 재무회계과,FOI-2024-01633,새봄역 환승구역 고령자 취업박람회 개최 비용 내역 (1633호),"새봄역 환승구역에서 개최된 고령자 취업박람회의 총 개최 비용과 후원 기업명, 운영 위탁 기관 비용 내역을 알고 싶습니다. 집행 내역서를 공개해 주시기 바랍니다.",공개,2
2025-09-29,여울시 단비구 기획감사과,FOI-2025-01634,한울초 주변 통학로 고용관리청 구직활동 지원금 현황 (1634호),"한울초 주변 통학로 지역에 거주하는 만 60세 이상 구직자의 고용관리청 구직활동 지원금 지급 현황을 알고 싶습니다. 월별 지급 인원수와 총액, 평균 지급 기간을 포함해 주세요.",공개,9
2022-09-29,가람시 새빛구 재무회계과,FOI-2022-01635,샘물동 생활권 경력단절 여성교육 훈련비 집행 (1635호),샘물동 생활권에서 만 60세 이상 경력단절 여성을 대상으로 실시된교육 훈련비 집행 내역과 훈련 효과 평가 결과를 알고 싶습니다. 훈련 수료 후 취업을 포함해 주세요.,부분공개,13
2024-06-15,도담군 기획감사과,FOI-2024-01636,도담천 산책로 어린이 보호구역 교통안전 예산 집행 (1636호),"도담천 산책로 인근 아파트 단지의 어린이 보호구역 지정과 관련된 올해도의 교통안전 예산 집행 내역을 알고 싶습니다. 과속방지턱 설치비,등 구입비, 교체 비용을 포함해 주세요.",부분공개,2
2022-08-18,해솔시 기획감사과,FOI-2022-01637,맑은마을 커뮤니티센터 산업안전보건 교육비 사용 내역 (1637호),맑은마을 커뮤니티센터에서 실시된 산업안전보건 교육비 사용 내역과 근로자 안전교육 참석률 현황을 알고 싶습니다. 올해 1분기부터 3분기까지의 집행 내역을 요청합니다.,부분공개,2
2024-08-20,여울시 단비구 재무회계과,FOI-2024-01638,빛솔광장 일대 차량 도장 작업장 환경개선비 집행 현황 (1638호),빛솔광장 일대 아파트 단지의 차량 도장 작업장 환경개선비 집행 현황과 주민 숙원사업으로 신청된 항목의 예산 배정 내역을 알고 싶습니다. 배정 금액과 집행 일정을 포함해 주세요.,부분공개,18
2023-07-21,라온군 재무회계과,FOI-2023-01639,한들동 생활권 유해위험물질 취급 작업장 안전 점검 비용 (1639호),한들동 생활권 아파트 단지의 유해위험물질 취급 작업장 안전 점검 비용과 점검 결과에 따른 시정 조치 사항 및 추진 일정을 알고 싶습니다. 점검 보고서 사본을 공개해 주세요.,공개,1
2022-04-03,세움시 맑은구 기획감사과,FOI-2022-01640,새빛시장 주변 직장인 통근 교통비 지원사업 예산 규모 (1640호),"새빛시장 주변 아파트에 거주하는 직장인 통근 교통비 지원사업의 올해 예산 규모와 지원 대상자 선정 기준, 월별 지원 인원 변화를 알고 싶습니다.",부분공개,4
2023-11-27,너울시 물빛구 재무회계과,FOI-2023-01641,미르로 교차로 제대군인 취업 연계 프로그램 운영비 지출 (1641호),"미르로 교차로 일대에서 운영된 제대군인 취업 연계 프로그램의 운영비 지출 내역과 참여 인원, 취업을 알고 싶습니다. 직업 적합성 검사 비용과 취업 설명회 개최비를 포함해 주세요.",부분공개,16
2022-05-07,가람시 새빛구 기획감사과,FOI-2022-01642,너울천 산책로 보훈처 생활안정 지원금 소득 기준 변화 (1642호),너울천 산책로 인근 아파트에 부모님과 거주하는 만 23세의 보훈처 대상자에 대한 생활안정 지원금 소득 기준 변화 내역과 신청 안내 공지 일자를 알고 싶습니다.,부분공개,13
2024-10-05,세움시 맑은구 재무회계과,FOI-2024-01643,온빛도서관 앞 제대군인 창업 교육비 지원 사업 현황 (1643호),"온빛도서관 앞 지역에서 제대군인을 대상으로 실시된 창업 교육비 지원 사업의 지원 금액과 창업 아이템 심사 기준, 선정된 사업 계획서 수를 알고 싶습니다.",비공개,4
2022-02-19,라온군 재무회계과,FOI-2022-01644,가람공공청사 주변 예비군 전환 취업 지원금 심사 기준 (1644호),가람공공청사 주변 아파트에 거주하는 예비군 전환 구직자의 취업 지원금 심사 기준과 공군 출신자에 대한 특별 가점 항목이 있는지 알고 싶습니다.,공개,12
2023-03-22,가람시 열린구 기획감사과,FOI-2023-01645,라온체육센터 주변 병역명절 귀환 직업훈련 과정 현황 (1645호),라온체육센터 주변에서 병역명절을 맞아 귀환한을 위한 직업훈련 과정 운영 현황과 훈련 기관별 훈련비 지원 내역을 알고 싶습니다. 공군 출신자 전역 시기의 특별 과정이 있는지 확인합니다.,부분공개,5
2023-03-12,미래군 기획감사과,FOI-2023-01646,새봄역 환승구역 간호사 부족 지역 취업 지원금 지급 현황 (1646호),새봄역 환승구역 인근 아파트에 부모님과 거주하며 간호사 자격을 가진 구직자의 취업 지원금 지급 현황과 nurse 부족 지역をする을 알고 싶습니다. 지급 기간과 금액을 포함해 주세요.,공개,11
2023-02-12,가람시 열린구 재무회계과,FOI-2023-01647,세움산업단지 입구 의료기관 구직자 우선 채용 사업 (1647호),"세움산업단지 입구 인근에서 의료기관의 구직자를 대상으로 한 채용 사업의 참여 의료기관 목록과 채용, 채용 후 근무 조건 내역을 알고 싶습니다.",부분공개,4
2024-01-10,가람시 새빛구 재무회계과,FOI-2024-01648,한울초 주변 통학로 간호사 재교육 지원사업 훈련비 집행 (1648호),한울초 주변 통학로 지역에 거주하며 구직 중인 간호사를 위한 재교육 지원사업의 훈련비 집행 내역과 재교육 후 hospital 취업 연결을 알고 싶습니다.,비공개,10
2024-05-09,미래군 기획감사과,FOI-2024-01649,맑은마을 커뮤니티센터 간호조무사 자격 취득 과정 운영비 (1649호),"맑은마을 커뮤니티센터에서 운영된 간호조무사 자격 취득 과정의 운영비 지출 내역과 수료 후 취업률, 과정 참여 인원을 알고 싶습니다. 공공 직업훈련 포털과의 연계 내역도 포함해 주세요.",부분공개,14
2022-10-12,도담군 재무회계과,FOI-2022-01650,열린마을 공원 의료기관 채용 공고 Nurse 경력산정 기준 (1650호),"열린마을 공원 인근에서 의료기관이공개 채용 공고의 Nurse 경력산정 기준과 경력 단절 기간 인정 기준,부모와 동거 구직자에 대한 특별 우대 조건이 있는지 알고 싶습니다.",부분공개,10
2024-10-10,너울시 물빛구 일자리경제과,FOI-2024-01651,샘물동 생활권 공동주택 수의계약 세부 내역 청구 (1651호),"우리 동네 아파트 단지의 환경미화 용역 수의계약이 올해 초 체결되었습니다. 해당 계약의 업체 선정 절차와 세부 금액 배분, 계약 기간 등을 알고 싶습니다. 우리 가족이 생활하는 환경에 영향을 미치는 일이라 주민으로서 반드시 확인해야 할 것 같습니다.",공개,14
2023-03-03,세움시 맑은구 일자리경제과,FOI-2023-01652,푸른마루 교차로 포장 도로 공사 입찰 참여 업체 목록 요청 (1652호),"교차로 일대의 포장 도로 교체 공사에 대한 입찰 공고와 참여 업체, 심사항목, 배점 기준을 요청합니다. 보험 업무 특성상 공공 입찰의 공정성과 선정 기준에 대해 관심을 가지고 있으며, 납세자crestとして 올바른 공사 진도가 이루어지는지 확인하고 싶습니다.",부분공개,8
2023-12-24,빛솔시 아람구 재무회계과,FOI-2023-01653,열린마을 공원 놀이터 설치 공사의 수의계약 사정 사유 (1653호),"공원 내 놀이터 교체 공사가 수의계약으로 진행되었다고 들었습니다. 통학로 근처에 사는의 안전과 관련하여, 왜 입찰 공고를 하지 않았는지 사정을 알고 싶습니다. 고령として 로의 에도 관심이 많아 이 공사에 대한 세부 내용을 반드시 확인해야 합니다.",부분공개,3
2023-05-17,새봄시 한울구 일자리경제과,FOI-2023-01654,도담천 산책로 조명 시설 교체 입찰 결과 및 사유 (1654호),"산책로 조명 LED 교체 공사에 지원했으나되었습니다. 사유를 구체적으로 알고 싶습니다. 경매사와 중개업 경력을 바탕으로 공사 입찰에도 관심을 가지고 있으며, 향후 지원을 위해 선정 기준과 사유를 반드시 확인해야 합니다.",공개,1
2025-03-26,빛솔시 아람구 재무회계과,FOI-2025-01655,가온로 보행구간 설치 공사 수의계약 관련 정보 청구 (1655호),"배우자와 함께 거주하는 아파트에서 가까운 보행구간 설치 공사가 수의계약으로 이루어졌습니다. 은퇴 후 운동과 건강관리 차원에서 이 지역 보행 환경에 관심을 가지고 있으며, 특히 이동권에 대한이 있어 해당 계약 내용을 알고 싶습니다.",공개,20
2024-03-29,도담군 재무회계과,FOI-2024-01656,새빛시장 주변 환경정비 용역 수의계약 내역 확인 요청 (1656호),"시장 주변 공중화장실 관리 용역이 수의계약으로 체결되었습니다. 사서로서 지역 사회에 관심을 가지고 있으며, 특히 아이들과 함께 하는 시장 환경에 대한이 있어 해당 계약의 업체 선정 사유와 금액 배분을 확인하고 싶습니다.",부분공개,11
2023-04-24,너울시 물빛구 일자리경제과,FOI-2023-01657,한울초 주변 통학로 안전 시설 설치 입찰 공고 내역 (1657호),"아이들이 이용하는 통학로 주변에 안전 울타리 설치 공사가 입찰 공고되었습니다. 보험 사무원으로서 risco 관리와 관련된 공공 공사에도 관심을 가지고 있으며, 자녀의 을 위해 해당 입찰의 참여 업체 수와 선정 기준을 반드시 확인해야 합니다.",공개,17
2024-02-18,빛솔시 아람구 재무회계과,FOI-2024-01658,미래복합센터 주변 공원 조경 용역 수의계약 사정 (1658호),복합센터 인접 공원의 조경 유지 관리 용역이 수의계약으로 결정되었습니다. 고령자로서 산책로 이용에 불편이 없도록 해당 계약의 일정과 관리 범위를 확인하고 싶습니다. 특히 기간 중 이용자 부분이 중요하게 느껴집니다.,공개,11
2025-05-09,세움시 맑은구 일자리경제과,FOI-2025-01659,누리버스 정류장 좌석 설치 공사에 대한 입찰 결과 (1659호),"대중교통 이용객을 위한 정류장 좌석 설치 공사에 입찰 참여를 준비했습니다. 구직 중으로 공공 공사 입찰 기회를 찾고 있으며,하였다면 구체적인 사유를 알아야 차후 준비가 가능할 것 같습니다. 입찰 선정 기준과 평가 을 반드시 확인해야 합니다.",공개,3
2022-12-10,가람시 열린구 일자리경제과,FOI-2022-01660,해솔문화광장 공연장 급배수 시설 교체 수의계약 내역 (1660호),"문화광장 내 공연장 급배수 배관 교체 공사가 수의계약으로 수행되었습니다. 아내와 함께 연극과 활동에 관심이 많으며, 특히 수질 과 위생 부분이 신경 쓰입니다. 해당 계약의 업체 선정 사유와 공사 내용을 확인하고 싶습니다.",공개,14
2023-03-19,도담군 재무회계과,FOI-2023-01661,온빛도서관 앞 유휴 공간 활용 공사에 대한 입찰 참여 현황 (1661호),"도서관 앞 공원 공간을 활용한 복합 문화 시설 설치 공사에 관심을 가지고 있습니다. 사서로서 도서관 자늘을 위한 편의 시설에 대한 이 있으며, 해당 입찰의 참여 업체 수와 선정업체의 계획 요약 정도는 반드시 확인해야 할 것 같습니다.",공개,9
2023-06-06,예담시 늘품구 일자리경제과,FOI-2023-01662,라온체육센터 주변도로 포장 공사 수의계약 사정 사유 (1662호),"체육센터 근처 도로 포장에 대한 공사가 수의계약으로 진행되었다고 전달받았습니다. 보험 사무원으로서 공사 품질 관리와 관련된 부분에 관심을 가지고 있으며, 특히 후 품질 기준과 검사 결과를 확인하고 싶습니다.",공개,13
2024-08-02,예담시 늘품구 일자리경제과,FOI-2024-01663,세움산업단지 입구 가로등 에너지 절약형 교체 공사 내역 (1663호),"산업단지 입구의 가로등을 LED 형태로 교체하는 공사가 수의계약으로 이루어졌습니다. 고령자로서 야간 이동 밝기 문제가 걱정되며, 특히 입구 부분의 확보가 중요하게 느껴집니다. 해당 계약의 업체와 교체 대상 가로등 수량을 확인하고 싶습니다.",공개,4
2024-09-29,세움시 맑은구 재무회계과,FOI-2024-01664,맑은마을 커뮤니티센터 강당 냉난방 용역 입찰 평가 기준 (1664호),"커뮤니티센터 강당 냉난방 관리 용역 입찰에 지원했으나 선정되지 못했습니다. 전직 경매사로서 입찰 절차에 익숙하며, 사유를 구체적으로 파악하여 향후를 노리고 싶습니다. 평가 기준과 각 항목별 배점을 반드시 확인해야 합니다.",부분공개,17
2023-08-08,미래군 재무회계과,FOI-2023-01665,새봄역 환승구역 내 승강장 휠체어 리프트 설치 공사 (1665호),"환승구역 지하 승강장에 휠체어 리프트 설치 공사가 수의계약으로 결정되었습니다. 고령자로서 무장애 환경에 대한 부분이 매우 중요하며, 특히 이동권 확보 차원에서 해당 계약의 일정과 안전 여부를 확인하고 싶습니다.",부분공개,9
2025-04-21,온빛시 일자리경제과,FOI-2025-01666,가람공공청사 주변 민원 접수 창구 확대 공사 입찰 내역 (1666호),"공공청사 민원 창구 확장에 대한 공사가 입찰로 진행되었습니다. 지역 주민으로서 서비스 접근성 개선에 관심을 가지고 있으며, 특히 우리 가족이 자주 하는 시설이라 내용과 선정 업체를 확인하고 싶습니다.",부분공개,19
2024-10-24,라온군 일자리경제과,FOI-2024-01667,한들동 생활권 노인복지관 용역 수의계약 체결 현황 (1667호),"생활권 내 노인복지관의 운영 대행 용역이 수의계약으로 재계약을 맺었다고 합니다. 고령자로서 하는 시설이라와 계약 조건을 반드시 확인해야 하며, 특히 계약 금액이 전년도 대비 변경된 부분이 있는지 궁금합니다.",공개,12
2022-08-28,가람시 새빛구 재무회계과,FOI-2022-01668,미르로 교차로 신호등 교체 공사에 대한 입찰 결과 확인 (1668호),"교차로 신호등 교체 공사에 입찰 참여를 준비했으나 기회를 놓쳤습니다. 구직 중으로 공사 입찰 기회에 주목하고 있으며, 사유와 선정업체의 계획를 파악하여 향후의 기반을 만들고 싶습니다.",부분공개,12
2024-04-17,해솔시 일자리경제과,FOI-2024-01669,너울천 산책로 안전 난간 설치 공사의 수의계약 내역 (1669호),"산책로의 출입 구간에 안전 난간 설치 공사가 수의계약으로 진행되었습니다. 고령자로서 산책 낙상 위험이 걱정되며, 특히 설치 위치와 난간 높이을 확인하여관리 차원에서 알고 싶습니다.",공개,17
2025-08-14,온빛시 재무회계과,FOI-2025-01670,빛솔광장 일대 공원 벤치 교체 용역 입찰 참여 현황 (1670호),"광장 주변 벤치 일괄 교체 용역에 입찰 지원을 고려하고 있습니다. 전직 경매사로서 새로운 분야에도 관심을 가지고 있으며,했을 경우 사유를 파악할 수 있도록 입찰 평가 기준과 선정 결과를 반드시 확인해야 합니다.",부분공개,2
2025-08-20,빛솔시 아람구 일자리경제과,FOI-2025-01671,샘물동 생활권 어린이시설 보수 용역 수의계약 사정 (1671호),"단지에 설치된 놀이시설 정기 보수 용역이 수의계약으로 체결되었습니다. 아이들과 함께 하는 주민으로서 안전 점검이 제대로 이루어지는지 확인해야 하며, 특히 상반기와 하반기 범위 차이를 알고 싶습니다.",부분공개,12
2023-10-11,라온군 재무회계과,FOI-2023-01672,푸른마루 교차로 주변 지하차도 배수 펌프 교체 공사 (1672호),교차로 지하차도의 배수 펌프 교체 공사가 수의계약으로 수행되었습니다. 보험 사무원으로서 시설 관리의 적정성을 검토하는에서 해당 계약의 업체 선정 사유와 사후 관리 기간을 확인하고 싶습니다.,공개,5
2023-05-31,해솔시 일자리경제과,FOI-2023-01673,가온로 보행구간 음영지대 가로등 입찰 결과 (1673호),"가로등 음영 지대에 대한 공사에 입찰 지원했으나 선정되지 못했습니다. 전직 항공기 조립원으로 세밀한 계획을 세우는 경력이 있으며, 사유를 분석하여 향후 다른 입찰에 적용하고 싶습니다.",부분공개,10
2023-03-26,온빛시 일자리경제과,FOI-2023-01674,새빛시장 주변 쓰레기수거 용역 수의계약 세부 내역 (1674호),"시장 주변 음식물 쓰레기 수거 용역이 수의계약으로 재계약을 맺었습니다. 시장 위생 문제가 걱정되며, 특히 수거도와 세차 방법을 확인하여 생활 관리 차원에서 알고 싶습니다.",부분공개,10
2025-03-02,도담군 재무회계과,FOI-2025-01675,한울초 주변 통학로 어린이구역 지정 및 포장 공사 (1675호),"초등학교 주변 통학로를 어린이보호구역으로 지정하고 포장 공사를 진행했습니다. 보험 사무원으로서 교통사고 risc 관리에 관심이 많으며, 특히 제한턱 설치 위치와 규제 표지판 현황을 확인하고 싶습니다.",공개,12
2022-11-24,빛솔시 아람구 행정지원과,FOI-2022-01676,시립직무체험 프로그램 운영 기관 채용공고 및 지원자격 기준 공개 청구 (1676호),현재 구직활동 중인 상태로 시 직무체험 프로그램 참여 기관의 직원 채용공고를 확인하고 싶습니다. 최근 샘물동 생활권 내 직무체험 위탁기관에서 신규 채용이 있을 것으로 파악되어 지원자격 기준과 채용절차를 알고 싶습니다.,비공개,19
2024-11-16,가람시 새빛구 행정지원과,FOI-2024-01677,고령자 취업지원사업 참여자 선정 기준 및 배분방안 공개 (1677호),새빛시장 주변에서 개최된 취업박람회 취업성공패키지 부스에서 고령자 취업지원사업 참여자 선정 기준에 대해 설명을 들었으나 구체적 점수 산정방식과 배분 방안이 공개되지 않아 정확한 지원 가능 여부를 확인하고자 합니다.,부분공개,8
2023-01-09,너울시 물빛구 행정지원과,FOI-2023-01678,종합청년센터 놀이시설 체험 프로그램 강사 채용 절차 공개 청구 (1678호),"푸른마루 교차로 인근 종합청년센터에서 운영하는 놀이시설 체험 프로그램 강사 채용에 지원하려 합니다. 해당 직종의 채용절차와 각 단계별 서류심사 기준, 면접 평가 항목이 구체적으로 어떻게 운영되는지 확인이 필요합니다.",공개,6
2023-09-04,가람시 열린구 기획감사과,FOI-2023-01679,돌봄종사자 인력관리 지침 내 경력단절 여성 재취업 지원 조항 공개 (1679호),한울초 주변 통학로 돌봄종사자로 재취업 준비 중입니다. 해당 기관의 경력단절 여성 재취업 지원 지침에서 종사자 재고용 조건과 경력 인정 범위가 어떻게 규정되어 있는지 상세 내용이 공개되길 원합니다.,부분공개,20
2025-02-08,새봄시 한울구 행정지원과,FOI-2025-01680,일자리 창출사업 참여 기관별 고용조건 비교 정보 공개 (1680호),가온로 보행구간 일 일자리 창출사업 참여 기관의 임금수준과 고용조건을 비교할 수 있는 자료가 있는지 확인 요청합니다. 구직자로서 참여 기관 선택 시 참고할 수 있는 고용조건 현황 자료가 필요합니다.,부분공개,5
2025-10-17,해솔시 기획감사과,FOI-2025-01681,공공일자리 채용 시험 과목 및 출제범위 사전 안내 공개 (1681호),"누리버스 정류장 공공일자리 채용 공지가 있어 지원 준비 중입니다. 해당 채용의 필기시험 과목과 출제범위, 참고문헌 등 시험 준비에 필요한 정보가 사전 안내 자료로 있는지 확인하고 싶습니다.",부분공개,2
2024-09-19,도담군 기획감사과,FOI-2024-01682,신규 청년취업사관교육생 모집 일정 및 신청자격 기준 공개 (1682호),"현재 부모님과 새봄역 환승구역 인근 다세대주택에 거주하며 구직 중입니다. 청년취업사관 교육생 모집 일정이 언제인지, 학력 및 경력 조건 등 신청자격 기준을 구체적으로 알고 싶습니다.",공개,13
2024-06-26,도담군 기획감사과,FOI-2024-01683,취업역량강화 훈련 과정 운영 기간 및 수료 후 취업연계 현황 공개 (1683호),"해솔문화광장 청년취업지원센터에서 운영하는 취업역량강화 훈련 과정에 대해 알아보고 있습니다. 각 과정별 운영 기간이 얼마나 되는지, 수료 후 취업연계율과 연계처 현황 등 구체적 내용이 있는지 확인 요청합니다.",공개,4
2024-03-21,가람시 열린구 기획감사과,FOI-2024-01684,고용관리청 여성고용지원금 지원 대상 선정 절차 공개 (1684호),부모와 동거하며 구직 중인 상황에서 여성고용지원금 지원 대상 선정 시 어떤 기준으로 심사하는지 구체적 절차가 궁금합니다. 소득기준과 함께 우선순위 결정 방식에 대해 알고 싶습니다.,부존재,1
2022-05-11,라온군 행정지원과,FOI-2022-01685,청년구직활동비 지원 사업 참여 조건 및 지급기준 공개 (1685호),"도담천 산책로 인근 구직이며 청년구직활동비 지원 제도를 이용하려 합니다. 지원 참여 조건과 매월 지급기준, 활동 실적으로 인정되는 구체적 항목이 무엇인지 안내를 요청합니다.",부분공개,14
2022-11-18,온빛시 행정지원과,FOI-2022-01686,직업훈련 수강 후 취업 연계 프로그램 참여 방법 공개 (1686호),"가온로 보행구간 인근 직업전문학교에서, 관련 직종 훈련 과정을 고려하고 있습니다. 훈련 수료 후 취업 연계 프로그램이 있는지는 확인하였으나 구체적인 참여 방법과 연계처에 대해 알고 싶습니다.",공개,7
2022-02-06,예담시 늘품구 행정지원과,FOI-2022-01687,우리 지역 도서관 채용공고 발송 방식 및 신규직원 임용 절차 공개 (1687호),"한울초 주변 통학로 소재 공공도서관에서 사서로 재취업하고 싶습니다. 도서관 직원 채용 공고가 어떤 경로로 발송되는지, 신규직원 임용 절차가 어떻게 진행되는지 상세한 일정을 알고 싶습니다.",부분공개,11
2023-12-03,온빛시 행정지원과,FOI-2023-01688,한부모 가족지원금 신청 자격 기준 및 소득인정액 계산 방식 공개 (1688호),"자녀와 단독주택에 거주하며 한부모 가정으로 재취업 준비 중입니다. 한부모 가족지원금 신청 시 소득인정액이 어떻게 계산되는지, 부모 소득 포함 여부와 취업 후 소득 합산 기준이 궁금합니다.",부분공개,1
2022-11-08,도담군 기획감사과,FOI-2022-01689,직장어린이집 운영기관 채용 시 경력산정 기준 공개 (1689호),"사서 경력이 있어 직장어린이집 보육교사 직종 지원을 검토 중입니다. 기존 도서관 근무 경력이 보육 관련 경력으로 인정되는지, 경력 산정 시 인정 기간 계산 기준이 어떻게 되는지 확인이 필요합니다.",부존재,16
2025-02-18,온빛시 행정지원과,FOI-2025-01690,취업성공패키지 참여자 배정 기준 및 사례관리 계획 공개 (1690호),"한울초 주변 통학로 취업성공패키지 참여를 준비 중입니다. 참여자를 어떤 기준으로 기관에 배정하는지, 배정 후 사례관리 계획이 어떻게 수립되는지 구체적 내용이 있는지 확인 요청합니다.",부분공개,13
2025-08-31,빛솔시 아람구 기획감사과,FOI-2025-01691,우리 아파트 관리사무소 시설관리 직원 채용 일정 및 지원자격 공개 (1691호),"아파트 관리사무소에서 시설관리 직원을 새로 채용한다고 들었습니다. 채용 일정과 지원자격 요건, 특히 경력 사항 인정 범위를 알고 싶습니다. 현금인출기 설치 및 수리 업무 경력이 있는지 확인 부탁드립니다.",부분공개,15
2025-08-19,가람시 새빛구 행정지원과,FOI-2025-01692,체크카드 자동화설비 점검 기술자 자격기준 및 경력요건 공개 (1692호),"ATM 설치 및 수리 업무 종사자로 현 유지 중입니다. 다른 금융기관에서 자동화설비 점검 기술자를 신규 채용한다는 소식을 들었는데, 해당 직종의 자격기준과 경력 요건을 구체적으로 알고 싶습니다.",부분공개,9
2024-02-22,예담시 늘품구 행정지원과,FOI-2024-01693,아파트 경비원 전환 인력 고용조건 및 근로조건 비교 공개 (1693호),"우리 아파트 경비원들이 시설관리 직원으로 전환 고용된다는 계획이 있습니다. 전환 시 고용조건과 근로조건이 어떻게 변경되는지, 임금 수준과 근무시간이 동일하게 유지되는지 비교 자료를 확인하고 싶습니다.",부분공개,20
2024-02-16,새봄시 한울구 기획감사과,FOI-2024-01694,공공부문 무기계약 근로자 인사 결과 열람 가능 여부 확인 (1694호),"현재 공공부문에서 무기계약으로 ATM 유지보수 업무를 수행하고 있습니다. 매년 실시되는 인사 결과를 근로자가 열람할 수 있는지, 열람 가능하다면 어떤 절차로 신청하는지 확인 요청합니다.",부분공개,13
2022-01-03,라온군 기획감사과,FOI-2022-01695,우리 아파트 시설관리팀 상반기 작업일지 및 점검일정 공개 (1695호),아파트 시설관리팀에서 상반기 시설 점검 작업일지와 점검일정표를 게시한 것으로 알고 있습니다. 공개된 내용을 확인하고 싶습니다. 현금인출기 관련 점검 항목이 포함되어 있는지 특히 확인 부탁드립니다.,부분공개,5
2023-03-29,미래군 기획감사과,FOI-2023-01696,우리 지역 하역업체 현장작업 감독자 채용 시 자격조건 공개 (1696호),아파트에 거주하며 구직 중인 상황에서 세움산업단지 입구 하역업체에서 현장감독자를 채용한다는 정보를 접했습니다. 채용 시 자격조건과 경력 요구 사항이 구체적으로 어떻게 되는지 확인이 필요합니다.,부분공개,18
2024-05-25,누리시 바른구 기획감사과,FOI-2024-01697,새봄역 환승구역 물류센터 신규 직원 채용 공고 및 급여 수준 공개 (1697호),"가온로 보행구간 물류센터에서 새봄역 환승구역으로 이전하면서 신규 직원을 채용한다고 합니다. 채용 공고 일자와 지원자격, 그리고 기본급과 수당 등 급여 수준이 공개되어 있는지 확인 요청합니다.",공개,10
2023-07-12,누리시 바른구 기획감사과,FOI-2023-01698,고령자 하역작업 맞춤형 안전교육 과정 운영 현황 공개 (1698호),"나이가 들어서 하역を 계속하기 어려워지는 상황입니다. 고령자 하역작업자를 위한 맞춤형 안전교육 과정이 있는지, 운영 시기는 언제이며 어디서 수강할 수 있는지 구체적으로 알고 싶습니다.",부분공개,9
2022-10-08,라온군 행정지원과,FOI-2022-01699,우리 아파트 관리사무소 경력직 채용 시 경력 산정 범위 공개 (1699호),"우리 아파트 관리사무소에서 경력직 채용을 계획 중입니다. 이전 하역 및 적재 현장이 경력으로 인정되는지, 경력 산정 시 인정 범위와 산정 기간 계산 방식이 어떻게 되는지 확인 요청합니다.",부분공개,2
2023-10-27,세움시 맑은구 행정지원과,FOI-2023-01700,아파트 시설관리팀 작업복 및 안전장비 지급 기준 공개 (1700호),관리사무소 시설관리팀에서 작업복과 안전장비가 어떤 기준과 주기로 지급되는지 궁금합니다. 특히 하역 및 적재 작업 시 필요한 보호장비의 종류와 지급 기준을 알고 싶습니다.,부분공개,19
2023-01-15,빛솔시 아람구 건축허가과,FOI-2023-01701,열린마을 공원 운동시설 안전점검 결과 공개 청구 (1701호),"공원 운동시설의 안전 상태가 걱정되어 안전점검 결과를 확인하고자 합니다. 운동기구 가드레일 탈락 및 균열 발생 여부, 최근 실시된 안전점검 일자와 보수 이력을 요청합니다.",공개,20
2023-08-04,도담군 안전총괄과,FOI-2023-01702,푸른마루 교차로 가로등 시설 안전점검 결과 청구 (1702호),교차로 가로등 안전 점검 결과와 지지대 부식 점검 일자를 요청합니다. 가로등 작동 불량으로 보행자 사고 위험이 높아질 수 있어 안전점검 결과를 반드시 확인하고 싶습니다.,공개,3
2023-02-24,온빛시 건축허가과,FOI-2023-01703,샘물동 생활권 공공건물설비 안전점검 결과 청구 (1703호),"건물 내설비 안전점검 결과를 요청합니다. 비상구 작동 상태 및 피난 계단 구조 안전성, 최근 두 년 간 점검 일자와 개선 이력을 반드시 포함해 주시기 바랍니다.",공개,9
2024-05-20,누리시 바른구 건축허가과,FOI-2024-01704,가온로 보행구간 노후 시설물 안전점검 결과 청구 (1704호),가온로 보행구간 보도는 노후 기울기 문제가 심각합니다. 연령 대비 보행 안전에 대한 우려가 높아 안전점검 결과와 시정 이력을 반드시 확인하고자 합니다.,비공개,9
2022-07-31,예담시 늘품구 건축허가과,FOI-2022-01705,새빛시장 주변 상가 건물 외부시설 안전점검 결과 청구 (1705호),시장을 방문할 때마다 상가 외벽 낙서 및 박리 현상이 눈에 띄어 안전점검 결과를 요청합니다. 최근 두 년 간 건물 외부 붙박이 시설 안전점검 일자와 보수 이력을 확인하고 싶습니다.,공개,15
2025-03-24,라온군 안전총괄과,FOI-2025-01706,미래복합센터 다중이용시설 기계식 주차설비 안전점검 결과 청구 (1706호),복합시설 지하주차장 기계식 주차설비 작동 이상 보고가 있어 안전점검 결과를 확인합니다. 주차설비 안전점검 일자와 최근 이 년 간 유지보수 이력을 반드시 포함해 주십시오.,부분공개,15
2024-06-25,도담군 안전총괄과,FOI-2024-01707,도담천 산책로 한울초등학교 인접 구간 안전점검 결과 청구 (1707호),"도담천 산책로 중 한울초등학교 인접 구간은, 으로 어린이가 자주 이용합니다. 안전한 보행 환경 확인을 위해 기존 안전점검 결과를 요청하며 가드레일 및 조명 유지보수 이력을 확인하고 싶습니다.",부분공개,8
2025-05-10,여울시 단비구 건축허가과,FOI-2025-01708,맑은마을 아파트 단지의 공용부분 안전점검 결과 청구 (1708호),"아파트 공용부분 안전점검 결과를 요청합니다. 놀이터 시설물 및 벤치의 균열과 부식 상태, 최근 삼 년 간 안전점검 일자와 보수 이력을 반드시 포함해 주시기 바랍니다.",공개,12
2024-11-29,빛솔시 아람구 건축허가과,FOI-2024-01709,가람공공청사 내 커뮤니티센터 시설 안전점검 결과 청구 (1709호),커뮤니티센터 건물 구조 점검 결과와 승강기 안전점검 이력을 요청합니다. 고층시설 점검 결과도 반드시 포함해 주시기 바랍니다. 엑셀 파일 형태의 자료를 우선 제공해 주십시오.,부분공개,15
2023-12-02,가람시 새빛구 안전총괄과,FOI-2023-01710,새빛시장 주변 음식 제조 판매업체 위생안전 점검 결과 청구 (1710호),"시장 내 음식 제조 판매업체 위생 점검 결과를 요청합니다. 식품 관련 영업의 위생시설 안전 점검 결과와 시정 지시 사항, 최근 이 년 간 행정 처분 이력을 반드시 확인하고 싶습니다.",부분공개,6
2024-12-15,라온군 안전총괄과,FOI-2024-01711,누리버스 정류장실 안전점검 결과 및 방범시설 이력 청구 (1711호),혼자 버스를 기다릴 때실 안전이 걱정되어 안전점검 결과를 요청합니다. 정류장 내 방범시설 작동 상태 및 안전 점검 일자와 보수 이력을 반드시 포함해 주시기 바랍니다.,공개,14
2024-11-24,세움시 맑은구 안전총괄과,FOI-2024-01712,라온체육센터 운동기구 안전점검 결과 공개 청구 (1712호),체육센터 운동기구 안전이 걱정되어 안전점검 결과를 확인합니다. 실내외 운동기구 고정 상태 점검 결과와 최근 이 년 간 보수 이력을 반드시 포함해 주시기 바랍니다.,공개,19
2024-04-14,온빛시 건축허가과,FOI-2024-01713,새봄역 환승구역 다세대주택 공용부분 안전점검 결과 청구 (1713호),"다세대주택 연립으로 공용복도 및 계단 안전이 중요합니다. 공용부분 안전점검 결과와 수리 이력을 반드시 확인하고자 하며, 최근 삼 년 간 안전 점검 일자와 보수 이력을 요청합니다.",부분공개,11
2022-08-21,빛솔시 아람구 건축허가과,FOI-2022-01714,한들동 생활권 커뮤니티센터시설 안전점검 결과 청구 (1714호),커뮤니티센터 놀이방 시설 안전이 걱정되어 안전점검 결과를 요청합니다. 시설물 부착물 탈락 및 균열 상태 점검 결과와 보수 이력을 반드시 포함해 주시기 바랍니다.,부분공개,16
2022-03-07,미래군 안전총괄과,FOI-2022-01715,빛솔광장 일대 가로등 및 교통안전 시설 안전점검 결과 청구 (1715호),빛솔광장 주변 가로등 및 신호기 가동 상태가 불안정하여 안전점검 결과를 요청합니다. 가로등 지지대 안전 점검 결과와 신호기 제어장치 점검 이력을 반드시 포함해 주시기 바랍니다.,공개,10
2022-09-27,미래군 건축허가과,FOI-2022-01716,미르로 교차로 횡단보도 안전점검 결과 청구 (1716호),교차로 횡단보도 포장 상태 및 차선 도색 안전점검 결과를 요청합니다. 노후 포장 와 신호주기 조정 이력을 반드시 확인하고 싶습니다.,공개,11
2022-10-12,온빛시 건축허가과,FOI-2022-01717,새빛시장 주변 공중전화 부스 안전점검 결과 및 보수 이력 청구 (1717호),시장 주변 공중전화 부스 전선 노후화가 우려되어 안전점검 결과를 요청합니다. 부스 구조물 안전 점검 결과와 최근 이 년 간 교체 이력을 반드시 포함해 주시기 바랍니다.,비공개,10
2023-11-23,예담시 늘품구 안전총괄과,FOI-2023-01718,온빛도서관 앞 보행자 보호시설 안전점검 결과 청구 (1718호),도서관 앞 무단횡단 다발 구간의 보행자 보호시설 안전이 걱정됩니다. 과속 방지턱 및 미끄럼방지 포장의 점검 결과와 최근 삼 년 간 보수 이력을 요청합니다.,공개,7
2023-04-10,가람시 열린구 건축허가과,FOI-2023-01719,가람공공청사 주변 노후상가 외벽 안전점검 결과 청구 (1719호),공공청사 주변 노후 상가 건물 외벽 박리가 우려되어 안전점검 결과를 요청합니다. 외벽 붙박이 시설 안전 점검 결과와 낙하 방지 조치 이력을 반드시 포함해 주시기 바랍니다.,공개,7
2022-02-12,미래군 건축허가과,FOI-2022-01720,세움산업단지 입구 주변 포장 도로 안전점검 결과 청구 (1720호),산업단지 입구 대형차량 왕복으로 포장 도로 손상이 심합니다. 도로 포장 안전점검 결과와 굴곡 보강 이력을 반드시 확인하고자 합니다. 현장 사진 첨부도 요청합니다.,공개,2
2023-11-05,가람시 새빛구 건축허가과,FOI-2023-01721,너울천 산책로 조명시설 안전점검 결과 및 유지보수 이력 청구 (1721호),"산책로 야간 조명이 충분하지 않아 안전이 걱정됩니다. 조명시설 안전점검 결과와 전구 교체 이력을 요청하며, 전구 수명 주기 및 절 장치 작동 여부도 반드시 포함해 주십시오.",부분공개,9
2024-06-27,도담군 건축허가과,FOI-2024-01722,한울초등학교 급식실 식품 위생 및 시설 안전 점검 결과 청구 (1722호),자녀 학교 급식실 식품 위생 및 배관 시설 안전이 걱정되어 점검 결과를 요청합니다. 급식실 배관 및 환기 시설 안전점검 결과와 냉장고 점검 이력을 반드시 포함해 주시기 바랍니다.,부분공개,4
2023-02-20,여울시 단비구 건축허가과,FOI-2023-01723,해솔문화광장 분수 및 조경 시설 안전점검 결과 청구 (1723호),문화광장 분수 시설 전선 노후화와 조명 기구 균열이 눈에 띄어 안전점검 결과를 요청합니다. 분수 및 조경 시설 안전점검 결과와 보수 이력을 반드시 포함해 주시기 바랍니다.,부분공개,12
2025-10-05,가람시 열린구 안전총괄과,FOI-2025-01724,샘물동 생활권 내 놀이터 시설 안전점검 결과 및 고장 신고 이력 청구 (1724호),생활권 놀이터 그네 고정에 불안정함이 느껴져 안전점검 결과를 요청합니다. 놀이터 시설 안전점검 결과와 고장 신고 및 수선 이력을 반드시 포함해 주시기 바랍니다. 시설 등록일 기준 삼 년치 자료가 필요합니다.,부분공개,8
2023-12-14,미래군 안전총괄과,FOI-2023-01725,미르로 교차로 보행로 탄|gfalt 포장 안전점검 결과 청구 (1725호),보행로 미끄럼 현상이 심하여 안전점검 결과를 요청합니다. 노후 보행로 탄|falt 포장 안전점검 결과와 최근 삼 년 간 보수 이력을 반드시 포함해 주시기 바랍니다. 현장 사진 첨부도 요청합니다.,부분공개,11
2024-08-05,해솔시 환경위생과,FOI-2024-01726,푸른마루 교차로 일대 식품접객업소 최근 3년 점검 실적 및 지적사항 조회 (1726호),"전직 유통 및 매장 감시원 경력이 있어 현재도 식품관련 행정 투명성에 관심이 많습니다. 푸른마루 교차로 주변 식당가에서 최근 3년간 실시된 위생 점검 실적, 적발 위반유형, 시정명령 및 과태료 부과 내역을 조회하고자 합니다. 점검 시기별 지적사항 비율과 개선 조치 완료 여부도 포함해 주시기 바랍니다.",부분공개,19
2023-08-26,가람시 열린구 환경위생과,FOI-2023-01727,다단계 유통 식품 영업장 위생관리 기준 및 감독체계 변화 내역 (1727호),"유통업계에서 근무하며 현장감시를 경험한 바 있어 현재 업계의 위생관리 기준이 어떻게 변화해 왔는지 알고 싶습니다. 최근 5년간 식품위생법 시행규칙 개정 내용, 영업장 위생관리 기준 강화 사항, 감시원 배치 기준 내용을 조회해 주세요. 유통센터 및 물류창고 관련 점검 실적도 포함해 주시면 감사하겠습니다.",부분공개,8
2025-10-05,해솔시 환경위생과,FOI-2025-01728,샘물동 생활권 학교 주변 식품판매업소 점검결과 및 행정처분 현황 (1728호),"현재 구직중인으로 식품안전 관련 일자리를 찾고 있으며, 학교 주변 식품판매업소의 위생 상태가 특히 걱정됩니다. 샘물동 생활권 내 초중고 학교 반경 200미터 이내 식품판매업소 최근 2년간의 위생 점검 결과, 적발 위반사항, 영업정지 등 행정처분 내역을 알려주시기 바랍니다. 집단식중독 발생 여부도 포함해 주세요.",부분공개,17
2023-10-04,빛솔시 아람구 보건행정과,FOI-2023-01729,위생점검 감시원 채용 및 교육과정 운영 현황과 자격기준 변경 내역 (1729호),"전 직장 경험을 바탕으로 다시 식품감시 분야에 복귀하고자 준비중입니다. 현재 우리 지역 위생점검 감시원 채용공고 기준, 필수 자격요건, 직무교육과정 운영 내용, 수당 및 근로조건 등에 대한 정보를 요청합니다. 최근 채용 경쟁률 및 최종 합격자 현황도 알려주시면 취업 준비에 참고하겠습니다.",부분공개,11
2025-12-06,빛솔시 아람구 보건행정과,FOI-2025-01730,배달 음식 전문점 위생등급제 도입 이후 평가결과 및 소비자가입 변화 (1730호),"유통업에서 배달플랫폼 경쟁이 심화되는 가운데 위생등급제가 소비선택에 미치는 영향을 분석해 보고 싶습니다. 우리 지역 배달전문점 위생등급제 평가 결과 분포, 등급별 매출변화 추이, 소비자기입 변화 조사결과, 등급 미인증 현황 등을 조회해 주시기 바랍니다. 등급제 관련 민원 처리건수도 포함해 주세요.",부분공개,6
2024-07-13,세움시 맑은구 보건행정과,FOI-2024-01731,아파트 관리사무소 대응 식품중독 집단발생 시 매뉴얼 및 조치내역 (1731호),"아파트 거주자로서 관리사무소의 식품안전 대응능력이 걱정됩니다. 우리 아파트 단지가 포함된 생활권에서 발생한 식중독 의심 사례에 대한 관리사무소 대응 매뉴얼, 초기 신고절차, 입주자대표회의 보고 내용, 시군구 보고 및 조치결과를 조회해 주시기 바랍니다. 최근 3년간 우리 시 Foodborne outbreak 관련 민원처리 기록도 포함해 주세요.",공개,4
2025-01-06,예담시 늘품구 환경위생과,FOI-2025-01732,아파트 주변 새빛시장 식품업체 위생점검 일정 및 사후관리 현황 (1732호),"분양 및 임대 사무직에 종사하며 부동산 고객들로부터 아파트 주변 상가 위생 환경에 대한 문의가 많습니다. 새빛시장 내 식품관련업체 최근 1년간 점검일정, 점검예정목록 공지여부, 점검 후 시정요구사항, 재점검 실시여부 및 결과를 알려주시기 바랍니다. 점검결과에 대한 입주자 통보 방식도 확인하고 싶습니다.",공개,8
2023-10-09,라온군 환경위생과,FOI-2023-01733,음식점 위생등급 인증 신청 절차 및 공인기관 지정 현황 (1733호),"부동산 임대 업무 중 식당차입 문의가 자주 들어옵니다. 음식점 위생등급 인증 신청 절차, 필요서류, 수수료, 처리기간, 공인평가기관 지정 현황, 우리 지역 인증업체 수 및 등급분포를 알려주시기 바랍니다. 등급인증이 임대차 계약 체결에 미치는 영향도 참고할 수 있는 자료가 있으면 함께 제공해 주세요.",공개,20
2023-05-03,누리시 바른구 환경위생과,FOI-2023-01734,"아파트 실내 공용시설 식품취급, 구역 지정 및 관리 현황 (1734호)","배우자와 함께 거주하며 단지 내 식품안전관리 수준을 확인하고 싶습니다. 아파트 단지의 공동현관, 엘리베이터, 주차장 등 공용시설에서의 식품 취급 관련 관리규약, 위반시 제재내역, 관리주체인 관리사무소 교육이수 현황을 조회해 주시기 바랍니다. 최근 2년간 단지 내 식품관련 민원이 발생한 경우 그 처리결과도 알려주세요.",부분공개,17
2025-03-20,여울시 단비구 환경위생과,FOI-2025-01735,음식물쓰레기 수거업체 점검기록 및 위생환경 개선사업 추진 현황 (1735호),"분양임대 사무 경험에서 음식물쓰레기 처리 과정이 아파트 위생환경에 핵심임을 알고 있습니다. 우리 지역 음식물쓰레기 수거처리 위탁업체 선정 기준, 업체별 점검평가 결과, 위생환경 개선 국비사업 신청 및 집행 현황, 개선 후 효과분석 자료를 요청합니다. 쓰레기 수거차량 위생상태 점검결과도 포함해 주세요.",공개,6
2022-03-24,세움시 맑은구 환경위생과,FOI-2022-01736,한울초 주변 통학로 인근 식품판매업소 어린이 식품안전 특별점검 결과 (1736호),"전직 유치원 교사로서 학생들의 안전이 가장 걱정됩니다. 한울초 주변 통학로 반경 300미터 내 식품판매업소 대상으로 실시된 어린이 식품안전 특별점검 결과, 적발 위반사항, 행정처분 종류 및 기간,소 개선 이행 여부를 알려주시기 바랍니다. 특별점검 실시 시기 및 횟수, 점검항목 포함해 주세요.",부분공개,4
2025-11-11,빛솔시 아람구 환경위생과,FOI-2025-01737,유치원 및 학원 식품급식 위생관리 기준과 검사실적 현황 (1737호),"교사 경력을 바탕으로 현재 관련 분야 일자리를 탐색중입니다. 우리 지역 유치원 및 학원 급식 관련 위생관리 기준, 식품위생 선임 현황, 영양사 자격기준, 최근 3년간 실시된 식품검사 실적 및 불합격업체 조치내역을 조회해 주세요. 학원 급식이 제공되는 시설 수 및 비율도 알려주시기 바랍니다.",비공개,6
2024-06-19,도담군 환경위생과,FOI-2024-01738,미래복합센터 인근 놀이시설 주변 급식시설 점검 및 행정처분 내역 (1738호),"부모님과 함께 거주하며 어린이 관련 시설 안전성을 확인하고자 합니다. 미래복합센터 인근 학원가 및놀이시설 주변 식품취급업소 최근 2년간 위생점검 결과, 적발 위반사항, 시정명령 이행 현황, 행정처분 기록을 요청합니다. 특별기간인 방학 중 합동점검 추진 내용 및 결과도 포함해 주세요.",공개,14
2022-02-27,누리시 바른구 환경위생과,FOI-2022-01739,식품관련 업종 구직자를 위한 무료 위생교육 과정 운영 현황 및 신청방법 (1739호),"현재 부모님と하며 구직중에 있어 식품관련 자격증 취득을 준비중입니다. 우리 지역 무료 위생교육 과정 운영 현황, 교육과정 종류 및 일정, 수강료 지원사업, 수료 후 취업알선 지원 현황 등을 알려주시기 바랍니다. 교육 수료 후 자격시험 응시료 지원 여부 및 최근 수료생 취업률도 포함해 주세요.",부분공개,10
2023-04-29,여울시 단비구 환경위생과,FOI-2023-01740,누리버스 정류장 주변 야외 음식 BrouwerijFestival 관련 위생관리 현황 (1740호),"부모님과 함께 거주하며 지역 축제 위생안전성을 확인하고 싶습니다. 누리버스 정류장 주변에서 개최된 야외 음식 행사 최근 3건에 대한 위생관리 계획서 제출여부, 현장 점검 실시 여부, 위반사항 지적 및 조치 결과, 행사후 음식물쓰레기 처리 현황을 요청합니다. 야외 음식 제조 판매 기준 포함해 주세요.",부분공개,3
2024-08-02,예담시 늘품구 보건행정과,FOI-2024-01741,식중독 사고 발생 시 가해업소 입증절차 및 행정처분 취소기준 사례 (1741호),"법률 관리 직종에서 근무하며 식품위생 관련 행정처분의 적법성 판단 기준을 알고 싶습니다. 식중독 집단발생 시 가해업소 판정 기준, 역학조사 절차, 영업정지 처분 취소 및 감경 사례, 법원 취소소송 결과, 시정여부 판단 기준 등을 조회해 주시기 바랍니다. 관련 판례 및 행정지도 사례 포함해 주세요.",부분공개,19
2023-06-30,가람시 열린구 보건행정과,FOI-2023-01742,식품위생법 위반 과태료 산정기준 및 체납처분 절차 내역 (1742호),"법무부서 근무중에 있어 행정처분 근거 마련을 위한 자료를 필요로 합니다. 식품위생법 위반 유형별 과태료 산정기준표, 위반 정도에 따른 가중감경 기준, 체납 발생 현황, 체납처분 절차 및 강제집행 현황을 알려주시기 바랍니다. 납부고지 후 이의 신청 절차 및 처리기간도 포함해 주세요.",부분공개,6
2025-08-17,누리시 바른구 보건행정과,FOI-2025-01743,영업허가 신청 반려사유 및 보완요구 사항 통계 분석 자료 (1743호),"법무 담당자로서 고객 상담 중 영업허가 신청 과정에 어려움을 호소하는 경우가 많습니다. 최근 2년간 식품영업 영업허가 신청 건수, 반려 및 반려율, 반려 주요 사유 유형별 분포, 보완요구 평균 횟수, 처리기간 초과 사례 등을 통계로 알려주시기 바랍니다. 반려 사유별 사전안내 조치 현황도 포함해 주세요.",비공개,1
2023-07-29,가람시 새빛구 보건행정과,FOI-2023-01744,위생점검 결과 이의신청 접수 및 처리 현황 3개년 분석 (1744호),"배우자 및 자녀와 함께 거주하며 지역 공공기관의행정 처리 투명성에 관심이 많습니다. 우리 지역 위생점검 결과에 대한 이의신청 접수건수, 인용 및 기각 비율, 처리기간, 주요쟁점 유형, 행정처분 변경 또는 유지 결정 사례를 최근 3년간 분석하여 알려주시기 바랍니다. 이의신청 비용 및 절차 포함해 주세요.",부분공개,13
2024-07-25,해솔시 보건행정과,FOI-2024-01745,영업정지 처분 기간 단축 및 조기 해제 기준 및 실적 현황 (1745호),"법률 업무 담당자로서 처분의 실효성 및 형평성 판단 기준을 확인하고 싶습니다. 식품위생법 위반 영업정지 처분 중 조기 해제 또는 기간 단축이 이루어진 사례, 그 판단기준 및 요건, 해제 전 이행점검 결과, 재발방지 교육 수료 여부 등을 알려주시기 바랍니다. 조기 해제 거부 사례 및 그 사유 포함해 주세요.",공개,13
2024-10-18,라온군 보건행정과,FOI-2024-01746,온빛도서관 앞 주변 포장마차 및 좌식영업장 위생점검 결과 및 개선지도 현황 (1746호),"부모님과 조부모님과 함께 거주하며 고령가족이 이용하는 시설 주변 위생 상태를 확인하고 싶습니다. 온빛도서관 앞 및 주변 포장마차, 좌식영업장 최근 2년간 위생점검 실시 횟수, 지적사항, 행정처분 종류 및 기간, 영업장별 개선지도 이행 현황을 요청합니다. 고령자 이용시설 위생 기준 포함해 주세요.",비공개,11
2023-02-23,라온군 환경위생과,FOI-2023-01747,의료기관 및 요양시설 식품위생 관리기준과 특별점검 추진 현황 (1747호),"가족 중 만성질환자가 있어 해당 시설 식품안전성이 걱정됩니다. 우리 지역 의료기관, 요양원, 재활원 등 취약계층 이용시설의 식품위생 관리기준, 식품위생책임자 선임현황, 특별점검 추진 내용 및 결과, 위반사항 및 행정처분 내역을 알려주시기 바랍니다. 급식위탁업체 선정 기준 포함해 주세요.",부분공개,13
2025-02-06,예담시 늘품구 환경위생과,FOI-2025-01748,노인 취약계층 대상 식품배달 서비스 위생관리 기준 및 점검 실적 (1748호),"조부모님을 모시고 있어 독거노인 식품배달 서비스 위생 상태가 걱정됩니다. 우리 지역 노인복지시설 및 독거노인 식품배달 사업 추진 현황, 배달식 위생관리 기준, 배달업체 선정 및 점검 실적, 배달식 품질검사 결과, 이상 반응 발생 시 대응절차를 알려주시기 바랍니다. 최근 2년간 배달식 관련 민원 처리 기록도 포함해 주세요.",공개,8
2025-03-17,미래군 환경위생과,FOI-2025-01749,통신망 기반 식품유통 추적 시스템 도입 및 운영 현황 (1749호),"통신망 운영 기술자로서 식품유통 분야 IT 적용 현황에 관심이 많습니다. 우리 지역 식품유통 이력추적 시스템 도입 현황, RFID 등 기술 적용 범위, 시스템 운영 비용 및 효과분석, 시스템 접속 가능 수, 실시간 추적 서비스 이용률 등을 알려주시기 바랍니다. 시스템 장애 발생 이력 포함해 주세요.",부분공개,5
2022-06-17,누리시 바른구 환경위생과,FOI-2022-01750,연구용 식품시료 및 검사기관 지정 기준 변경 내역 (1750호),"기술 연구원으로서 식품위생 검사방법론에 관심을 갖고 있습니다. 우리 지역 지정검사기관 선정 기준, 최근 검사기관 지정 또는 지정취소 현황, 검사비용 고지 방식, 검사방법 기준 개정 내역, 검사성적서 발급 대기시간 통계 등을 알려주시기 바랍니다. 소규모 시험검사기관 관련 지원사업 포함해 주세요.",공개,18
2025-11-18,예담시 늘품구 문화체육과,FOI-2025-01751,너울천 산책로 노인 접근성 개선 계획 관련 자료 청구 (1751호),"최근 다리를 불편하게 하여 너울천 산책로를 자주 찾지 못하고 있습니다. 해당 산책로의 경사도 개선 계획, 노인 전용 휴게 공간 설치 계획, 통행 불편 지역 해소 사업 추진 현황을 알고 싶습니다. 추진 기간과 예산 배정 내역을 함께 알려주시기 바랍니다.",공개,10
2025-01-19,가람시 새빛구 문화체육과,FOI-2025-01752,해솔문화광장 야간 조명 시설 점검 및 교체 일정 자료 청구 (1752호),"해솔문화광장은 야간에 조명이 어두워 발걸음이합니다. 현재 조명 시설 상태, 마지막 점검 일시, 교체 예정 시기, 야간 조명 밝기 기준치를 파악하여 안전하게 이용하고 싶습니다. 조명 밝기 측정 기록도 함께 제공해주십시오.",부분공개,6
2022-06-29,가람시 열린구 공원녹지과,FOI-2022-01753,한울초 주변 통학로 보행 환경 안전 점검 결과 자료 청구 (1753호),"한울초 주변 통학로를 다니는데 가로등 간격이 넓어 위험합니다. 해당 통학로의 보행 환경 안전 점검 결과, 가로등 설치 위치 및 간격, 사고 이력, 개선 사업 추진 여부를 알려주시기 바랍니다. 개선 우선순위 선정 기준도 궁금합니다.",부분공개,4
2023-04-22,예담시 늘품구 공원녹지과,FOI-2023-01754,도담천 산책로 안내 표지판 설치 현황 및 관리 체계 자료 청구 (1754호),"도담천 산책로를 산책할 때 방향을 알기 어려워 곤란합니다. 현재 설치된 안내 표지판 위치도, 표지판 제작 및 설치 비용, 관리 담당 부서와 주기, 노후 표지판 교체 계획을 알려주시기 바랍니다. 분실 시 신고 체계도 있으면 좋겠습니다.",공개,10
2024-05-01,여울시 단비구 공원녹지과,FOI-2024-01755,새빛시장 주변 공원 벤치 배치 현황 및 계획 자료 청구 (1755호),"무릎이 좋지 않아 산책 중 쉬어야 할 곳이 필요합니다. 새빛시장 주변 공원 내 벤치 배치 현황, 현재 비치된 벤치 수량, 벤치 간 평균 거리, 향후 계획과 예산 배정 규모를 알려주시기 바랍니다. 벤치 안전 점검 주기도 함께 알고 싶습니다.",공개,8
2022-09-06,누리시 바른구 공원녹지과,FOI-2022-01756,열린마을 공원 놀이터 시설 안전 점검 기록 자료 청구 (1756호),"부모님과 함께 열린마을 공원 놀이터를 자주 이용합니다. 놀이터 시설 안전 점검 실시 여부와 빈도, 최근 점검 일시와 결과, 고장 또는 파손 신고 처리 절차, 안전 기준 적합 여부를 확인하고 싶습니다. 점검표 항목도 제공해주십시오.",부분공개,10
2025-06-11,해솔시 문화체육과,FOI-2025-01757,누리버스 정류장에서 열린마을 공원까지 야간 통학로 조명 가로등 현황 자료 청구 (1757호),"새벽에 출근하면서 누리버스 정류장 근처를 지나갑니다. 누리버스 정류장에서 열린마을 공원 방향 야간 조명 가로등 설치 위치, 가로등 간 거리, 야간 시간, 최근 고장 신고 이력을 알고 싶습니다. 결빙 시 미끄럼 방지 시설 유무도 확인 부탁드립니다.",부분공개,13
2024-10-29,너울시 물빛구 공원녹지과,FOI-2024-01758,샘물동 생활권 내 공원 범죄 예방 치안 시설 현황 자료 청구 (1758호),"혼자 생활하며 안전이 걱정됩니다. 샘물동 생활권 내 공원 범죄 예방 치안 시설 설치 현황, CCTV 설치 대수와 위치, 비상벨 설치 여부와 위치, 순찰 강화 시간대를 알고 싶습니다. 최근 3년간 공원 내 범죄 발생 건수도 함께 알려주십시오.",공개,5
2024-04-08,도담군 공원녹지과,FOI-2024-01759,맑은마을 커뮤니티센터 인근 공원 모기 예방 소독 일정 자료 청구 (1759호),"알레르기 체질이라 모기에 많이 물립니다. 맑은마을 커뮤니티센터 인근 공원 모기 예방 소독 실시 시기, 소독 약품 종류와 성분, 소독 후 시간, 주기적 실시 여부와 일정을 알고 싶습니다. 소독 효과 평가 결과도 있으면 좋겠습니다.",부분공개,20
2024-01-09,여울시 단비구 문화체육과,FOI-2024-01760,가람공공청사 주변 녹지대 관리 인력 배치 현황 자료 청구 (1760호),"가람공공청사 주변 녹지대가합니다. 해당 녹지대 관리 인력 배치 현황, 관리 담당 직원 수, 순회 근무 일정, 관리 외주 용역 계약 여부와 업체명을 알고 싶습니다. 관리 수준 기준과 점검 주기도 알려주시기 바랍니다.",부분공개,11
2024-02-08,온빛시 공원녹지과,FOI-2024-01761,공원 관리 용역 예산 규모 및 집행 내역 자료 청구 (1761호),"현재 구직 중으로 공원 관리 일자리를 알아보고 있습니다. 올해 샘물동 생활권 공원 관리 용역 예산 규모, 용역비 지급 수준, 계약 기간, 작업 내용 상세, 근로 조건 및 여부를 알고 싶습니다. 향후 용역 신규 계획도 알려주십시오.",부존재,8
2024-01-30,라온군 문화체육과,FOI-2024-01762,공원 관리 용역 업체 선정 평가 기준 자료 청구 (1762호),"공원 관리 용역 입찰에 참여하고 싶습니다. 용역 업체 선정 시 평가 기준 항목과 배점, 자격 요건, 낙찰 방법, 과거 입찰 공고문과 심사결과를 알고 싶습니다. 적용 여부와 기준도 함께 알려주십시오.",공개,18
2025-08-13,세움시 맑은구 공원녹지과,FOI-2025-01763,공원 제초 및 환경미화 작업 기준 및 주기 자료 청구 (1763호),"공원 청결 상태가 좋지 않아됩니다. 공원 내 제초 작업 기준과 주기, 환경미화 작업 범위와도, 시간대 제한 규정, 작업 인력 배치 기준을 알고 싶습니다. 최근 1년간 제초 작업 불이행 민원 건수도 함께 알려주십시오.",공개,8
2022-11-06,예담시 늘품구 문화체육과,FOI-2022-01764,공원 내기 및 화장실 위치 자료 청구 (1764호),"건강을 위해 산책 시 물을 많이 먹습니다. 열린마을 공원 내기 설치 위치와 수량, 사용 가능 시간, 점검 및 세척 주기를 알고 싶습니다. 화장실 위치와 개방 시간, 청소 주기도 함께 알려주십시오. 겨울철 동파 방지 조치 내용도 있으면 좋겠습니다.",부분공개,1
2022-08-26,가람시 열린구 공원녹지과,FOI-2022-01765,공원 내 유해식물 및 독성 식물 제거 작업 현황 자료 청구 (1765호),"아이의 안전이 걱정되어 확인합니다. 공원 내 유해식물 및 독성 식물 종류, 해당 식물 제거 작업 실시 여부와 시기, 방치 시 건강 위험 정도, 표시 및 안내 표지판 설치 현황을 알고 싶습니다. 최근 유해 식물 관련 사고 또는 민원 발생 이력도 알려주십시오.",부분공개,20
2024-11-20,해솔시 공원녹지과,FOI-2024-01766,가온로 보행구간 및 열린마을 공원 야간 안전 환경 실태 조사 결과 자료 청구 (1766호),"저녁에 산책할 때 안전이 걱정됩니다. 가온로 보행구간 및 열린마을 공원 야간 안전 환경 실태 조사 실시 여부, 조사 항목과 방법, 결과 평가, 개선 필요 영역 도출 내용, 향후 수립 계획을 알고 싶습니다. 조사 보고서도 제공해주십시오.",부분공개,2
2024-03-28,온빛시 공원녹지과,FOI-2024-01767,공원 입구 CCTV 설치 위치 및 영상 보관 기간 자료 청구 (1767호),"어린이와 함께 공원을 자주합니다. 열린마을 공원 입구 CCTV 설치 대수와 위치, 촬영 범위, 영상 보관 기간, 영상 열람 절차, 범죄 예방 평가 결과를 알고 싶습니다. CCTV 관리 담당 부서와 연락처도 함께 알려주십시오.",공개,8
2025-12-01,빛솔시 아람구 공원녹지과,FOI-2025-01768,공원 놀이터 시설 정기 안전 점검 계획 및 점검표 양식 자료 청구 (1768호),"놀이터 시설 안전이 걱정됩니다. 열린마을 공원 놀이터 시설 정기 안전 점검 계획, 점검 주기와 시기, 점검 항목과 방법, 안전 기준 적합 여부 판단 기준, 점검표 양식과 최근 점검 결과를 알고 싶습니다. 시 조치 절차도 알려주십시오.",부분공개,6
2022-05-24,빛솔시 아람구 공원녹지과,FOI-2022-01769,공원 내 운동시설 안전 점검 및 교체 주기 자료 청구 (1769호),"운동을 좋아하지만 안전이 걱정됩니다. 도담천 산책로 내 운동시설 종류와 수량, 안전 점검 주기와 실시 여부, 운동기구 별 교체 주기, 최근 교체 이력, 시설 안전 기준 적합 여부를 알고 싶습니다. 운동시설 이용 시 주의사항 안내 방식도 알려주십시오.",공개,9
2025-07-12,가람시 열린구 공원녹지과,FOI-2025-01770,공원 녹지대 숲가꾸기 사업 추진 현황 및 계획 자료 청구 (1770호),"도시 계획 분야 경력이 있어 관심을 갖고 있습니다. 해당 시군구 공원 녹지대 숲가꾸기 사업 추진 현황, 사업 대상 숲 면적, 사업비 배정 규모, 업체 선정 절차, 사업 효과 평가 방법, 향후 5개년 추진 계획을 알고 싶습니다. 사업 성과 보고서도 제공해주십시오.",부분공개,17
2025-06-05,너울시 물빛구 문화체육과,FOI-2025-01771,공원 내 나무 전목 조사 대장 및 매립 정보 자료 청구 (1771호),"도시 설계 경력이 있어 나무 현황이 궁금합니다. 샘물동 생활권 공원 내 나무 전목 조사 대장, 수종별, 수령 및 수고, 발생 현황, 긴급전정 필요 나무 목록을 알고 싶습니다. 나무 식재 설계 당시 계획 대비 actuales 현황 비교도 알려주십시오.",부분공개,4
2024-08-18,빛솔시 아람구 문화체육과,FOI-2024-01772,공원 시설물 일상점검 및 정기정검 예산 배정 규모 자료 청구 (1772호),"공원 시설물 유지보수 예산 배정이 궁금합니다. 최근 3개년 공원 시설물 일상점검 및 정기정검 예산 배정 규모, 시설물 종류별 점검 비용, 외주 용역비 지급 수준, 예산률, 향후 예산 요구 전망을 알고 싶습니다. 점검 성과 평가 방법도 함께 알려주십시오.",공개,9
2024-01-30,가람시 열린구 공원녹지과,FOI-2024-01773,공원 조성사업が된 후 관리권 절차 및 기준 자료 청구 (1773호),"공원 조성 관리권정이 궁금합니다. 새로 조성되는 공원 관리권 지방자치단체정 시점, 필요한 조건과 기준,정 전 업체 잔여 책임 범위,대 후 관리 주체 확정 절차를 알고 싶습니다.대에 관한 표준 계약 약관도 제공해주십시오.",부분공개,12
2025-10-20,해솔시 공원녹지과,FOI-2025-01774,공원 내 체육시설 설계 및 기준 관련 자료 청구 (1774호),"시설 설계 경험을 바탕으로 확인합니다. 공원 내 체육시설 설치 시 적용하는 설계 및 기준, 안전 기준 적합성 평가 절차, 후 검사 항목과 합격 기준,업체 시공 능력 평가 기준을 알고 싶습니다. 최근 3개년 신규 설치 시설 목록과 업체 명단도 함께 알려주십시오.",부분공개,4
2025-02-05,라온군 공원녹지과,FOI-2025-01775,공원 조성사업 주민 참여 계획 및 의견 수렴 절차 자료 청구 (1775호),"주민으로서 공원 조성에 참여하고 싶습니다. 공원 신규 조성 또는 개선 사업 추진 시 주민 참여 계획, 의견 수렴 절차와 방법, 주민 제안 반영 기준, 주민 설명회 개최 여부와 시기, 주민 만족도 조사 실시 여부와 결과를 알고 싶습니다.の 참여 사례 평가도 알려주십시오.",비공개,13
2022-01-15,라온군 건축허가과,FOI-2022-01776,샘물동 가스배관 안전점검 이력 및 점검 주기 요청 (1776호),"샘물동 다세대주택 단지에 설치된 공동 가스배관의 최근 5년간 정기 안전점검 이력과 점검 주기, 확인된 이상 사항 및 조치 내용을 공개해 주시기 바랍니다. 특히 노후 배관 보강 또는 교체 계획이 있을 경우 그 추진 일정도 포함해 주세요.",공개,19
2025-06-14,누리시 바른구 도시계획과,FOI-2025-01777,고령자 우선 배정 공공임대주택 유형 및 규모 안내 요청 (1777호),"현재 전직 가스·에너지 시험원 경력이 있으며 구직 중인 상황에서 향후 공공임대주택 입주를 검토 중입니다. 재개발 지역 내 고령자 우선 배정 주택의 유형별 규모, 신청 자격 조건, 대기 기간에 관한 정보를 제공해 주세요.",부분공개,12
2024-01-11,가람시 새빛구 건축허가과,FOI-2024-01778,새빛시장 주변 가스배관 노후도 조사 결과 및 교체 일정 (1778호),"새빛시장 주변 상가 및 다세대주택 일대에 설치된 가스배관의 노후도 조사 결과와 함께 연차적 교체 일정, 현재 위험 판정 여부를 알고 싶습니다. 지난 검사에서 발견된 결함 위치와 보수 이력도 포함해 주세요.",비공개,17
2022-05-23,누리시 바른구 도시계획과,FOI-2022-01779,재개발 지역 환경정화 비산배출 측정 기록 공개 요청 (1779호),재개발 사업 시행 지역 내 지난 3년간 시행된 비산배출 측정 기록과 분진·소음 모니터링 결과를 공개해 주시기 바랍니다. 법적 기준치 초과 발생 시 행정 처분 내역과 이행 확인 여부도 알려 주세요.,공개,15
2022-09-15,너울시 물빛구 도시계획과,FOI-2022-01780,다세대주택 가스안전 진단 신청 절차 및 비용 지원 안내 (1780호),"다세대주택 단지의 가스안전 진단을 직접 신청하려고 합니다. 진단 신청 절차, 비용 지원 대상 조건, 지원 금액 산정 기준, 신청 기관 연락처에 대한 안내를 요청드립니다.",공개,4
2024-02-21,세움시 맑은구 도시계획과,FOI-2024-01781,재개발 철거비 산정 기준 및 시장가격 반영 방식 설명 요청 (1781호),"재개발 지역 내 연립주택을 보유하고 있는 상황에서 철거비 산정 시 시장가격을 반영하는 방식과 보상비 조정 기준, 협의 시 절차에 대해 구체적으로 안내해 주시기 바랍니다.",비공개,1
2025-09-24,미래군 도시계획과,FOI-2025-01782,재개발 임시이전 비용 지원 사업 종류 및 신청 자격 안내 (1782호),"재개발 지역 내 연립주택 전세 계약이 곧 만료되어 임시 이전을 검토 중입니다. 임시 이전 비용 지원 사업의 종류, 지원 금액, 신청 자격 요건 및 신청 기한에 대해 안내를 요청합니다.",부분공개,4
2024-09-23,빛솔시 아람구 도시계획과,FOI-2024-01783,임대주택 입주자격 소득 및 자산 한도 안내 요청 (1783호),"현재 구직 중인 상태로 공공임대주택 입주 자격의 소득 기준과 자산 한도, 특별공급 유형별 자격 조건을 구체적으로 알려 주시기 바랍니다. 특히 재개발 이전 주민 대상 특별공급 조건이 있는지 확인하고 싶습니다.",부분공개,15
2022-02-18,여울시 단비구 도시계획과,FOI-2022-01784,재개발 사업 추진 일정 및 단계별 완료 목표 시점 공지 (1784호),"해당 재개발 사업의 전체 추진 일정과 현재 진행 단계, 단계별 완료 목표 시점을 종합적으로 파악하고 싶습니다. 특히 철거·시공·입주 단계별 예상 시기와 지연 가능성 유무를 알려 주세요.",부분공개,15
2024-05-10,예담시 늘품구 도시계획과,FOI-2024-01785,연립주택 기존 단지를 철거하지 않고 리모델링 진행 가능 여부 질의 (1785호),현재 거주 중인 연립주택 단지가 재개발 지역에 포함되어 있습니다. 기존 건물을 철거하지 않고 리모델링 방식으로 사업을 진행할 수 있는 제도적 근거와 가능 여부를 확인하고 싶습니다.,공개,19
2025-12-01,해솔시 도시계획과,FOI-2025-01786,재개발 지역 커뮤니티시설 규모 및 주민 편의시설 설치 계획 (1786호),"재개발 완료 후 설치될 주민 커뮤니티시설의 종류별 규모, 문화시설·복지시설 유형 및 운영 계획에 대해 알려 주시기 바랍니다. 특히 아동·청소년 관련 시설과 옥상 테라스 등 공유 공간 계획이 있는지 확인하고 싶습니다.",공개,1
2022-08-26,예담시 늘품구 도시계획과,FOI-2022-01787,재개발 후 통신 인프라 현대화 계획 및 인터넷 서비스 연속성 보장 방안 (1787호),재개발 지역의 통신 인프라 현대화 계획과 재개발 기간 중 기존 인터넷·통신 서비스의 연속성 보장 방안에 대한 정보를 요청합니다. 향후 이동 통신사 변경 가능성과 신규 가입 절차에 대한 안내도 포함해 주세요.,공개,16
2025-12-23,도담군 건축허가과,FOI-2025-01788,산책로 및 공원 개수 사업 추진 현황 및 이용자 안전 점검 이력 (1788호),가온로 보행구간과 너울천 산책로 일대의 노후 시설물 개수 현황과 안전 점검 이력을 확인하고자 합니다. 특히 고령 보행자의 안전을 위한 시설 개선 계획이 있을 경우 그 내용을 알려 주세요.,공개,11
2023-08-15,여울시 단비구 건축허가과,FOI-2023-01789,재건축과 재개발의 법적 차이 및 주거 유형별 선택 가이드 안내 (1789호),"주택정비 방식 중 재건축과 재개발의 법적 차이점과 각각의 장단점, 아파트와 주상복합 등 주거 유형별 입주 조건과 비용 차이를 비교할 수 있는 안내 자료를 요청합니다.",공개,15
2024-01-14,미래군 건축허가과,FOI-2024-01790,통학로 안전 시설 설치 현황 및 재개발 기간 통학 지원 제도 (1790호),"한울초 주변 통학로의 현재 안전 시설 설치 현황과 재개발 사업 시행 기간 중 통학로 우회 안내, 통학 지원 제도 시행 여부에 대한 정보를 요청합니다. 통학 버스 또는 셔틀 운영 계획이 있는지 확인하고 싶습니다.",비공개,2
2022-06-03,미래군 건축허가과,FOI-2022-01791,재개발 상가 점포 임대 조건 및 소규모 상인 지원 사업 안내 (1791호),"재개발 완료 후 공급 예정인 상가 점포의 임대 조건, 보증금·임대료 수준, 소규모 상인 대상 지원 사업 종류 및 신청 자격에 대해 안내를 요청합니다. 특히-food 관련 업종 점포 우선 공급 조건이 있는지 확인하고 싶습니다.",공개,14
2023-03-02,온빛시 도시계획과,FOI-2023-01792,에너지 설비 현대화 사업 추진 현황 및 참여 자격 안내 (1792호),"현재 전직 육류가공 기계 조작원 경력이 있으며 구직 중입니다. 재개발 지역 내 에너지 설비 설치·관리 관련 사업 추진 현황과 주민 우선 참여 자격, 관련 직업 훈련 프로그램이 있는지 확인하고 싶습니다.",공개,11
2024-06-14,누리시 바른구 도시계획과,FOI-2024-01793,지원 사업 종류 및 재개발 지역 주민 우선 참여 조건 (1793호),"현재 구직 중인 상황에서 재개발 지역 주민 대상 지원 사업의 종류와 지원 내용, 신청 자격 및 우선 참여 조건을 구체적으로 안내해 주시기 바랍니다. 특히 경력 전환 지원 프로그램이 있을 경우 그 내용을 포함해 주세요.",부분공개,15
2024-11-29,빛솔시 아람구 도시계획과,FOI-2024-01794,보수 지원금 신청 자격 기준 및 다세대주택 적용 여부 (1794호),"다세대주택 단지에 거주하면서 주거 환경 개선을 위해 보수 지원금을 신청하려고 합니다. 지원금 신청 자격 기준, 지원 금액 범위, 다세대주택 해당 여부 및 신청 기관에 대해 안내를 요청합니다.",부분공개,12
2022-12-24,빛솔시 아람구 도시계획과,FOI-2022-01795,재개발 보상금 지급 일정 및 협의 시 이의 신청 절차 안내 (1795호),"재개발 지역 내 다세대주택 소유 관련 보상금 지급 일정과 협의 시 이의 신청 절차, 감정평가 기준 및 배상 범위에 대해 안내를 요청합니다. 특히 평가 분쟁 시 중재 절차가 있는지 확인하고 싶습니다.",부분공개,16
2023-05-04,미래군 건축허가과,FOI-2023-01796,공동주택 가스밸브 긴급 차단 시스템 설치 현황 및 교체 계획 (1796호),"공동주택 단지의 가스밸브 긴급 차단 시스템 설치 현황과 노후 시스템 교체 계획, 고령 세대 우선 교체 대상 여부에 대한 정보를 요청합니다. 특히 설치 후 점검 주기와 관리 책임 주체를 알려 주세요.",부분공개,3
2024-04-14,가람시 새빛구 도시계획과,FOI-2024-01797,재개발 지역 문화·여가 시설 계획 및 주민 운영 참여 방식 안내 (1797호),"재개발 완료 후 운영될 문화·여가 시설의 종류와 규모, 주민 운영 참여 방식에 대한 구체적인 안내를 요청합니다. 특히 독거노인·편의점 취약계층 대상 프로그램 운영 계획이 있는지 확인하고 싶습니다.",공개,8
2025-06-02,미래군 건축허가과,FOI-2025-01798,주택 입주자격 소득 및 자산 한도 안내 요청(재검토) (1798호),"현재 구직 중인 상태로 공공주택 입주 자격의 소득 기준과 자산 한도, 특별공급 유형별 자격 조건을 구체적으로 알려 주시기 바랍니다. 특히 재개발 이전 주민 대상 특별공급 조건이 있는지 확인하고 싶습니다.",부분공개,7
2023-05-21,여울시 단비구 건축허가과,FOI-2023-01799,재개발 전기·가스 안전 점검 이력 및 재공 기간 중 안전 강화 계획 (1799호),"재개발 지역 내 전기·가스 시설의 최근 안전 점검 이력과 재공 기간 중 안전 강화 계획, 비상 대피 체계 수립 현황에 대한 정보를 공개해 주시기 바랍니다. 특히 고령 세대 비율이 높은 동네의 안전 대피 계획을 포함해 주세요.",공개,2
2023-04-14,빛솔시 아람구 도시계획과,FOI-2023-01800,개보수 지원금 신청 절차 및 다세대주택 해당 여부 안내 (1800호),"다세대주택 단지에 거주하면서 주거 환경 개선을 위해 보수 지원금을 신청하려고 합니다. 지원금 신청 절차, 다세대주택 해당 여부, 지원 금액 범위 및 신청 기한에 대해 안내를 요청합니다.",부분공개,5
2024-11-07,여울시 단비구 교육지원과,FOI-2024-01801,한울초등학교 방과후돌봄교실 운영 시간 연장 계획 및 추진 일정 공개 청구 (1801호),현재 한울초등학교 방과후돌봄교실 운영 시간이 오후 6시로 설정되어 있어 직장인 부모들의 Evening 돌봄 욕구를 충족시키지 못하고 있습니다. 구직 중인 신분으로 방과후돌봄이 취업 지원 역할도 수행할 수 있도록 운영 시간 대폭 연장을 검토한 내역이 있는지 확인하고 싶습니다.,부분공개,9
2024-07-02,너울시 물빛구 교육지원과,FOI-2024-01802,한울초등학교 화학실험실 안전 점검 결과 및 개선 공사 계획 공개 청구 (1802호),한울초등학교 화학실험실 환기 시스템이 노후화되어 환기가 제대로 이루어지지 않는다는 학부모 의견이 있습니다. 전직 연구원으로서 실험 환경 안전이 학생 건강에 직결되므로 최근 실시한 안전 점검 결과와 개선 공사 계획의 투명한 공개를 요청합니다.,비공개,19
2023-03-24,빛솔시 아람구 복지정책과,FOI-2023-01803,도담천 산책로 인근 돌봄시설 환경 위생 점검 및 소독 기록 공개 청구 (1803호),도담천 산책로 인접 돌봄시설의 위생 관리 현황이 투명하게 공개되지 않아 학부모들의 불안감이 커지고 있습니다. 화학 기술자 경력을 바탕으로 위생 점검 및 소독 기록의 체계적 관리가 이루어지고 있는지 확인하고 싶습니다.,부분공개,14
2025-06-26,온빛시 교육지원과,FOI-2025-01804,한울초등학교 방과후돌봄교실 전염병 예방 관리 지침 및 추진 실적 공개 청구 (1804호),코로나19 이후 전염병 예방 관리의 중요성이 강조되고 있음에도 한울초등학교 방과후돌봄교실의 전염병 예방 관리 지침이 학부모에게 충분히 안내되지 않고 있습니다. 학부모로서 투명한 예방 관리 현황 공개가 필요하다고 판단하여 청구합니다.,부분공개,4
2023-07-26,온빛시 교육지원과,FOI-2023-01805,한울초등학교 방과후돌봄교실 영양간식 급식 계약 업체 선정 내역 공개 청구 (1805호),한울초등학교 방과후돌봄교실에서 제공하는 영양간식의 급식 계약 업체 선정 과정이 불투명하다는 학부모 의견이 있습니다. 계약 업체 선정 기준과 심사 결과의 투명한 공개를 통해 학부모들의 신뢰를 확보해야 한다고 생각합니다.,부분공개,5
2024-11-13,새봄시 한울구 교육지원과,FOI-2024-01806,한울초등학교 방과후돌봄교실 전기 설비 안전 점검 결과 공개 청구 (1806호),"한울초등학교 방과후돌봄교실 전기 설비 안전 상태가 양호한지 우려됩니다. 전직 발전 및 배전장치 조작원으로서 시설 전기 안전에 대한 전문적 이해가 있으므로, 최근 실시한 전기 설비 안전 점검 결과와 개선 이력을 확인하고 싶습니다. 한부모 가구로서 자녀의 안전이 최우선이기 때문입니다.",공개,14
2024-03-14,가람시 새빛구 복지정책과,FOI-2024-01807,한울초등학교 급식 위생 점검 일시 및 점검관 정보 공개 청구 (1807호),한울초등학교 급식 위생 점검 일시와 점검관 정보가 공개되지 않아 학부모들이 위생 관리 실태를 파악하기 어렵습니다. 전기 기술자 경력을 바탕으로 급식 위생 점검의 투명한 운영이 필요하다고 판단하여 청구합니다. 한부모 가구로서 자녀의 급식 안전이 중요합니다.,공개,9
2025-07-16,해솔시 교육지원과,FOI-2025-01808,누리버스 정류장 주변 가로등 점등 시간 및 관리 이력 공개 청구 (1808호),누리버스 정류장 주변 가로등이 새벽 시간에 꺼져 있어 통학하는 학생들의 안전이 우려됩니다. 전직 전기 기술자로서 가로등 점등 시간 및 관리 이력을 확인하여 안전한 통학 환경을 조성하고 싶습니다. 한부모 가구로서 자녀 안전이 가장 중요하기 때문입니다.,부분공개,3
2025-12-20,가람시 새빛구 복지정책과,FOI-2025-01809,한울초등학교 방과후돌봄교실 운영 위탁 단체 선정 기준 및 심사 기록 공개 청구 (1809호),한울초등학교 방과후돌봄교실 위탁 단체 선정 과정의 투명성에 대한 학부모들의 우려가 있습니다. 한부모 가구로서 돌봄 서비스 질 관리가 이루어지고 있는지 전문적 관점에서 확인하고 싶어 청구합니다. 운영 위탁 단체 선정 기준과 심사 기록의 공개를 요청합니다.,공개,7
2022-12-18,가람시 열린구 교육지원과,FOI-2022-01810,한울초등학교 급식 재료 원산지 표시 및 관리 기준 공개 청구 (1810호),한울초등학교 급식 재료의 원산지 표시가 학부모들에게 충분히 안내되지 않고 있습니다. 한부모 가구로서 자녀에게 제공되는 급식 재료의 원산지 표시 및 관리 기준을 확인하고 싶습니다. 투명한 급식 관리가 이루어지고 있는지 반드시 확인해야 합니다.,부분공개,10
2022-09-10,라온군 교육지원과,FOI-2022-01811,한울초등학교 방과후돌봄교실 이용 안내 Leaflet 및 계약서 유의사항 공개 청구 (1811호),한울초등학교 방과후돌봄교실 이용 계약서를 검토하고 싶습니다. 혼자 거주하며 지역사회 연결이한 상황에서 계약서 내용과 유의사항을 명확히 알아야 이용 여부를 판단할 수 있습니다. 계약서 주요 조항과 유의사항의 투명한 안내를 요청합니다.,비공개,10
2024-04-01,여울시 단비구 복지정책과,FOI-2024-01812,한울초등학교 방과후돌봄교실 국고 보조금 사용 내역 공개 청구 (1812호),한울초등학교 방과후돌봄교실에 투입되는 국고 보조금의 사용 내역이 공개되지 않아 구직 중인 신분으로 더욱 아쉬운 마음이 큽니다. 세금으로 운영되는 보조금이 투명하게 사용되고 있는지 반드시 확인해야 한다고 생각합니다. 보조금 사용 내역의 투명한 공개를 요청합니다.,공개,12
2024-05-25,여울시 단비구 교육지원과,FOI-2024-01813,한울초등학교 통학 버스 운행 일정 및 안전 점검 기록 공개 청구 (1813호),한울초등학교 통학 버스 운행 일정과 안전 점검 기록이 학부모들에게 충분히 안내되지 않고 있습니다. 혼자 거주하며 안전한 통학 환경이 반드시 필요하다고 생각하므로 통학 버스 운행 일정 및 안전 점검 기록의 투명한 공개를 요청합니다.,공개,14
2023-04-27,여울시 단비구 교육지원과,FOI-2023-01814,한울초등학교 급식 위생 점검 결과 공개 방식 및 점검관 배치 공개 청구 (1814호),한울초등학교 급식 위생 점검 결과의 공개 방식이 불분명하여 학부모들이 신뢰하기 어렵습니다. 투명한 위생 관리를 위해 점검 결과 공개 방식 및 점검관 배치 현황을 확인하고 싶습니다. 지역사회에서 급식 안전에 대한 관심이 높기 때문입니다.,부분공개,16
2024-07-20,미래군 복지정책과,FOI-2024-01815,한울초등학교 방과후돌봄교실 운영 시간 조정 민원 처리 절차 공개 청구 (1815호),한울초등학교 방과후돌봄교실 운영 시간 조정에 대한 민원이 다수 접수되었으나 처리 절차와 결정 근거가 공개되지 않고 있습니다. 행정 과정의 투명성이 부족하다고 느껴 민원 처리 절차와 결정 근거의 공개를 요청합니다. 지역사회 참여의 중요성을 인지하고 있습니다.,공개,10
2022-11-29,너울시 물빛구 교육지원과,FOI-2022-01816,가온로 보행구간 학교·돌봄시설 운영 관련 자료 공개 청구 72-0 (1816호),가온로 보행구간 일대의 학교·돌봄시설 운영 업무와 관련하여 올해 상반기 처리된 문서와 집행 내역 일체를 공개하여 주시기 바랍니다. 항목별 세부 내역과 근거 서류를 포함해 주세요.,부분공개,10
2023-12-09,세움시 맑은구 복지정책과,FOI-2023-01817,미래복합센터 인근 학교·돌봄시설 운영 관련 자료 공개 청구 72-1 (1817호),미래복합센터 인근 일대의 학교·돌봄시설 운영 업무와 관련하여 최근 6개월간 처리된 문서와 집행 내역 일체를 공개하여 주시기 바랍니다. 항목별 세부 내역과 근거 서류를 포함해 주세요.,부존재,19
2024-10-28,새봄시 한울구 교육지원과,FOI-2024-01818,도담천 산책로 학교·돌봄시설 운영 관련 자료 공개 청구 72-2 (1818호),도담천 산책로 일대의 학교·돌봄시설 운영 업무와 관련하여 최근 6개월간 처리된 문서와 집행 내역 일체를 공개하여 주시기 바랍니다. 항목별 세부 내역과 근거 서류를 포함해 주세요.,공개,7
2025-05-02,해솔시 복지정책과,FOI-2025-01819,한울초 주변 통학로 학교·돌봄시설 운영 관련 자료 공개 청구 72-3 (1819호),한울초 주변 통학로 일대의 학교·돌봄시설 운영 업무와 관련하여 최근 1년간 처리된 문서와 집행 내역 일체를 공개하여 주시기 바랍니다. 항목별 세부 내역과 근거 서류를 포함해 주세요.,부분공개,17
2022-11-09,가람시 새빛구 교육지원과,FOI-2022-01820,너울천 산책로 학교·돌봄시설 운영 관련 자료 공개 청구 72-4 (1820호),너울천 산책로 일대의 학교·돌봄시설 운영 업무와 관련하여 2024년 한 해 처리된 문서와 집행 내역 일체를 공개하여 주시기 바랍니다. 항목별 세부 내역과 근거 서류를 포함해 주세요.,부분공개,20
2024-05-10,온빛시 교육지원과,FOI-2024-01821,샘물동 생활권 학교·돌봄시설 운영 관련 자료 공개 청구 72-5 (1821호),샘물동 생활권 일대의 학교·돌봄시설 운영 업무와 관련하여 2024년 한 해 처리된 문서와 집행 내역 일체를 공개하여 주시기 바랍니다. 항목별 세부 내역과 근거 서류를 포함해 주세요.,공개,20
2022-07-30,빛솔시 아람구 교육지원과,FOI-2022-01822,열린마을 공원 학교·돌봄시설 운영 관련 자료 공개 청구 72-6 (1822호),열린마을 공원 일대의 학교·돌봄시설 운영 업무와 관련하여 최근 1년간 처리된 문서와 집행 내역 일체를 공개하여 주시기 바랍니다. 항목별 세부 내역과 근거 서류를 포함해 주세요.,공개,4
2022-10-28,온빛시 복지정책과,FOI-2022-01823,빛솔광장 일대 학교·돌봄시설 운영 관련 자료 공개 청구 72-7 (1823호),빛솔광장 일대 일대의 학교·돌봄시설 운영 업무와 관련하여 2024년 한 해 처리된 문서와 집행 내역 일체를 공개하여 주시기 바랍니다. 항목별 세부 내역과 근거 서류를 포함해 주세요.,부분공개,20
2025-09-16,가람시 열린구 복지정책과,FOI-2025-01824,샘물동 생활권 학교·돌봄시설 운영 관련 자료 공개 청구 72-8 (1824호),샘물동 생활권 일대의 학교·돌봄시설 운영 업무와 관련하여 최근 6개월간 처리된 문서와 집행 내역 일체를 공개하여 주시기 바랍니다. 항목별 세부 내역과 근거 서류를 포함해 주세요.,부존재,12
2024-01-11,빛솔시 아람구 복지정책과,FOI-2024-01825,세움산업단지 입구 학교·돌봄시설 운영 관련 자료 공개 청구 72-9 (1825호),세움산업단지 입구 일대의 학교·돌봄시설 운영 업무와 관련하여 최근 6개월간 처리된 문서와 집행 내역 일체를 공개하여 주시기 바랍니다. 항목별 세부 내역과 근거 서류를 포함해 주세요.,공개,11
2024-01-12,도담군 보건행정과,FOI-2024-01826,최근 3년간 감염병 발생 추이 및 대응 실적 보고서 청구 (1826호),"신용 분석가 경력이 있어 데이터를 기반으로 대응 성과를 분석하고자 합니다. 2022년부터 2024년까지 보건소 관할 지역 내 감염병 발생 건수, 분류별 현황, 대처 소요 인력 및 예산 집행 내역을 요청합니다.",공개,15
2022-02-02,라온군 보건행정과,FOI-2022-01827,마pox 예방접종 예약 시스템 운영 현황 및 접근성 평가 자료 (1827호),"아파트 거주 가족의 안전을 위해 최근 감염병 대응 체계를 확인하고 싶습니다.:mpox 예방접종 예약 가능 시기, 보건소 별 예약 절차, 고령 부모님을 위한 대면 예약 지원 여부를 포함해 주세요.",공개,19
2022-12-10,온빛시 보건행정과,FOI-2022-01828,감염병 유행 시 학교 폐쇄 기준 및 결정 절차 관련 내부 지침 (1828호),"자녀의 등교 안정성이 가장 걱정됩니다. 최근 2년간 Kindergarten to, , 에서 학급 또는 전면 폐쇄가 발생한 사례, 해당 결정 시 교육기관과의 협업체계, 부모 통보 기준이 있는지 확인 요청합니다.",비공개,20
2024-01-16,여울시 단비구 복지정책과,FOI-2024-01829,보건소 감염병 상담 창구 운영 시간 및 전문가 배치 현황 (1829호),"구직 중이라 불안감은 높지만 의료비 부담은 줄이고 싶습니다. 평일 야간 및 주말 상담 창구 운영 여부, 감염병 전문 상담사 배치 현황, 전화·온라인 상담 가능 여부를 알려주시기 바랍니다.",공개,12
2025-08-21,여울시 단비구 복지정책과,FOI-2025-01830,신종 감염병 발생 대비 의료기관 협약 현황 및 대응 매뉴얼 (1830호),"신종 감염병 발생 시 신속한 대응이 중요합니다. 관할권 내 응급의료기관 및 지정진료병원 목록, 보건소와 의료기관 간 신종 감염병 대응 매뉴얼 공유 범위, 환자 이송 절차 내역을 요청합니다.",부분공개,13
2022-10-05,해솔시 복지정책과,FOI-2022-01831,지역 취약계층 감염병 예방 관리 프로그램 참여 실적 및 성과 (1831호),"전도사로서 복지역oty의 현실을 잘 압니다. 한부모 가구, 독거노인 등 취약계층 대상 감염병 예방 교육 프로그램 운영 실적, 참여율, 교육 효과 평가 결과를 알려주시기 바랍니다.",부존재,4
2024-10-28,여울시 단비구 복지정책과,FOI-2024-01832,보건소 주관 감염병 예방 캠페인 추진 계획 및 홍보 물품 내역 (1832호),"지역 어머니들 사이에서 올바른 예방 정보를 퍼뜨리고 싶습니다. 향후 6개월간 추진 예정인 감염병 예방 캠페인 종류, 주요 대상 집단이, 홍보 물품 제작 및 배부 계획이 있는지 확인 요청합니다.",공개,8
2025-03-04,온빛시 복지정책과,FOI-2025-01833,어린이집·놀이방 감염병 관리 지침 및 점검 실적 보고서 (1833호),"자녀를 어린이집에 맡기고 일하기 위해 구직 중인데 안전이 걱정됩니다. 관할 지역 내 어린이집·놀이방 대상 감염병 관리 지침, 전년도 보건소 순회 점검 실적, 위생 기준 미달 기관 조치 현황을 알려주세요.",부분공개,5
2022-07-24,세움시 맑은구 복지정책과,FOI-2022-01834,감염병 발생 시 주민 통보 기준 및 경보 발령 체계 규정 (1834호),"지역 주민으로서 적절한 정보 제공이 필수라고 생각합니다. 특정 감염병 발생 시 주민 통보 기준, 경보 등급 체계, 구청 홈페이지·SNS 등 적극적 알림 및 반응 시간 기준을 요청합니다.",공개,15
2025-11-09,미래군 보건행정과,FOI-2025-01835,산후돌봄·모유수유 지원사업 대상자를 위한 감염병 특별 지원 방안 (1835호),"산후관리를 받는 산모들 대부분이 감염병에 대한 불안이 큽니다. 관할 지역 산후돌봄 지원사업 이용자 중 감염병 특별 관리 대상 현황, 관련 건강교육 실시 여부를 확인하고자 합니다.",부분공개,8
2024-12-16,새봄시 한울구 보건행정과,FOI-2024-01836,최근 5년간 식중독 사고 현황 및 보건소 대응 기록 (1836호),"조미 식품 생산기 조작원 경력이 있어 제조 과정의 위생 관리에 관심이 많습니다. 관할 지역 내 최근 5년간 식중독 사고 유형별 발생 건수, 발생 장소 분류, 보건소 현장 조사 및 시정 지도 기록을 요청합니다.",공개,6
2024-08-06,너울시 물빛구 보건행정과,FOI-2024-01837,고령 단독 가구 감염병 비상 연락망 구축 현황 (1837호),"혼자 살고 있어 비상 시 대처가 걱정됩니다. 관할 지역 내 65세 이상 단독 가구 현황, 감염병 비상 연락망 구축 여부, 이상 징후 발생 시 자동 연락·방문 시스템 운영 사실을 알려주세요.",비공개,19
2025-05-29,온빛시 복지정책과,FOI-2025-01838,보건소 의료진 예방접종 실시율 및 업무 부담 현황 (1838호),"의료진의 건강이 곧 주민의 안전입니다. 관할 지역 보건소 소속 의료진·간호사 예방접종 완료율, 1인당 평균 업무량, 감염병 유행 시 인력 충원 계획이 있는지 확인 요청합니다.",부분공개,9
2023-06-09,여울시 단비구 복지정책과,FOI-2023-01839,노인 맞춤 감염병 예방 서비스 제공 사업 운영 내역 (1839호),"이에 병원 직접 방문은 어렵습니다. 관할 지역 60세 이상 대상 감염병 예방 건강검진 또는 예방접종 서비스 종류, 재가방문 서비스 제공 여부, 관련 본인 부담 비용을 알려주세요.",공개,7
2025-12-21,가람시 새빛구 복지정책과,FOI-2025-01840,가온로 보행구간 일대 공중화장실 위생 관리 점검 계획 (1840호),"연립주택에서 생활하며 쇼핑하러 자주 갑니다. 가온로 보행구간 주변 공중화장실 위치, 위생 점검 주기, 감염병 유행 시 강화 계획이 있는지 확인 요청합니다.",공개,15
2024-03-20,누리시 바른구 복지정책과,FOI-2024-01841,맑은마을 커뮤니티센터 감염병 예방 교육 강좌 운영 실적 (1841호),"어려운 를 통해 community 활동을 돕고 싶습니다. 맑은마을 커뮤니티센터에서 최근 1년간 감염병 예방 관련 강좌 운영 횟수, 참여 인원, 강사 구성, 향후 확대 계획이 있는지 알려주세요.",비공개,7
2025-12-03,세움시 맑은구 복지정책과,FOI-2025-01842,미래복합센터 인근 다중이용시설 소독 빈도 및 기준 (1842호),"미래복합센터 근처를 자주 이용합니다. 해당 지역 내 버스터미널·지하상가 등 다중이용시설 감염병 유행 시 소독 기준, 시행 빈도, 보건소 점검 비율을 요청합니다.",공개,13
2022-05-27,세움시 맑은구 복지정책과,FOI-2022-01843,코로나19 이후 강화된 감염병 관리 제도 개정 내역 (1843호),"코로나19 경험을 바탕으로 제도 개선이 있었는지 궁금합니다. 코로나19 이후 감염병예방법 개정에 따른 local자치단체 차원의 세부 운영 지침 변경 내용, 주민 알림 체계 강화 여부를 요청합니다.",부분공개,15
2025-02-14,해솔시 보건행정과,FOI-2025-01844,샘물동 생활권 긴급Isolation 시설 위치 및 운영 계획 (1844호),"신종 감염병 발생 시 대비가 중요합니다. 샘물동 생활권 내 긴급 격리 시설 위치, 수용 가능 인원, 운영 시간, 주변 주민 통보 절차를 요청합니다.",비공개,9
2025-05-14,가람시 새빛구 복지정책과,FOI-2025-01845,감염병 검사기관 현황 및 검사 결과 안내 기한 안내 (1845호),"품질 인증 심사 전문가로서 절차와 기한을 중시합니다. 관할 지역 내 감염병 검사 가능 의료기관 및 검사기관 목록, 검사 결과 통보 기한 기준, 긴급 검사 요청 시 과정을 알려주세요.",공개,15
2023-12-31,해솔시 복지정책과,FOI-2023-01846,보건소 품질인증 관련 감염병 관리 기준 취득 지원 사업 (1846호),"품질인증 분야 경력을 바탕으로 관련 기준을 알고 싶습니다. 지역 내 의료·위생 관련 업체 대상 감염병 관리 quality인증 지원 사업 종류, 취득 시 정부 지원금, 심사 기준을 요청합니다.",부존재,8
2025-06-24,온빛시 복지정책과,FOI-2025-01847,비주거용 건물 내 공동주거 공간 감염병 관리 가이드라인 (1847호),"비주거용 건물 내에 거주하며 공동 시설 이용 시 관리가 걱정됩니다. 해당 유형 건물 내 환기시설·공용공간 감염병 관리 가이드라인, 보건소 현장 지도 및 교육 실시 여부를 알려주세요.",부분공개,17
2025-03-14,누리시 바른구 복지정책과,FOI-2025-01848,감염병 발생 시 공급업체 품질 관리 비상 대응 절차 (1848호),"식료품·의료품 공급업체 입장에서 궁금합니다. 감염병 유행 시 보건소 발행 공급업체 품질 관리 강화 지침, 출하 전 검사 요청 가능 여부, 비상 사황 대응 절차가 있는지 확인 요청합니다.",부존재,3
2025-10-02,가람시 열린구 복지정책과,FOI-2025-01849,새봄역 환승구역 다중이용시설 청소·소독 용역 현황 (1849호),"새봄역 환승구역을 매일 이용합니다. 해당 시설 일 평균 이용 인원, 청소·소독 용역 계약 기관, 계약 기간, 소독 약품 종류 및 안전성 여부를 요청합니다.",부분공개,13
2023-10-30,세움시 맑은구 복지정책과,FOI-2023-01850,한울초 주변 통학로 보건소·감염병 대응 관련 자료 공개 청구 73-0 (1850호),한울초 주변 통학로 일대의 보건소·감염병 대응 업무와 관련하여 2023년부터 현재까지 처리된 문서와 집행 내역 일체를 공개하여 주시기 바랍니다. 항목별 세부 내역과 근거 서류를 포함해 주세요.,부분공개,15
2022-05-02,온빛시 안전총괄과,FOI-2022-01851,가온로 보행구간 도로포장 상태 및 배수시설 현황 (1851호),"전직 가스및에너지 시험원으로 오랜 기간 가스배관 안전검사를 수행한 경험이 있습니다. 최근 가온로 보행구간에서 빗물 고임 현상과 도로 균열을 관찰하였습니다. 보행자 안전 및 비상시 대피 동선 확보 차원에서 해당 구간의 도로포장 상태, 배수시설 설치 현황, 유지보수 이력을 알려주시기 바랍니다.",부분공개,16
2023-12-20,도담군 안전총괄과,FOI-2023-01852,세움산업단지 가스 안전 점검 이력 및 비상 대응 체계 (1852호),"전직 가스및에너지 시험원으로 에너지 시설 안전 관리에 전문성을 갖추고 있습니다. 세움산업단지의 가스시설 정기 점검 이력, 안전 점검 시 발견된 주요 결함 및 조치 내용, 비상 대응 체계 구축 현황을 알고 싶습니다. 대피시설 위치 및 비상시 가스 공급 중단 절차와 관련된 정보도 포함해 주시기 바랍니다.",공개,3
2025-04-25,빛솔시 아람구 행정지원과,FOI-2025-01853,가람공공청사 주변 가스배관 노후도 평가 및 교체 계획 (1853호),"전직 가스및에너지 시험원으로 가스배관 노후도에 대한 전문지식을 갖추고 있습니다. 가람공공청사 주변 가스배관의 노후도 평가 결과, 최근 교체 또는 보수 이력, 향후 교체 계획이 있는지 확인하고자 합니다. 노후 배관에서 누출 발생시 주변 주민 대피 경로 및 비상 연락 체계도 함께 알려주시기 바랍니다.",비공개,9
2022-01-19,세움시 맑은구 행정지원과,FOI-2022-01854,샘물동 생활권 비상시 에너지 공급 중단 대응 계획 (1854호),"전직 가스및에너지 시험원으로서 비상시 에너지 공급 중단 상황에서 주민 대피 및 안전 확보가 중요한 과제라고 인식하고 있습니다. 샘물동 생활권에서 가스 공급이 중단되는 비상시 대응 계획, 대피소 지정 및 운영 현황, 주민 통보 절차, 회복 절차 등을 상세히 알려주시기 바랍니다.",부분공개,10
2022-02-03,너울시 물빛구 안전총괄과,FOI-2022-01855,한울초 주변 통학로 안전 시설 및 비상 대응 체계 (1855호),"전직 가스및에너지 시험원으로부터 안전 관리에 대한 높은 관심을 가지고 있습니다. 한울초 주변 통학로에서 비상 상황 발생시 학생 및 보호자의 대피 경로, 비상 대피소 위치 및 안내 체계, 학교와 연계된 비상 연락 체계, 안전 점검 및 시설 유지보수 현황을 알려주시기 바랍니다.",비공개,8
2023-04-20,빛솔시 아람구 안전총괄과,FOI-2023-01856,세움산업단지 석유 비축기지 주변 비상사태 대응 체계 (1856호),"전직 석유및천연가스 정제 장치 조작원으로 석유 저장 시설의 위험성을 직접 인지하고 있습니다. 세움산업단지 내 석유 비축기지 주변에서 사고 발생시 주민 대피 경로, 비상사태 등급 구분 및 대응 수준, 관계기관 연락 체계, 주민 통보 방법 및 실효성을 알고 싶습니다.",부존재,9
2025-08-30,라온군 안전총괄과,FOI-2025-01857,정유 공장 비상사태 대응 계획 및 주민 보호 조치 (1857호),"전직 석유및천연가스 정제 장치 조작원으로서 정유 공장 사고의 위험성을 잘 알고 있습니다. 새빛시장 주변 정유 공장 비상사태 대응 계획 중 주민 보호 조치, 대피 범위 및 경로, 주민 대피 훈련 실적, 비상 연락 체계 및 훈련 시나리오를 상세히 알려주시기 바랍니다.",부분공개,8
2022-11-27,가람시 열린구 안전총괄과,FOI-2022-01858,유증기 누출 구역 대피 경로 및 주민 안내 체계 (1858호),"전직 석유및천연가스 정제 장치 조작원으로 유증기 누출의 위험성과 대응 방법을 잘 알고 있습니다. 세움산업단지 입구 주변에서 유증기 누출 발생시 대피 경로 및 구역 설정, 주민 자동 안내 체계, 유증기 감지 설비 설치 현황, 감지 후 조치 절차 및 주민 통보 방법을 알려주시기 바랍니다.",부분공개,14
2025-05-27,가람시 열린구 안전총괄과,FOI-2025-01859,유류 운반 차량 사고시 도로 점거 및 우회 안내 계획 (1859호),"전직 석유및천연가스 정제 장치 조작원으로 유류 운반 차량의 사고 위험성을 인지하고 있습니다. 도담천 산책로 주변도로를 통과하는 유류 운반 차량 사고 발생시 도로 점거 범위, 우회 경로 안내 체계, 운전자 및 주변 주민 통보 방법, 복구 절차 및 점검 기준을 알고 싶습니다.",부분공개,14
2022-12-06,세움시 맑은구 행정지원과,FOI-2022-01860,산업단지 내 위험물 취급 시설 안전 교육 프로그램 (1860호),"전직 석유및천연가스 정제 장치 조작원으로 안전 교육의 중요성을 깊이 인식하고 있습니다. 세움산업단지 입구 내 위험물 취급 시설 종사자 대상 안전 교육 프로그램 내용, 교육 실시 횟수 및 실적, 교육 평가 방법, 외부 주민 대상 안전 인식 확대 교육 계획이 있는지 알려주시기 바랍니다.",공개,16
2023-04-13,새봄시 한울구 행정지원과,FOI-2023-01861,새봄역 환승구역 비상 대피소 위치 및 안내 체계 (1861호),"전직 골프장 캐디로 다수의 고객을 안내한 경험을 바탕으로 밀집 공간에서의 안전 확보에 관심이 있습니다. 새봄역 환승구역에서 비상 상황 발생시 대피소 위치 및 안내 표지 현황, 승강기 및 계단 비상 장치 작동 방식, 안내 방송 체계, 직원 대응 매뉴얼 존재 여부를 알고 싶습니다.",공개,19
2022-06-11,여울시 단비구 안전총괄과,FOI-2022-01862,전철역 개찰구 내 비상구 및 대피 경로 표시 현황 (1862호),"전직 골프장 캐디로 안내표지 및 관리의 중요성을 잘 알고 있습니다. 새봄역 전철역 개찰구 내 비상구 위치 및 표시 상태, 대피 경로 도면 부착 현황, 비상시 개찰구 개방 기준 및 절차, 안내 표지 가독성 점검 실적 및 주기를 알려주시기 바랍니다.",공개,4
2023-11-26,가람시 열린구 행정지원과,FOI-2023-01863,열린마을 공원 내 비상 대피소 위치 및 안내표지 (1863호),"전직 골프장 캐디로서 공원 이용 고객 안내 경험을 살려 안전 표지에 관심을 가지고 있습니다. 열린마을 공원 내 비상 대피소 위치 및 안내표지 현황, 안내표지 형태 및 크기, 야간 시인성 확보 여부, 관리 주체 및 점검 주기를 알고 싶습니다.",부존재,8
2024-08-13,가람시 열린구 안전총괄과,FOI-2024-01864,누리버스 정류장 주변 야간 조명 및 비상 대피 시설 (1864호),"전직 골프장 캐디로 야간 근무 경험을 바탕으로 야간 안전 확보의 중요성을 인지하고 있습니다. 누리버스 정류장 주변 야간 조명 상태, 비상 대피 시설 설치 현황, 비상 상황 발생시 안내 체계, 야간 조명 점검 및 유지보수 주기를 알려주시기 바랍니다.",공개,14
2024-03-10,미래군 안전총괄과,FOI-2024-01865,한울초 주변 통학로 비상 상황시 학생 대피 체계 (1865호),"전직 골프장 캐디로서 초보적인 안내 경험이 있습니다. 한울초 주변 통학로에서 비상 상황 발생시 학생 대피 체계, 선생님 및 보호자 연령 확인 및 연계 체계, 대피 소요 시간 및 경로, 학교와 지자체 간 비상 연락 체계 및 훈련 실적을 알고 싶습니다.",부분공개,14
2024-09-26,새봄시 한울구 안전총괄과,FOI-2024-01866,도담천 산책로 야간 조명 상태 및 비상 대피 시설 (1866호),"체형 관리사로 고객의 건강과 안전을 책임지는 업무를 수행하고 있습니다. 도담천 산책로 야간 조명 상태 및 비상 대피 시설 설치 현황, 조명 밝기 기준 및 점검 실적, 비상 상황 발생시 대피 경로 및 안내 체계, 이용자 밀집 시간대 안전 확보 방법을 알려주시기 바랍니다.",부분공개,3
2025-11-30,너울시 물빛구 행정지원과,FOI-2025-01867,라온체육센터 여성 피트니스 시설 안전 기준 및 비상 대응 (1867호),"체형 관리사로서 공공 피트니스 시설의 안전 기준 및 비상 대응 체계에 관심을 가지고 있습니다. 라온체육센터 내 여성 전용 피트니스 시설 안전 기준 관련 규정, 안전 점검 실적 및 주기, 비상 상황 발생시 대응 체계 및 대피 경로, 안전 관련 민원 처리 현황을 알려주시기 바랍니다.",부존재,14
2024-10-03,해솔시 안전총괄과,FOI-2024-01868,너울천 산책로 안전 시설 및 비상 대응 체계 (1868호),"체형 관리사로서Outdoor 운동 시 안전의 중요성을 인지하고 있습니다. 너울천 산책로 안전 시설 설치 현황, 안전 난간 및 미끄러방지 표면 설치 여부, 비상 상황 발생시 대피 경로 및 안내 체계, 산책로 정기 안전 점검 및 보수 이력을 알려주시기 바랍니다.",공개,4
2022-12-12,도담군 행정지원과,FOI-2022-01869,빛솔광장 일대 비상 대피소 및 안전 안내 체계 (1869호),"체형 관리사로서 지역사회 안전 환경에 대한 관심이 높습니다. 빛솔광장 일대 비상 대피소 위치 및 안내 표지 현황, 비상 상황 발생시 주민 대피 체계, 안내 담당 부서 및 연락 체계, 대피소별 수용 인원 및비상 물자 비치 현황을 알려주시기 바랍니다.",부분공개,14
2023-03-09,예담시 늘품구 행정지원과,FOI-2023-01870,가람공공청사 주변 안전한 보행 환경 조성 현황 (1870호),"체형 관리사로서 고객의 안전한 이동 동선을 확보하는 것이 중요하다고 생각합니다. 가람공공청사 주변 안전한 보행 환경 조성 현황, 보도 폭 및 유효폭,턱nesses 설치 여부 및 높이, 야간 조명 상태, 안전 관련 민원 처리 현황을 알려주시기 바랍니다.",공개,20
2022-02-25,여울시 단비구 안전총괄과,FOI-2022-01871,연립주택 단지 내 비상 대피 시설 및 대피 경로 (1871호),"생활용품 대여원으로 경제적 어려움을 겪으며 연립주택에 거주하고 있습니다. 거주 연립주택 단지 내 비상 대피 시설 설치 현황, 대피 경로 및 안내 표지, 비상 상황 발생시 대피 담당자 지정 여부 및 역할, 주민 대피 훈련 실시 여부를 알려주시기 바랍니다.",부분공개,13
2025-04-19,새봄시 한울구 행정지원과,FOI-2025-01872,새빛시장 주변 비상 대피소 위치 및 주민 대피 체계 (1872호),"생활용품 대여원으로 새빛시장 주변 상가 밀집지역의 비상 안전 환경에 관심을 가지고 있습니다. 새빛시장 주변 비상 대피소 위치 및 안내 표지 현황, 비상 상황 발생시 상인 및 거주자 대피 체계, 주민 대피 훈련 실시 실적 및 참여율, 상가 피해 최소화 방안이 있는지 알려주시기 바랍니다.",공개,5
2024-02-11,너울시 물빛구 안전총괄과,FOI-2024-01873,새봄역 환승구역 주변 안전 환경 및 비상 안내 체계 (1873호),"생활용품 대여원으로 새봄역 환승구역을 자주 이용하며 안전 환경에 대한 관심이 높습니다. 새봄역 환승구역 주변 비상 대피소 위치 및 안내 체계, 비상 상황 발생시 안내 방송 및 표지 작동 방식, 직원 배치 현황 및 비상 연락 체계, 이용자 밀집 시간대 안전 확보 방안을 알려주시기 바랍니다.",공개,15
2024-09-13,세움시 맑은구 행정지원과,FOI-2024-01874,연립주택 비상 대피소 위치 및 사용 안내 실태 (1874호),"생활용품 대여원으로 연립주택 단지에 거주하며 주거 불안정을 경험하고 있습니다. 거주 단지 및 주변 연립주택 비상 대피소 위치 및 안내 표지 현황, 비상 상황 발생시 대피 방법 및 절차, 주민 대상 대피 안내 교육 실시 여부 및 실태, 관리주체 및 유지보수 현황을 알려주시기 바랍니다.",부분공개,1
2024-02-20,너울시 물빛구 행정지원과,FOI-2024-01875,가람공공청사 주변 비상 대피소 및 안전 안내 체계 (1875호),"생활용품 대여원으로 어머니와 함께 연립주택에 거주하며 경제적 어려움을 겪고 있습니다. 가람공공청사 주변 비상 대피소 위치 및 안내 표지 현황, 비상 상황 발생시 주민 대피 체계, 안내 담당 부서 및 연락 체계, 대피소별 수용 인원 및 비상 물자 비치 현황을 알려주시기 바랍니다.",부분공개,10
2023-07-19,너울시 물빛구 청소행정과,FOI-2023-01876,환경관리청 등록 재활용업체 인력채용 공고 및 지원금 현황 (1876호),"전직 정제장치 조작 경력을 바탕으로 환경산업 재활용업체 취업 준비 중입니다. 최근 등록 재활용업체 목록과 각 업체별 채용공고, 고용관리청 환경친화적산업 지원금 지급 현황을 청구합니다.",부분공개,12
2022-07-29,여울시 단비구 환경위생과,FOI-2022-01877,폐기물 수거 운반 차량 안전교육 실시 여부 및 일시 (1877호),"환경관련 구직을 위해 폐기물 수거 운반 직무 수료가 필수, 시에서 운영하는 무료 교육과정이 있는지 확인 요청합니다. 수거 차량 사고 사례와 안전교육 현황도 함께 알려주세요.",부존재,4
2024-09-29,해솔시 환경위생과,FOI-2024-01878,자원순환-certified 시설 설치금 신청 절차 (1878호),"자원순환 인증, 정부 보조금 활용하여 재활용 처리시설 진입 희망합니다. 샘물동 생활권 내 자원순환시설 설치 보조금 신청자격, 서류, 심의일정을 상세히 밝 혀주십시요.",부분공개,13
2022-03-01,너울시 물빛구 환경위생과,FOI-2022-01879,해 솔문화광장 재활용 분리수거함 배치 현황 및 교체 주기 (1879호),"재활용 인식제고 활동과 연계하여 해솔문화광장 내 분리수거함 위치와 규격, 교체 주기를 파악하고자 합니다. 현재 수거함 고장·파손 신고 접수 현황도 포함하여 알려주세요.",공개,14
2023-04-09,예담시 늘품구 환경위생과,FOI-2023-01880,폐기물 처리 의무위탁 업체 선정 평가기준 및 배점 (1880호),위탁업체 선정 시 평가항목과 배점기준을 파악하여 취업 역량 강화에 참고하고자 합니다. 환경관리청령상 폐기물 처리 위탁 자격요건과 최근 3년간 선정업체를 청구합니다.,공개,8
2025-01-15,해솔시 청소행정과,FOI-2025-01881,가람공공청사 음식물 폐기물 처리 위탁업체 작업환경 검사 결과 (1881호),기능 종사자로서 작업장 안전환경에 관심이 많습니다. 가람공공청사 음식물 폐기물 처리 위탁업체의 최근 산업안전보건 점검 결과와 개선사항 조치 여부를 알려주세요.,부분공개,9
2022-01-31,미래군 환경위생과,FOI-2022-01882,세움산업단지 폐기물 수집운반 인력 채용조건 및 임금 수준 (1882호),"현재 임금수준과 복리후생, 작업시간 등 채용조건을 파악하여 직업 선택에 참고하려 합니다. 세움산업단지 폐기물 처리업체별 신규 채용 계획과 평균 급여 실태를 청구합니다.",부분공개,6
2022-10-23,라온군 청소행정과,FOI-2022-01883,새빛시장 음식물쓰레기 수거 일시 및 빈도 조정 계획 (1883호),"시장 근무 환경 개선을 위해 음식물 수거 일정과 빈도를 파악하고 싶습니다. 특히 고온 시기 수거 조정 이력과 향후 계획, 냄새 방지 조치 현황을 알려주세요.",비공개,20
2022-06-13,빛솔시 아람구 환경위생과,FOI-2022-01884,복합재 포장재 재활용 처리기술 교육과정 운영 현황 (1884호),"기능 기술 향상 위해 복합재 포장재 재활용 처리기술 관련 교육과정이 있는지 확인 요청합니다. 무료 교육 여부, 시기, 장소, 신청 자격 요건을 포함하여 알려주세요.",비공개,15
2022-09-18,미래군 환경위생과,FOI-2022-01885,가온로 보행구간 재활용품 불법 투기 단속 강화 조치 (1885호),"가온로 보행구간 일대 불법 투기가 빈번하여 시민 불편이 심각합니다. 최근 단속 실적, 과태료 부과 현황, 예방을 포함한 종합적인 단속 강화 방안을 알려주세요.",공개,14
2023-05-10,해솔시 환경위생과,FOI-2023-01886,미래복합센터 인근 공익림터 설치 계획 및 주민 의견 수렴 절차 (1886호),한부모 가정이므로 아동 안전과 생활환경이 최우선입니다. 미래복합센터 인근 공익림터 설치 계획과 주민 의견 수렴 일정을 확인하여 참여하고자 합니다. 환경영향평가 진행 현황도 알려주세요.,부존재,8
2024-11-23,해솔시 청소행정과,FOI-2024-01887,온빛도서관 앞 영아용 분리수거함 및 유지보수 계획 (1887호),"도서관 이용 영아 가족 대상으로 분리수거 환경 교육과 편의시설 마련을 요청합니다. 현재 온빛도서관 앞 영아용 수거함 설치 여부와 유지보수 담당 부서, 정기 청소 일정을 알려주세요.",부분공개,1
2025-02-18,미래군 청소행정과,FOI-2025-01888,어린이 보호 구역 내 폐기물 수거차량 통행 제한 시간 확대 (1888호),"한울초 주변 통학로 어린이 보호 구역에서 폐기물 수거차량 통행 시간을 확대 제한해달라는 건입니다. 현재 통행 제한 시간대, 위반 단속 실적을 알려드리며 개선을 요청합니다.",공개,9
2022-12-16,해솔시 청소행정과,FOI-2022-01889,맑은마을 커뮤니티센터 종량제 봉투 가격 결정 절차 및 근거 (1889호),"한부모 가구로 폐기물 비용 부담이 큽니다. 맑은마을 커뮤니티센터 판매 종량제 봉투 가격 결정 절차와 시장 평균 단가 비교자료, 가격 인상 검토 이력을 알려주세요.",공개,6
2022-11-25,온빛시 청소행정과,FOI-2022-01890,가람공공청사 놀이터 근접 폐기물 수거소 악취 방지 조치 (1890호),"가람공공청사 놀이터 근처 폐기물 수거소에서 악취가 발생하여 어린이가하기 어렵습니다. 악취 방지 시설 설치 여부, 분기별 주변 환경 측정 결과를 알려주세요.",부존재,5
2024-03-05,너울시 물빛구 청소행정과,FOI-2024-01891,폐기물 수거 서비스 배리어프리 개선 계획 및 의견 수렴 결과 (1891호),군 복무 중 소속 부대 주변이 아닌 거주지 아파트 관련 폐기물 수거 서비스 배리어프리 개선을 요청합니다. 현재 아파트 단지별 수거동선 평가 결과와 개선 우선순위 책정 근거를 알려주세요.,부분공개,9
2022-05-12,여울시 단비구 청소행정과,FOI-2022-01892,도담천 산책로 주변 일반폐기물 수거함 설치 위치 및 개수 (1892호),"부대 휴가 활용 시 산책로 túreyí 사용 시민 대상 일반폐기물 수거함 현황을 파악하고자 합니다. 도담천 산책로 전 구간별 수거함 설치 위치, 용량, 수거 담당 구역을 알려주세요.",부분공개,4
2024-09-25,여울시 단비구 환경위생과,FOI-2024-01893,누리버스 정류장 주변 불법 광고물 정비 실적 및 향후 계획 (1893호),"군 시설 주변 환경 미관 개선과 연계하여 누리버스 정류장 주변 불법 광고물 정비 실적을 파악하고자 합니다. 최근 1년간 정비 건수, 처리 기간, 향후 환경정비 계획을 알려주세요.",부분공개,9
2025-02-03,미래군 청소행정과,FOI-2025-01894,해군기지 근무자 아파트 폐기물 수거 특별 배정 서비스 (1894호),불규칙한 근무 일정으로 일반 수거 시간에 폐기물 배출이 어렵습니다. 해군기지 근무자 아파트 단지 대상 특별 수거 시간 배정이나 신청 수거 서비스 운영 여부를 알려주세요.,공개,3
2022-03-28,새봄시 한울구 청소행정과,FOI-2022-01895,한들동 생활권 재활용품 수거함 청소 위탁업체 선정 기준 (1895호),"기능 관련 종사자로서 위탁업체 선정 경쟁 입찰 과정을 이해하고 싶습니다. 한들동 생활권 재활용품 수거함 청소 위탁 입찰 공고문과 선정 평가기준, 계약 금액 범위를 알려주세요.",부분공개,6
2025-04-26,온빛시 청소행정과,FOI-2025-01896,가온로 보행구간 영유아 안전을 위한 폐기물 수거차량 우회 계획 (1896호),고령자인데 폐기물 수거차량이 지나가면 소리가 시끄럽고 이동이 어렵습니다. 가온로 보행구간 영유아 안전과 고령자 이동권 보호를 위해 수거차량 우회 가능성과 구체적 계획을 알려주세요.,공개,18
2023-09-15,세움시 맑은구 청소행정과,FOI-2023-01897,아파트 지하 주자창 폐기물 분리수거함 및 접근성 개선 (1897호),나이가 들어 무거운 폐기물 봉투를 들고 먼 거리 이동이 어렵습니다. 아파트 지하 주자창 접근성이 떨어져 분리수거함을 요청합니다. 단지 내 현재 수거함 배치 현황과 기준을 알려주세요.,부분공개,9
2025-04-02,라온군 환경위생과,FOI-2025-01898,보건 위생 검사원 업무 환경 개선을 위한 폐기물 처리장 안전점검 (1898호),현직 보건 위생 검사원으로 현장 출장 시 폐기물 처리장 안전장비와 위생 상태를 점검합니다. 우리 시 관할 폐기물 처리·재활용 시설의 최근 안전점검 결과와 미비사항을 알려주세요.,부분공개,14
2025-09-08,가람시 새빛구 환경위생과,FOI-2025-01899,빛솔광장 고령자 친화적 재활용 교육 프로그램 운영 현황 (1899호),"은퇴 후 재활용 교육에 참여하고 싶습니다. 빛솔광장 고령자 대상 재활용 교육 프로그램 종류, 시기, 장소, 신청 방법을 알려주세요. 보건 위생 검사원 경력 활용 가능성도 포함해 주세요.",공개,13
2022-03-18,누리시 바른구 청소행정과,FOI-2022-01900,폐기물 수거 종사자 건강진단 결과 및 직업병 예방 조치 (1900호),동료 보건 위생 검사원들의 건강진단 결과를 파악하여 직업병 예방 기준을 확인하고자 합니다. 우리 시 비치 환경에서 폐기물 수거 종사자 최근 건강진단 시행 현황과 직업병 발병률을 알려주세요.,공개,11
2023-09-27,가람시 새빛구 상하수도과,FOI-2023-01901,샘물동 아파트 상수도 수질검사 결과 청구 (1901호),우리 아파트의 최근 상수도 수질검사 결과를 요청합니다. 특히 수도꼭지 물의 색상 변화와 이취가 지속되고 있어 투명수질관리소에서 실시한 검사 결과를 알고 싶습니다. 검사 실시일자와 항목별 수치를 포함해 주시기 바랍니다.,부분공개,9
2023-02-17,도담군 환경위생과,FOI-2023-01902,푸른마루 교차로 상가 급수관 누수 대응 기록 청구 (1902호),푸른마루 교차로 일대의 상가에서 급수관 누수 사고가 발생한 후 municipality에서 어떤 대응조치를 시행했는지 기록을 요청합니다. 사고 접수일시부터 보수완료까지의 처리 경위와 비용 부담 주체를 확인하고자 합니다.,부분공개,3
2023-01-09,해솔시 환경위생과,FOI-2023-01903,새빛시장 주변 하수도 준설 공사 일정 청구 (1903호),"새빛시장 주변 하수관로 준설 공사가 올해 안에 시행된다고 들었습니다. 정확한 공사 시작일과 완료 예정일, 시공 업체명을 알려주시기 바랍니다. 시장 상인들 입장에서는 영업에 지장이 최소화되도록 공사 범위와 시간대도 함께 공개해 주시기 바랍니다.",부분공개,15
2023-04-12,해솔시 환경위생과,FOI-2023-01904,도담천 산책로수 급수시설 설치 이력 청구 (1904호),"도담천 산책로를 다니는 시민들이 곳곳에서 식수를 마시고 있습니다. 해당 구간에 설치된수 급수시설의 설치 연도, 관리 주체, 최근 수질검사일을 요청합니다. 시민 건강에 직접 연관된 정보이므로 성분검사 결과를 포함해 주시기 바랍니다.",공개,16
2022-12-19,여울시 단비구 상하수도과,FOI-2022-01905,한울초 주변 통학로 상수관 노후도 조사 결과 청구 (1905호),"한울초 주변 통학로에 매설된 상수관이 상당히 낡은 것으로 알려져 있습니다. 학교 관계자와 학부모들 사이에서 관 노후도 조사 결과가 공유되지 않아 불안합니다. 관로 매설 연도, 균열·부식 현황 조사 결과, 교체 계획 유무를 알려주시기 바랍니다.",부분공개,14
2023-11-30,해솔시 환경위생과,FOI-2023-01906,미래복합센터 인근 상수도가압펌프장 가동 기록 청구 (1906호),"미래복합센터 인근 상수도가압펌프장의 가동 일지 및 정전 사고 발생 이력을 요청합니다. 해당 시설은 아파트 단지와 직접 연결되어 있어 가동 이상 시 수돗물 공급에 직접적 영향을 미치기 때문에, 과거 장애 이력과 복구 소요 시간 등도 함께 공개해 주시기 바랍니다.",공개,10
2022-12-03,세움시 맑은구 환경위생과,FOI-2022-01907,맑은마을 커뮤니티센터 하수처리장 소음·악취 측정 결과 청구 (1907호),맑은마을 커뮤니티센터 인근 하수처리장에서 악취와 소음이 심하다는 주민 민원이 다수 제기되고 있습니다. 해당 시설의 소음·악취 측정 기록과 허용 기준 준수 여부를 요청합니다. 특히 주간과 야간 각각의 측정 수치를 구분해서 알려주시기 바랍니다.,공개,20
2025-08-09,도담군 환경위생과,FOI-2025-01908,새봄역 환승구역 지하 매설 상수관 보선 기록 청구 (1908호),"새봄역 환승구역 지하에 매설된 상수관의 보선 이력을 요청합니다. 해당 구간은 이용객 다수에게 식수를 공급하는 핵심 구간으로, 보수 공사 횟수와 시기, 공사 방식 등 유지관리 현황을 파악하고 싶습니다.",비공개,15
2024-01-09,빛솔시 아람구 상하수도과,FOI-2024-01909,가람공공청사 주변 하수관로 통수능력 평가 자료 청구 (1909호),"가람공공청사 주변 하수관로의 통수능력을 평가한 자료가 있는지 확인 요청합니다. 최근 폭우 시 해당 구간에서 빗물 역류 문제가 발생했기 때문입니다. 평가 실시일과 결과 등급, 개선 필요 구간 도출 여부를 포함해 주시기 바랍니다.",공개,6
2022-01-23,새봄시 한울구 상하수도과,FOI-2022-01910,한들동 생활권 아파트 정수기 임대 사업자 지정 기준 청구 (1910호),"한들동 생활권 아파트 단지에 설치된 정수기 임대 사업자의 지정 기준이 무엇인지 확인 요청합니다. 입찰 공고문, 심사 항목, 선정 점수 등 기준을 투명하게 공개해 주시기 바랍니다. 현재 설치된 기기의 필터 교체 주기와 위생 점검 실적도 함께 알려주시기 바랍니다.",공개,2
2023-11-05,새봄시 한울구 상하수도과,FOI-2023-01911,미르로 교차로 하수관로 CCTV 탐사 영상 열람 청구 (1911호),"미르로 교차로 일대 하수관로 상태 파악을 위해 시행한 CCTV 탐사 영상을 열람 요청합니다. 관 내부의, 퇴적물 축적, 관경 축소 등의 이상 유무를 직접 확인하고자 합니다. 영상 촬영 일자와 해당 구간을 구체적으로 밝혀주세요.",비공개,7
2025-10-25,가람시 새빛구 상하수도과,FOI-2025-01912,너울천 산책로대 수질검사 성적서 청구 (1912호),"너울천 산책로에 설치된대들의 수질검사 성적서를 요청합니다. 계절별로 수질이 달라질 수 있다는 우려가 있어 최근 1년간 분기별 검사 결과를 모두 공개해 주시기 바랍니다. 대장균군, 중금속 함량 등 주요 항목 수치를 포함해 주세요.",부분공개,1
2025-03-03,예담시 늘품구 환경위생과,FOI-2025-01913,빛솔광장 일대 배수관 정비 공사 완공 후 검사 기록 청구 (1913호),"빛솔광장 일대에서 배수관 정비 공사가 완료된 것으로 확인됩니다. 완공 후 시행한 검사 종류와 결과, 시공 최종 확인 여부를 요청합니다. 특히 공사 전후 관 내부 상태 비교 사진이 있다면 함께 공개해 주시기 바랍니다.",공개,1
2023-05-21,새봄시 한울구 환경위생과,FOI-2023-01914,라온체육센터 주변 상수관 누수 민원 처리 기록 청구 (1914호),"라온체육센터 주변 상수관에서 반복적으로 누수가 발생하고 있습니다. 과거 민원 접수 및 처리 기록, 보수 공사 횟수와 각각의 원인 분석 결과를 요청합니다. 동일 구간에서 반복 사고가 발생하는に 대한 파악이 주된 목적입니다.",공개,16
2023-01-04,가람시 새빛구 환경위생과,FOI-2023-01915,온빛도서관 앞 상수도의 수돗물 수질 자체검사 계획 청구 (1915호),"온빛도서관 앞 급수전수실에서 municipality가 자체 수질검사를 계획하고 있다는 안내를 받았습니다. 검사 일정과 항목, 결과를 시민에게 통보하는 방식에 관한 내부 계획을 요청합니다. 시민 참여 검사 희망 시 신청 방법도 함께 알려주시기 바랍니다.",부분공개,17
2024-04-13,누리시 바른구 환경위생과,FOI-2024-01916,세움산업단지 입구 하수처리 방류수 수질 실태 기록 청구 (1916호),"세움산업단지 입구 하수처리장에서 방류되는 수질의 실태를 알고 싶습니다. 방류수 수질검사 결과, 허용 기준 대비 초과 이력, 규제 조치 내용 등을 요청합니다. 산업폐수와 생활하수가 혼합 처리되는 과정에서 문제가 없는지 시민의 눈으로 확인하고자 합니다.",부분공개,18
2022-05-20,새봄시 한울구 환경위생과,FOI-2022-01917,누리버스 정류장 인근 상수도의 수도미터 검침 데이터 청구 (1917호),누리버스 정류장 인근 상수도 급수전 설치 후 수도미터 검침 데이터의 변화를 확인 요청합니다. 급수전 설치 전후의 월별 수도 사용량 비교와 급수전 위치 및 용량을 알려주시기 바랍니다. 지역 주민들의 상수도 사용 패턴 변화도 파악하고자 합니다.,공개,5
2024-04-25,빛솔시 아람구 상하수도과,FOI-2024-01918,열린마을 공원 놀이터 급수시설 안전 점검 결과 청구 (1918호),"열린마을 공원 놀이터 근처에 설치된 급수시설의 안전 점검 결과를 요청합니다. 수질 이상 유무와 시설 노후도, 교체 또는 보수 필요 여부를 종합적으로 확인하고자 합니다. 특히 어린이가 사용하는 시설인 만큼 등 유해물질 함량 검사 결과를 중점적으로 알려주세요.",부분공개,1
2024-07-19,누리시 바른구 환경위생과,FOI-2024-01919,가온로 보행구간 우수 분담 시설 설치 현황 청구 (1919호),"가온로 보행구간에 우수 분담 시설이 설치되어 있는지 확인 요청합니다. 해당 시설의 설치 목적, 설치 위치, 처리 능력, 최근 관리 점검 일정을 알려주시기 바랍니다. 특히 호우 시 해당 시설의 가동 여부와 처리 효율성을 평가한 자료가 있다면 함께 공개해 주세요.",부분공개,13
2025-04-26,가람시 새빛구 상하수도과,FOI-2025-01920,샘물동 생활권 상수도의 수도계량기 교체 이력 청구 (1920호),"우리 아파트에 설치된 수도계량기의 교체 이력을 요청합니다. 계량기 점검 주기와 교체 기준, 교체 시 비용 부담 주체가 어떻게 되는지 구체적으로 알고 싶습니다. 또한 교체 후 누수량 변화 등 에너지 효율 개선 효과가 있었는지도 포함해 주시기 바랍니다.",부존재,19
2025-06-12,세움시 맑은구 환경위생과,FOI-2025-01921,해솔문화광장 하수관로 준설 후 기능 복원 평가 결과 청구 (1921호),"해솔문화광장 주변 하수관로 준설 공사 후 기능이 완전히 복원되었는지 평가한 결과가 있는지 요청합니다. 준설 후 관 내부 영상, 유속 측정 결과, 배수 효율 평가 자료를 공개해 주시기 바랍니다. 문화광장 이용객들의 안전과 직결되는 문제입니다.",공개,15
2023-11-04,빛솔시 아람구 상하수도과,FOI-2023-01922,푸른마루 교차로 하수발파 공사 관련 지하수 영향 평가 자료 청구 (1922호),푸른마루 교차로 인근에서 하수관로 공사가 진행될 예정이라고 들었습니다. 공사 시 지하수 수위 및 수질에 미칠 영향에 대한 사전 평가 자료가 있다면 공개해 주시기 바랍니다. 지하수를 생활용수로 사용하고 있는 지역 주민으로서 영향 범위와 대응 방안이 매우 중요합니다.,부분공개,14
2023-07-25,너울시 물빛구 상하수도과,FOI-2023-01923,새빛시장 주변 상수도의 수전 교체 공사 내역 청구 (1923호),새빛시장 주변 상수관 수전 교체 공사가 완료되었습니다. 공사 내와 각 항목별 비용 내역을 요청합니다. 시장의 공정한 예산 집행 여부를 시민 시각에서 확인하기 위한 목적입니다. 단위 당 공사비와 재질별 비용 차이도 함께 알려주시기 바랍니다.,부분공개,4
2024-06-11,해솔시 상하수도과,FOI-2024-01924,도담천 산책로 하수배수 시설 운영비 지출 내역 청구 (1924호),"도담천 산책로 구간에 설치된 하수배수 시설의 최근 3년간 운영비 지출 내역을 요청합니다. 전기와 약품 등 Consumable 비용, 시설 관리 인건비, 점검 위탁비 등이 각각 얼마인지 항목별로 구분해서 알려주시기 바랍니다.",공개,2
2022-05-08,온빛시 상하수도과,FOI-2022-01925,한울초 주변 하수도의 방류 수질 기준 초과 이력 청구 (1925호),"한울초 주변 하수도에 관한 방류 수질 기준 초과 이력이 있는지 확인 요청합니다. 최근 2년간의 방류 수질 검사 결과에서 기준을 초과한 항목과 횟수, 초과 시 행정처분 내용을 알려주시기 바랍니다. 통학로 주변 환경이 학부모들과 지역 주민들의 큰 걱정거리입니다.",공개,7
2024-08-16,가람시 열린구 재무회계과,FOI-2024-01926,샘물동 생활권 소상공인 긴급경영안정지원금 지급 현황 (1926호),"최근 영세사업장 매출 감소로 생계유지 어려움을 겪고 있습니다. 해당 지역에서 긴급경영안정지원금을 신청한 사업장 수와 실제 지급액, 지급 대기 건수 등 집행 현황이 있는지 확인하고자 합니다.",공개,8
2024-09-30,새봄시 한울구 재무회계과,FOI-2024-01927,푸른마루 교차로 일대 재래시장 상인 대상 영업손실 보상 기준 (1927호),"보도 확장 공사 기간 동안 영업이 크게 감소한 것으로 파악됩니다. 해당 구간에서 영업손실 보상을 신청한 상인 수와 보상액 산정 기준, 지급 일정 등 상세 내역을 공개해 주시기 바랍니다.",부분공개,6
2023-06-08,미래군 재무회계과,FOI-2023-01928,새빛시장 주변 노점상 단속 기준 및 지도계 획정 근거 (1928호),"시장을 자주 이용하는 소비자이며, 최근 단속이 강화된 것으로 알고 있습니다. 단속 시 적용하는 구체적 기준과 지도계 획정 방식, 단속 빈도 등 집행 지침이 있는지 확인하고 싶습니다.",부분공개,12
2022-12-22,여울시 단비구 재무회계과,FOI-2022-01929,가온로 보행구간 개선공사와 관련된 교통소통계획 검토 여부 (1929호),상가 입주사업자로서 보행구간 공사 동안 우회도로 확보 여부와 교통소통계획 수립 경위를 알고 싶습니다. 공사 시작 전 주민설명회나 의견 수렴 과정이 있었는지 확인하고 싶습니다.,부분공개,12
2024-02-19,너울시 물빛구 재무회계과,FOI-2024-01930,누리버스 정류장과 셔틀버스 운행 확대 계획 (1930호),대중교통 사각지대에 거주하여 통근 시 큰 불편을 겪고 있습니다. 시장 상인 및 근린생활시설 이용객 교통편의 강화를 위해 누리버스 정류장과 셔틀버스 시간대 확대 계획이 있는지 확인하고자 합니다.,공개,4
2023-03-26,가람시 새빛구 재무회계과,FOI-2023-01931,온빛도서관 앞 공터 활용 주민 수요조사 결과 및 향후 계획 (1931호),"혼자 거주하며 도서관을 자주 이용하는데, 주변에 휴게공간이 부족합니다. 해당 공터에 대한 수요조사 결과와 활용 계획이 있는지 확인하고, 주민 참여 기회가 있는지 알고 싶습니다.",공개,16
2023-02-28,가람시 열린구 재무회계과,FOI-2023-01932,새봄역 환승구역 내 무인택배함 설치 현황 및 확대 계획 (1932호),"직장 근무 시간과 택배 배송 시간이 맞지 않아 수령에 어려움을 겪고 있습니다. 환승구역 내 무인택배함 설치 현황과 확대 계획이 있는지, 주민 요구를 반영한 설치 기준이 있는지 확인하고 싶습니다.",공개,6
2024-05-15,가람시 새빛구 일자리경제과,FOI-2024-01933,한들동 생활권 경로당 프로그램 운영 현황 및 참여 기회 (1933호),"혼자 사는 중장년 여성으로 이웃과의 교류 기회가 부족합니다. 경로당이나 주민센터 프로그램 중 참여 가능한 프로그램이 있는지, 운영 시간과 신청 방법을 알고 싶습니다.",공개,19
2023-03-25,너울시 물빛구 일자리경제과,FOI-2023-01934,가람공공청사 주변 긴급복지지원asis 신청 처리기간 및 결과 (1934호),"최근 고용 불안정으로 생계비 마련에 어려움을 겪고 있습니다. 긴급복지지원asis 신청 시 처리기간과 심사 기준, 그리고 불승인 시 이의 신청 방법이 있는지 확인하고 싶습니다.",공개,4
2024-03-11,해솔시 일자리경제과,FOI-2024-01935,맑은마을 커뮤니티센터 건강검진 프로그램 신청 경쟁률 (1935호),"직장인이라 일반 건강검진 예약이 어려워 커뮤니티센터 프로그램을 이용하고 싶습니다. 연령대별 건강검진 프로그램 신청 인원과 경쟁률, 예약 방법 등 현황을 알고 싶습니다.",부분공개,10
2023-10-20,세움시 맑은구 일자리경제과,FOI-2023-01936,세움산업단지 입구 화물차 주차 구역 확보 계획 (1936호),"중형 화물차 운전원으로 상하원 출퇴근 시 차량 주차 공간이 부족합니다. 산업단지 주변 화물차 전용 주차장 확보 계획이 있는지, 현재 주변 불법 주정차 단속 현황도 함께 확인하고 싶습니다.",공개,10
2022-05-18,온빛시 재무회계과,FOI-2022-01937,도담천 산책로 화물차 통행 제한 시간대 및 위반 단속 기준 (1937호),"운전 중 산책로 우회 시 통행 제한 시간대를 알아야 경로 설정에 참고할 수 있습니다. 화물차 통행 제한 구간과 시간대, 단속 기준 및 과태료 부과 기준이 있는지 확인하고 싶습니다.",부분공개,20
2023-10-01,미래군 일자리경제과,FOI-2023-01938,새빛시장 주변 화물차 출입 시간 제한 조례 제정 경위 (1938호),"화물차 납품 시간과 시장 개장 시간이 맞지 않아을 겪고 있습니다. 시장 주변 화물차 출입 시간 제한 조례가 있는지의 여부와 제정 경위, 향후 변경 가능성을 알고 싶습니다.",공개,8
2022-12-22,예담시 늘품구 재무회계과,FOI-2022-01939,라온체육센터 주변 도로 포장 공사 일정 및 안내 (1939호),"퇴근 후 라온체육센터를 이용하는데, 최근 도로 공사 일정으로 통행이 불편합니다. 공사 완공 예정 시기와 안내 방법, 공사 기간 동안 주차 가능 여부를 알고 싶습니다.",부분공개,7
2022-09-22,가람시 새빛구 재무회계과,FOI-2022-01940,미르로 교차로 신호 체계 변경 이력 및 화물차 회전 허용 현황 (1940호),"화물차 운전자로서 교차로 신호 체계가 자주 바뀌어 혼란을 겪습니다. 최근 신호 체계 변경 이력과 대형차량 회전 허용 여부, 변경 시 주민 의견 수렴 절차를 알고 싶습니다.",부분공개,16
2023-01-27,가람시 열린구 재무회계과,FOI-2023-01941,너울천 산책로 두부 제조 공장 배수 시설 계획 (1941호),"두부 제조 공장 기계 조작원으로 일하며, 최근 급수 제한으로 생산에 어려움을 겪고 있습니다. 너울천 산책로 주변 배수 시설 계획이 있는지, 기업의 생산시설 확충 지원 사업이 있는지 확인하고 싶습니다.",부분공개,17
2024-12-31,세움시 맑은구 재무회계과,FOI-2024-01942,세움산업단지 두부 원료 수급 현황 및 가격 불안정 대응 (1942호),"원료 가격 상승으로 제조 원가가 크게 올랐습니다. 두부 제조에 사용되는 주요 원료의 지역 내 수급 현황과 가격 안정화, 소규모 제조업체 대상 지원 사업이 있는지 확인하고 싶습니다.",부분공개,16
2025-05-16,누리시 바른구 재무회계과,FOI-2025-01943,가람공공청사 식품 제조업 영업허가 갱신 심사 기준 (1943호),"두부 제조 영업허가 갱신 시 심사 기준이 무엇인지に 알고 싶습니다. 위생 관리 기준, 시설 기준, 그리고 심사 과정에서 자료 보충 요청 빈도 등 절차 전반을 확인하고 싶습니다.",부분공개,16
2022-05-11,해솔시 일자리경제과,FOI-2022-01944,한울초 주변 통학로 인근 제조업체 교통안전 강화 조치 (1944호),"공장 출퇴근 시 통학로 주변을 지나가는데, 하원 시간대 학생들과 차량 동선 겹쳐 위험합니다. 주변 제조업체의 교통안전 강화 조치와 학교와 행정기관 간 협업 현황을 알고 싶습니다.",공개,14
2022-03-04,누리시 바른구 일자리경제과,FOI-2022-01945,빛솔광장 일대 소규모 제조업체 공동작업장 건립 추진 현황 (1945호),"소규모 제조업체 공동작업장 건립에 관심을 가지고 있습니다. 빛솔광장 일대 추진 현황과 입주 자격 기준, 임대료 수준, 신청 시기 등 구체적인 내용을 알고 싶습니다.",부분공개,10
2022-03-17,예담시 늘품구 일자리경제과,FOI-2022-01946,미래복합센터 인근 구직자 직업훈련 과정 운영 현황 (1946호),"경기 침체로 퇴직 후 새로운 직종 전환을 준비 중입니다. 미래복합센터에서 운영하는 직업훈련 과정 중 제조업 관리 직종 관련 훈련이 있는지, 훈련 수료 후 취업 연계율을 알고 싶습니다.",부분공개,20
2022-10-10,라온군 재무회계과,FOI-2022-01947,한들동 생활권 경력단절자 재취업 지원 프로그램 참여 조건 (1947호),"화학제품 생산 관리 경력을 보유하고 있으나, 퇴직 후 재취업에 어려움을 겪고 있습니다. 경력단절자 대상 재취업 지원 프로그램의 참여 조건과 직업 알선 서비스가 있는지 확인하고 싶습니다.",부분공개,18
2022-11-01,도담군 재무회계과,FOI-2022-01948,가온로 보행구간 제조업 체험 프로그램 운영 계획 (1948호),"현장 관리 경력을 활용하여 제조업 체험 프로그램 운영에 참여하고 싶습니다. 해당 구간 주변에서 추진 중인 체험 프로그램 계획이 있는지, 주민 운영진 참여 방법이 있는지 확인하고 싶습니다.",부분공개,17
2024-06-09,세움시 맑은구 재무회계과,FOI-2024-01949,해솔문화광장 구직 활동 지원 행사 개최 일정 및 참여 방법 (1949호),"구직이며, 제조업 관리직 중심 취업 박람회가 개최된다면 참여하고 싶습니다. 해솔문화광장에서 개최 예정인 구직 지원 행사 일정이 있는지, 사전 등록 방법이 있는지 확인하고 싶습니다.",부분공개,1
2022-09-15,라온군 일자리경제과,FOI-2022-01950,온빛도서관 앞 중장년 코칭 프로그램 운영 효과 평가 결과 (1950호),"중장년 재취업 준비생으로Career 코칭 프로그램의 효과를 알고 싶습니다. 온빛도서관 및 주변 시설에서 운영하는 코칭 프로그램의 수료생 만족도, 재취업 등 평가 결과를 공개해 주시기 바랍니다.",비공개,11
2025-08-31,미래군 기획감사과,FOI-2025-01951,해솔문화광장 연례 축제 행사 추진 현황 및 추진위원회 구성 내역 (1951호),해솔문화광장 연례 축제 추진 현황과 추진위원회 구성 및 활동비 집행 내역을 요청합니다. 최근 해당 행사가 취소 또는 연기되었다는 소문이 있어 현황이 궁금합니다. 추진위원회 회의록과 회계 내역도 포함해 주세요.,부분공개,15
2023-09-27,도담군 문화체육과,FOI-2023-01952,푸른마루 교차로 미세먼지 저감 문화행사 운영비 보조금 지원 내역 (1952호),"푸른마루 교차로에서 실시된 미세먼지 저감 문화행사의 운영비 보조금 지원 내역을 요청합니다. 보조금 지원 결정 근거와 집행 내역, 사업 성과 보고서를 포함해 주세요.",공개,5
2023-05-11,도담군 기획감사과,FOI-2023-01953,새빛시장 골목 문화 활성화 시범사업 선정 기준 및 평가 점수 (1953호),"새빛시장 골목 문화 활성화 시범사업의 선정 기준 공고문과 평가위원회 구성, 각 신청 사업의 평가 점수를 요청합니다.선 근거가 궁금합니다.",부분공개,12
2024-06-16,라온군 기획감사과,FOI-2024-01954,누리버스 정류장 주변street라이브 공연 허가 및 안전 점검 내역 (1954호),누리버스 정류장 주변street라이브 공연 허가 현황과 안전 점검 내역을 요청합니다. 공연 전후 안전 시설 설치 현황과 관객 수용 인원도 포함해 주세요.,비공개,13
2022-08-24,예담시 늘품구 기획감사과,FOI-2022-01955,한울초 주변 통학로 친환경 문화 캠페인 추진 경과 및 운영비 지출 (1955호),한울초 주변 통학로를 중심으로 실시된 친환경 문화 캠페인의 추진 경과와 운영비 지출 내역을 요청합니다. 참여 학생 현황과 활동 사진 자료도 포함해 주세요.,부분공개,14
2025-09-08,너울시 물빛구 기획감사과,FOI-2025-01956,도담천 산책로 문화tour 프로그램 운영 및 관광객 만족도 조사 결과 (1956호),"도담천 산책로 문화tour 프로그램 운영 실적과 관광객 만족도 조사 결과를 요청합니다. 프로그램별 참여 인원, 만족도 점수, 개선 의견 수렴 현황을 포함해 주세요.",공개,3
2023-12-22,여울시 단비구 문화체육과,FOI-2023-01957,가온로 보행구간 문화 Heritage 걷기 행사 교통 통제 계획 및 이행 결과 (1957호),"가온로 보행구간 문화 Heritage 걷기 행사 교통 통제 계획과 시행 결과를 요청합니다. 통제 구간, 시간대, 우회 안내 표지판 설치 현황도 포함해 주세요.",공개,7
2023-06-08,미래군 문화체육과,FOI-2023-01958,라온체육센터 체육행사 보조금 지급 결정 과정 및 회계 처리 절차 (1958호),"라온체육센터 체육행사에 대한 보조금 지급 결정 과정과 회계 처리 절차를 요청합니다. 보조금 신청부터 심의, 지급, 정산까지 전체 과정의 내부 검토 문서를 포함해 주세요.",부분공개,11
2025-12-03,누리시 바른구 기획감사과,FOI-2025-01959,미래복합센터 인근 공연장 건립 사업 추진 현황 및 평가 (1959호),미래복합센터 인근 공연장 건립 사업 추진 현황과 평가 보고서 초안 내용을 요청합니다. 주민 설명회 일시 및 주민 의견 수렴 현황도 포함해 주세요.,공개,5
2024-04-20,여울시 단비구 문화체육과,FOI-2024-01960,샘물동 생활권 미술 전시회 작품 선정 및 부스 임차료 지원 내역 (1960호),샘물동 생활권 미술 전시회 작품 선정 과정과 부스 임차료 지원 내역을 요청합니다. 선정위원회 구성과 각 작가별 지원 금액도 포함해 주세요.,부분공개,10
2025-02-24,라온군 문화체육과,FOI-2025-01961,온빛도서관 앞 독서 문화 행사 개최 계획 및 도서 구매비 집행 내역 (1961호),온빛도서관 앞 독서 문화 행사 개최 계획과 도서 구매비 집행 내역을 요청합니다. 도서관 운영시간 조정 내역과 행사 기간 임시 휴관 여부도 포함해 주세요.,공개,6
2024-09-29,온빛시 기획감사과,FOI-2024-01962,열린마을 공원 주민 문화 행사 예산 편성 및 주민 참여 협의 과정 (1962호),열린마을 공원 주민 문화 행사 예산 편성 내역과 주민 참여 협의 과정을 요청합니다. 주민 간담회 또는 온라인 의견을 수렴한 내용과 예산 배분 비율도 포함해 주세요.,부분공개,8
2024-08-22,온빛시 기획감사과,FOI-2024-01963,가람공공청사 주변 민속 문화 행사 안전 관리 계획 및 긴급 대응 체계 (1963호),가람공공청사 주변 민속 문화 행사 안전 관리 계획과 긴급 대응 체계를 요청합니다. 안전 요원 배치 현황과 비상구 설치 위치도 포함해 주세요.,부분공개,14
2024-06-11,세움시 맑은구 문화체육과,FOI-2024-01964,새봄역 환승구역 문화 예술 전시 공간 조성 사업 추진 현황 및업체 선정 내역 (1964호),새봄역 환승구역 문화 예술 전시 공간 조성 사업 추진 현황과업체 선정 내역을 요청합니다. 업체 선정 기준과 계약 금액도 포함해 주세요.,부분공개,10
2024-01-03,너울시 물빛구 기획감사과,FOI-2024-01965,한들동 생활권 전통 문화 체험 프로그램 운영 및 참여자 만족도 결과 (1965호),"한들동 생활권 전통 문화 체험 프로그램 운영 현황과 참여자 만족도 결과를 요청합니다. 프로그램별 운영 횟수, 참여 인원, 만족도 조사 raw 데이터를 포함해 주세요.",공개,8
2025-08-05,새봄시 한울구 기획감사과,FOI-2025-01966,미르로 교차로 거리Festival 음식 부스 운영 허가 및 위생 점검 내역 (1966호),"미르로 교차로 거리Festival 음식 부스 운영 허가 현황과 위생 점검 내역을 요청합니다. 부스별 허가 여부, 점검 일시, 위생 위반 사항 및 시정 조치 내용도 포함해 주세요.",공개,20
2024-06-09,온빛시 기획감사과,FOI-2024-01967,너울천 산책로 야외 영화 상영 행사 추진 현황 및 시설 임차 비용 (1967호),너울천 산책로 야외 영화 상영 행사 추진 현황과 스크린 등 시설 임차 비용 내역을 요청합니다. 상영 филь름 종류와 관객 예상 인원 산출 근거도 포함해 주세요.,부분공개,13
2024-11-07,예담시 늘품구 기획감사과,FOI-2024-01968,빛솔광장 일대 주민 합창 경연대회 보조금 지원 신청 및 심의 결과 (1968호),빛솔광장 일대 주민 합창 경연대회 보조금 지원 신청 내역과 심의 결과를 요청합니다. 신청 단체 명단과 각 단체별 지원 금액 결정 근거도 포함해 주세요.,공개,19
2023-09-16,온빛시 기획감사과,FOI-2023-01969,세움산업단지 입구 근로자 문화 혜택 지원 사업 운영 현황 및 예산 사용 내역 (1969호),세움산업단지 입구 근로자 문화 혜택 지원 사업 운영 현황과 예산 사용 내역을 요청합니다. 지원 대상 근로자 수 산출 기준과 문화 상품 지원 품목 및 금액도 포함해 주세요.,공개,6
2022-02-06,온빛시 문화체육과,FOI-2022-01970,맑은마을 커뮤니티센터 문화 강좌 수강료 보조금 지급 대상자 선정 기준 (1970호),"맑은마을 커뮤니티센터 문화 강좌 수강료 보조금 지급 대상자 선정 기준과 실제 선정 절차를 요청합니다. 신청 접수 기간, 합격자 발표 일정, 탈락자 대기 순위도 포함해 주세요.",부분공개,3
2022-10-15,여울시 단비구 문화체육과,FOI-2022-01971,푸른마루 교차로 도시재생 문화 인프라 구축 사업 완료 후 활용 계획 (1971호),"푸른마루 교차로 도시재생 문화 인프라 구축 사업 완료 후 활용 계획과 관리 주체 지정 현황을 요청합니다. 운영 시간, 입장료 정책, 연간_program 계획도 포함해 주세요.",부분공개,12
2022-12-20,라온군 기획감사과,FOI-2022-01972,새빛시장 전통 시장 상인 문화활동 지원금 지급 내역 및 정산 결과 (1972호),"새빛시장 전통 시장 상인 문화활동 지원금 지급 내역과 정산 결과를 요청합니다. 지원금 수령 상인 수, 상인별 수령 금액, 미수령 상인 사후 처리 결과를 포함해 주세요.",공개,12
2024-09-03,여울시 단비구 기획감사과,FOI-2024-01973,누리버스 정류장 복합문화센터 건립 부지 선정 검토 자문 용역 결과 (1973호),"누리버스 정류장 복합문화센터 건립 부지 선정 검토 자문 용역 결과를 요청합니다. 자문 기관 의견과 부지별 비교 분석 내용, 비용 추정을 포함해 주세요.",비공개,7
2025-04-01,라온군 문화체육과,FOI-2025-01974,한울초 주변 통학로 청소년 문화 프로그램 운영비 보조금 정산 내역 (1974호),"한울초 주변 통학로 청소년 문화 프로그램 운영비 보조금 정산 내역을 요청합니다. 프로그램 운영 기간, 지출 항목별 금액, 미집행 잔액 처리 결과를 포함해 주세요.",공개,12
2023-12-13,가람시 새빛구 문화체육과,FOI-2023-01975,도담천 산책로 생태 문화 해설사 양성 사업 추진 현황 및 수료생 배치 내역 (1975호),"도담천 산책로 생태 문화 해설사 양성 사업 추진 현황과 수료생 배치 내역을 요청합니다. 교육 과정 시간표, 수료 요건, 수료생 현주시 및 배치 현황도 포함해 주세요.",부존재,3
2024-05-30,가람시 새빛구 도시계획과,FOI-2024-01976,새봄역 환승구역 버스 도착간격 개선 계획 자료 청구 (1976호),"새봄역 환승구역에서 출발하는 시내버스 및 누리버스 정류장의 도착간격이 출퇴근 시간에 20분 이상으로하여 많은 이용자가 불편을 겪고 있습니다. 현재 운수업체에서 추진 중인 도착간격 단축 계획과 투자 규모, 추진 일정 등에 관한 내부 문서를 공개해 주시기 바랍니다.",공개,12
2023-06-15,라온군 교통행정과,FOI-2023-01977,푸른마루 교차로 버스노선 재편 민원 처리 기록 (1977호),"푸른마루 교차로 일대에서 운영되던 버스노선이 재편되면서 기존 이용객들이 환승 불편과 도착시간 연장 문제를 지속적으로 제기해 왔습니다. 해당 민원의 접수부터 처리까지 구체적으로 어떤 절차를 거쳤는지, 재편 결정의 근거가 무엇이었는지 확인이 필요합니다.",부분공개,15
2025-10-29,새봄시 한울구 교통행정과,FOI-2025-01978,시내버스 보조금 지급 현황 및 배분 기준 자료 (1978호),"시내버스 운수회사에 지급되는 보조금이 어떤 기준으로 배분되고 있는지 투명하게 공개해 주시기 바랍니다. 특히 운수업체별 보조금 규모와 수익성에 따른 배분 비율, 노선별 손실 보전 방식 등이 포함된 자료를 요청합니다.",공개,10
2023-05-25,빛솔시 아람구 도시계획과,FOI-2023-01979,누리버스 정류장 휠체어리프트 설치 사업비 집행 내역 (1979호),"누리버스 정류장에 설치된 휠체어리프트 사업의 전체 예산 규모와 집행 현황, 각 단위사업별 비용 내역을 상세하게 알려주시기 바랍니다. 사업 완료 후 유지보수 비용까지 포함하여 투명한 정보 공개가 필요합니다.",공개,15
2025-05-23,온빛시 도시계획과,FOI-2025-01980,문화 관광 연계 대중교통 활성화 지원사업 선정 기준 (1980호),"문화 관광 자원과의 연계성을 강화하기 위한 대중교통 활성화 지원사업을 신청하려고 합니다. 해당 사업의 신청 자격 요건, 선정 평가 항목 및 배점 기준, 심사 절차와 일정 등 상세 기준을 공개해 주시기 바랍니다.",부존재,14
2023-12-27,라온군 도시계획과,FOI-2023-01981,한울초 주변 통학로 셔틀버스 운행 일정 및 좌석 현황 (1981호),"한울초 주변 통학로에서 등하교 시간에 운행하는 셔틀버스의 정확한 운행 일정, 노선 경유지, 1회 운행 시 좌석 수와 현재 실제 이용률 현황을 알고 싶습니다. 셔틀버스 이용이 힘들어 자가용 이용이 증가하는 것에 대한 우려가 있습니다.",공개,11
2024-06-18,새봄시 한울구 교통행정과,FOI-2024-01982,새빛시장 주변 시내버스 이용객 통계 및 승하차 데이터 (1982호),"새빛시장 주변 정류장에서 승하차하는 시내버스 이용객 수를 일별, 시간대별로 분석한 통계 자료가 필요합니다. 시장 방문객과 지역 주민의 대중교통 이용 패턴을 파악하여 접근성 개선에 활용하려고 합니다.",부분공개,6
2025-08-06,도담군 도시계획과,FOI-2025-01983,가온로 보행구간 자전거 공유시스템 설치 위치 및 운영 데이터 (1983호),"가온로 보행구간에 설치된 자전거 공유스테이션의 정확한 위치 좌표, 거치대 수, 일평균 대여 회수 및 회전율 등 운영 데이터를 요청합니다. 보행자와 자전거 이용자 간 갈등 해소를 위한 기초 자료가 필요합니다.",부분공개,6
2023-04-27,새봄시 한울구 교통행정과,FOI-2023-01984,도담천 산책로 연계 급행버fs 운행 효과 측정 결과 (1984호),"도담천 산책로를 찾는 시민들의 접근성 향상을 위해 운행 중인 급행버fs의 성과 측정 결과가 있는지 확인하고 싶습니다. 운행 전후 이용객 수 변화, 만족도 조사 결과 등이 포함된 자료를 요청합니다.",부분공개,18
2025-10-13,누리시 바른구 도시계획과,FOI-2025-01985,온빛도서관 앞 버스정류장 실시간 도착 정보 시스템 운영 현황 (1985호),"온빛도서관 앞 버스정류장에서 제공하는 실시간 도착 정보 시스템의 정확도와 오차 범위, 시스템 고장 발생 빈도 및 복구 시간 등에 관한 운영 데이터를 요청합니다. 도서관 방문객의 이동 계획 수립에 중요한 자료가 됩니다.",공개,6
2023-10-14,가람시 열린구 교통행정과,FOI-2023-01986,가온로 보행구간 점자블록 설치 현황 및 보수 계획 (1986호),"가온로 보행구간 전 구간의 점자블록 설치 현황을 파악하고, 노후화되거나 파손된에 대한 보수 계획 및 일정, 보수 예산 규모가 어떠한지 알려주시기 바랍니다. 시각장애인의 안전한 보행을 위한 현황 파악이 시급합니다.",공개,5
2023-04-21,새봄시 한울구 도시계획과,FOI-2023-01987,누리버스 정류장 노약자 우선석 설치 기준 및 운영 실태 (1987호),"누리버스 정류장에 설치된 노약자 우선석의 설치 기준이 무엇이며, 현재 몇 개의 정류장에 설치되어 있는지, 우선석임을 표시하는 표지판 설치 여부와 단속 방식 등 운영 실태를 상세하게 알고 싶습니다.",부존재,4
2023-03-13,가람시 새빛구 도시계획과,FOI-2023-01988,한들동 생활권 무장애 버스노선 확대 시행 계획 (1988호),"한들동 생활권 내에서 휠체어 사용자가 이용 가능한 무장애 버스노선이 현재 어떻게 운영되고 있으며, 향후 확대 계획이 있는지 구체적으로 알려주시기 바랍니다. 신체적 제약이 있는 주민의 이동권 보장을 위한 정책 현황이 필요합니다.",부분공개,10
2023-04-28,미래군 교통행정과,FOI-2023-01989,새봄역 환승구역 에스컬레이터 안전 점검 기록 공개 (1989호),"새봄역 환승구역에 설치된 에스컬레이터의 정기 안전 점검 결과, 고장 발생 건수 및 원인, 보수 공사 실적 등 안전 관리 현황을 투명하게 공개해 주시기 바랍니다. 고령 이용객의 안전에 직접 관련된 중요 정보입니다.",비공개,18
2023-12-25,세움시 맑은구 교통행정과,FOI-2023-01990,미르로 교차로 과속방지턱 설치 위치도 및 시정 요청 처리 내역 (1990호),"미르로 교차로 일대에 설치된 과속방지턱의 위치도를 파악하고, 주민들이 제기한 시정 요청이 어떤 절차로 처리되었는지 그 처리 결과를 알고 싶습니다. 교통 안전 확보를 위한 민원이 적절히 반영되었는지 확인이 필요합니다.",비공개,19
2022-01-06,라온군 도시계획과,FOI-2022-01991,보장성 교통비 지원사업 참여 가구 소득 조사 절차 (1991호),"보장성 교통비 지원사업에 참여하기 위해 소득 조사 과정에서 어떤 기준으로 소득을 산정하는지, 조사 방식과, 이의제기 절차 등이 어떻게 운영되는지 상세하게 알고 싶습니다. 소득 조사 기준의 투명성과 공정성을 확인하고자 합니다.",비공개,15
2023-12-31,도담군 도시계획과,FOI-2023-01992,누리버스 정류장 휠체어리프트 고장 빈도 및 보수 기간 통계 (1992호),"누리버스 주요 정류장에 설치된 휠체어리프트의 월별 고장 발생 건수, 고장 유형별 분류, 평균 보수 소요 기간 및 최대 대기 시간 등 통계 자료를 요청합니다. 장애인의 이용 편의성을 객관적으로 평가할 필요가 있습니다.",공개,4
2022-03-22,새봄시 한울구 도시계획과,FOI-2022-01993,새빛시장 주변 야간 버스 운행 감소에 따른 불편 현황 (1993호),"새빛시장 주변 지역에서 야간 버스 운행이 줄어들면서 저녁 늦게까지 근무하는 상인들과 야간 근무 종사자들이 귀갓길에 큰 불편을 겪고 있습니다. 현행 야간 운행 편수와 감축 결정 경위, 주민 불편 접수 현황 등을 알려주시기 바랍니다.",공개,10
2022-05-16,누리시 바른구 도시계획과,FOI-2022-01994,가람공공청사 주변 주차단속 현황 및 민원 처리 기록 (1994호),"가람공공청사 주변도로에서 시행되는 주차단속의 근거 규정, 단속 시간대 및 횟수, 단속 후 조치 방식, 주민들의 민원 제기 내용과 처리 결과를 종합적으로 알고 싶습니다. 지역 상권 활성화와의 균형점을 찾고자 합니다.",부분공개,11
2024-01-26,라온군 교통행정과,FOI-2024-01995,맑은마을 교통 취약계층 이동 지원 시범사업 운영 결과 (1995호),"맑은마을에서 시행 중인 교통 취약계층 이동 지원 시범사업의 대상자 선정 기준, 지원 내용, 예산 규모, 사업 성과 지표 및 최종 평가 결과 등 전체 운영 데이터를 요청합니다. 향후 확대 시행 여부를 판단하는 데 중요한 근거가 됩니다.",공개,15
2023-06-20,여울시 단비구 교통행정과,FOI-2023-01996,세움산업단지 출퇴근 시간대 대중교통 서비스 수준 평가 (1996호),"세움산업단지에서 출퇴근 시간대에 이용 가능한 대중교통 서비스 수준을 객관적으로 평가한 자료가 필요합니다. 노선 수, 배차간격, 혼잡도, 환승 편의성 등을 종합적으로 분석한 보고서가 있는지 확인해 주시기 바랍니다.",공개,1
2025-05-31,누리시 바른구 교통행정과,FOI-2025-01997,한울초 주변 통학 셔틀버스 이용자 만족도 조사 결과 (1997호),"한울초 주변 통학 셔틀버스의 이용자 만족도를 조사한 결과가 있다면 그 구체적인 내용을 알고 싶습니다. 만족도 조사 시 평가 항목이며, 불만 사항이 있었다면 어떤 부분이 지적되었는지 상세히 알려주시기 바랍니다.",부분공개,7
2022-02-15,누리시 바른구 교통행정과,FOI-2022-01998,누리버스 정류장 실시간 도착 정보 정확도 측정 데이터 (1998호),"누리버스 주요 정류장에서 제공하는 실시간 도착 정보의 정확도를 어떻게 측정하고 있는지, 측정 결과 평균 오차가 어느 정도인지, 정확도 저하 원인이 무엇으로 파악되고 있는지 관련 데이터를 공개해 주시기 바랍니다.",공개,3
2023-10-08,빛솔시 아람구 도시계획과,FOI-2023-01999,도담천 산책로 연계 관광버fs 노선 개설 타당성 조사 결과 (1999호),"도담천 산책로를 연계하는 관광 목적 버스 노선 개설에 관한 타당성 조사 결과가 있는지 확인하고 싶습니다. 예상 이용료, 노선 경유지, 운행, 예상 수요 규모 등에 관한 조사 자료가 포함되어 있는지 알려주시기 바랍니다.",부분공개,13
2024-10-19,누리시 바른구 도시계획과,FOI-2024-02000,가람공공청사 주변 교통섬 설치 전후 과속 위반 통계 비교 (2000호),"가람공공청사 주변에 설치된 교통섬의 효과를 객관적으로 검증하기 위해 설치 전후 기간의 과속 위반 건수, 단속건수, 평균 속도 변화 등에 관한 통계 자료를 요청합니다. 교통 안전 시설의 실효성을 판단하는 데 필요한 자료입니다.",공개,11
2025-06-05,미래군 정보통신과,FOI-2025-02001,샘물동 생활권 단속 구간 CCTV 영상 열람 청구 (2001호),"전직 가죽패턴사로 구직 중인で 최근 샘물동 생활권 내 단속 구간을 자주 지나갑니다. 해당 구간의 CCTV 영상을 요청합니다. 기간은 최근 3개월간으로 하며, 단속 기준과 신호위반 촬영 시간을 확인하고 싶습니다.",공개,12
2023-01-22,세움시 맑은구 안전총괄과,FOI-2023-02002,푸른마루 교차로 가로등 및 보안등 가동 현황 자료 청구 (2002호),구직 중이라 야간 교통량이 많은 푸른마루 교차로 주변 보안등 가동 현황을 확인하고 싶습니다. 최근 6개월간 가로등 고장 신고 이력과 교체 일정을 알려주시기 바랍니다. 안전하게 이동하기 위한 필수 정보입니다.,부분공개,1
2022-12-30,해솔시 정보통신과,FOI-2022-02003,새빛시장 주변 공시지 정보 열람 청구 (2003호),배우자 및 자녀와 다세대주택에 거주하며 생계를 걱정하는 상황에서 새빛시장 주변 공시지가 수준을 확인하고 싶습니다. 최근 2년간 해당 지역 공시지가 변동 내역을 알려주시기 바랍니다.,공개,13
2024-06-24,세움시 맑은구 안전총괄과,FOI-2024-02004,누리버스 정류장 주변 교통단속 이력 자료 청구 (2004호),구직을 위해 공공 교통을 자주 이용하는 상황에서 누리버스 정류장 주변 교통단속 이력을 확인하고 싶습니다. 최근 1년간 단속 유형별 건수와 단속 시간을 알려주시기 바랍니다.,부분공개,16
2023-06-06,해솔시 안전총괄과,FOI-2023-02005,미래복합센터 인근 고용촉진사업 추진 현황 청구 (2005호),전직 가죽패턴사로 구직 중인 상황에서 미래복합센터 인근 고용촉진사업 선정 기준과 추진 현황을 확인하고 싶습니다. 지역별 지원금 배분 내역과 선정 절차를 알려주시기 바랍니다.,부분공개,15
2023-02-09,해솔시 안전총괄과,FOI-2023-02006,온빛도서관 앞 고령자 보행 안전시설 설치 이력 청구 (2006호),71세 고령자로 공공 도서관을 자주 찾는 상황에서 온빛도서관 앞 고령자 보행 안전시설 설치 이력을 확인하고 싶습니다. 최근 2년간 안전시설 내역과 향후 설치 계획을 알려주시기 바랍니다.,공개,20
2025-04-13,여울시 단비구 안전총괄과,FOI-2025-02007,한울초 주변 통학로 가로등 점검 주기 자료 청구 (2007호),고령자로 이동에 불편을 겪는 상황에서 한울초 주변 통학로 가로등 점검 주기를 확인하고 싶습니다. 최근 1년간 가로등 고장 신고 건수와 평균 수리 기간을 알려주시기 바랍니다.,부분공개,17
2022-08-01,가람시 새빛구 정보통신과,FOI-2022-02008,가람공공청사 주변 무장애 접근로 현황 자료 청구 (2008호),71세 고령자로 보행이 불편한 상황에서 가람공공청사 주변 무장애 접근로 현황을 확인하고 싶습니다. 현재 설치된 장애인용 침매계 위치와 운영 시간을 알려주시기 바랍니다.,공개,6
2023-11-17,해솔시 정보통신과,FOI-2023-02009,새봄역 환승구역 엘리베이터 고장 자료 청구 (2009호),고령자로 지하철 환승이 어려운 상황에서 새봄역 환승구역 엘리베이터 고장도를 확인하고 싶습니다. 최근 6개월간 고장 신고 이력과 수리 완료 기간을 알려주시기 바랍니다.,공개,13
2025-03-13,여울시 단비구 정보통신과,FOI-2025-02010,너울천 산책로 야간 조명 시설 운영 시간 자료 청구 (2010호),71세로 걷기 운동을 하는 상황에서 너울천 산책로 야간 조명 시설 운영 시간을 확인하고 싶습니다. 일몰 후 조명 가동 시간과 계절별 조정 내역을 알려주시기 바랍니다.,공개,1
2025-03-23,가람시 새빛구 안전총괄과,FOI-2025-02011,도담천 산책로 안전펜스 설치 위치 영상 열람 청구 (2011호),배우자 및 자녀와 단독주택에 거주하는 상황에서 도담천 산책로 안전펜스 설치 위치를 확인하고 싶습니다. 안전펜스 미설치 구간과 보호벽 설치 현황을 알려주시기 바랍니다.,공개,17
2024-03-24,가람시 열린구 정보통신과,FOI-2024-02012,가온로 보행구간 과속단속 카메라 가동 내역 청구 (2012호),두부 기계 조작원으로 새벽 출퇴근하는 상황에서 가온로 보행구간 과속단속 카메라 가동 내역을 확인하고 싶습니다. 최근 3개월간 단속 시간대별 건수를 알려주시기 바랍니다.,공개,17
2024-07-17,미래군 정보통신과,FOI-2024-02013,세움산업단지 입구 산업안전 교육 이수 현황 자료 청구 (2013호),기계 조작원으로 일하는 상황에서 세움산업단지 입구 산업안전 교육 이수 현황을 확인하고 싶습니다. 최근 1년간 지역 내 산업안전 교육 시행 횟수와 참여율을 알려주시기 바랍니다.,공개,8
2024-06-30,미래군 정보통신과,FOI-2024-02014,맑은마을 커뮤니티센터 직업훈련 과정 운영 내역 청구 (2014호),배우자 및 자녀와 거주하며 생계를 걱정하는 상황에서 맑은마을 커뮤니티센터 직업훈련 과정 운영 내역을 확인하고 싶습니다. 올해 상반기 과정별 수강인원 및 수료율을 알려주시기 바랍니다.,비공개,1
2023-01-27,세움시 맑은구 정보통신과,FOI-2023-02015,해솔문화광장 어린이놀이터 안전점검 결과 자료 청구 (2015호),자녀의 안전이 걱정되는 상황에서 해솔문화광장 어린이놀이터 안전점검 결과를 확인하고 싶습니다. 최근 1년간 안전점검 일시와 발견된 문제점 및 개선 사항을 알려주시기 바랍니다.,비공개,16
2024-11-25,누리시 바른구 정보통신과,FOI-2024-02016,미르로 교차로 사고 다발 구간 CCTV 영상 열람 청구 (2016호),중형 화물차 운전사로 해당 구간을 자주 운행하는 상황에서 미르로 교차로 사고 다발 구간 CCTV 영상을 요청합니다. 최근 6개월간 사고 접수 건수와 유형을 알려주시기 바랍니다.,공개,14
2025-05-15,새봄시 한울구 정보통신과,FOI-2025-02017,새빛시장 주변 화물차 주정차 단속 실적 자료 청구 (2017호),화물차 운전사로 운송 업무를 수행하는 상황에서 새빛시장 주변 화물차 주정차 단속 실적을 확인하고 싶습니다. 최근 3개월간 단속 시간대별 건수와 위반 유형을 알려주시기 바랍니다.,공개,7
2023-07-30,미래군 안전총괄과,FOI-2023-02018,라온체육센터 주변 대형차량 통행 제한 구간 자료 청구 (2018호),중형 화물차 운전사로 대형차량 통행이 제한되는 구간을 확인하고 싶습니다. 라온체육센터 주변 대형차량 통행 제한 구간과 제한 시간대를 알려주시기 바랍니다.,공개,9
2024-01-29,라온군 안전총괄과,FOI-2024-02019,빛솔광장 일대 교통정체 발생 빈도 자료 청구 (2019호),화물차 운전사로 교통정체 구간을 파악하고 싶은 상황에서 빛솔광장 일대 교통정체 발생 빈도를 확인하고 싶습니다. 최근 6개월간 정체 발생 시간대별 통계를 알려주시기 바랍니다.,공개,9
2022-05-31,빛솔시 아람구 안전총괄과,FOI-2022-02020,한들동 생활권 화물차 전용 주차장 위치 현황 자료 청구 (2020호),중형 화물차 운전사로 주차 공간 부족에되는 상황에서 한들동 생활권 화물차 전용 주차장 위치를 확인하고 싶습니다. 현재 운영 중인 화물차 주차장 위치와 이용 조건을 알려주시기 바랍니다.,부분공개,13
2025-01-04,가람시 열린구 정보통신과,FOI-2025-02021,샘물동 생활권 도장기 관련 업종 지원사업 선정 결과 청구 (2021호),전직 도장기 조작사로 구직 중인 상황에서 샘물동 생활권 내 도장기 관련 업종 지원사업 선정 결과를 확인하고 싶습니다. 선정 기준과 선정업체 목록을 알려주시기 바랍니다.,공개,5
2022-01-10,세움시 맑은구 안전총괄과,FOI-2022-02022,가온로 보행구간 재 운영 기관 자료 청구 (2022호),61세로 재 참여를 고려하는 상황에서 가온로 보행구간 재 운영 기관을 확인하고 싶습니다. 지역 내 재 운영 기관 목록과 주요 과정을 알려주시기 바랍니다.,공개,10
2022-02-21,미래군 정보통신과,FOI-2022-02023,온빛도서관 앞 구직자 취업Expo 개최 일정 자료 청구 (2023호),구직 중인 상황에서 온빛도서관 앞 구직자 취업Expo 개최 일정을 확인하고 싶습니다. 올해 예정된 취업Expo 일정과 참여 기업 규모를 알려주시기 바랍니다.,공개,20
2025-10-07,해솔시 정보통신과,FOI-2025-02024,새봄역 환승구역 맞춤형 프로그램 자료 청구 (2024호),61세 고령 구직자로 새봄역 환승구역 주변 맞춤형 프로그램 운영 현황을 확인하고 싶습니다. 고령자 대상 프로그램 종류와 참여 방법을 알려주시기 바랍니다.,부분공개,17
2025-11-30,미래군 안전총괄과,FOI-2025-02025,누리버스 정류장 노후차량 교체 계획 자료 청구 (2025호),전직 도장기 조작사로 관심을 가지고 있는 상황에서 누리버스 정류장 노후차량 교체 계획을 확인하고 싶습니다. 향후 3년간 노후차량 교체 일정과 예산 배분 현황을 알려주시기 바랍니다.,공개,15
2024-08-06,해솔시 교통행정과,FOI-2024-02026,푸른마루 교차로 신호등 점멸 시간 조정 내역 청구 (2026호),푸른마루 교차로의 신호등 점멸 시간이 당직 근무 시간과 맞지 않아 출근길 위험 느껴짐. 최근 6개월간 신호등 점멸 시간 변경 이력과 조정 사유를 알고 싶음.,부분공개,5
2024-02-29,온빛시 안전총괄과,FOI-2024-02027,새빛시장 주변 주정차 단속 현황 및 시간대별 데이터 (2027호),새빛시장 주변에서 고객 응대 중 단속되어 영업에 차질이 생김. 최근 3개월간 새빛시장 주변 주정차 단속 일시·장소·건수 데이터를 요청함.,부분공개,6
2023-06-07,미래군 교통행정과,FOI-2023-02028,한울초 주변 통학로 신호음량 조절 이력 (2028호),한울초 주변 통학로에 설치된 신호음이 너무 작아 통학 어린이 안전이 걱정됨. 과거 신호음량 조절 이력과 현재 설정을 알려주세요.,공개,13
2025-06-10,빛솔시 아람구 교통행정과,FOI-2025-02029,누리버스 정류장 주변 주정차 단속 기준 공개 여부 (2029호),누리버스 정류장 앞 주정차 단속 시 단속 기준이 명확하지 않아 이의 제기가 어려움. 단속 기준과 절차를 공개해 주세요.,공개,13
2023-10-15,빛솔시 아람구 안전총괄과,FOI-2023-02030,미래복합센터 인근 신호등 고장 빈도 및 보수 이력 (2030호),미래복합센터 인근 신호등이 자주 고장 나서 출근길에 위험함. 최근 1년간 신호등 고장 신고 건수와 보수 이력을 알려주세요.,부분공개,7
2023-07-09,라온군 교통행정과,FOI-2023-02031,가온로 보행구간 신호등 가동 시간 조정 내역 (2031호),가온로 보행구간 신호등이 아침에는 잘 작동하다 저녁에 작동하지 않아 어머니가 산책 시 위험함. 최근 1년간 가동 시간 조정 내역을 요청함.,부분공개,7
2024-12-23,해솔시 안전총괄과,FOI-2024-02032,샘물동 생활권 아파트 주변 주정차 단속 현황 (2032호),샘물동 생활권 아파트 주변에 주정차 단속이 빈번하여 방문하는 고객이 불편함. 최근 6개월간 단속 현황을 알려주세요.,부분공개,18
2022-08-13,라온군 교통행정과,FOI-2022-02033,도담천 산책로 주변 교통 표지판 설치 이력 (2033호),도담천 산책로 주변에 교통 표지판이 부족하여 어머니가 산책 시 위험함. 현재 설치된 표지판 현황과 설치 이력을 요청함.,공개,5
2025-11-23,해솔시 안전총괄과,FOI-2025-02034,새봄역 환승구역 신호등 교체 이력 (2034호),새봄역 환승구역 신호등이 자주 고장 나서 출퇴근 시 불편함. 최근 2년간 신호등 교체 이력과 교체 사유를 알려주세요.,공개,17
2025-11-02,새봄시 한울구 안전총괄과,FOI-2025-02035,온빛도서관 앞 무단횡단 단속 현황 (2035호),온빛도서관 앞 무단횡단이 많이 일어나는데 단속이 이루어지지 않는 것 같음. 최근 1년간 무단횡단 단속 현황을 알려주세요.,부분공개,19
2025-08-25,미래군 안전총괄과,FOI-2025-02036,미르로 교차로 고령자 신호시간 연장 실시 여부 (2036호),미르로 교차로에서 고령자가 횡단하려면 신호 시간이 부족함. 고령자 신호시간 연장 제도 실시 여부와 미르로 교차로 적용 현황을 알려주세요.,공개,16
2022-03-04,새봄시 한울구 안전총괄과,FOI-2022-02037,한들동 생활권 아파트 단지 내 통로 신호등 현황 (2037호),한들동 생활권 아파트 단지 내 통로 신호등이 작동하지 않아 이동이 불편함. 현재 신호등 가동 현황과 보수 계획을 알려주세요.,공개,6
2023-05-01,가람시 새빛구 교통행정과,FOI-2023-02038,너울천 산책로 주변 주정차 단속 기간 및 시간대 (2038호),너울천 산책로 주변에 주정차 단속 기간과 시간대가 달라 불편함. 최근 1년간 단속 기간과 시간대를 알려주세요.,부분공개,2
2023-12-23,누리시 바른구 안전총괄과,FOI-2023-02039,도담천 산책로 교통신호·주정차 단속 관련 자료 공개 청구 81-0 (2039호),도담천 산책로 일대의 교통신호·주정차 단속 업무와 관련하여 올해 상반기 처리된 문서와 집행 내역 일체를 공개하여 주시기 바랍니다. 항목별 세부 내역과 근거 서류를 포함해 주세요.,부분공개,8
2025-12-12,가람시 열린구 교통행정과,FOI-2025-02040,한울초 주변 통학로 교통신호·주정차 단속 관련 자료 공개 청구 81-1 (2040호),한울초 주변 통학로 일대의 교통신호·주정차 단속 업무와 관련하여 최근 6개월간 처리된 문서와 집행 내역 일체를 공개하여 주시기 바랍니다. 항목별 세부 내역과 근거 서류를 포함해 주세요.,부분공개,17
2022-05-14,미래군 교통행정과,FOI-2022-02041,해솔문화광장 교통신호·주정차 단속 관련 자료 공개 청구 81-2 (2041호),해솔문화광장 일대의 교통신호·주정차 단속 업무와 관련하여 올해 상반기 처리된 문서와 집행 내역 일체를 공개하여 주시기 바랍니다. 항목별 세부 내역과 근거 서류를 포함해 주세요.,비공개,15
2023-10-17,가람시 새빛구 안전총괄과,FOI-2023-02042,맑은마을 커뮤니티센터 교통신호·주정차 단속 관련 자료 공개 청구 81-3 (2042호),맑은마을 커뮤니티센터 일대의 교통신호·주정차 단속 업무와 관련하여 올해 상반기 처리된 문서와 집행 내역 일체를 공개하여 주시기 바랍니다. 항목별 세부 내역과 근거 서류를 포함해 주세요.,부존재,20
2024-07-11,너울시 물빛구 교통행정과,FOI-2024-02043,너울천 산책로 교통신호·주정차 단속 관련 자료 공개 청구 81-4 (2043호),너울천 산책로 일대의 교통신호·주정차 단속 업무와 관련하여 올해 상반기 처리된 문서와 집행 내역 일체를 공개하여 주시기 바랍니다. 항목별 세부 내역과 근거 서류를 포함해 주세요.,부분공개,20
2025-03-30,온빛시 교통행정과,FOI-2025-02044,누리버스 정류장 교통신호·주정차 단속 관련 자료 공개 청구 81-5 (2044호),누리버스 정류장 일대의 교통신호·주정차 단속 업무와 관련하여 2024년 한 해 처리된 문서와 집행 내역 일체를 공개하여 주시기 바랍니다. 항목별 세부 내역과 근거 서류를 포함해 주세요.,부분공개,16
2022-10-26,여울시 단비구 안전총괄과,FOI-2022-02045,미래복합센터 인근 교통신호·주정차 단속 관련 자료 공개 청구 81-6 (2045호),미래복합센터 인근 일대의 교통신호·주정차 단속 업무와 관련하여 최근 6개월간 처리된 문서와 집행 내역 일체를 공개하여 주시기 바랍니다. 항목별 세부 내역과 근거 서류를 포함해 주세요.,부존재,16
2025-06-23,너울시 물빛구 교통행정과,FOI-2025-02046,한들동 생활권 교통신호·주정차 단속 관련 자료 공개 청구 81-7 (2046호),한들동 생활권 일대의 교통신호·주정차 단속 업무와 관련하여 최근 1년간 처리된 문서와 집행 내역 일체를 공개하여 주시기 바랍니다. 항목별 세부 내역과 근거 서류를 포함해 주세요.,부분공개,4
2025-09-18,미래군 안전총괄과,FOI-2025-02047,푸른마루 교차로 교통신호·주정차 단속 관련 자료 공개 청구 81-8 (2047호),푸른마루 교차로 일대의 교통신호·주정차 단속 업무와 관련하여 최근 1년간 처리된 문서와 집행 내역 일체를 공개하여 주시기 바랍니다. 항목별 세부 내역과 근거 서류를 포함해 주세요.,비공개,15
2022-09-24,세움시 맑은구 교통행정과,FOI-2022-02048,맑은마을 커뮤니티센터 교통신호·주정차 단속 관련 자료 공개 청구 81-9 (2048호),맑은마을 커뮤니티센터 일대의 교통신호·주정차 단속 업무와 관련하여 2023년부터 현재까지 처리된 문서와 집행 내역 일체를 공개하여 주시기 바랍니다. 항목별 세부 내역과 근거 서류를 포함해 주세요.,공개,13
2023-01-10,가람시 열린구 안전총괄과,FOI-2023-02049,열린마을 공원 교통신호·주정차 단속 관련 자료 공개 청구 81-10 (2049호),열린마을 공원 일대의 교통신호·주정차 단속 업무와 관련하여 2024년 한 해 처리된 문서와 집행 내역 일체를 공개하여 주시기 바랍니다. 항목별 세부 내역과 근거 서류를 포함해 주세요.,공개,17
2024-02-03,가람시 열린구 안전총괄과,FOI-2024-02050,미래복합센터 인근 교통신호·주정차 단속 관련 자료 공개 청구 81-11 (2050호),미래복합센터 인근 일대의 교통신호·주정차 단속 업무와 관련하여 최근 1년간 처리된 문서와 집행 내역 일체를 공개하여 주시기 바랍니다. 항목별 세부 내역과 근거 서류를 포함해 주세요.,부분공개,7
2023-04-10,가람시 열린구 건축허가과,FOI-2023-02051,미래복합센터 인근 정보통신 기반시설 공사 건축허가 현황 (2051호),최근 미래복합센터 인근에서 진행 중인 정보통신 기반시설 공사가 건축허가 절차를 제대로 이행했는지 확인 요청. 해당 공사가 구직중인 전문 기술인력 재ován용과 연관될 수 있어 현지 착공 현황 및 허가 서류 열람 필요,공개,3
2023-02-28,여울시 단비구 도시계획과,FOI-2023-02052,새봄역 환승구역 테크 스타트업 전용 건축지구 지정 내역 (2052호),새봄역 환승구역 일대에 테크 스타트업 전용 건축지구 지정 계획이 있는지 파악 요청. 구직 중인 네트워크 전문가로서 해당 지역 기 영향을 받을 수 있어 관련 지정 기준과 향후 일정 문의,부분공개,19
2025-11-07,가람시 열린구 건축허가과,FOI-2025-02053,샘물동 생활권 불법건축물 신고 처리절차 및 보호조치 (2053호),샘물동 생활권 내 불법건축물 의심 건물을 발견하여 신고 처리절차를 알고 싶음. 신고인 보호조치와 신고 처리 기간 및 결과 회신 방식에 대한 안내 요청,공개,13
2022-08-28,예담시 늘품구 도시계획과,FOI-2022-02054,가온로 보행구간 데이터센터 건립 건축기준 적합 여부 (2054호),"가온로 보행구간 인근에 계획된 데이터센터 건립 건축기준 적합성 여부를 확인 요청. 관련 법규에 따른 대지 면적, 높이 제한, 환경영향 평가 여부 등 상세 기준 열람 필요",부분공개,18
2023-03-04,너울시 물빛구 도시계획과,FOI-2023-02055,푸른마루 교차로 공유오피스 신축허가 심사기준 (2055호),푸른마루 교차로 인근에 신축 예정인 공유오피스 건물의 건축허가 심사기준 상세 내역 요청. 특히 IT업계 재직 경력자가 운영하는 공유오피스 관련 특별 심사기준이나 우대 조건이 있는지 확인,부분공개,15
2023-08-15,라온군 건축허가과,FOI-2023-02056,아파트 지하주차장 불법증축 관련 민원 처리결과 (2056호),우리 아파트 지하주차장에서 진행된 불법증축 공사 관련 민원 처리결과를 확인 요청. 60대 가구로서 주차장 안전 문제와 입주자 갈등이 걱정되어 처리 과정과 시정 조치 내용 알 권리 있음,부분공개,5
2024-03-30,누리시 바른구 건축허가과,FOI-2024-02057,라온체육센터 주변 노후 아파트 리모델링 허가 현황 (2057호),라온체육센터 주변 노후 아파트단지의 리모델링 허가 현황 및 안전 점검 결과 요청. 고령 거주의 특성상 building 안전과 동선 확보가 중요하여 관련 자료 열람 필요,부분공개,3
2025-09-15,누리시 바른구 도시계획과,FOI-2025-02058,세움산업단지 입구 주거용 불법건축물 단속 실적 (2058호),"세움산업단지 입구 주변 주거지역에서 발생한 불법건축물 단속 실적 통계를 요청. 공장 및 주거 혼합 지역에서의 단속 기준과 단속 시기, 처리 결과를 알고 싶어함",공개,15
2022-05-04,누리시 바른구 건축허가과,FOI-2022-02059,도담천 산책로 인접 아파트 경관지구 건축제한 내역 (2059호),도담천 산책로 인접 아파트 경관지구 내 건축제한 규정 상세 내역 요청. 산책로 조망을 고려한 건물 높이 제한과 채광 규제 등이 정확한지 확인하여 향후 입지 선택에 참고하려 함,부분공개,8
2024-01-03,빛솔시 아람구 건축허가과,FOI-2024-02060,맑은마을 커뮤니티센터 증축공사와 관련한 환경영향평가 (2060호),"맑은마을 커뮤니티센터 증축공사와 관련하여 시행된 환경영향평가 보고서 열람을 요청. 우리 가족의 생활 환경에가 있을 수 있어 소음, 진동, 조명 변화에 대한 평가 내용 확인 필요",공개,2
2025-09-23,가람시 열린구 건축허가과,FOI-2025-02061,한울초 주변 통학로 불법Buildings물 안전 점검 결과 (2061호),"한울초 주변 통학로에 인접한 불법Buildings물에 대한 안전 점검 결과를 요청. 전직 디자이너로서 안전에 대한 걱정이 크며, 특히, 시간대 안전 위협 요소 파악이 시급하다고 판단됨",공개,2
2022-12-25,예담시 늘품구 도시계획과,FOI-2022-02062,새빛시장 주변 영세 자영업자용 작업장 전환 건축기준 (2062호),새빛시장 주변 영세 자영업자들이 작업장 전환을 위해 필요한 건축기준 정보를 요청. 비Housing 거주자가 영세 자영업 보조 활동이 가능한 건축물 용도 변경 요건에 대해 구체적으로 알고 싶음,부분공개,10
2022-08-14,예담시 늘품구 도시계획과,FOI-2022-02063,가람공공청사 주변 경력단절 여성 재취업 지원시설 허가 내역 (2063호),가람공공청사 주변에 설치 예정인 경력단절 여성 재취업 지원시설의 건축허가 내역을 요청. 직 디스플레이 디자이너로서 시설 를 통한 재취업 가능성을 확인하고자 함,비공개,19
2025-12-06,온빛시 도시계획과,FOI-2025-02064,온빛도서관 앞 불법 태양광 패널 설치 단속 현황 (2064호),온빛도서관 앞 공공시설에 불법 태양광 패널이 설치된 것으로 의심되어 단속 현황 확인을 요청. 지역와 안전에 영향을 미칠 수 있는 불법 설치물에 대한 행정 조치 내용 알 권리 있음,부분공개,15
2024-04-22,해솔시 건축허가과,FOI-2024-02065,한들동 생활권 경력단절자 전문직업훈련시설 지원사업 (2065호),한들동 생활권 내 경력단절자 전문직업훈련시설 지원사업 선정 기준으로 사용된 심사 항목과 배점 내역을 요청. 재취업 준비생으로서 해당 지원사업 선정 과정의 공정성을 확인하고 싶음,공개,7
2023-09-30,해솔시 건축허가과,FOI-2023-02066,아파트 단지의 가구 간 분쟁 조정 사례 (2066호),우리 아파트 단지와 관련하여 이웃집 증축으로 인한 채광 침해 분쟁이 발생하여 조정 사례을 요청. 주택자가 면하는 건축 관련 분쟁 조정 절차와 사례를 참고하여 해결 방안을 모색하고자 함,부분공개,15
2023-11-19,해솔시 건축허가과,FOI-2023-02067,미르로 교차로 공장동 주택 전환 허가 절차 안내 (2067호),"미르로 교차로 인근 공장동의 주택 전환 허가 절차 안내를 요청. 를 가족주택으로 전환하려는 계획이 있어 건축기준 충족 요건, 신청 서류, 처리 기간에 대한 구체적 안내 필요",공개,18
2025-05-09,너울시 물빛구 건축허가과,FOI-2025-02068,새봄역 환승구역 불법 건축물 신고 보상금 지급 기준 (2068호),새봄역 환승구역 주변 불법 건축물 신고 시 보상금 지급 기준과 지급 조건을 요청. 이웃 간 분쟁이 아닌 순수한 시민로서 행정 신고를 통한 수령 가능 여부를 확인하려 함,공개,20
2024-11-05,세움시 맑은구 건축허가과,FOI-2024-02069,누리버스 정류장 인접 경관단지에허가 제한 내역 (2069호),"누리버스 정류장 인접 경관단지의 건축허가 제한 내역을 요청. 경관 보호를 위한 건물 외관 규정, 색상 제한, 높이 규제 등 상세 내용을 확인하여 해당 지역 입지 선택에 참고하려 함",공개,1
2024-06-06,세움시 맑은구 도시계획과,FOI-2024-02070,가온로 보행구간 도시미관 향상 공사 건축허가 이력 (2070호),가온로 보행구간 도시미관 향상 공사 관련 건축허가 이력 및 공사 내용을 요청. 기간 교통통제 범위와기간을 파악하여 일상생활동선 확보에 참고하고자 함,공개,2
2025-04-08,도담군 도시계획과,FOI-2025-02071,연립주택영업공간 건축용도변경 허가 기준 (2071호),"연립주택거주자가 영업공간으로 용도변경 시 필요한 건축허가 기준을 요청. 오락 및 스포츠 관련 시설 운영을 위해서는 건축물 용도변경이 필수적이며, 구체적인 요건과 절차를 알고 싶어함",부분공개,13
2023-08-01,너울시 물빛구 도시계획과,FOI-2023-02072,새빛시장 주변 불법 건축물 지역 단속 계획 (2072호),새빛시장 주변 불법 건축물 지역에 대한 향후 단속 계획을 요청. 영업 시설 입지 선택에 영향을 받을 수 있어 해당 지역 행정지도을 사전에 파악할 필요 있음,공개,14
2024-11-27,해솔시 도시계획과,FOI-2024-02073,너울천 산책로 인접 스포츠시설 건축허가 현황 (2073호),"너울천 산책로 인접 부지에되는 스포츠시설의 건축허가 현황을 요청. 해당 시설과의 업무 협업 가능성을 판단하기 위해 허가 취득 여부와 시설 규모, 예정 시기를 확인하려 함",부존재,18
2022-05-19,도담군 도시계획과,FOI-2022-02074,빛솔광장 일대 옥외광고물 불법 설치 단속 사례 (2074호),빛솔광장 일대 옥외광고물 불법 설치에 대한 단속 사례 모음집을 요청. 옥외광고물관리에 관한 영업 규범을 이해하고 합법 광고물 설치 기준을 파악하여 영업 활동의 준법성 확보 필요,비공개,3
2024-03-05,새봄시 한울구 도시계획과,FOI-2024-02075,해솔문화광장 주변 공동체 시설허가 심사 과정 (2075호),해솔문화광장 주변 공동체 시설 건립을 위한허가 심사 과정에서 채택된 지역주민 의견 반영 절차를 요청. 혼자 거주하는 령자으로서 공동체 활동 참여 기회가 지역 행정에 어떻게 반영되는지 확인 필요,부분공개,7
2022-12-21,누리시 바른구 안전총괄과,FOI-2022-02076,배달용 이륜차 야간 운행 소음 실태 및 민원 처리 경과 청구 (2076호),최근 6개월간 새빛시장 주변 상가 밀집 지역에서 밤 10시 이후 배달용 이륜차 운행 소음이 심화되고 있습니다. 배달 경로로서 음식점 앞 도로 구간의 소음 측정 기록과 해당 구간에 대한 민원 처리 결과 및 향후 개선 계획을 알고 싶습니다.,비공개,15
2025-10-31,새봄시 한울구 환경위생과,FOI-2025-02077,아파트 단지 내 음식물 쓰레기 수거 시간 변경 관련 회의록 청구 (2077호),배우자와 함께 거주하는 우리 가구에서는 아파트 단지의 음식물 쓰레기 수거 시각이 새벽 5시로 지정되어 어려움을 겪고 있습니다. 해당 시간 조정 민원에 대한 관리주체 회의록과 주민 의견 수렴 과정 및 최종 결정 근거를 요청합니다.,비공개,2
2025-01-28,온빛시 환경위생과,FOI-2025-02078,배달원 휴게시설 설치 계획 및 추진 일정 관련 자료 청구 (2078호),배달 경로 내 구간인 푸른마루 교차로 주변에 배달원시설 설치 계획이 있다는 소문을 들었습니다. 해당 지역의 교통 계획 현황과 향후 1년간 추진 일정이 담긴 자료를 요청합니다.,공개,1
2025-09-13,미래군 환경위생과,FOI-2025-02079,근린생활시설 운영시간 제한 고시 개정안에 대한 주민 의견 청취 결과 청구 (2079호),배달 업무 특성상 새벽 및 밤시간대에 도로를 많이 이용하게 됩니다. 근린생활시설 운영시간 제한 고시 개정안에 대해 우리 아파트 단지와 관련지역 주민 의견 청취 결과와 반대 또는 찬성 의견 비율을 알고 싶습니다.,공개,8
2022-08-07,누리시 바른구 안전총괄과,FOI-2022-02080,야간 배달차량 통행 금지 구간 지정 현황 및 예외 규정 청구 (2080호),배달 업무를 수행하다 보면 야간 통행 금지 구간에 대한 정보가 필요합니다. 샘물동 생활권 내 야간 배달차량 통행 금지 구간 지정 현황과 긴급 배달 등에 대한 예외 규정을 요청합니다.,부존재,8
2022-11-19,여울시 단비구 안전총괄과,FOI-2022-02081,주거지역 가로등 조명 기준 밝기 규정 및 측정 방법 청구 (2081호),"혼자 거주하며 늦은 시간 외출 시 가로등 밝기에 대한 불안감을 느낍니다. 주거지역 가로등 조명 기준 밝기 규정과 측정 방법, 우리 아파트 단지 주변 도담천 산책로 구간의 최근 측정 결과를 요청합니다.",공개,18
2025-05-07,여울시 단비구 환경위생과,FOI-2025-02082,고령자 배려형 보행 환경 개선 사업 추진 현황 청구 (2082호),나이가 많아 발이 불편하여 아파트 계단을 자주 이용합니다. 한울초 주변 통학로를 중심으로 고령자 배려형 보행 환경 개선 사업 추진 현황과 향후 확대 계획에 대한 자료를 요청합니다.,부분공개,8
2025-09-15,빛솔시 아람구 환경위생과,FOI-2025-02083,가온로 보행구간 노후 보도 블록 교체 공사 일정 청구 (2083호),가온로 보행구간에 설치된 보도 블록이 노후되어 보행 시 미끄러짐 위험이 있습니다. 해당 구간의 노후 보도 블록 교체 공사 계획과 추진 일정을 알고 싶습니다.,비공개,20
2025-04-08,새봄시 한울구 환경위생과,FOI-2025-02084,아파트 공용 엘리베이터 점검 주기 및 고장 신고 처리 절차 청구 (2084호),"아파트 엘리베이터가 종종 멈추는 현상이 발생합니다. 공용 엘리베이터 점검 주기와 고장 신고 처리 절차, 지난 1년간 및 기록을 요청합니다.",비공개,20
2024-10-19,예담시 늘품구 환경위생과,FOI-2024-02085,재래시장 주변 공용화장실 위치 및 개방 시간 안내 자료 청구 (2085호),"나이가 들어bladder 조절이 어려워 재래시장 주변 공용화장실 위치를 알고 싶습니다. 새빛시장 주변 공용화장실 위치, 개방 시간, 접근로 안내 자료를 요청합니다.",공개,17
2022-06-15,라온군 안전총괄과,FOI-2022-02086,전직 경력 기술서 작성을 위한 지역 산업 현황 자료 청구 (2086호),"이전 직장인 혼례 관련 업무 경험을 바탕으로 구직 활동을 하고 있습니다. 현재 배달원 경력 외 취직에 활용할 수 있도록 한들동 생활권 내 wedding 및 행사 관련 업체 현황, 해당 산업 규모에 대한 자료를 요청합니다.",부분공개,4
2025-07-03,해솔시 환경위생과,FOI-2025-02087,취업 지원 프로그램 중 장년층 대상 일자리 사업 선정 기준 청구 (2087호),"나이가 있어 구직에 어려움을 겪고 있습니다. 행정기관에서 운영하는 취업 지원 프로그램 중 장년층 대상 일자리 사업을 이용하고 싶습니다. 해당 사업의 선정 기준, 신청 자격, 추천 기관 현황에 대한 자료를 요청합니다.",공개,17
2022-02-18,여울시 단비구 환경위생과,FOI-2022-02088,주거지 인근 주차장 확충 계획 및 노인 주차 구역 현황 청구 (2088호),단독주택에 거주하며 자동차를 운용합니다. 주거지 인근 주차장 확충 계획과 노인 주차 구역 설치 현황에 대한 자료를 요청합니다.,공개,3
2025-02-04,너울시 물빛구 안전총괄과,FOI-2025-02089,주택가 대로 포장 공사 소음 기간 및 완화 조치 계획 청구 (2089호),미르로 교차로 주변 주택가 대로 포장 공사 소음이 상당합니다. 해당 공사의 소음 발생 예상 기간과 주민 불편 완화를 위한 조치 계획에 대한 자료를 요청합니다.,부존재,13
2023-11-09,가람시 새빛구 안전총괄과,FOI-2023-02090,민원 접수 처리 결과에 대한심청구 절차 안내 청구 (2090호),"이전에 제출한 소음 관련 민원에 대한 처리 결과에 불복합니다. 해당 민원에 대한심청구 절차와 소요 기간, 필요 구비 서류에 대한 안내 자료를 요청합니다.",부분공개,20
2024-02-29,빛솔시 아람구 안전총괄과,FOI-2024-02091,에스컬레이터 안전 점검 결과 및 현황 공개 범위 청구 (2091호),에스컬레이터 설치 및 정비 업무 종사자로서 근무 중입니다. 업무역량 강화를 위해 라온체육센터 주변 공공시설에 설치된 에스컬레이터 안전 점검 결과 및 현황 공개 가능 범위를 알고 싶습니다.,부분공개,5
2023-10-10,예담시 늘품구 환경위생과,FOI-2023-02092,직장 내 산업안전보건 교육 시간 및 의무 이수 규정 청구 (2092호),에스컬레이터 정비 현장에서 작업자 안전을 위해 산업안전보건 교육 시간과 의무 이수 규정에 대한 최신 정보를 요청합니다.,공개,16
2022-01-19,라온군 안전총괄과,FOI-2022-02093,근로자 건강진단 결과 열람 절차 및 희망 검사 항목 청구 (2093호),직장 건강진단을 받았으나 결과를 제대로 이해하지 못했습니다. 근로자 건강진단 결과 열람 절차와 희망 시 추가 검사 항목 신청 방법에 대한 자료를 요청합니다.,공개,14
2025-01-06,라온군 안전총괄과,FOI-2025-02094,현장 소음 측정 기준 및 야간 허가 조건 청구 (2094호),현재 세움산업단지 입구 인근 현장에서 에스컬레이터 설치 공사를 진행하고 있습니다.현장 소음 측정 기준과 야간 허가 조건에 대한 규정 자료를 요청합니다.,부존재,18
2022-07-23,해솔시 환경위생과,FOI-2022-02095,가족과 거주하는 유형에 따른 건축물 대장 열람 청구 (2095호),배우자와 자녀와 함께 주택 이외의 거처에서 거주하며 해당 건물의 대장을 열람하고 싶습니다. 건축물 대장 열람 절차와 해당 건물 유형 변경 이력에 대한 자료를 요청합니다.,부분공개,13
2024-06-29,미래군 환경위생과,FOI-2024-02096,미래복합센터 인근 정온 구역 지정 계획 및 환경영향평가 자료 청구 (2096호),교통 계획 및 설계 업무 종사자로서 미래복합센터 인근 지역의 교통망 변화에 따른 환경영향평가를 검토할 필요가 있습니다. 해당 지역 정온 구역 지정 계획과 환경영향평가 자료를 요청합니다.,공개,1
2025-07-22,온빛시 안전총괄과,FOI-2025-02097,누리버스 정류장 주변 보행자 신호 체계 변경 제안 처리 절차 청구 (2097호),"부모님과 함께 거주하며 부모님의 이동 동선을 자주 확인합니다. 누리버스 정류장 주변 보행자 신호 체계 변경을 제안하고 싶습니다. 제안 절차와 처리 기간, 결과 통보 방식에 대한 안내를 요청합니다.",부분공개,2
2024-09-07,누리시 바른구 안전총괄과,FOI-2024-02098,가람공공청사 주변 도시계획 도로 변경안에 대한 주민 설명회 일정 청구 (2098호),"가람공공청사 주변 도시계획 도로 변경안이 관심을 가져볼 필요가 있습니다. 변경안에 대한 주민 설명회 일정과 의견 수렴 방법, 변경안 주요 내용에 대한 자료를 요청합니다.",공개,15
2022-10-26,온빛시 환경위생과,FOI-2022-02099,주거단지 교통영향분석 보고서 열람 청구 (2099호),부모님과 함께 거주하는 아파트 근처에 주거단지가 들어섭니다. 교통 계획 담당으로서 해당 주거단지의 교통영향분석 보고서를 검토하고 싶습니다. 보고서 열람 가능 여부와 절차를 요청합니다.,부분공개,9
2024-05-04,세움시 맑은구 안전총괄과,FOI-2024-02100,도로 설계 기준 미달 구간 지적 및 요청 처리 경과 청구 (2100호),업무 중 경험한 도로 설계 기준 미달 구간에 대한 요청 처리 경과를 확인하고 싶습니다. 요청 사항의 처리 현황과 개선 이행 여부에 대한 자료를 요청합니다.,부존재,1
2025-08-22,새봄시 한울구 복지정책과,FOI-2025-02101,샘물동 생활권 경로당 운영비 집행내역 공개 청구 (2101호),전직 사진 인화 및 현상기 조작원으로 오랜 경력 후에 실직한 상태입니다. 샘물동 생활권 내 경로당에서 운영비를 집행한 내용이 복지 예산에서 얼마나 배정되고 쓰였는지 확인하고 싶습니다. 특히 겨울철 난방비와 식재료비 집행 비율이 궁금합니다.,부분공개,2
2024-04-16,가람시 새빛구 재무회계과,FOI-2024-02102,푸른마루 교차로 주변 장애인 복지시설 지원금 사용내역 (2102호),44세 여성으로 미래가 불확실한 상황 속에서 주변 장애인 복지시설이 어떤 지원을 받고 있는지 확인하고자 합니다. 푸른마루 교차로 인근 장애인 주간보호시설에 대한 복지 예산 집행 내역을 알려주시기 바랍니다.,공개,14
2024-06-28,예담시 늘품구 재무회계과,FOI-2024-02103,열린마을 공원 무장애 보행로 설치 사업비 집행내역 (2103호),"전직 사진 인화 및 현상기 조작원으로서 이동에 제약이 있는 몸입니다. 열린마을 공원 내에 무장애 보행로가 설치되었다고 들었는데, 그 사업에 투입된 복지 예산이 어느 정도인지, 구체적으로 어떤 항목에 쓰였는지 알고 싶습니다.",부분공개,13
2024-10-02,해솔시 재무회계과,FOI-2024-02104,가온로 보행구간 노인 안전시설 설치 예산 사용내역 (2104호),"44세 여성 구직자로 고령자 편의시설에 관심이 많습니다. 가온로 보행구간에 안전손잡이와 벤치를 설치한 것으로 알고 있는데, 그에 따른 복지 예산 집행 내역과 업체 선정 과정을 확인하고 싶습니다.",부분공개,14
2025-11-04,여울시 단비구 재무회계과,FOI-2025-02105,새빛시장 주변 자활근로사업 참여자 급여 지급내역 (2105호),"전직 사진 인화 및 현상기 조작원으로서 새빛시장 주변에서 자활근로사업에 참여한 경험이 있습니다. 해당 사업에 투입된 복지 예산 중 참여자 급여가 얼마나 지급되었는지, 사업 기간별 집행 내역을 알려주시기 바랍니다.",부분공개,16
2024-12-14,새봄시 한울구 재무회계과,FOI-2024-02106,도담천 산책로 숲치유 프로그램 운영비 집행내역 (2106호),"26세 남성 구직자로 최근 마음건강에 관심이 많습니다. 도담천 산책로에서 실시하는 숲치유 프로그램에 복지 예산이 얼마나 쓰였는지, 프로그램 운영비가 항목별로 어떻게 집행되었는지 확인하고 싶습니다.",공개,14
2025-05-23,미래군 재무회계과,FOI-2025-02107,한울초 주변 통학로 안전시설 설치사업 예산 내역 (2107호),"전직 조경감리 기술자로서 토목과 조경에 대한 전문 지식이 있습니다. 한울초 주변 통학로에 설치된 안전시설에 투입된 예산과 시공 업체 선정 과정, 그리고 세부 공사 내역을 알고 싶습니다.",공개,15
2022-06-12,세움시 맑은구 재무회계과,FOI-2022-02108,미래복합센터 인근 국민 내일배움카드 지원금 집행내역 (2108호),26세 남성으로서 직업 훈련을 받기 위해 국민 내일배움카드를 사용하려 합니다. 미래복합센터 인근 훈련 기관에 대한 지원금이 어떤 기준으로 배분되고 집행되었는지 내역을 알고 싶습니다.,부분공개,1
2023-05-19,온빛시 복지정책과,FOI-2023-02109,누리버스 정류장 주변 사회적경제기업 지원사업비 내역 (2109호),전직 조경감리 기술자였던 경험으로 지역사회 경제 활성화에 관심이 있습니다. 누리버스 정류장 주변 사회적경제기업에 대한 복지 예산 지원 현황과 집행 내역을 확인하고 싶습니다.,부분공개,16
2023-03-25,온빛시 복지정책과,FOI-2023-02110,해솔문화광장 청년몰사업비 사용내역 (2110호),"26세 남성으로서 창업 가능성을 탐색하고 있습니다. 해솔문화광장의 청년몰사업에 투입된 예산이 어떤 항목으로 집행되었는지, 입점 선정 기준이 무엇인지 알고 싶습니다.",공개,19
2024-08-19,누리시 바른구 재무회계과,FOI-2024-02111,온빛도서관 앞 노인 일자리 창출사업 예산 집행내역 (2111호),62세 남성으로서 은퇴 후에도 사회 참여를 원하고 있습니다. 온빛도서관 앞 광장에서 실시하는 노인 일자리 창출사업에 대한 복지 예산 집행 내역과 일자별을 알고 싶습니다.,공개,15
2022-03-20,누리시 바른구 재무회계과,FOI-2022-02112,라온체육센터 주변 어르신 건강체조 교실 운영비 내역 (2112호),"전직 한의사로서 건강증진 사업에 전문적 관심이 있습니다. 라온체육센터 주변에서 실시하는 어르신 건강체조 교실 운영비가 얼마나 투입되었고, 강사료와 재료비가 어떻게 집행되었는지 확인하고 싶습니다.",공개,4
2024-10-12,가람시 열린구 재무회계과,FOI-2024-02113,세움산업단지 입구 재직자 역량강화교육비 집행내역 (2113호),62세 남성으로서 재취업에 대한 관심합니다. 세움산업단지 입구에서 실시하는 재직자 역량강화교육에 대한 복지 예산 집행 내역과 교육 과정별 비용 배분을 알고 싶습니다.,공개,3
2023-05-27,온빛시 복지정책과,FOI-2023-02114,맑은마을 커뮤니티센터 전통문화체험 프로그램 운영비 (2114호),"전직 한의사로 한의학 문화 보전에 관심이 있습니다. 맑은마을 커뮤니티센터에서 운영하는 전통문화체험 프로그램에 투입된 복지 예산이 무엇인지, 프로그램별 비용이 어떻게 배분되었는지 확인하고 싶습니다.",공개,11
2022-09-06,라온군 재무회계과,FOI-2022-02115,새봄역 환승구역 지역사회건강조사 사업비 집행내역 (2115호),62세 남성으로서 자신의 건강에 대한 관심이 높습니다. 새봄역 환승구역에서 실시하는 지역사회건강조사 사업에 투입된 복지 예산과 조사 항목별 비용이 어떻게 배분되었는지 알고 싶습니다.,부분공개,12
2024-01-03,해솔시 재무회계과,FOI-2024-02116,가람공공청사 주변 지역사회복지지원사업비 사용내역 (2116호),철도운송 사무원으로 지역사회에 관심이 많습니다. 가람공공청사 주변에서 실시하는 지역사회복지지원사업에 대한 복지 예산이 어떤 항목으로 집행되었는지 상세 내역을 확인하고 싶습니다.,공개,13
2024-03-18,너울시 물빛구 복지정책과,FOI-2024-02117,한들동 생활권 아동놀이터 설치사업 예산 집행내역 (2117호),배우자와 자녀와 함께 생활하며 아이들의 안전에 관심이 많습니다. 한들동 생활권에 설치된 아동놀이터에 투입된 복지 예산과 안전기준 적합 여부 관련 비용이 어떻게 집행되었는지 알고 싶습니다.,부분공개,19
2024-07-26,예담시 늘품구 복지정책과,FOI-2024-02118,미르로 교차로 노인복지관 운영비 집행내역 (2118호),"37세 남성으로서 부모님 복지에도 관심이 있습니다. 미르로 교차로 인근 노인복지관의 운영비가 어떤 항목으로 집행되었는지, 특히 급식과 의료지원 항목의 예산 배분을 확인하고 싶습니다.",부분공개,12
2025-06-12,세움시 맑은구 복지정책과,FOI-2025-02119,너울천 산책로 지역사회아동센터 운영지원비 내역 (2119호),"배우자와 자녀와 거주하며 자녀 돌봄에を쓰고 있습니다. 너울천 산책로 인근 지역사회아동센터에 대한 운영지원비가 어떤 기준으로 배분되었고, 아동별 지원 비용이 어떻게 집행되었는지 알고 싶습니다.",공개,5
2023-10-27,가람시 열린구 복지정책과,FOI-2023-02120,빛솔광장 일대 긴급복지지원사업 예산 사용내역 (2120호),철도운송 사무원으로 교통비 지출이 많아 복지 지원에 관심이 있습니다. 빛솔광장 일대 긴급복지지원사업에 투입된 예산과 지원 항목별 집행 내역을 확인하고 싶습니다.,부분공개,6
2022-05-26,새봄시 한울구 복지정책과,FOI-2022-02121,샘물동 생활권 결혼이민자교육 프로그램 운영비 (2121호),23세 남성으로서 지역사회 다문화 화합에 관심이 있습니다. 샘물동 생활권에서 실시하는 결혼이민자교육 프로그램에 투입된 복지 예산과 교육 운영비가 어떻게 집행되었는지 확인하고 싶습니다.,공개,8
2025-06-13,여울시 단비구 복지정책과,FOI-2025-02122,푸른마루 교차로 청년지원 프로그램 예산 집행내역 (2122호),23세 남성으로서 향후 창업 가능성을 준비하고 있습니다. 푸른마루 교차로에서 실시하는 청년지원 프로그램에 투입된 예산과 멘토링·공간지원 비용이 어떻게 배분되었는지 알고 싶습니다.,공개,15
2024-11-22,가람시 새빛구 재무회계과,FOI-2024-02123,열린마을 공원 지역사회맞춤형건강관리사업비 사용내역 (2123호),"전직 조경감리 기술자였던 경험으로 지역사회 건강증진에 관심이 있습니다. 열린마을 공원에서 실시하는 지역사회맞춤형건강관리사업에 투입된 복지 예산이 무엇인지, 건강증진 프로그램 비용 배분을 확인하고 싶습니다.",부분공개,19
2025-01-10,가람시 열린구 복지정책과,FOI-2025-02124,가온로 보행구간 장애인서비스 운영비 내역 (2124호),23세 남성으로서 장애인에도 관심이 많습니다. 가온로 보행구간 인근에서 실시하는 장애인서비스에 투입된 예산과 직업훈련·알선 비용이 어떻게 집행되었는지 알고 싶습니다.,부분공개,20
2022-02-16,도담군 재무회계과,FOI-2022-02125,새빛시장 주변 노숙인지역사회보호사업비 사용내역 (2125호),"어머니와 함께하며 지역사회 문제에 관심이 있습니다. 새빛시장 주변 노숙인지역사회보호사업에 투입된 복지 예산이 어떤 항목으로 집행되었는지, 급식과 주거지원 비용 배분을 확인하고 싶습니다.",부분공개,10
2025-05-01,라온군 재무회계과,FOI-2025-02126,샘물동 지역 구직자 직업훈련비 지원사업 선정 기준 공개 청구 (2126호),"샘물동에 거주하며 구직 중인 상황입니다. 보건의료 분야 직종 전환을 위해 직업훈련 수강을 검토 중인데, 해당 지원사업의 선정 기준과 심사 과정이 투명하게 이루어지고 있는지 확인이 필요합니다. 직업훈련 기관 선정 내역과 배정 인원, 심의 과정을 알고 싶습니다.",부분공개,7
2025-11-17,가람시 새빛구 재무회계과,FOI-2025-02127,미래복합센터 업무추진비 집행 내역 공개 청구 (2127호),"미래복합센터에서 운영되는 구직 지원 프로그램의 업무추진비 집행 내역을 요청합니다. 강사료, 재료비, 장소 임차료 등이 적정하게 사용되었는지 확인하고 싶습니다.",부분공개,16
2025-07-29,해솔시 재무회계과,FOI-2025-02128,가온로 보행구간 안전시설 설치 예산 공개 청구 (2128호),"가온로 보행구간을 출퇴근 시 이용하는데, 야간 조명이 충분하지 않아 위험합니다. 해당 구간의 안전시설 설치 예산이 편성되었는지, 공사가 진행 중라면와 세부 내용을 알고 싶습니다.",공개,17
2024-06-27,라온군 기획감사과,FOI-2024-02129,새빛시장 상권 활성화 지원금 집행 내역 공개 청구 (2129호),실직 후 자영업 준비를 고려 중입니다. 시장 주변 상권 활성화 지원금을 받은 업체가 어떤 기준과 절차로 선정되었는지 확인하여 참고하고 싶습니다.,공개,2
2024-12-15,여울시 단비구 재무회계과,FOI-2024-02130,도담천 산책로 환경개선 사업비 사용 내역 공개 청구 (2130호),도담천 산책로 주변에서 건강 트렌드 라운지를 운영할 계획입니다. 환경개선 사업비의 사용 내역과 향후 계획이 공개되면 지역 활성화 사업 참여 가능성을 판단하는 데 도움이 될 것 같습니다.,부분공개,11
2023-02-11,여울시 단비구 재무회계과,FOI-2023-02131,한울초등학교 축제 홍보용역 계약 내역 공개 청구 (2131호),"한울초등학교 지역 축제의 홍보용역이 외부 업체에 위탁된 것으로 파악됩니다. 해당 용역의 계약 내용과 업체 선정 근거, 홍보 성과 보고서를 알려주시기 바랍니다.",공개,5
2023-04-16,온빛시 기획감사과,FOI-2023-02132,푸른마루 교차로 도시재생사업 주민 참여 예산 배정 내역 공개 청구 (2132호),"푸른마루 교차로 일대의 도시재생사업에서 주민 참여 예산이 배정되었다고 확인됩니다. 예산 규모, 배정 기준, 주민 제안 반영 여부를 투명하게 공개해 주시기 바랍니다.",공개,19
2022-08-04,가람시 열린구 기획감사과,FOI-2022-02133,새빛시장 브랜드 강화사업 홍보비 집행 내역 공개 청구 (2133호),"새빛시장의 브랜드 강화사업을 위한 홍보비가 집행되었다고 파악됩니다. 홍보 채널별 집행 내역, 제작물 내역, 비용이 적정하게 배분되었는지 알고 싶습니다.",공개,4
2023-12-14,너울시 물빛구 기획감사과,FOI-2023-02134,누리버스 정류장 승객 이용실태 조사 용역 보고서 공개 청구 (2134호),누리버스 정류장의 효율성 개선을 위한 이용실태 조사 용역 결과가 있습니다. 정류장 배치 조정 계획이 세워졌다면 그 근거가 되는 조사 결과를 공개해 주시기 바랍니다.,부분공개,1
2024-12-26,너울시 물빛구 기획감사과,FOI-2024-02135,가람공공청사 친환경 캠페인 운영비 공개 청구 (2135호),가람공공청사에서 추진하는 친환경 캠페인의 운영비 지출 내역을 확인하고자 합니다. 참여 독려를 위한 인쇄물 제작비와 이벤트 비용이 적절하게 사용되었는지 알 수 있기를 바랍니다.,부분공개,6
2025-07-15,온빛시 기획감사과,FOI-2025-02136,세움산업단지 스타트업 지원금 지급 내역 공개 청구 (2136호),"세움산업단지의 스타트업 지원금 지급 내역을 확인하고 싶습니다. 해당 지원금의 신청 자격과 심사 과정이 투명하게 이루어졌는지, 그리고 지급 금액의 산정 근거가 무엇인지 파악이 필요합니다.",부분공개,10
2023-03-29,여울시 단비구 재무회계과,FOI-2023-02137,미래복합센터 제조업 창업 교육 프로그램 운영비 공개 청구 (2137호),"미래복합센터에서 실시되는 제조업 창업 교육 프로그램의 운영비 지출 내역을 요청합니다. 교육 강사료, 장소 임차료, 교재 제작비 등이 적정하게 사용되었는지 확인하고 싶습니다.",부분공개,14
2025-01-18,도담군 재무회계과,FOI-2025-02138,세움산업단지 기반시설 확충 계획 및 예산 공개 청구 (2138호),"세움산업단지의 기반시설 확충 계획이 수립되어 있는 것으로 파악됩니다. 구체적인 확충 계획의 내용과 투입되는 예산 규모, 추진 일정이 어떻게 되는지 상세히 알려주시기 바랍니다.",공개,7
2023-08-06,라온군 기획감사과,FOI-2023-02139,맑은마을 커뮤니티센터 복합시설 조성 사업비 공개 청구 (2139호),맑은마을 커뮤니티센터의 복합시설 조성를 위한 사업비가 편성된 것으로 확인됩니다. 마을 내 생산직 종사자를 위한 직업 훈련 공간이 조성된다면 참여 가능한지 알고 싶어 해당 사업비를 확인하고자 합니다.,공개,2
2025-10-13,빛솔시 아람구 재무회계과,FOI-2025-02140,새봄역 환승구역 주변 물류시설 설치 예정 사업 공개 청구 (2140호),"새봄역 환승구역 주변에 물류시설이 설치될 예정이라고 파악됩니다. 해당 시설의 규모, 용도, 유치 업체 선정 과정이 투명하게 이루어지고 있는지 확인이 필요합니다.",공개,8
2024-01-16,너울시 물빛구 기획감사과,FOI-2024-02141,다가구 아파트 경비원 배치 기준 및 업무 범위 공개 청구 (2141호),"다가구 아파트 단지에 거주하며 경비원 배치 기준을 확인하고 싶습니다. 단지 규모 대비 경비원 인원, 교대 근무 형태, 업무 범위가 적절한지 판단할 필요가 있습니다.",부분공개,15
2023-10-28,세움시 맑은구 기획감사과,FOI-2023-02142,다세대주택 재개발 사업 추진비 배분 내역 공개 청구 (2142호),다세대주택 재개발 사업의 추진 일정과 관련하여 사업 추진비 배분 내역을 확인하고자 합니다. 주민 동의율과 사업시행자 선정 과정에서 갈등이 발생하지 않았는지 알고 싶습니다.,부분공개,9
2022-02-26,도담군 재무회계과,FOI-2022-02143,실직자 고용 안정 지원금 신청 자격 및 지급 규모 공개 청구 (2143호),현재 구직 중인 상황에서 고용 안정 지원금의 신청 자격 요건과 실제 지급 규모를 확인하고자 합니다. 지원을 받기까지 소요되는 기간과 평균 지급 액수를 알려주시기 바랍니다.,부분공개,3
2025-03-17,예담시 늘품구 재무회계과,FOI-2025-02144,아파트 주차장 확대 공사 예산 공개 청구 (2144호),"주거지 아파트의 주차난 해소를 위한 확대 공사 예산이 편성되었다고 파악됩니다. 공사 규모, 공사비 산정 근거, 시행 일정 등을 확인할 수 있기를 바랍니다.",공개,19
2023-11-28,너울시 물빛구 기획감사과,FOI-2023-02145,자녀 학원비 지원 사업 대상자 선정 기준 공개 청구 (2145호),"형제자매와 함께 살며 가계 관리를 책임지고 있습니다. 자녀 학원비 지원 사업의 대상자 선정 기준이 투명하게 운영되는지, 소득 기준과 심사 과정이 어떤지 확인이 필요합니다.",공개,12
2022-02-01,가람시 새빛구 기획감사과,FOI-2022-02146,연간 의료 접근성 개선 예산 집행 내역 공개 청구 (2146호),"고령 사회를 맞아 의료 접근성 개선을 위한 예산이 집행되었다고 파악됩니다. 의료 시설 확충, 교통 접근성 개선 따른 항목별로 구체적으로 어떤 사업에 예산이 투입되었는지 확인이 필요합니다.",비공개,19
2022-12-19,세움시 맑은구 재무회계과,FOI-2022-02147,노인 교통비 지원 사업 대상자 선정 기준 공개 청구 (2147호),배우자와 함께 단독주택에 거주하며 차량 없이 생활하고 있습니다. 의료기관 방문을 위해 노인 교통비 지원 사업의 신청 자격과 지원 규모를 확인하고자 합니다.,부분공개,20
2025-10-19,도담군 재무회계과,FOI-2025-02148,가람공공청사 내 보건소 운영 시간 조정 계획 공개 청구 (2148호),가람공공청사 내 보건소의 운영 시간 조정이 논의되고 있다고 파악됩니다. 운영 시간 조정의 근거와 변경 전후의 일정을 확인하여 의료 서비스 이용에 참고하고 싶습니다.,공개,6
2023-12-02,온빛시 기획감사과,FOI-2023-02149,한울초등학교 통학로 안전 시설 설치 예산 공개 청구 (2149호),"교차로 주변 통학로의 안전 시설 설치 예산이 편성된 것으로 파악됩니다. 구체적으로 어떤 구간에, 어떤 종류의 시설이 설치되는지, 그리고 예산 규모가 어떻게 되는지 확인이 필요합니다.",공개,8
2023-05-04,여울시 단비구 기획감사과,FOI-2023-02150,노인 일자리 창출 사업 참여 조건 및 보수 수준 공개 청구 (2150호),의사로서 풍부한 경험을 바탕으로 지역사회에 기여하고 싶습니다. 의료 관련 분야에서 노인을 위한 일자리 창출 사업이 있다면 참여 조건과 보수 수준을 확인하고자 합니다.,부분공개,8
2024-06-30,가람시 새빛구 재무회계과,FOI-2024-02151,세움산업단지 전기설비 교체공사 수의계약 현황 (2151호),"세움산업단지 내 여러 공장에서 사용 중인 전기설비 노후화에 따른 교체공사가 수의계약으로 진행됐다고 들었습니다. 해당 공사의 계약 업체 선정 기준과 실제 계약 금액, 시공 일정 등 상세 내역을 확인하고 싶습니다.",부분공개,12
2023-06-29,누리시 바른구 일자리경제과,FOI-2023-02152,도담천 산책로 가로등 설치 입찰 결과 안내 (2152호),"도담천 산책로를 자주 이용하는데 최근 가로등 설치 공사가 진행됐습니다. 해당 입찰이 어떤 방식으로 진행됐는지, 낙찰 업체는 어디인지, 계약 금액은 얼마인지 확인 요청합니다.",공개,1
2023-11-17,너울시 물빛구 일자리경제과,FOI-2023-02153,새빛시장 주변 배전반 점검 수의계약 내역 (2153호),새빛시장 주변 상가들의 전기 안전을 위해 배전반 점검 공사가 수의계약으로 수행됐다고 확인했습니다. 점검 담당 업체의 선정 과정과 비용이 어떻게 결정됐는지 알고 싶습니다.,부분공개,3
2023-05-11,누리시 바른구 재무회계과,FOI-2023-02154,한울초 주변 통학로 보안등 공사 입찰 현황 (2154호),"한울초 주변 통학로에 보안등 설치 공사가 시행됐는데, 이 공사가 입찰 방식으로 이루어졌는지 수의계약으로 진행됐는지 확인하고 싶습니다. 학부모로서 공사 업체 선정 과정의 투명성이 중요합니다.",공개,1
2024-05-14,여울시 단비구 일자리경제과,FOI-2024-02155,푸른마루 교차로 신호등 교체 수의계약 내역 (2155호),푸른마루 교차로의 신호등이 자주 고장 난다는 신고가 있었다며 최근 교체 공사가 완료됐다고 합니다. 해당 공사가 수의계약으로 진행된 이유와 계약 금액 등 구체적 내용을 알고 싶습니다.,공개,4
2022-12-03,여울시 단비구 일자리경제과,FOI-2022-02156,미래복합센터 해상물류 설비 입찰 결과 (2156호),"미래복합센터 인근 항만 관련 시설 확장이 있었다고 들었는데, 해상물류 설비 도입에 관한 입찰이 있었는지 확인하고 싶습니다. 선장으로서 이러한 시설 관련 정보를 파악하는 것이 업무에 중요합니다.",부분공개,4
2025-02-11,미래군 일자리경제과,FOI-2025-02157,누리버스 정류장 해상 탐지기 설치 수의계약 (2157호),"누리버스 정류장 주변 해안 지역에 해상 상황 모니터링용 탐지기가 설치됐다고 들었습니다. 이 설치 공사가 어떤 과정을 통해 계약되었는지, 수의계약이라면 그 사유가 무엇인지 알고 싶습니다.",부분공개,8
2023-03-06,미래군 일자리경제과,FOI-2023-02158,새봄역 환승구역 항해 안전 시설 입찰 내역 (2158호),새봄역 환승구역에서 항해 관련 안전 시설 도입 공사가 있었다는 정보를 접했습니다. 항해 종사자로서 이러한 시설의 입찰 과정과 결과를 확인하고 싶습니다.,공개,2
2024-11-24,세움시 맑은구 재무회계과,FOI-2024-02159,가람공공청사 주변 선박 계류 시설 수의계약 (2159호),"가람공공청사 주변 친수 공간에 선박 계류 시설이 설치됐다고 들었습니다. 해당 공사가 수의계약으로 진행됐다면 그 근거와 구체적 계약 내용, 계약 업체를 알고 싶습니다.",공개,19
2024-10-08,온빛시 재무회계과,FOI-2024-02160,도담천 갑문 유지보수 입찰 결과 (2160호),도담천 일대 수력 발전 관련 갑문의 유지보수 공사가 입찰로 진행됐다고 확인했습니다. 선장으로서 운항 구간의 안전 시설 현황 파악이 필요하여 입찰 결과를 확인 요청합니다.,비공개,10
2024-01-08,빛솔시 아람구 일자리경제과,FOI-2024-02161,새빛시장 인근 식품 제조 시설 인테리어 수의계약 (2161호),새빛시장 인근에 식품 제조 관련 시설 인테리어 공사가 수의계약으로 진행됐다고 들었습니다. 과거 식품 생산 관리 업무 경험을 가진 입장에서 해당 계약의 구체적 내용과 업체 선정 사유가 궁금합니다.,부분공개,1
2023-08-17,여울시 단비구 일자리경제과,FOI-2023-02162,가온로 보행구간 먹거리 홍보 부스 설치 입찰 (2162호),가온로 보행구간에 지역 먹거리 홍보 부스 설치 공사가 있었다고 들었습니다. 구직 중으로서 이러한 지역 경제 활성화 사업의 입찰 과정을 알고 싶습니다.,부분공개,11
2025-01-31,빛솔시 아람구 일자리경제과,FOI-2025-02163,한들동 생활권 공동급식소 조리 시설 입찰 결과 (2163호),한들동 생활권에 공동급식소 조리 시설 설치 공사가 입찰로 진행됐다고 확인했습니다. 식품 위생과 관련된 이 사업의 입찰 결과와 계약 내용을 확인하고 싶습니다.,비공개,2
2023-09-15,도담군 일자리경제과,FOI-2023-02164,맑은마을 커뮤니티센터 식품 유통 교육장 설치 수의계약 (2164호),맑은마을 커뮤니티센터 내에 식품 유통 관련 교육장 설치 공사가 수의계약으로 진행됐다고 들었습니다. 구직 준비 중으로 이러한 교육 인프라 사업에 관심이 많아 구체적 계약 내역을 알고 싶습니다.,부분공개,15
2022-06-27,가람시 열린구 재무회계과,FOI-2022-02165,미르로 교차로 식품 검사소 신축 입찰 내역 (2165호),미르로 교차로 주변에 식품 검사소 신축 공사가 입찰로 진행됐다고 확인했습니다. 식품 분야 취업을 준비하는 입장에서 해당 입찰 결과를 확인하고 싶습니다.,부분공개,7
2022-03-10,빛솔시 아람구 일자리경제과,FOI-2022-02166,가람공공청사 주변 군 관련 시설 전기 점검 수의계약 (2166호),가람공공청사 주변 군 관련 시설의 전기 점검 공사가 수의계약으로 수행됐다고 들었습니다. 공군 부사관으로서 이러한 군 시설 관련 계약 정보를 알고 싶습니다.,부분공개,13
2025-02-08,빛솔시 아람구 재무회계과,FOI-2025-02167,온빛도서관 앞 무인 택배함 설치 입찰 결과 (2167호),온빛도서관 앞에 무인 택배함 설치 공사가 입찰로 진행됐다고 확인했습니다. 혼자 거주하며 택배 이용이 잦아 이러한 시설의 입찰 결과를 알고 싶습니다.,부분공개,3
2024-03-01,누리시 바른구 재무회계과,FOI-2024-02168,누리버스 정류장 주민 편의시설 설치 수의계약 (2168호),누리버스 정류장 주변에 주민 편의시설 설치 공사가 수의계약으로 진행됐다고 들었습니다. 젊은 세대로서 거주 환경 개선 사업을 확인하고 싶습니다.,부분공개,7
2022-12-15,가람시 새빛구 일자리경제과,FOI-2022-02169,샘물동 생활권 에너지 자급 설비 입찰 결과 (2169호),샘물동 생활권에 에너지 자급 관련 설비 도입 공사가 있었다는 정보를 접었습니다. 공군 부사관으로서 이러한 친환경 시설 관련 입찰 결과를 확인하고 싶습니다.,공개,14
2024-07-21,미래군 일자리경제과,FOI-2024-02170,너울천 산책로 스마트 가로등 설치 수의계약 (2170호),너울천 산책로에 스마트 가로등 설치 공사가 수의계약으로 진행됐다고 확인했습니다. 젊은 세대로서 첨단 도시 인프라 사업을 알고 싶습니다.,부분공개,10
2025-06-02,도담군 일자리경제과,FOI-2025-02171,새빛시장 주변놀이시설 전기 안전 공사 수의계약 (2171호),새빛시장 주변 공원 놀이시설의 전기 안전 점검 및 보강 공사가 수의계약으로 진행됐다고 들었습니다. 자녀의 안전이 걱정되는 보호자로서 해당 계약 내용을 확인하고 싶습니다.,부분공개,13
2025-04-04,새봄시 한울구 일자리경제과,FOI-2025-02172,한울초 주변 통학로 방범 카메라 설치 입찰 결과 (2172호),한울초 주변 통학로에 방범 카메라 설치 공사가 입찰로 진행됐다고 확인했습니다. 자녀의 등하굣길 안전을 위해 해당 입찰 결과를 알고 싶습니다.,부분공개,5
2023-04-20,세움시 맑은구 일자리경제과,FOI-2023-02173,맑은마을 커뮤니티센터 가족 운동시설 입찰 내역 (2173호),맑은마을 커뮤니티센터에 가족 단위 운동시설 설치 공사가 입찰로 진행됐다고 들었습니다. 가족과 함께 이용 가능한 시설의 입찰 과정을 확인하고 싶습니다.,부분공개,20
2022-02-28,해솔시 일자리경제과,FOI-2022-02174,가온로 보행구간 장애인 편의시설 수의계약 내용 (2174호),가온로 보행구간에 장애인 편의시설 설치 공사가 수의계약으로 진행됐다고 확인했습니다. 가족 중 mobility에 어려움을 겪는 분이 계셔서 해당 계약 내용을 알고 싶습니다.,공개,12
2024-01-04,가람시 새빛구 재무회계과,FOI-2024-02175,빛솔광장 일대 친환경 충전소 설치 입찰 결과 (2175호),빛솔광장 일대에 친환경 차량 충전소 설치 공사가 입찰로 진행됐다고 들었습니다. 가족의 차량이 친환경 차량이라 해당 입찰 결과를 확인하고 싶습니다.,공개,8
2023-12-09,가람시 열린구 행정지원과,FOI-2023-02176,kutucode 구직자 채용설명회 일정 및 참여 자격 기준 공개 청구 (2176호),"다세대주택에 거주하며 구직 중인 신고인(통칭 '청구인')이 최근 kutucode 주관 채용설명회에 대해 들었습니다. 해당 설명회의 구체적인 일정과 참여 자격 기준, 그리고 지원서 접수는 어떻게 이루어지는지 알고 싶습니다. 특히 계약직 전환 가능성이 있는지 여부와 경력 재개의사 인정 기준을 포함해 주시기 바랍니다.",공개,1
2022-09-30,해솔시 기획감사과,FOI-2022-02177,kutucode 공채 직무적성검사 출제 범위 및 기준 공개 청구 (2177호),"현재 유통 및 매장 감시 경력이 있는 청구인이 kutucode 하반기 공채 지원을 고려하고 있습니다. 직무적성검사 출제 범위와 난이도 수준, 그리고 각 직무별 배점 비율이 어떠한지 구체적으로 알려주시기 바랍니다. 또한 신체조건 제한이 있는 직종에 대해서는 그 근거가 되는 법률 조항을 함께 공개해 주시기 바랍니다.",공개,17
2023-07-01,예담시 늘품구 행정지원과,FOI-2023-02178,kutucode 비정규직 정규직 전환 평가 기준 공개 청구 (2178호),"전직 유통 및 매장 감시원 경력이 있는 청구인이 Kutucode 계약직으로 전환될 가능성을 알아보고 있습니다. 정규직 전환을 위한 근무성적 평가 비율, 근속기간 요건, 그리고 동료 평가 반영 방식에 대한 구체적인 기준을 공개해 주시기 바랍니다. 또한 전환 실패 시 재지원 기간 제한이 있는지 여부도 확인 요청합니다.",부분공개,8
2022-01-08,너울시 물빛구 기획감사과,FOI-2022-02179,kutucode 구직자 취업지원금 지급 대상 선정 기준 공개 청구 (2179호),"배우자 및 자녀와 다세대주택에 거주하며 구직 중인 청구인이 kutucode 주관 구직자 취업지원금 지원 대상 선정 절차를 파악하고자 합니다. 소득 기준, 미취업 기간 요건, 그리고 직업 훈련 이수 여부의 반영 비율이 어떠한지 알려주시기 바랍니다. 특히 신청 시기별 지급 결정 시기 및 소명 절차도 포함하여 주시기 바랍니다.",부존재,10
2025-10-23,가람시 열린구 행정지원과,FOI-2025-02180,kutucode 경력 채용 서류전형 합격자 발표 기준 공개 청구 (2180호),"유통 및 매장 감시원에서 퇴직한 청구인이 Kutucode 경력 채용에 지원한 바 있습니다. 서류전형 합격자 발표 시 적용되는 자격·경력 우대 기준이 구체적으로 어떠한지, 그리고 면접 전환 비율은 어떻게 결정되는지 알려주시기 바랍니다. 또한 탈락자에게 개별 피드백을 요청할 수 있는 절차가 있는지 함께 확인 요청합니다.",공개,7
2025-05-06,온빛시 기획감사과,FOI-2025-02181,Kutucode 음식료품 영업직 신입사원 채용 과정 공개 청구 (2181호),"음식료품 판매원으로 근무하며 부모님과 동거 중인 청구인이 Kutucode에서 음식료품 영업직 신입사원을 뽑는다고 들어 파악을 요청합니다. 채용 공고 방식, 원서 접수를 비롯하여 면접 문제 유형 및 평가 항목이 어떻게 구성되는지 알려주시기 바랍니다. 영업 직무 특성상 필요 역량에 대한 자격 요건도 함께 포함해 주시기 바랍니다.",비공개,14
2024-12-17,라온군 행정지원과,FOI-2024-02182,Kutucode 영업직 입사 후 근무 배치 기준 공개 청구 (2182호),비주거용 건물 내 주택에서 부모님과 함께 거주하며 음식료품 판매원으로 일하는 청구인이 Kutucode 영업직 입사 후 근무지 배치가 어디서 어떤 기준으로 결정되는지 알고 싶습니다. 희망 지역 신청 가능 여부와 배치 후 인사 이동 주기를 포함해 주시기 바랍니다. 특히 직무 전환이나 부서 교환 절차가 있는지 함께 알려주시기 바랍니다.,비공개,12
2024-08-08,새봄시 한울구 기획감사과,FOI-2024-02183,Kutucode 판매직 급여 체계 및 성과급 기준 공개 청구 (2183호),"음식료품 판매원으로 근무하는 청구인이 Kutucode에 취업 후 받을 수 있는 급여 수준과 성과급 지급 기준을 확인하고자 합니다. 기본급 호봉 인정 기준, 수당 종류별 지급 요건, 그리고 연봉 협상 가능 범위와 협상 시 제출해야 하는 경력 증빙 자료 목록을 공개해 주시기 바랍니다.",부분공개,11
2022-10-06,라온군 행정지원과,FOI-2022-02184,Kutucode 영업직 경력 채용 경력 산정 기준 공개 청구 (2184호),"음식료품 판매원으로 재직 중인 청구인이 Kutucode 경력 채용 지원 시 경력을 어떻게 산정하는지 궁금합니다. 유사 직무 경력 인정 범위, 해외 근무 경력 반영 여부, 그리고 수기 경력 사항은 어떤 서류로 증명해야 하는지 구체적으로 알려주시기 바랍니다. 경력 환산 시 봉급 호봉에 미치는 영향도 함께 확인 요청합니다.",공개,2
2022-03-17,빛솔시 아람구 기획감사과,FOI-2022-02185,Kutucode 신입사원 교육 프로그램 내용 및 기간 공개 청구 (2185호),"부모님과 동거하며 음식료품 판매원으로 일하는 청구인이 Kutucode 영업직 신입사원 후 받는 교육 프로그램 내용을 알고 싶습니다. 직무 교육 기간과 이론·실습 비율, 그리고 해외 출장이나 타 지사 배치 여부, 교육 수료 후 배치 부서 결정 방식에 대해 알려주시기 바랍니다. 교육 중 평가 방법과 불합격 시 조치도 함께 공개 요청합니다.",공개,5
2024-07-06,미래군 행정지원과,FOI-2024-02186,Kutucode 숙박시설 서비스직 신입사원 채용 공고 절차 공개 청구 (2186호),"주택 이외의 거처에서 어머니와 함께 거주하며 숙박시설 서비스직으로 일하는 청구인이 Kutucode에서 해당 직무 신입사원을 채용하는 공고 절차가 어떠한지 확인 요청합니다. 구인 공고를 어디에 게시하는지, 원서 접수 마감일과 필기·면접 전형 비율, 그리고 최종 합격자 발표 방법을 알고 싶습니다.",공개,2
2022-12-24,미래군 행정지원과,FOI-2022-02187,Kutucode 서비스직 계약직 근무조건 및 연장근로 기준 공개 청구 (2187호),"숙박시설 서비스원으로 근무하는 청구인이 Kutucode 계약직 전환 시 근무조건과 연장근로 수당 지급 기준을 파악하고자 합니다. 소정근로시간, 주휴수당 산정 방식, 그리고 연장·야간·휴일 근무 수당률에 대해 구체적으로 알려주시기 바랍니다. 또한 계약 갱신 시 근무 평가 반영 비율도 함께 공개 요청합니다.",공개,4
2025-03-18,라온군 행정지원과,FOI-2025-02188,Kutucode 숙박시설 직무 별 직급 기준 공개 청구 (2188호),"숙박시설 서비스직으로 일하며 어머니와 함께 거주하는 청구인이 해당 직무 내 직급 상승 제도와 승진 전 служ 단위 요건을 알고 싶습니다. 반장·팀장 승진 시 근무성적·동료 평가·자격증 소지 비율이 각각 어떠한지, 그리고 승진 시험 응시 자격 요건이 무엇인지 알려주시기 바랍니다. 여성 승진 지원 특별 계획 유무도 함께 확인 요청합니다.",공개,1
2024-05-24,너울시 물빛구 행정지원과,FOI-2024-02189,Kutucode 서비스직 전직 교육 지원 제도 공개 청구 (2189호),"숙박시설 서비스원으로 일하는 청구인이 Kutucode 내에서 전직이나 직무 전환을 고려하고 있어 지원 제도를 알고 싶습니다. 전직 희망 시 교육비 지원 여부, 훈련 기간 중 급여 지급 여부, 그리고 전직 후 초기 경력 인정 범위에 대해 알려주시기 바랍니다. 전직 프로그램 신청 시기 및 기준도 함께 공개 요청합니다.",비공개,10
2024-09-12,너울시 물빛구 행정지원과,FOI-2024-02190,Kutucode 서비스직 건강검진 및 산업안전 교육 내용 공개 청구 (2190호),"숙박시설 서비스직 근무 환경에서 근로자 건강관리와 안전 교육이 중요하다고 판단한 청구인이 Kutucode에서 제공하는 건강검진 항목과 산업안전 교육 내용을 알고 싶습니다. 건강검진 실시 주기, 결과 통보 방식, 그리고 산업재해 발생 시 보고 절차와 보상 기준에 대해 구체적으로 알려주시기 바랍니다.",부분공개,12
2022-02-08,도담군 행정지원과,FOI-2022-02191,Kutucode 기계장비 영업직 경력직 채용 우대 사항 공개 청구 (2191호),"아파트에 거주하며 산업용 기계장비 기술 영업원으로 근무하는 청구인이 Kutucode에서 해당 분야 경력직을 채용할 때 경력 기술 자격증 소지자에게 부여하는 우대 사항이 무엇인지 알고 싶습니다. 기술 영업 직무 특화 자격증 목록과 동급 이상 자격증 간 우대 차등 여부, 그리고 자격증 취득 지원금 지급 여부를 확인 요청합니다.",공개,11
2022-02-01,예담시 늘품구 기획감사과,FOI-2022-02192,Kutucode 기술 영업원 인센티브 설계 기준 공개 청구 (2192호),"배우자 및 자녀와 아파트에 거주하며 기술 영업원으로 일하는 청구인이 Kutucode 기술 영업 직무 인센티브 지급 기준을 파악하고 싶습니다. 계약 체결 성과금 산정 방식, 신규 고객 성과 반영 비율, 그리고 분기·연간 목표 달성 시 지급되는 특별 성과급 조건에 대해 알려주시기 바랍니다. 인센티브 지급 시기 및 소득 구분기준도 함께 공개 요청합니다.",공개,17
2023-04-24,빛솔시 아람구 행정지원과,FOI-2023-02193,Kutucode 내부 인사고과 반영 기준 공개 청구 (2193호),"산업용 기계장비 기술 영업원으로 재직 중인 청구인이 Kutucode 내부 부서 이동이나 직급 시 활용되는 인사고과 항목과 반영 비율을 알고 싶습니다. 본인에게 유리한 고과 결과 활용 가능성과 고과 결과 이의 신청 절차, 그리고 고과 담당자 주기에 대해서도 구체적으로 알려주시기 바랍니다.",공개,20
2024-11-15,미래군 기획감사과,FOI-2024-02194,Kutucode 기술 영업원 외부 교육비 지원 규정 공개 청구 (2194호),"기술 영업원으로서 전문성 강화를 위해 외부 교육 훈련 수료 희망하는 청구인이 Kutucode의 교육비 지원 규정을 확인 요청합니다.지원 대상 교육 기관 범위, 연간 지원 한도액, 그리고 수료 후 복귀 의무 및 조건이 어떠한지 알려주시기 바랍니다. 해외 연수 프로그램 지원 여부와 신청 자격 요건도 함께 공개해 주시기 바랍니다.",부분공개,1
2022-05-03,누리시 바른구 기획감사과,FOI-2022-02195,Kutucode 영업 성과 평가 체계 및 보상 연계 방식 공개 청구 (2195호),"산업용 기계장비 기술 영업원으로 근무하며 아파트에 거주하는 청구인이 Kutucode 영업 성과 평가 체계를 상세히 알고 싶습니다. 개인 성과·팀 성과·회사 전체 실적 간 반영 비율, 성과 하위 시 인사 처우 영향, 그리고 성과급 차등 지급 시 상한선과 하한선 비율을 알려주시기 바랍니다. 성과 개선 계획 대상 선정 기준도 함께 공개 요청합니다.",부분공개,18
2024-12-22,가람시 새빛구 행정지원과,FOI-2024-02196,Kutucode 중고령 구직자 전문 프로그램 참여 대상 기준 공개 청구 (2196호),"다세대주택에 거주하며 전직 전자 제품 기계 설치 및 정비원으로 현재 구직 중인 청구인이 Kutucode에서 50대 이상 중고령 구직자를 대상으로 하는 전문 프로그램이 있다고 파악하고 지원 대상 기준을 알고 싶습니다. 소득 기준, 이전 직종 제한, 그리고 훈련 수료 후 취업 연계율에 대해 구체적으로 알려주시기 바랍니다.",공개,5
2022-04-06,너울시 물빛구 행정지원과,FOI-2022-02197,Kutucode 경력 환산 시 기술 자격증 인정 범위 공개 청구 (2197호),"전직 전자 제품 기계 설치 및 정비원으로 구직 중인 청구인이 Kutucode에 경력 채용 지원 시 기술 자격증 보유에 따른 경력 환산 혜택이 있는지 확인 요청합니다. 관련 직무 분야 자격증 목록, 자격증 등급별 경력 가산, 그리고 국가기술자격증과 민간 자격증 간 차별 여부를 알려주시기 바랍니다.",부분공개,1
2023-02-25,가람시 새빛구 행정지원과,FOI-2023-02198,Kutucode 직업 훈련 과정 비용 지원 사업 선정 기준 공개 청구 (2198호),"배우자 및 자녀와 다세대주택에 거주하며 구직 중인 청구인이 Kutucode 주관 직업 훈련 과정 비용 지원 사업 지원금을 신청하려고 합니다. 신청 자격 요건, 소득 기준, 그리고 훈련 과정 선택 제한 여부를 구체적으로 알려주시기 바랍니다. 선정 발표 시기 및 불합격 시 재신청 가능 여부도 함께 공개 요청합니다.",부분공개,6
2025-05-06,누리시 바른구 기획감사과,FOI-2025-02199,Kutucode 전자기계 직무 숙련 훈련 제공 기관 목록 공개 청구 (2199호),"전직 전자 제품 기계 설치 및 정비원 경력을 가진 청구인이 Kutucode에서 해당 직무 숙련도 향상을 위한 훈련을 제공하고 있는지, 그리고 현재 계약된 훈련 제공 기관 목록이 무엇인지 알고 싶습니다. 훈련 과정 내용, 기간, 그리고 수료 후 자격증 발급 여부를 포함해 주시기 바랍니다. 훈련 참여 시 교통비 지원 가능 여부도 함께 확인 요청합니다.",부분공개,13
2025-05-11,새봄시 한울구 행정지원과,FOI-2025-02200,Kutucode 구직자 맞춤형 서비스 이용 절차 공개 청구 (2200호),"전직 전자 제품 기계 설치 및 정비원으로 현재 구직 중인 청구인이 Kutucode에서 운영하는 맞춤형 서비스를 이용하려고 합니다. 서비스 신청 방법, 담당자 배정 절차, 그리고 성공 시 제공되는 사후 관리 서비스 내용이 무엇인지 알려주시기 바랍니다. 실패 시 재이용 제한 여부와 차별화된 서비스 유무도 함께 공개 요청합니다.",부분공개,15
2023-04-02,가람시 새빛구 건축허가과,FOI-2023-02201,샘물동 생활권 놀이터 안전점검 결과 청구 (2201호),"한부모 가구로 자녀와 단독주택에 거주하며, 희망퇴직 후 구직중입니다. 우리 가족이 늘 이용하는 샘물동 생활권 내 놀이터의 최근 안전점검 결과가 있는지 확인 요청합니다. 시설 안전 상태와 보수 이력, 점검일시를 구체적으로 알고 싶습니다.",공개,10
2022-10-17,해솔시 안전총괄과,FOI-2022-02202,한울초 주변 통학로 보안등 안전점검 결과 (2202호),전직 배전반 조작원으로 희망퇴직 후 구직중인 한부모입니다. 초등학교 다니는 자녀의 통학로 안전이 걱정되어 청구합니다. 한울초 주변 통학로 보안등 및 가로등의 안전점검 결과를 비롯하여 고장 신고 접수 및 조치 현황을 구체적으로 알려주시기 바랍니다.,공개,19
2023-06-13,예담시 늘품구 안전총괄과,FOI-2023-02203,희망퇴직자지원 프로그램 선정기준 공개 (2203호),"배전반 조작원 경력 보유자로 희망퇴직 후 구직중인 상황입니다. 지역사회 희망퇴직자지원 프로그램의 신청자격과 선정기준, 배점방식을 구체적으로 알고 싶습니다. 경력과 상황을 고려한 지원 가능 여부를 판단하고자 합니다.",공개,3
2022-11-04,미래군 안전총괄과,FOI-2022-02204,한부모 가구 지원시설 안전점검 결과 청구 (2204호),"자녀와 단독주택에 거주하며 구직중인 한부모입니다. 지역 내 한부모 가구 지원시설 및 아동놀이시설의 안전점검 결과를 알고 싶습니다. 해당 시설의 건축물 안전, 놀이기구 점검, 화재시설 현황을 구체적으로 요청합니다.",부분공개,8
2024-11-07,세움시 맑은구 건축허가과,FOI-2024-02205,지역 아동놀이시설 안전점검 결과 청구 (2205호),전직 배전반 조작원 자격으로 희망퇴직 후 구직중인 한부모 가구주입니다. 자녀가 자주 이용하는 지역 놀이시설의 안전점검 결과와 보수 교체 이력을 확인하고자 합니다. 시설 안전성과 관리 현황이 적절한지 파악이 필요합니다.,부분공개,2
2025-03-16,새봄시 한울구 건축허가과,FOI-2025-02206,다세대주택 공용 전기실 안전점검 결과 청구 (2206호),"유지 제조기 조작원 경력으로 희망퇴직 후 구직중이며, 배우자 자녀와 다세대주택에 거주합니다. 우리 단지의 공용 전기실 및 전기시설 안전점검 결과를 요청합니다. 점검일시, 점검기관, 결과 및 조치내용을 구체적으로 알려주시기 바랍니다.",공개,19
2023-04-25,미래군 건축허가과,FOI-2023-02207,새알선 지원제도 선정기준 공개 (2207호),"유지 제조기 조작원으로 희망퇴직 후 구직중인 상황입니다. 지역사회 새로운알선 지원제도의 신청자격과 선정기준, 배점방식을 확인하고자 합니다. 보유 경력과 상황을 고려하여 지원 가능성을 판단하기 위함입니다.",부분공개,5
2022-07-17,예담시 늘품구 건축허가과,FOI-2022-02208,가온로 보행구간 안전시설 점검 결과 (2208호),배우자 자녀와 다세대주택에 거주하며 구직중인 상황입니다. 출퇴근길에 이용하는 가온로 보행구간 보 및 안전시설의 점검 결과를 요청합니다. 최근 시설 이상 느껴 이에 대한 점검 현황과 조치 내용을 알고 싶습니다.,공개,5
2022-05-25,너울시 물빛구 안전총괄과,FOI-2022-02209,주거환경 개선 지원사업 선정기준 공개 (2209호),"유지 제조기 조작원으로 희망퇴직 후 구직중인 가구주입니다. 주거환경 개선 지원사업의 신청자격과 선정기준, 지원내용을 구체적으로 알고 싶습니다. 다세대주택 거주자로서 지원 가능 여부를 파악하고자 합니다.",부분공개,7
2025-11-18,라온군 건축허가과,FOI-2025-02210,아파트 관리비 투명성 관련 시설 점검 결과 (2210호),"유지 제조기 조작원 경력 보유자로 희망퇴직 후 구직중이며, 배우자 자녀와 다세대주택에 거주합니다. 관리비 투명성 강화를 위한 시설 점검 결과와 관리비 고지서 내역 근거 시설 점검 결과를 요청합니다.",부분공개,12
2022-08-13,빛솔시 아람구 건축허가과,FOI-2022-02211,도담천 산책로 안전시설 점검 결과 청구 (2211호),"채굴 및 토목 관련 경력 보유자로 희망퇴직 후 구직중인 고령자입니다. 근황 건강 관리를 위해 도담천 산책로를 자주 이용합니다. 해당 산책로 안전시설의 점검 결과와 낙석 방지 시설, 설치 및 보수 이력을 알고 싶습니다.",부분공개,1
2024-05-04,세움시 맑은구 안전총괄과,FOI-2024-02212,아파트 엘리베이터 안전 점검 결과 확인 (2212호),"채굴 및 토목 관련 경력 보유자로 희망퇴직 후 구직중이며, 배우자와 아파트에 거주합니다. 관리사무소에서 받은 엘리베이터 안전 점검 결과 통보에 대한 확인 요청입니다. 우리 건물 해당 여부와 점검 결과를 구체적으로 알려주시기 바랍니다.",부분공개,14
2022-06-20,여울시 단비구 안전총괄과,FOI-2022-02213,고령자 이용 복지시설 접근성 점검 결과 (2213호),"채굴 및 토목 경력으로 희망퇴직 후 구직중인 62세입니다. 배우자와 아파트에 거주하며 신체 제약이 있습니다. 생활권 내 고령자 이용 복지시설의 접근성 점검 결과를 알고 싶습니다. 경사로,,점자블록 설치 및 점검 현황을 요청합니다.",부분공개,6
2023-06-05,해솔시 건축허가과,FOI-2023-02214,지역 재취업 지원 프로그램 선정기준 공개 (2214호),"채굴 및 토목 경력 보유자로 희망퇴직 후 구직중인 상황입니다. 지역사회 재취업 지원 프로그램의 신청자격과 선정기준, 배점방식을 확인하고자 합니다. 오랜 경력과 상황을 고려한 지원 가능 여부를 판단하기 위함입니다.",부분공개,20
2022-02-17,여울시 단비구 안전총괄과,FOI-2022-02215,한울초 주변 통학로 방범시설 점검 결과 (2215호),채굴 및 토목 경력 보유자로 희망퇴직 후 구직중인 고령자입니다. 학교 다니는 손주 안전을 위해 한울초 주변 통학로 방범시설의 점검 결과를 알고 싶습니다. CCTV 및 비상벨 가동 현황과 점검 이력을 구체적으로 요청합니다.,부존재,11
2025-04-20,세움시 맑은구 안전총괄과,FOI-2025-02216,아파트 관리사무소 공용시설 안전점검 결과 (2216호),"분양 및 임대 사무원으로 경력 보유하며, 배우자와 아파트에 거주합니다. 우리 아파트 관리사무소가 최근 실시한 공용시설 안전점검 결과 공개 여부와 내용을 확인하고자 합니다. 게시된 공지사항 내용에 대한 구체적 결과를 요청합니다.",공개,17
2023-05-16,가람시 열린구 건축허가과,FOI-2023-02217,미래복합센터 인근 주거지 환경위생 점검 결과 (2217호),"분양 및 임대 사무원으로 경력 보유하며, 배우자와 아파트에 거주합니다. 우리 아파트가 위치한 미래복합센터 인근 주거지의 환경위생 점검 결과를 알고 싶습니다. 쓰레기 처리시설,배수시설 및 위생 점검 현황을 구체적으로 요청합니다.",공개,2
2023-08-20,가람시 열린구 안전총괄과,FOI-2023-02218,지역 주거환경 개선 지원제도 선정기준 공개 (2218호),"분양 및 임대 사무원으로 경력 보유하며, 배우자와 아파트에 거주합니다. 지역 주거환경 개선 지원제도의 신청자격과 선정기준, 지원내용을 구체적으로 알고 싶습니다. 아파트 거주자로서 지원 가능 여부를 파악하고자 합니다.",부분공개,3
2025-09-22,너울시 물빛구 건축허가과,FOI-2025-02219,새봄역 환승구역 안전시설 점검 결과 청구 (2219호),"분양 및 임대 사무원으로 경력 보유하며, 배우자와 아파트에 거주합니다. 출퇴근 시 이용하는 새봄역 환승구역의 안전시설 점검 결과를 요청합니다. 계단,,점자블록 등 안전시설 점검 현황과 조치 내용을 구체적으로 알려주시기 바랍니다.",공개,9
2022-07-05,온빛시 건축허가과,FOI-2022-02220,아파트 단지 공용시설 안전점검 결과 공개 (2220호),"분양 및 임대 사무원으로 경력 보유하며, 배우자와 아파트에 거주합니다. 우리 아파트 단지에서 최근 실시한 공용시설 안전점검 결과의 존재 여부와 내용을 확인하고자 합니다. 놀이시설,운동시설 등의 점검 결과를 구체적으로 요청합니다.",공개,13
2023-06-09,도담군 안전총괄과,FOI-2023-02221,새빛시장 주변 옥외 광고물 안전점검 결과 (2221호),"전직 간판 제작 및 설치원으로 희망퇴직 후 구직중이며, 부모와 아파트에 거주합니다. 과거 경력 관련으로 새빛시장 주변 옥외 광고물 안전점검 결과를 알고 싶습니다. 게시대,간판 등 옥외 광고물의 구조 안전 점검 현황을 구체적으로 요청합니다.",부분공개,19
2025-01-10,빛솔시 아람구 건축허가과,FOI-2025-02222,지역 직업재활 프로그램 선정기준 공개 (2222호),"간판 제작 및 설치 경력 보유자로 희망퇴직 후 구직중인 상황입니다. 지역사회 직업재활 프로그램의 신청자격과 선정기준, 지원내용을 구체적으로 알고 싶습니다. 부모와 동거하며 경력과 상황을 고려한 지원 가능성을 판단하고자 합니다.",공개,2
2024-12-15,가람시 열린구 건축허가과,FOI-2024-02223,라온체육센터 주변 놀이시설 안전점검 결과 (2223호),"전직 간판 제작 및 설치원으로 희망퇴직 후 구직중이며, 부모와 아파트에 거주합니다. 어린 시절 즐겨 찾던 라온체육센터 주변 놀이시설의 현재 안전점검 결과를 알고 싶습니다. 놀이기구,안전 그물,지면 점검 현황을 구체적으로 요청합니다.",부분공개,17
2023-09-06,세움시 맑은구 건축허가과,FOI-2023-02224,구직자 직업소개 지원제도 선정기준 공개 (2224호),"간판 제작 및 설치원으로 희망퇴직 후 구직중인 상황입니다. 부모와 아파트에 거주하며 구직 활동 중입니다. 지역사회 구직자 직업소개 지원제도의 신청자격과 선정기준, 지원내용을 구체적으로 알고 싶습니다.",부분공개,4
2025-09-30,새봄시 한울구 건축허가과,FOI-2025-02225,미르로 교차로 주변 건축물 외벽 안전점검 (2225호),"전직 간판 제작 및 설치원으로 희망퇴직 후 구직중이며, 부모와 아파트에 거주합니다. 과거 경력 관련으로 미르로 교차로 주변 건축물 외벽 안전점검 결과를 알고 싶습니다. 외벽 타일,콘크리트 구조,방수시설 점검 현황을 구체적으로 요청합니다.",공개,19
2023-06-17,예담시 늘품구 환경위생과,FOI-2023-02226,푸른마루 교차로 주변 포장마차 영업시간 단속 기준 공개 청구 (2226호),평일 밤 후 푸른마루 교차로 근처에서 간단한 음식을 판매할 계획입니다. 현재 해당 지역에서 영업시간과 단속 기준이 어떻게 되는지 구체적으로 알고 싶습니다. 영업 인허가 절차와 위반 시 부과되는 과태료 금액도 함께 알려주시기 바랍니다.,부분공개,19
2024-07-07,라온군 환경위생과,FOI-2024-02227,새빛시장 내 식품판매업 시설 기준 및 위생교육 이수 시기 청구 (2227호),화물차 운송업을 연계한 식품판매 창업을 준비하고 있습니다. 새빛시장 내 점포를 임차하기 전 해당 시설의 위생 설비 기준과 필수 위생교육 이수 시기를 확인하고 싶습니다. 시설 점검 주기와 개선 발생 시 기간도 알려주시기 바랍니다.,공개,10
2022-11-25,도담군 환경위생과,FOI-2022-02228,가람공공청사 주변 야외음식점 일시휴업 처리 기준 공개 청구 (2228호),"최근 건강상의 이유로 가람공공청사 앞 야외음식점을 일시휴업하려고 합니다. 해당 지역구의 일시휴업 신고 절차와 허용 기간, 휴업 중 세금 처리 방안에 대해 구체적으로 알고 싶습니다. 휴업 기간 연장 시 재신고 의무 여부도 확인바랍니다.",공개,5
2025-03-16,빛솔시 아람구 보건행정과,FOI-2025-02229,누리버스 정류장 주변 식품자동판매기 설치 기준 및 점검 주기 청구 (2229호),"화물차 휴식 공간 활용을 위해 누리버스 정류장 주변에 식품자동판매기를 설치할 계획입니다. 해당 지역 설치 가능 여부와 관련 설치 기준, 식품위생 점검 주기를 확인하고 싶습니다. 기기 등록 절차와 필수 서류도 안내바랍니다.",공개,18
2025-04-27,가람시 열린구 환경위생과,FOI-2025-02230,한들동 생활권 식품접객업 위반사항 지도·과태료 부과 기준 공개 청구 (2230호),"한들동 생활권 내 여러 식품접객업소를 이용하면서 위생 상태 차이가 느껴집니다. 해당 지역 최근 1년간 식품위생 위반사항 유형별 발생 빈도와 부과된 과태료 수준을 알고 싶습니다. 고발 및 지도, 비율도 함께 공개바랍니다.",부분공개,18
2023-12-13,가람시 새빛구 보건행정과,FOI-2023-02231,미르로 교차로 근처 식당 배관 위생 점검 기준 및 교육 절차 청구 (2231호),건물 전기설비 유지보수 업무 중 식당 배관 상태 확인 요청을 받았습니다. 미르로 교차로 주변 식당들의 배관 위생 점검 기준과 전기설비 관련 연동 부분을 알고 싶습니다. 위생교육 이수 대상에 전기기술자 포함 여부도 확인바랍니다.,부분공개,6
2023-11-25,새봄시 한울구 보건행정과,FOI-2023-02232,세움산업단지 입구 주변 식품제조업 영업허가 취득 요건 공개 청구 (2232호),현재 세움산업단지의 여러 공장에서 전기설비를 유지보수하고 있습니다. 해당 단지 입구 주변에 간단한 식품제조업을 창업할 계획이므로 영업허가 취득 요건과 시설 기준을 알고 싶습니다. 제조 과정 중 위생관리 지정 의무 여부도 알려주시기 바랍니다.,공개,14
2023-08-12,누리시 바른구 보건행정과,FOI-2023-02233,샘물동 생활권 건물내 식당 에너지 절감 설비와 위생 점검 연계 기준 청구 (2233호),샘물동 생활권 아파트 및 상가 건물의 전기설비 담당자로서 위생 점검 시 에너지 절감 설비와의 연계 기준을 파악할 필요가 있습니다. 해당 지역 건물내 식당 에너지 관리 기준과 위생 점검 시 전기설비 관련 확인 항목이 있는지 알려주시기 바랍니다.,공개,7
2022-09-11,누리시 바른구 환경위생과,FOI-2022-02234,가온로 보행구간 주변 식품운반차량 위생 점검 기준 및 단속 절차 청구 (2234호),"식당 식품운반차량 위생 점검 업무와 관련하여 가온로 보행구간 주변 운반차량의 점검 기준을 확인하고 싶습니다. 점검 항목과 위반 시 조치 절차, 시정기간 설정 기준을 알고 싶습니다. 운전기사의 위생교육 의무 여부도 함께 알려주시기 바랍니다.",부분공개,5
2023-07-06,누리시 바른구 환경위생과,FOI-2023-02235,맑은마을 커뮤니티센터 주변 식품업소 용역업체 선정 기준 공개 청구 (2235호),전기설비 유지보수 업체로 활동하면서 식품업소에도 점검 및 유지보수 서비스를 제공하고 싶습니다. 맑은마을 커뮤니티센터 주변 식품업소에서 외부 용역업체를 선정하는 기준과 등록 절차를 알고 싶습니다. 위생관리 관련 외부업체 협업 규정도 안내바랍니다.,공개,9
2024-10-13,가람시 새빛구 보건행정과,FOI-2024-02236,새봄역 환승구역 주변 식품안전 체험행사 지원사업 선정 기준 공개 청구 (2236호),현재 구직중으로 식품안전 관련 체험행사staff 역할을 찾고 있습니다. 새봄역 환승구역에서 개최되는 식품안전 체험행사staff 지원사업의 선정 기준과 신청 요건을 알고 싶습니다. 최종 선정 통보 시기 및 참여 사례도 안내바랍니다.,부분공개,17
2022-05-19,도담군 보건행정과,FOI-2022-02237,온빛도서관 앞 식품위생교육 무료 프로그램 운영 일정 및 신청 방법 청구 (2237호),구직 준비 중 식품위생 관련 자격증 취득을 고려하고 있습니다. 온빛도서관 앞에서 운영하는 무료 식품위생교육 프로그램 일정을 알고 싶습니다. 신청 방법과 수료 후 발급되는 자격증 종류도 함께 안내바랍니다.,부분공개,5
2022-08-11,너울시 물빛구 보건행정과,FOI-2022-02238,열린마을 공원 주변 식품관객업 폐업 절차 및 피부양자 고용노동 기준 공개 청구 (2238호),최근 아버지 돌봄을 위해 식품관객업 소규모 영업장을 운영했으나 폐업해야 할 상황이 되었습니다. 열린마을 공원 주변 폐업 절차와 피부양자 고용 관련 노동 기준을 알고 싶습니다. 폐업 시 신고 기한과 세금 처리 방안도 알려주시기 바랍니다.,부분공개,7
2025-10-17,누리시 바른구 환경위생과,FOI-2025-02239,해솔문화광장 주변 식품건강기능업 창업 지원금 신청 요건 및 절차 청구 (2239호),구직 전환 차원에서 해솔문화광장 주변에 식품건강기능업 창업 지원을 받고 싶습니다. 관련 창업 지원금 신청 요건과 심사 절차를 알고 싶습니다. 지원금 사용 제한 항목과 사업계획서 작성 가이드도 함께 안내바랍니다.,비공개,16
2023-08-30,미래군 보건행정과,FOI-2023-02240,미래복합센터 인근 식품유통업 품질관리 교육 이수 기록 조회 청구 (2240호),식품유통 분야 취업을 준비하며 해당 분야에서 경력을 쌓고 싶습니다. 미래복합센터 인근 식품유통업체관리 교육 이수 현황을 알고 싶습니다. 특히 이수해야 하는 필수 교육 과정과 유효기간도 함께 안내바랍니다.,공개,5
2023-12-03,미래군 환경위생과,FOI-2023-02241,빛솔광장 일대 스마트 식품위생 점검 시스템 도입 현황 및 데이터 공개 청구 (2241호),통신망 운영 기술자 경력으로 스마트시티 식품위생 관리 시스템에 관심이 많습니다. 빛솔광장 일대에 도입된 스마트 식품위생 점검 시스템의 도입 현황과 수집되는 데이터 유형을 알고 싶습니다. 시스템 운영 주체와 데이터 관리 정책도 함께 안내바랍니다.,부분공개,9
2025-03-29,해솔시 보건행정과,FOI-2025-02242,너울천 산책로 주변 식품안전 IoT 센서 점검 주기 및 이상 조치 기준 청구 (2242호),IoT 기반 식품안전 모니터링 시스템 연구 과제 진행 중입니다. 너울천 산책로 주변 식품안전 IoT 센서의 점검 주기와 이상감지 시 조치 기준을 알고 싶습니다. 센서 데이터 전송 주기 및 오류 발생 시 복구 절차를 함께 안내바랍니다.,부분공개,10
2022-03-11,해솔시 환경위생과,FOI-2022-02243,새빛시장 주변 식품유통 이력 추적 시스템 구축 현황 및 데이터 구조 공개 청구 (2243호),식품유통 이력 추적 시스템 관련 연구를 수행하고 있습니다. 새빛시장 주변 식품유통 이력 추적 시스템의 구축 현황과 데이터베이스 구조를 알고 싶습니다. 시스템 연동 기준과 데이터 공유 범위도 함께 안내바랍니다.,부분공개,20
2024-08-11,여울시 단비구 환경위생과,FOI-2024-02244,도담천 산책로 주변 실시간 식품위생 현황 공유 플랫폼 운영 현황 청구 (2244호),통신망 기술자로서 실시간 식품위생 현황 공유 플랫폼 구축 가능성을 중입니다. 도담천 산책로 주변 해당 플랫폼 운영 현황과 제공하는 정보를 알고 싶습니다. 플랫폼 데이터 수집 출처와 주기도 함께 안내바랍니다.,공개,19
2023-09-22,온빛시 보건행정과,FOI-2023-02245,한울초 주변 통학로 학교 급식 위생 점검 결과 공개 방식 및 접근 방법 청구 (2245호),어린안전 관련 통신망 연구 과제에서 학교 급식 위생 관리 체계 분석이 필요합니다. 한울초 주변 통학로 관련 학교 급식 위생 점검 결과의 공개 방식과 정보 접근 방법을 알고 싶습니다. 점검 결과 공개 주기와 확인 절차도 함께 안내바랍니다.,공개,5
2022-04-11,여울시 단비구 환경위생과,FOI-2022-02246,단독주택 가축사육장 위생 점검 기준 및 축종별 사육시설 기준 공개 청구 (2246호),본인 소유 단독주택 부지에서 소를 사육하고 있습니다. 최근 가축사육장 위생 점검 강화 일환으로 해당 시설 점검 기준을 확인하고 싶습니다. 축종별 사육시설 기준과 관리 기준을 알고 싶습니다. 사육 신고 의무와 점검 일정도 알려주시기 바랍니다.,부분공개,20
2022-01-24,예담시 늘품구 환경위생과,FOI-2022-02247,가온로 보행구간 주변 식용동물 도살 및 유통 기준 공개 청구 (2247호),소 사육에서 도살 및 유통 단계까지 직접 관리하고 싶습니다. 가온로 보행구간 주변 식용동물 도살 및 유통 관련 기준을 알고 싶습니다. 도살 등록 요건과 유통절차에서 위생관리 기준을 알려주시기 바랍니다.,부분공개,2
2024-11-22,세움시 맑은구 환경위생과,FOI-2024-02248,새빛시장 주변 가축분뇨 처리 시설 현황 및 처리 기준 공개 청구 (2248호),소 사육 시 발생하는 분뇨 처리 방안 마련이 필요합니다. 새빛시장 주변 가축분뇨 처리 시설 현황과 처리 기준을 알고 싶습니다. 개인 처리 시설 설치 가능 여부와 관련 허가 절차도 함께 안내바랍니다.,부분공개,8
2023-07-09,미래군 보건행정과,FOI-2023-02249,푸른마루 교차로 주변 가축용 의약품 구매 및 사용 기준 공개 청구 (2249호),"가축 건강관리 및 예방을 위해 의약품 구매 및 사용 기준을 확인하고 싶습니다. 푸른마루 교차로 주변 가축용 의약품 구매처와 사용 기준, 잔류물질 기준을 알고 싶습니다. 수의사 처방 필수 의약품 구분도 알려주시기 바랍니다.",공개,16
2023-10-13,해솔시 보건행정과,FOI-2023-02250,세움산업단지 입구 주변 가축사육 관련 환경영향평가 절차 공개 청구 (2250호),단독주택 부지 확장을 고려하며 가축 사육 규모를 늘릴 계획입니다. 세움산업단지 입구 주변 가축사육 관련 환경영향평가 절차와 규모 기준을 알고 싶습니다. 평가 면제 기준과 신고 필요 규모 기준도 함께 안내바랍니다.,공개,9
2023-08-17,미래군 공원녹지과,FOI-2023-02251,새빛시장 주변 공원 운동시설 설치 및 안전 점검 결과 청구 (2251호),"현재 구직 중인으로 샘물동 아파트 단지에 거주하고 있습니다. 새빛시장 주변 공원 내에 운동시설이 설치되어 활용도가 높은 것으로 알고 있는데, 해당 시설의 설치 시기, 종류, 안전 점검 결과를 요청합니다. 특히 최근 안전 사고 우려가 있다는 이야기가 있어 확인이 필요합니다.",부존재,3
2023-07-31,누리시 바른구 문화체육과,FOI-2023-02252,가온로 보행구간 공원 야간 조명 시설 현황 및 개선 계획 청구 (2252호),배우자와 별거 중 혼자 거주하며 야간 외출 시 공원 구간을 자주 이용합니다. 가온로 보행구간에 설치된 공원 조명 시설의 현황과 야간 이용 안전을 위한 개선 계획이 있는지 확인 요청합니다. 어두운 구간으로 인한 불안감이 커서 조명 및 배치에 대한 정보가 필요합니다.,공개,11
2024-01-13,세움시 맑은구 공원녹지과,FOI-2024-02253,열린마을 공원 놀이터 안전 시설 설치 및 유지보수 내역 청구 (2253호),"현재 새벽거주하는 열린마을 공원 놀이터를 이용하는 가족들이 많아 안전이 우려됩니다. 놀이터 안전 시설 설치 현황, 고장 신고 접수 및 보수 이력, 안전 검사 결과에 대한 정보를 요청합니다. 특히 균열이나 파손된 시설에 대한 보수 계획이 있는지 확인하고 싶습니다.",부분공개,3
2024-04-15,도담군 문화체육과,FOI-2024-02254,누리버스 정류장 인근 공원 보안 순찰 및 범죄 예방 조치 현황 청구 (2254호),"혼자 사는으로 야간 귀가 시 공원 주변이 걱정됩니다. 누리버스 정류장 인근 공원의 보안 순찰 일정, 범죄 예방 Cameras 설치 현황, 순찰 배치 및 순찰 경로에 대한 정보를 요청합니다. 안전 시설이 부족한 구간이 있다면 파악하고 싶습니다.",부분공개,7
2023-10-01,해솔시 공원녹지과,FOI-2023-02255,미르로 교차로 주변 공원 접근성 개선 사업 추진 현황 청구 (2255호),"아파트 단지와 가까운 미르로 교차로 주변 공원 접근성 개선 사업이 추진되고 있는지 확인 요청합니다. 현재 구직 중인으로 이동 편의 개선이 필요하며, 특히や gai 인원을 위한 경사로나 휠체어 이용 가능 여부에 대한 사업 계획이 있는지 알고 싶습니다.",부분공개,3
2023-05-28,가람시 새빛구 공원녹지과,FOI-2023-02256,한울초 주변 통학로 공원 환경 위생 관리 실태 및 개선 현황 청구 (2256호),"분양 및 임대 사무원으로 주거 환경 관리에 관심이 많습니다. 한울초 주변 통학로에 인접한 공원 areas의 환경 위생 관리 실태, 쓰레기 수거 주기, 청소 인력 배치 및 개선 현황에 대한 정보를 요청합니다. 특히 통학로 주변 환경이 쾌적하게 유지되고 있는지 확인이 필요합니다.",비공개,20
2023-07-11,해솔시 문화체육과,FOI-2023-02257,샘물동 생활권 공원 불법 주정차 단속 및 주차 관리 계획 청구 (2257호),공동주택 관리에 관한 업무 경험을 바탕으로 샘물동 생활권 공원 areas 주변 불법 주정차 실태와 단속 현황을 확인 요청합니다. 공원내부 및 주변 무단 주차 문제로 녹지 훼손이나 이용 불편이 발생하고 있는 것으로 파악되어 관련 단속 근거와 향후 관리 계획을 알고 싶습니다.,공개,4
2023-08-02,미래군 문화체육과,FOI-2023-02258,맑은마을 커뮤니티센터 인접 공원 조경 식재 및 녹지 관리 현황 청구 (2258호),"부동산 관련 업무를 하며 녹지 가치에 대한 이해가 있습니다. 맑은마을 커뮤니티센터 인접 공원 areas의 조경 식재 현황, 수목 종류, 녹지 관리 계획 및 벌채 또는 교체 계획에 대한 정보를 요청합니다. 특히종 식재 여부나 аллергия 유발 식물 관리가 되고 있는지 확인하고 싶습니다.",부분공개,19
2022-07-14,라온군 공원녹지과,FOI-2022-02259,도담천 산책로 벤치·파고라 등 휴게시설 설치 및 보수 내역 청구 (2259호),"배우자와 함께 도담천 산책로를 이용하는 산책 애호가입니다. 산책로에 설치된 벤치, 파고라,소 등 휴게시설의 설치 현황, 수량, 보수 이력 및 교체 계획에 대한 정보를 요청합니다. 특히 파손된 시설에 대한 보수 상황을 알고 싶습니다.",공개,3
2024-01-11,예담시 늘품구 공원녹지과,FOI-2024-02260,라온체육센터 주변 공원 배수 시설 점검 및 누수 방지 공사 현황 청구 (2260호),"부동산 사무원으로서 공원 기반시설 관리 수준에 관심을 가지고 있습니다. 라온체육센터 주변 공원 areas의 배수 시설 현황, 최근 배수관 점검 결과, 누수 방지 공사 시행 내역 및 향후 시설 교체 계획에 대한 정보를 요청합니다. 우수 시침수 문제가 발생하지 않는지 확인이 필요합니다.",부분공개,10
2025-10-02,라온군 공원녹지과,FOI-2025-02261,가온로 보행구간 공원 보행로 안전 점검 결과 및 개선 계획 청구 (2261호),"현재 구직 중인으로 도담천 산책로를 자주합니다. 가온로 보행구간 공원 내 보행로 안전 점검 결과, 노후 포장 현황, 안전 표지 여부 및 향후 개선 계획에 대한 정보를 요청합니다. 특히가하기 안전한 포장 상태인지 확인이 필요합니다.",공개,1
2023-08-21,미래군 공원녹지과,FOI-2023-02262,열린마을 공원 고령자 편의시설 설치 현황 및 이용 만족도 조사 결과 청구 (2262호),"배우자와 함께 거주하며 고령 친화적 공원 환경에 관심이 많습니다. 열린마을 공원 areas에 설치된 고령자 편의시설 현황, 운동기구 종류, 휴게시설 및 이용 만족도 조사 결과가 있다면 요청합니다. 실제 이용자들의 의견을 반영한 개선이 있었는지 알고 싶습니다.",부분공개,17
2023-07-13,새봄시 한울구 공원녹지과,FOI-2023-02263,가람공공청사 주변 공원 무장애 길 조성 사업 추진 현황 청구 (2263호),"배우자와 단독주택에 거주하며 무장애 환경에 대한 관심이 높습니다. 가람공공청사 주변 공원 areas의 무장애 길 조성 사업 추진 현황, 사업 대상 구간, 휠체어 접근 가능 여부 및 향후 확대 계획을 요청합니다. 신체 제약이 있는 경우에도 안전한 이동이 가능한지 확인이 필요합니다.",공개,1
2023-11-24,가람시 새빛구 문화체육과,FOI-2023-02264,너울천 산책로 청소 관리 현황 및 환경 정비 청구 (2264호),"건강을 위해 너울천 산책로를 regularly하는입니다. 산책로 청소 관리 현황, 쓰레기통 및 수거 주기, 환경 정비 계획에 대한 정보를 요청합니다. 특히, 의와 청소 인력 배치 현황이 어떻게 되는지 알고 싶습니다.",부분공개,6
2022-09-30,가람시 열린구 공원녹지과,FOI-2022-02265,빛솔광장 일대 공원 안전 울타리 설치 현황 및 보강 계획 청구 (2265호),"배우자와 함께 свет솔광장 일대 공원을 자주이용합니다. 공원 areas 주변 안전 울타리 설치 현황, 높이 및 재질, 균열이나 훼손 부분 보강 계획에 대한 정보를 요청합니다. 특히 어린이가있는 가족들이이용하는 구간이라면 안전 강화가 필요하지 않는지 확인하고 싶습니다.",부분공개,10
2022-05-04,누리시 바른구 공원녹지과,FOI-2022-02266,새빛시장 주변 공원 범죄 예방 및 보안 체계 구축 계획 청구 (2266호),"현재 구직 중인으로 새빛시장 주변 공원을 이용합니다. 공원 areas 범죄 현황 통계, 범죄 예방 Cameras 설치 현황, 비상 연락 시설 및 보안 체계 구축 계획에 대한 정보를 요청합니다. 특히 여성 혼자이용 시がされているかどうか 확인이 필요합니다.",공개,18
2022-08-17,여울시 단비구 문화체육과,FOI-2022-02267,누리버스 정류장 인근 공원 여성 안전 강화 시설 설치 현황 청구 (2267호),"부모님과 함께 거주하며 지역 공원 환경에 관심을 가지고 있습니다. 누리버스 정류장 인근 공원 areas에 설치된 여성 안전 강화 시설 현황, 비상,시설 및 비상 구호대 설치 여부에 대한 정보를 요청합니다. 이용 시 여성의が확보되고 있는지 확인이 필요합니다.",공개,19
2022-08-17,너울시 물빛구 문화체육과,FOI-2022-02268,새봄역 환승구역 공원 환경 개선을 통한 지역 일자리 창출 계획 청구 (2268호),"현재 구직 중인으로 공원 환경 개선 사업과 관련된 일자리 창출에 관심이 많습니다. 새봄역 환승구역 공원 areas 환경 개선 계획, 공원 관리 및 청소 관련 용역 사업 규모, 지역 주민 채용 계획이 있는지 요청합니다. 취업을 준비하는 젊은로서 이러한 기회에 대해 알고 싶습니다.",공개,13
2024-09-16,누리시 바른구 공원녹지과,FOI-2024-02269,한울초 주변 통학로 공원 안전 점검 및 학교 협력 고용 창출 방안 청구 (2269호),"부모님과 다세대주택에 거주하며 학교 주변 환경에 관심을 가지고 있습니다. 한울초 주변 통학로에 인접한 공원 areas 안전 점검 결과, 학교 협력을 통한 고용 창출 방안이 있는지, 지역 청소년 채용 계획이 있는지 요청합니다. 학업과 취업 사이 어dine young들의이 이루어지고 있는지 알고 싶습니다.",부존재,20
2024-10-15,도담군 문화체육과,FOI-2024-02270,샘물동 생활권 공원 주민 참여 관리 프로그램 운영 현황 청구 (2270호),"현재 구직 중인으로 지역コミュニティ 활동에 참여하고 싶습니다. 샘물동 생활권 공원 areas의 주민 참여 관리 프로그램 운영 현황, 자원봉사자, 주민 모니터링 제도 및 자치 관리 활동 지원금 지급 내역에 대한 정보를 요청합니다. 지역 공원 관리에 주민이どのように할 수 있는지 알고 싶습니다.",부분공개,13
2022-02-15,세움시 맑은구 문화체육과,FOI-2022-02271,가온로 보행구간 공원 안전 기준 적합성 및 정기 점검 결과 청구 (2271호),"운송장비 정비원으로 안전 기준에 대한이해가 있습니다. 가온로 보행구간 공원 areas의 안전 기준 적합 여부, 정기 점검 결과, 안전 관련 법규 준수 현황에 대한 정보를 요청합니다. 특히 놀이기구의 안전 기준 적합 여부와 정기 점검 일정이 어떻게 되는지 확인이 필요합니다.",부분공개,3
2024-08-19,온빛시 공원녹지과,FOI-2024-02272,라온체육센터 주변 공원 운동시설 안전 점검 결과 및 교체 계획 청구 (2272호),"운송장비 정비 경력을 바탕으로 운동시설 안전에 관심을 가지고 있습니다. 라온체육센터 주변 공원 areas 운동기구 안전 점검 결과, 고장 및 파손 신고 접수 내역, 부품 교체 및 시설 교체 계획에 대한 정보를 요청합니다. 특히안전 점검주기 및 점검 기관이 어디인지 알고 싶습니다.",부분공개,20
2024-03-20,도담군 문화체육과,FOI-2024-02273,도담천 산책로 안전시설 설치 현황 및 안전 난간 보수 계획 청구 (2273호),"배우자와 함께 도담천 산책로를 자주합니다. 산책로 안전시설 현황, 안전 난간 설치 위치 및 높이, 균열이나 훼손 부분 보수 계획에 대한 정보를 요청합니다. 특히가 있는 구간이라면안전난간이 충분히되어 있는지 확인이 필요합니다.",공개,4
2023-06-28,누리시 바른구 문화체육과,FOI-2023-02274,미르로 교차로 주변 공원 고령자 접근성 개선 사업 추진 계획 청구 (2274호),"나이가 들어감에 따라 이동에 불편이 늘어나고 있습니다. 미르로 교차로 주변 공원 areas의 고령자 접근성 개선 사업 추진 계획, 경사로, 핸드레일 설치, 신체 기능자를 위한 편의시설 확대 계획에 대한 정보를 요청합니다. 누구든지 편안하게 공원을이용할 수 있는지 확인이 필요합니다.",공개,20
2024-10-21,도담군 공원녹지과,FOI-2024-02275,새빛시장 주변 공원 휴식시설 확충 및 노약자 배려 계획 청구 (2275호),"배우자와 함께 거주하며 가능한 공원시설에 관심이 많습니다. 새빛시장 주변 공원 areas의 휴식시설 현황, 노약자 배려 시설 계획, 그늘시설 및 의자 확대 계획에 대한 정보를 요청합니다. 특히철에서도이 가능한 환경이 되고 있는지 확인이 필요합니다.",공개,11
2024-06-24,미래군 건축허가과,FOI-2024-02276,샘물동 재개발지구 고용 창출 지원사업 선정 기준 청구 (2276호),"재개발 구역 내 지역 주민 대상 고용 창출 지원사업의 신청 자격 기준, 심사 과정 및 배분 비율이 어떻게 되는지 알고 싶습니다. 전직 전자 및 정밀 기구 조립원으로 경력이 있는데 해당 사업 참여가 가능한지 확인이 필요합니다.",부분공개,9
2023-11-23,빛솔시 아람구 건축허가과,FOI-2023-02277,재개발 기간 중 자녀 안전 확보 방안 및 통학로 현황 청구 (2277호),"샘물동 재개발구역내 한울초 주변 통학로 구간이 공사 기간 동안 어떻게 관리되고 있는지, 공사 차량 통행 금지 구간 설정 및 학생 안전 확보 방안이 수립되어 있는지 구체적으로 알고 싶습니다.",부분공개,5
2023-11-04,미래군 건축허가과,FOI-2023-02278,재개발 이전 아파트 관리비 부과 및 사후 정산 기준 청구 (2278호),"재개발 착공 전 현재 아파트의 관리비 미수납액 규모, 공용 부분 유지보수 내역, 그리고 재개발 완료 후 기존 관리비 잔액의 환불 또는 이월 처리 기준이 어떻게 되는지 알려주시기 바랍니다.",부분공개,10
2023-07-05,새봄시 한울구 도시계획과,FOI-2023-02279,재개발 이후 커뮤니티시설 배치 계획 및 이용 안내 청구 (2279호),"재개발 완료 후 맑은마을 커뮤니티센터 내에 설치 예정인 어린이놀이시설 및 육아지원시설의 규모, 수용 인원, 운영 시간, 이용 신청 방법 등 구체적인 이용 안내 자료가 있는지 확인 요청합니다.",부분공개,2
2025-06-11,라온군 건축허가과,FOI-2025-02280,재개발 관련 지원사업 참여자 명단 공개 청구 (2280호),"샘물동 재개발지구 내에서 실시된 지원사업에 참여 확정된 주민 명단과 지원금 지급 현황이 공개되어 있는지 확인하고, 본인 참여 가능 여부를 판단하고자 관련 정보를 요청합니다.",부분공개,1
2022-03-22,누리시 바른구 건축허가과,FOI-2022-02281,푸른마루 교차로 재개발 건축물 용도 구분 기준 청구 (2281호),"푸른마루 교차로 일대 재개발 계획에서 사업용 시설과 주거용 시설의 용도 구분 기준 및 비율이 어떻게 결정되었는지, 해당 기준의 공개된 자료를 제공하여 주시기 바랍니다.",부분공개,3
2025-01-11,여울시 단비구 도시계획과,FOI-2025-02282,재개발 지구내 공동주택 관리 위탁 업체 선정 과정 청구 (2282호),"재개발 지구 완공 후 관리 위탁이 예정된 업체 선정 과정이 투명하게 이루어지고 있는지, 업체 선정 평가 기준 및 투표 방법에 대한 내부 규정을 공개하여 주시기 바랍니다.",비공개,7
2024-12-08,세움시 맑은구 도시계획과,FOI-2024-02283,재개발으로 인한 주변 상가 영업손실 보상 기준 청구 (2283호),"재개발 공사 기간 중 주변 상가의 영업손실에 대한 보상금 지급 기준과 신청 절차, 보상 범위에 포함되는 항목이 무엇인지 구체적인 안내를 요청합니다.",부분공개,8
2025-01-05,여울시 단비구 건축허가과,FOI-2025-02284,재개발 사업시행자의 사업 절차 안내 청구 (2284호),"재개발 사업이 주민 불만으로 변경될 경우, 계획의사결정 과정과 주민 의견 수렴 방법, 그리고 변경된 내용의 재공표 절차가 어떻게 운영되는지 알고 싶습니다.",공개,6
2024-01-13,해솔시 건축허가과,FOI-2024-02285,재개발 지구 주변 주차장 부족 문제 해결 방안 청구 (2285호),"재개발 공사 기간 중 주변 아파트 주민들의 주차 공간 부족 문제가 심화되고 있는데, 공사 기간 임시 주차장 확보 방안 및 주변 공영주차장 이용 편의 제공 계획이 있는지 확인 요청합니다.",부분공개,11
2023-01-01,여울시 단비구 도시계획과,FOI-2023-02286,재개발 지구내 환경 감시 빈도 및 측정 결과 공개 청구 (2286호),"세움산업단지 입구 인접 재개발 지구내에서 발생하는 대기오염, 소음, 진동 등의 환경 영향에 대한 감시 빈도, 측정 장소, 최근 측정 결과 및 규제 기준 초과 시 대응 절차를 알려주시기 바랍니다.",비공개,5
2025-10-12,너울시 물빛구 건축허가과,FOI-2025-02287,재개발 구역 환경 영향 평가 자료 공개 청구 (2287호),"재개발 사업 추진 전 실시된 환경 영향 평가 보고서 중 토양오염, 지하수 수질, 생태계 변화에 대한 조사 결과 및 환경보전 내용을 공개하여 주시기 바랍니다.",공개,10
2025-09-04,새봄시 한울구 도시계획과,FOI-2025-02288,재개발 현장 환경 감시원 배치 기준 및 활동 내역 청구 (2288호),"재개발 현장에 배치된 환경 감시원의 업무 범위, 근무 시간, 감시 항목 및 이상 발생 시 보고 체계가 어떻게 운영되는지, 그리고 최근 환경 위반 사항에 대한 조치 내역이 있는지 알려주세요.",비공개,16
2023-03-11,세움시 맑은구 도시계획과,FOI-2023-02289,재개발 지구내 재활용 폐기물 처리 방식 공개 청구 (2289호),"재개발 공사 과정에서 발생하는 건설 폐기물과 재활용 가능한 자원의 처리 방식, 위탁 처리 업체 선정 기준 및 환경 기준 적합 여부 확인 방법에 대한 정보를 요청합니다.",공개,15
2023-03-11,누리시 바른구 건축허가과,FOI-2023-02290,재개발 주변 수변 생태계 모니터링 계획 공개 청구 (2290호),"재개발 구역 인접 도담천 산책로 일대의 수변 생태계에 대한 모니터링 계획이 수립되어 있는지, 특히 공사 기간 중 수질 변화 파악 및 생태복원 계획이 있는지 확인 요청합니다.",부분공개,5
2023-07-06,세움시 맑은구 건축허가과,FOI-2023-02291,비주거용 건물 내 재개발 건축물 층수 변경 절차 청구 (2291호),"현재 거주 중인 비주거용 건물 내 주택이 재개발 대상에 포함되어 있는데, 건축물 층수 변경의 의사결정 과정과 주민 동의 취득 기준, 반대 주민의 권리 보전 방안이 어떻게 되는지 알고 싶습니다.",부분공개,15
2023-07-29,미래군 도시계획과,FOI-2023-02292,재개발 철거 비용 산정 근거 및 보상금 계산 기준 청구 (2292호),"비주거용 건물 내 주택의 철거 비용 산정 방식과 기존 주택에 대한 보상금 계산 기준, 그리고 보상금 산정에 포함되는 항목과 제외되는 항목이 무엇인지 구체적으로 알려주시기 바랍니다.",부분공개,4
2023-05-23,가람시 새빛구 도시계획과,FOI-2023-02293,재개발 이후 음식 서비스업 영업 환경 변화 전망 청구 (2293호),"재개발 완료 후 새빛시장 주변의 상가 조성이 완료되면 음식 서비스업 관련 입점 희망자에게 제공되는 임대 조건, 보증금 규모, 주변 상권 환경 변화 예측 자료가 있는지 확인 요청합니다.",부분공개,10
2025-06-01,여울시 단비구 건축허가과,FOI-2025-02294,재개발 사업 시행 일정 및 단계별 주민 안내 계획 청구 (2294호),"비주거용 건물 내 주택 재개발 사업의 전체 시행 일정, 철거·건축·입주 단계별 추진 계획, 그리고 각 단계에서 주민에게 제공될 안내 행사 및 설명회 계획이 어떻게 되는지 알고 싶습니다.",부분공개,14
2025-04-10,새봄시 한울구 도시계획과,FOI-2025-02295,재개발 구역 경유 버스 노선 변경 안내 청구 (2295호),"재개발 공사 기간 중 누리버스 정류장 경유 버스 노선 변경 가능성이 있는지, 변경 시 대체 교통 수단 확보 방안 및 주민 이동권 보장 계획에 대해 안내하여 주시기 바랍니다.",부분공개,1
2025-10-26,가람시 새빛구 건축허가과,FOI-2025-02296,새봄역 환승구역 재개발 관련 다가구주택 지원 정책 청구 (2296호),"새봄역 환승구역 일대 재개발에 참여하는 소규모 다가구주택 소유자를 위한 지원 정책이 있는지, 지원금 신청 자격, 금액 범위, 신청 절차를 알려주시기 바랍니다.",공개,7
2025-11-10,너울시 물빛구 도시계획과,FOI-2025-02297,재개발물 에너지 효율 등급 기준 공개 청구 (2297호),"재개발 완료 예정 건축물의 에너지 효율 등급이 몇 등급으로 설계되어 있는지, 친환경 건축물 인증 획득 여부 및 에너지 절약 효과를 높이기 위한 구체적인 내용에 대해 알고 싶습니다.",비공개,3
2025-06-08,예담시 늘품구 건축허가과,FOI-2025-02298,재개발 지구 주변 상가 임대료 수준 조사 자료 청구 (2298호),재개발 지구 주변 새빛시장 및 가온로 보행구간 일대의 현재 상가 임대료 수준에 대한 조사 자료와 재개발 이후 예상 임대료 변화 추정에 대한 자료를 공개하여 주시기 바랍니다.,공개,6
2025-01-24,빛솔시 아람구 건축허가과,FOI-2025-02299,재개발 참여 희망 청년 위한 직업 훈련 과정 안내 청구 (2299호),"재개발 지역내에서 실시 예정인 청년 대상 직업 훈련 과정의 종류, 훈련 기간, 참여 자격, 수료 후 취업 연계 방안에 대한 구체적인 안내 자료를 요청합니다.",부분공개,17
2025-12-16,미래군 도시계획과,FOI-2025-02300,재개발 주민 갈등 조정 기구 설치 및 운영 기준 청구 (2300호),"재개발 과정 중 주민 간 또는 주민과 사업자 간 갈등이 발생할 경우 이를 조정할 수 있는 기구의 설치 여부, 구성 방식, 운영 기준, 그리고 조정 신청 방법에 대해 알려주시기 바랍니다.",부분공개,10
2024-08-21,라온군 교육지원과,FOI-2024-02301,한울초등학교 신축공사 감리일정 및 현장감독 인원배치 현황 (2301호),"한울초등학교 신축공사의 감리일정표와 현장감독 인력배치 현황을 요청합니다. 공기 단축으로 인한 시공 품질 저하가 우려되므로, 적정 감리 인원 확보 여부와 현장순회 감독 빈도 등에 대한 구체적인 자료가 필요합니다.",공개,19
2024-12-06,너울시 물빛구 교육지원과,FOI-2024-02302,샘물동 생활권 초등학교 통학버스 운행시간표 및 안전점검 기록 (2302호),"샘물동 생활권 내 초등학교 통학버스 운행시간표와 최근 1년간의 안전점검 기록을 요청합니다. 아침 시간대 통학버스 지연 및 혼잡 문제가 반복되고 있어, 차량 점검 주기와 안전장비 비치 현황이 적절한지 확인이 필요합니다.",공개,5
2024-05-14,누리시 바른구 복지정책과,FOI-2024-02303,미래복합센터 인근 학교 급식 식재료 원산지 및 영양사 배치 기준 (2303호),미래복합센터 인근 학교의 급식 식재료 원산지와 영양사 배치 기준에 대해 요청합니다. 학교 증축으로 학생 수가 급증함에 따라 영양사 인력 충원 계획과 식재료 품질관리 절차를 확인할 필요가 있습니다.,공개,3
2024-12-15,누리시 바른구 교육지원과,FOI-2024-02304,한울초등학교 교실 온도관리 설비 점검주기 및 노후화 현황 (2304호),"한울초등학교 교실 온도관리 설비의 점검주기 및 노후화 현황을 요청합니다. 노후 아파트 단지에 인접한 학교의 경우 냉난방 설비 효율이 낮아지고 있어, 설비 교체 계획의 구체적 일정과 예산 배정 현황이 필요합니다.",부분공개,15
2024-01-27,너울시 물빛구 복지정책과,FOI-2024-02305,학교 허가과정에서 민원 처리기간 및 보완요청 사항 내역 (2305호),"학교 허가과정에서의 민원 처리기간과 보완요청 사항 내역을 요청합니다. 학교 증축 사업의 민원 처리 절차가 투명하게 진행되었는지, 처리 지연 사유 및 개선 대응 방안이 무엇인지 구체적으로 확인할 예정입니다.",비공개,13
2024-12-02,여울시 단비구 교육지원과,FOI-2024-02306,방과후 돌봄교실 운영시간 연장 검토 계획 및 이용 아동 현황 (2306호),"방과후 돌봄교실 운영시간 연장 검토 계획과 현재 이용 아동 수·보호자 만족도 조사 결과를 요청합니다. 맞벌이 가구로 인해 저녁 돌봄 공백이 지속되고 있어, 운영시간 확대 필요성에 대한 기초자료 확보가 목적입니다.",공개,2
2025-10-06,새봄시 한울구 복지정책과,FOI-2025-02307,돌봄교사 채용 공고 일자 및 최종합격자 경력 자격기준 (2307호),최근 돌봄교사 채용 공고 일자와 최종합격자의 경력 및 자격기준 관련 내역을 요청합니다. 구직 중인 상황에서 돌봄교사 채용의 투명성과 공정한 선발 기준이 적용되었는지 확인하고 싶습니다.,부분공개,17
2024-05-24,가람시 새빛구 복지정책과,FOI-2024-02308,방과후돌봄 프로그램 위탁 민간업체 선정 평가기준 및 배점표 (2308호),방과후돌봄 프로그램 위탁 민간업체 선정 시 사용한 평가기준과 배점표를 요청합니다. 공공입찰의 공정성과 선정 기준의 객관성 여부를 검증하기 위한 자료가 필요합니다.,공개,14
2023-02-04,라온군 교육지원과,FOI-2023-02309,돌봄시설 확충 관련 추진사업비 보조금 집행내역 및 사업효과 평가 (2309호),돌봄시설 확충 관련 추진사업비 보조금 집행내역 및 사업효과 평가 결과를 요청합니다. 보조금의 효율적 사용 여부와 사업 목표 달성 여건에 대한 성과를 구체적으로 파악하고자 합니다.,공개,4
2022-03-17,여울시 단비구 교육지원과,FOI-2022-02310,돌봄이용 아동 안전교육 실시횟수 및 위기대응 매뉴얼 배포 여부 (2310호),돌봄이용 아동 대상 안전교육 실시횟수와 위기대응 매뉴얼 배포 현황을 요청합니다. 혼자 거주하며 자취하는 상황에서 공백 시간 안전 확보 방안이 실질적으로 마련되어 있는지 확인이 필요합니다.,공개,10
2025-03-28,해솔시 복지정책과,FOI-2025-02311,새빛시장 주변 학교 야간돌봄 프로그램 운영 및 야간보호자 배치 현황 (2311호),새빛시장 주변 학교의 야간돌봄 프로그램 운영 현황과 야간보호자 배치 인원 및 근무시간표를 요청합니다. 야간 근무 여건으로 인해 저녁 돌봄이 필요한 상황에서 프로그램 확대 가능성을 확인하고 싶습니다.,공개,19
2024-02-22,예담시 늘품구 복지정책과,FOI-2024-02312,학교 인근 보행구간 가로등 설치 및 교체 일자 내역 (2312호),"가온로 보행구간 내 학교 인근 가로등 설치 및 교체 일자 내역을 요청합니다. 새벽에 출근길에 노출되는 보행 환경의 안전성 여부를 파악하고자 하며, 가로등 신고 접수 후 조치기간이 적절했는지 확인이 필요합니다.",공개,11
2023-04-10,해솔시 복지정책과,FOI-2023-02313,한울초등학교 축제 주관 예산 규모 및 집행 세부내역 (2313호),"한울초등학교 축제 주관 예산 규모와 집행 세부내역을 요청합니다. 학교 축제가 학생들 문화체험 기회의 질을 좌우하는 만큼, 예산 배분의 공정성과 효율성에 대한 투명한 정보 공개가 필요합니다.",부분공개,17
2024-01-26,누리시 바른구 교육지원과,FOI-2024-02314,돌봄사업 운영비 지원금 지급기준 및 소득별 차등 적용 내역 (2314호),돌봄사업 운영비 지원금 지급기준과 소득별 차등 적용 내역을 요청합니다. 혼자 거주하며 소득이 제한적인 상황에서 정부 지원의 공정 배분이 이루어졌는지 구체적으로 확인할 필요가 있습니다.,부분공개,3
2024-10-28,세움시 맑은구 교육지원과,FOI-2024-02315,학교 운동장 시간 확대 검토 회의록 및 주민의견 수렴 결과 (2315호),"학교 운동장 시간 확대 검토 시된 회의록과 주민의견 수렴 결과를 요청합니다. 학교 시설 공유 정책의 실효성과 지역 주민 요구 반영 여부를 파악하여, 공공시설 이용 편의성 개선에 기여하고자 합니다.",부분공개,16
2023-09-15,너울시 물빛구 복지정책과,FOI-2023-02316,가온로 보행구간 통학로 위험시설 개선사업 추진 현황 및 공사기간 (2316호),가온로 보행구간 통학로 위험시설 개선사업 추진 현황과 공사기간 및 예산 배정 내역을 요청합니다. 학생 통행 안전 확보를 위해 사업이 적기에 완료될 수 있도록-progress 관리 현황이 투명하게 공개될 필요가 있습니다.,부분공개,12
2023-05-12,가람시 열린구 복지정책과,FOI-2023-02317,방과후 돌봄교실 입소 희망자 경쟁률 및선정 탈락 사유 분석 자료 (2317호),"방과후 돌봄교실 입소 희망자 경쟁률과 선정 탈락 사유에 대한 분석 자료를 요청합니다. 돌봄 서비스 확대 필요성 검토를 위한 통계자료로서, 탈락 사유별 유형 분류와 비율이 포함된 내용입니다.",부분공개,3
2025-08-27,미래군 복지정책과,FOI-2025-02318,세움산업단지 입구 주변 학교 미세먼지 농도 측정 기록 및 대응조치 (2318호),"세움산업단지 입구 주변 학교의 미세먼지 농도 측정 기록과 측정 결과 초과 시 대응조치 내용을 요청합니다. 산업단지에 인접한 학교 환경의 위생 안전성에 대한 우려가 있으며, 구체적인 측정 데이터와 조치 내역이 필요합니다.",공개,2
2025-03-11,여울시 단비구 교육지원과,FOI-2025-02319,돌봄교사 해고 및 노동조건 위반 관련 민원 접수 및 처리결과 (2319호),"돌봄교사 해고 및 노동조건 위반 관련 민원 접수 내역과 처리결과를 요청합니다. 전직 화학물 가공 장치 조작원으로 다양한 노동현장에서 불합리한 대우를 경험한에서, 돌봄 현장의 노동자 보호 실태를 확인하고자 합니다.",공개,8
2024-03-29,새봄시 한울구 교육지원과,FOI-2024-02320,학교 급식위탁업체 선정 재능 입찰 평가항목 및 심사위원 충원 절차 (2320호),학교 급식위탁업체 선정 재능 입찰 평가항목과 심사위원 충원 절차를 요청합니다. 위탁업체 선정의 투명성을 검증하기 위해 평가기준의 객관성과 심사위원 구성의 공정성 여부를 확인할 필요가 있습니다.,부분공개,20
2024-02-06,세움시 맑은구 교육지원과,FOI-2024-02321,맑은마을 커뮤니티센터 돌봄 프로그램 이용자 만족도 조사 설계안 및 결과 (2321호),"맑은마을 커뮤니티센터 돌봄 프로그램 이용자 만족도 조사 설계안과 조사 결과를 요청합니다. 프로그램의 질적 향상을 위한 기초자료로서, 만족도 제고에 대한 구체적 개선 여부를 파악하고자 합니다.",비공개,3
2022-08-04,예담시 늘품구 복지정책과,FOI-2022-02322,누리버스 정류장 주변 통학로 유지보수 공사 발주 및 계약 방식 (2322호),"누리버스 정류장 주변 통학로 유지보수 공사 발주 및 계약 방식에 대해 요청합니다. 계약의 투명성과 적정 가격 여부를 검증하기 위해 입찰 방식, 낙찰자 선정 기준 및 계약 금액이 포함된 자료가 필요합니다.",부분공개,15
2025-11-26,세움시 맑은구 교육지원과,FOI-2025-02323,한울초등학교교실 농도 측정 결과 및 실내공기질 관리 계획 (2323호),"한울초등학교교실의 농도 측정 결과와 실내공기질 관리 계획을 요청합니다. 자녀가 새로 지어진 교실에서 수업을 듣는 상황에서, 실내 공기질 안전 기준 충족 여부와 지속적인 관리 계획이 마련되어 있는지 확인이 필요합니다.",부분공개,13
2024-08-12,누리시 바른구 복지정책과,FOI-2024-02324,돌봄시설 에너지비용 보조금 지급 규모 및 난방비 보조 집행 실태 (2324호),"돌봄시설 에너지비용 보조금 지급 규모와 난방비 보조 집행 실태를 요청합니다. 도시가스 가격 상승으로 인해 돌봄시설 운영비가 급증하는 상황에서, 보조금 지급의 적정성과 신속한 지원을 위한 실태 파악이 목적입니다.",부분공개,12
2022-04-12,해솔시 교육지원과,FOI-2022-02325,학교돌봄 연계 지역사회 돌봄자원 연결 현황 및 성과보고서 (2325호),"학교돌봄 연계 지역사회 돌봄자원 연결 현황과 성과보고서를 요청합니다. 학교와 지역 돌봄 인프라 간 연계 강화 방안의 실제 적용 성과를 평가하기 위한 자료로서, 자원 연결 건수, 연계 사업 유형, 참여 기관 현황이 포함됩니다.",부분공개,16
2025-04-15,너울시 물빛구 보건행정과,FOI-2025-02326,샘물동 보건소 코로나19 호흡기 환자 진료 동선 분석 자료 청구 (2326호),샘물동 일대 코로나19 호흡기 환자 증가에 따라 해당 지역 내 보건소에서 실시한 역학조사 결과를 요청합니다. 특히 지난 3개월간 발열·호흡기 증상 환자의 검사 비율과 양성률을 연령대별로 정리해 주시기 바랍니다.,공개,12
2024-07-01,여울시 단비구 보건행정과,FOI-2024-02327,소아청소년과 예방접종 독감백신 공급 일정 및 배분 기준 자료 (2327호),"최근 인플루엔자 호흡기 질환 유행에 따라 보건소 예방접종 정책이 중요한데, 관할 지역 내 소아 대상 독감백신 우선 공급 일정과 각 의료기관별 배분량 결정 기준에 대한 문서를 요청합니다.",부분공개,8
2023-06-17,가람시 열린구 보건행정과,FOI-2023-02328,열린마을 공원 공중화장실 소독 빈도 및 사용 기준 자료 (2328호),열린마을 공원 내 공중화장실의 소독 주기와 사용 인원 허용 기준에 대해 보건소 내 소독 지침이 있는지 확인하고 싶습니다. 어린이 동반 방문이 잦아 위생 관리 수준이 중요합니다.,부분공개,2
2025-07-24,예담시 늘품구 복지정책과,FOI-2025-02329,보건소 감염병 관리 인력 배치 현황 및 대행 의뢰 기준 자료 (2329호),"감염병 유행 시 보건소 인력 대응 체계를 파악하기 위해 현재 감염병 전담 인력 수와 외부 기관에 대행 의뢰하는 기준, 그리고 지난 1년간 위탁 감염병 검사 의뢰 건수를 요청합니다.",공개,13
2023-10-08,너울시 물빛구 보건행정과,FOI-2023-02330,가온로 보행구간 미세먼지·환기 환경과 호흡기 질환 상관관계 자료 (2330호),"가온로 보행구간 일대의 미세먼지 농도와 호흡기 질환 발생 건수 간 상관관계에 대한 조사 결과가 있는지 확인하고, 보건소에서 해당 지역 주민 대상 호흡기 건강 검진 실시 여부를 요청합니다.",공개,6
2022-02-23,새봄시 한울구 보건행정과,FOI-2022-02331,비행기 정비원 직무 환경과 호흡기 질환 관련 보건소 상담 이력 청구 (2331호),항공기 직장에서의 윤활유 흡입 및 연료 노출로 인해 호흡기 불편을 호소하는 동료가 늘고 있습니다. 보건소에서 직업병 관련 상담 및를 받은 내역이 있는지 확인하고 싶습니다.,공개,4
2023-06-05,도담군 보건행정과,FOI-2023-02332,미르로 교차로 주변 매연 배출량과 천식·알레르기 환자 분포 자료 (2332호),미르로 교차로 일대는 차량 통행량이 많아 미세먼지 및 매연 문제가 심각합니다. 보건소에서 해당 지역 거주민의 천식·알레르기 환자 분포 조사 결과를 공개해 주시기 바랍니다.,공개,9
2023-12-05,가람시 열린구 복지정책과,FOI-2023-02333,미래복합센터 인근 근로자 대상 호흡기 질환 건강 진단 실시 결과 (2333호),미래복합센터 인근 산업단지 종사자들 사이에서 최근 만성 기침·호흡곤란 증상을 호소하는 사례가 증가하고 있습니다. 보건소에서 실시한 근로자 호흡기 질환 건강 진단 결과를 요청합니다.,공개,8
2022-11-19,도담군 복지정책과,FOI-2022-02334,새빛시장 주변 상인 대상 감염병 예방 교육 실시 내역 및 교재 (2334호),새빛시장 주변 상인들은 손님과의 접촉이 잦아 감염병 노출 위험이 높습니다. 보건소에서 상인들을 대상으로 실시한 감염병 예방 교육 일시·내용·참가 인원 그리고 사용된 교재 자료를 요청합니다.,부분공개,14
2022-04-27,누리시 바른구 복지정책과,FOI-2022-02335,도담천 산책로 공용 피트니스 운동시설 소독 및 위생 관리 기준 (2335호),"도담천 산책로에 설치된 공용 피트니스 운동시설을 주민들이 자유롭게 이용하는데, 보건소에서 해당 시설의 소독 빈도 및 위생 관리 기준을 어떻게 설정·감독하고 있는지 자료를 요청합니다.",공개,13
2024-10-08,새봄시 한울구 보건행정과,FOI-2024-02336,노인 취약계층 대상 호흡기 질환 예방접종 무료 사업 추진 현황 (2336호),"64세 이상 고령자로 구성된 가구를 대상으로 보건소에서 실시하는 호흡기 질환 예방접종 무료 사업의 올해 추진 현황과 내년 계획, 그리고 후 이상반응 접수 건수를 요청합니다.",부분공개,9
2023-03-08,가람시 열린구 보건행정과,FOI-2023-02337,피부과 전문의로서 Mers-CoV 등 신종 감염병 의료기관 대응 매뉴얼 청구 (2337호),최근 Mers-CoV 등 신종 감염병 우려가 높아지면서 의료기관에서 피부과·비뇨기과 진료 시 착용해야 할 보호복 기준과 환자 선별 기준이 궁금합니다. 보건소에서 배포한 의료기관용 대응 매뉴얼을 요청합니다.,부분공개,16
2022-07-31,너울시 물빛구 보건행정과,FOI-2022-02338,누리버스 정류장 주변 노약자 이동 동선과 감염병 노출 위험 평가 (2338호),누리버스 정류장을 이용하는 노약자들이 밀집하면서 감염병 노출 위험이 높아지고 있습니다. 보건소에서 노약자 밀집 지역을 대상으로 수행한 감염병 노출 위험 평가 결과를 요청합니다.,공개,7
2023-05-31,해솔시 보건행정과,FOI-2023-02339,가람공공청사 주변 공기 질 모니터링 결과 및 천식 환자 진료를 위한 참고 자료 (2339호),가람공공청사 주변은 교통량이 많아 대기오염 문제가 지속되고 있습니다. 피부과 및 비뇨기과 진료를 하면서 해당 지역의 공기 질 모니터링 결과를 참고하고 싶어 보건소 자료를 요청합니다.,부분공개,8
2025-10-16,예담시 늘품구 복지정책과,FOI-2025-02340,한울초 주변 통학로의등학교 학생 결핵 피부반응 검사 실시 결과 (2340호),한울초 주변 통학로를 다니는 학생들 사이에서 결핵 피부반응 검사 결과가 궁금합니다. 보건소에서 해당 학교 학생들을 대상으로 실시한 최근 검사 실시 결과 및 양성 반응 비율을 요청합니다.,공개,7
2023-06-14,너울시 물빛구 복지정책과,FOI-2023-02341,한들동 생활권 내 피부 알레르기·접촉성 피부염 환자 증가 원인 조사 자료 (2341호),한들동 생활권에서 최근 피부 알레르기·접촉성 피부염 환자가 급증하고 있어 보건소에서 원인 조사 결과를 요청합니다. 특히 수돗물 수질·주변 공장 배출 물질과 관련이 있는지 확인하고 싶습니다.,공개,6
2023-11-25,해솔시 보건행정과,FOI-2023-02342,염색 산업 종사자 화학물질 노출과 호흡기·피부 질환 관련 보건소 연구 자료 (2342호),염색 개발로서 산업 현장의 화학물질 노출이 호흡기와 피부에 미치는 영향을 연구하고 있습니다. 보건소에서 보유한 특정 화학물질과 호흡기·피부 질환 간 관련성에 대한 연구·조사 자료를 요청합니다.,부분공개,11
2024-10-08,누리시 바른구 보건행정과,FOI-2024-02343,푸른마루 교차로 대기오염도와 학교 학생 호흡기 질환 발생률 상관관계 자료 (2343호),"푸른마루 교차로 인접 학교 학생들 사이에서 호흡기 질환이 증가하고 있는데, 해당 지역의 대기오염도와 학생 호흡기 질환 발생률 간 상관관계에 대한 보건소 보유 자료를 요청합니다.",공개,8
2025-07-02,새봄시 한울구 보건행정과,FOI-2025-02344,세움산업단지 입구 주변 대기오염 허용기준 초과 빈도 및 행정 조치 이력 (2344호),세움산업단지 입구 주변의 대기오염 허용기준 초과 빈도와 보건소 또는 환경관리청서에서 실시한 행정 조치 이력을 요청합니다. 인근 주민으로서 자녀의 건강이 걱정됩니다.,공개,15
2023-01-05,누리시 바른구 복지정책과,FOI-2023-02345,아파트 단지의 공동 환기 시스템과 코로나19 등 호흡기 감염병 확산 방지 지침 (2345호),"아파트 단지의 공동 환기 시스템이 호흡기 감염병 확산에 어떤 영향을 미치는지 보건소에서 검토한 지침이 있는지 확인하고, 공동주택 관리에 대한 감염병 예방 권고 사항을 요청합니다.",공개,18
2022-10-23,미래군 복지정책과,FOI-2022-02346,해솔문화광장 여름철 모기·벼룩 등 매개체 감염병 발생 빈도 및 예방 활동 (2346호),해솔문화광장에서 여름철 벼룩·모기 등이 많고 이를 매개로 한 감염병 발생 우려가 있습니다. 보건소에서 해당 지역 매개체 감염병 발생 빈도와 예방 박멸 활동을 요청합니다.,공개,15
2022-11-26,세움시 맑은구 보건행정과,FOI-2022-02347,의류 판매원 근무 환경의류 매장 내 환기 상태와 호흡기 질환 관련 자료 (2347호),의류 매장 근무 중 실내 환기가 잘되지 않아 고객과 직원 모두 호흡기 불편을 느끼는 경우가 많습니다. 보건소에서 실내 환기 기준과 환기가 불량한 실내 공기 질 관련 질환 정보를 요청합니다.,공개,10
2025-01-01,누리시 바른구 복지정책과,FOI-2025-02348,온빛도서관 앞 독감 환자 발생 현황 및 도서관 내 감염병 예방 조치 기준 (2348호),독감 유행에 온빛도서관 앞 지역에서 독감 의심 환자 발생 건수가 증가하고 있습니다. 보건소에서 도서관·공공시설 내 감염병 예방 조치 기준과 해당 지역 진료 건수를 요청합니다.,공개,19
2024-12-09,빛솔시 아람구 복지정책과,FOI-2024-02349,맑은마을 커뮤니티센터 다중이용시설 감염병 청소·소독 실적 및 기준 (2349호),"맑은마을 커뮤니티센터는 주민들의 주요 이용 시설인데, 감염병 유행 시 소독 빈도와 청소 기준이 어떻게 되는지 보건소 내 기준 문서를 요청합니다. 가족 중 피부 민감도가 높은 사람이 있습니다.",부분공개,20
2023-08-12,온빛시 보건행정과,FOI-2023-02350,새봄역 환승구역 대규모 인파 집합 시 감염병 확산 방지 긴급 대응 계획 (2350호),새봄역 환승구역은 환승 인파가 매우 밀집하는 곳으로 감염병 확산 위험이 높습니다. 보건소에서 대규모 인파 집합 시의 감염병 확산 방지 긴급 대응 계획과 이전 실행 실적을 요청합니다.,공개,18
2022-10-30,새봄시 한울구 안전총괄과,FOI-2022-02351,우리 아파트 지하주차장 비상대피 공간 안전 점검 현황 (2351호),"아버지와 함께 거주하는 아파트에서 재실 중이다. 최근 지하주차장 비상대피 공간의 안전 시설 및 피난 안내 표시 현황이 우려되어 신청한다. 지난 3년간 해당 공간의 소방 설비 점검 기록, 피난 경로 도색 및 유도등 작동 이력을 알려주시기 바란다.",비공개,13
2023-12-04,가람시 새빛구 안전총괄과,FOI-2023-02352,샘물동 생활권 내 비상방송장치 설치 위치 및 작동 기준 (2352호),"전자 및 통신장비 기술 영업원으로 근무하며 재해 시 통신 연계 Emergency Alert System 활용성에 주목하고 있다. 거주 아파트 단지와 주변 상가 일대의 비상방송장치 설치 위치, 음량 기준치, 정기 점검 주기를 공개해 주시면 업무 참고 및 개인 안전 점검에 활용하고자 한다.",비공개,14
2024-11-20,온빛시 행정지원과,FOI-2024-02353,가온로 보행구간 재난 시 대피경로 확보 현황 (2353호),"전자 및 통신장비 기술 영업원으로 전국 시장을 돌며 영업하는 만큼, 주요 보행구간에서 재해 발생 시 대피경로 확보 여부가 중요하다. 가온로 보행구간 구간별 안전 턱널 설치 유무, 비상구 표시등 현황 및 해당 구간 재난대비 매뉴얼 존재 여부를 알려주시기 바란다.",공개,6
2025-10-15,가람시 새빛구 행정지원과,FOI-2025-02354,새빛시장 주변 재난대비 피난대피시설 운영 주체 (2354호),"영업 차 자주 방문하는 새빛시장 주변의 재해 시 대피소 위치와 운영 주체를 파악하고자 한다. 시장 내 비상대피시설 지정 고지 여부, 관리 주체 연락체계, 시장 폐쇄 시 입점상인 대피 의무 기준을 포함해 알려주시기 바란다.",부분공개,14
2023-07-02,새봄시 한울구 행정지원과,FOI-2023-02355,미래복합센터 인근 대피소 공간 수용인원 기준 (2355호),"미래복합센터 인근 대피소 공간의 수용인원 산정 기준과 실제 대피 가능 면적을 확인하고 싶다. 해당 대피소 지정 후 변경 이력, 위기 수준의 단계별 대피인원 기준, 구역별 배정 계획이 있는지 알려주시기 바란다.",부분공개,19
2025-11-18,누리시 바른구 행정지원과,FOI-2025-02356,다세대주택지역 대피계획과 공연장 비상대피 기준 비교 (2356호),"지휘자로서 다중이 관람하는 공연장 비상대피 기준을 일상적으로 다루고 있다. 배우자 및 자녀와 거주하는 다세대주택 밀집 지역에서 지역 재난 시 대피계획과 공연장 안전 기준이 어떻게 다른지, 해당 지역 적용 기준을 비교·검토할 수 있는 자료를 요청한다.",공개,6
2024-01-21,여울시 단비구 안전총괄과,FOI-2024-02357,한울초 주변 통학로 지정 대피경로 및 대피교육 내역 (2357호),"자녀가 한울초에 재학 중이며, 통학로 구간에서 자연재해 발생 시 대피경로와 교내 대피교육 일정이 부모로서 중요하다. 한울초 주변 통학로 지정 대피경로 변경 이력, 학교별 대피훈련 연례 실시 횟수 및 대피교육 세부 과정을 알려주시기 바란다.",부분공개,5
2025-06-26,가람시 열린구 행정지원과,FOI-2025-02358,미르로 교차로 교통사고·재난 통합 대피체계 존재 여부 (2358호),"지휘 업무 특성상 대규모 인명 이동 상황을 계획적으로 다루는 데 익숙하다. 미르로 교차로 일대에서 교통사고와 자연재난을 아우르는 통합 대피체계 수립 여부, 해당 교차로 긴급차량 접근로 확보 현황 및 주민 고지 절차를 알려주시기 바란다.",부분공개,1
2024-02-29,미래군 안전총괄과,FOI-2024-02359,도담천 산책로 위험구간 지정 기준과 대피장소 현황 (2359호),"가족과 산책 시 도담천 산책로를 자주 이용한다. 하절기 우려 구간과 토석류 우려 구간의 지정 기준, 해당 구간 긴급 대피장소 위치 및 대피 완료 예상 시간 등 현장 안전 정보를 공개해 주시면 감사하겠습니다.",비공개,7
2023-07-11,예담시 늘품구 행정지원과,FOI-2023-02360,라온체육센터 주변 실내 대피소 배정 우선순위 기준 (2360호),"지휘자로서 연습 확보를 위해 라온체육센터 주변 지역을 자주 활용한다. 재해 시 실내 대피소 배정에서 주민 우선순위 결정 기준, 신체장애 보유자·임산부·영유아 동거 가족의 편의시설 우선 배정 정책이 존재하는지 알려주시기 바란다.",공개,15
2024-12-17,가람시 열린구 안전총괄과,FOI-2024-02361,신속대피サービス대상시설 현황 및 지역별 분포 밀도 (2361호),"전직 삽화가로 현재 구직 중이며, 재해 시 혼자 거주하는 상황에서 신속한 대피가 중요하다. 신속대피 대상 시설로 등록된 곳의 지역별 분포 현황, 등록 취소 이력, 접근성이 낮아 등록이 보류된 시설이 있는지 관련 자료를 요청한다.",공개,11
2023-11-08,가람시 열린구 안전총괄과,FOI-2023-02362,온빛도서관 앞 대피소 지정 경과 및 안전시설 기준 (2362호),"현재 구직 중인で, 취미로 도서관을 자주 찾는 편이다. 온빛도서관 앞 지역이 대피소로 지정된 경위, 건물 구조적 안전 진단 여부, 대피인원 수용을 위한 임시 설비 설치 계획이 있는지 알려주시기 바란다.",공개,18
2025-03-23,해솔시 안전총괄과,FOI-2025-02363,너울천 산책로 재해 시 주민 대피소 전환 가능성 검토 (2363호),"삽화가로 일하면서 실외 스케치 명소를 찾는데, 너울천 산책로 일대가 매력적이다. 해당 산책로가 재해 시 주민 대피소로 전환 가능한지, 야외 대피장 전환 기준, 기상악화 시 산책로 통제 절차가 마련되어 있는지 알려주시기 바란다.",부존재,16
2023-12-16,미래군 안전총괄과,FOI-2023-02364,누리버스 정류장 주변 임시 대피쉼터 설치 기준 (2364호),"구직 활동 중 대중교통을 주로 이용하며, 누리버스 정류장 주변에서 갑작스러운 기상재해 시 대피할 곳이 있는지가 걱정이다. 주변 임시 대피쉼터 설치 기준, 설치 위치 선정 조건, 기상특보 발효 시 운영 개시 시점을 알려주시기 바란다.",부분공개,16
2023-12-03,누리시 바른구 안전총괄과,FOI-2023-02365,세움산업단지 입구 유해물질 사고 시 대피범위 설정 기준 (2365호),"구직 중이다보니 산업단지에 입주한 기업 준비를 위해 해당 지역을 방문할 일이 생긴다. 세움산업단지 입구 부근 유해물질 사고 시 대피범위 설정 기준, Protective Action Zone 경계 설정 근거, 주민 고지 범위 및 대피 권고 시기를 알려주시기 바란다.",공개,13
2025-11-11,여울시 단비구 안전총괄과,FOI-2025-02366,아파트 고층세대 대비 저층 대피소 배정 기준과 현실성 (2366호),"3대 구성의 가구에서 거주하며, Broadcasting 안내원으로서 Emergency Alert 전달 업무에 익숙하다. 아파트 고층 세대 거주 가구가 재난 시 저층 대피소 배정을 받기까지의 대기 시간 현황, 고령자·영유아 우선 배정 규칙, 배정 처리 평균 소요 시간을 알려주시기 바란다.",부분공개,1
2024-08-01,가람시 새빛구 안전총괄과,FOI-2024-02367,맑은마을 커뮤니티센터 대피소 편의시설 설치 현황 (2367호),"3대 통합 가구에서 일상적으로 활동을 지원하고 있다. 맑은마을 커뮤니티센터 대피소로 지정된 공간에 wheelchair 이용자·고령자 배려 시설 설치 여부, 화장실·미깃물 공급 설비 현황, 대피자 숙식 지원 가능 범위를 알려주시기 바란다.",공개,11
2025-08-25,온빛시 안전총괄과,FOI-2025-02368,새봄역 환승구역 긴급 대피경로와 역사 내 안내 표시 현황 (2368호),"업무 특성상 Station 방송 시스템에 관심이 많다. 새봄역 환승구역에서 지하철 정차 시 비상 대피경로와 역사 내부 피난 안내 표시 현황, 환승 연결 통로별 유도등·안내 Broadcast 음성 지원 여부, 역사 긴급 연락 체계 운영 현황을 알려주시기 바란다.",부분공개,17
2022-02-07,가람시 열린구 행정지원과,FOI-2022-02369,가람공공청사 주변 장애인 대피지원시설 설치 계획 (2369호),"가정 내 고령자와 영유아를 동시에 돌보는 상황으로, 공공청사 주변 장애인·노인·영유아 동반 가족의 대피 지원 시설 계획이 있는지 중요하게 생각한다. 가람공공청사 주변 해당 시설 설치 계획, 대피 보조 비치 여부, 대피 지원 인력 배치 예정 현황을 알려주시기 바란다.",부분공개,2
2025-05-29,빛솔시 아람구 행정지원과,FOI-2025-02370,해솔문화광장 야외 대피소 지정 기준과 주민 숙지 여부 (2370호),"문화 안내 방송 업무를 수행하며 시민들에게 정보를 전달하는 역할을 맡고 있다. 해솔문화광장이 야외 대피소로 지정된 기준, 해당 결정에 주민 참여 과정이 있었는지, 주민 숙지율 제고를 위한 홍보 활동 실시 내역을 알려주시기 바란다.",부분공개,18
2022-02-26,미래군 행정지원과,FOI-2022-02371,재난 발생 시 식수비축 시설 현황 및 수질 점검 주기 (2371호),"식문화 관련 전문가로 근무하며, 배ator와 함께 단독주택에서 거주한다. 재난 발생 시 안정적인 식수 공급 체계가 중요하게 여겨지므로, 해당 지역 비상 식수비축 시설 위치, 수질 검사 실시 주기, 수질 이상 발생 시 대첵 절차를 요청한다.",부분공개,1
2024-01-06,너울시 물빛구 안전총괄과,FOI-2024-02372,식문화관련업체 비상시 원료 공급 기준과 지원 체계 (2372호),"식문화 관련 전문가로서 전문 식재료 유통·가공업체와 협력하며 일하고 있다. 자연재해 시 해당 업체의 원료 공급 판단 기준, 차단 해제 일정 산정 방식, 지원금이 해당 업계에 지급되는지 여부를 알려주시기 바란다.",공개,17
2024-03-14,온빛시 안전총괄과,FOI-2024-02373,단독주택 밀집 지역 대피소 배정 거리 기준과 교통 지원 (2373호),"배우자와 함께 단독주택에서 거주하며, 주변 단독주택 밀집 지역자가 재해 시 대피소까지 도보 이동 거리가 기준에 부합하는지 궁금하다. 대피소 배정 시 도보 이동 허용 거리 기준, 해당 기준 초과 시 교통 지원 수단 운영 여부를 알려주시기 바란다.",공개,9
2024-06-14,새봄시 한울구 행정지원과,FOI-2024-02374,푸른마루 교차로 대피소 지정 경위 (2374호),"식문화 전문가로서 푸른마루 교차로 근처 식음료 전시 행사에 참여할 일이 잦다. 해당 교차로 부근 건축물이 긴급 대피소로 지정된 경위, 건물 소유자와의 지정 협약 내용, 피난 시 식음료 제공 가능 여부를 포함해 알려주시기 바란다.",공개,8
2025-12-07,빛솔시 아람구 행정지원과,FOI-2025-02375,빛솔광장 일대 비상식량 계획과 유통기한 관리 현황 (2375호),"식문화 전문가로서 비상식량 저장소의 유통기한 관리 체계와 교체 기에 주목하고 있다. 빛솔광장 일대 비상식량 비축 현황, 유통기한 기준 만료 전 교체 주기, 교체 예정 식량의 최종 유통기한 분포를 알려주시기 바란다.",공개,1
2023-10-25,누리시 바른구 환경위생과,FOI-2023-02376,한울초등학교 급식 음식물 폐기물 처리 실적 공개 청구 (2376호),"한울초등학교(한울초 주변 통학로 소재) 최근 2년간 급식에서 나온 음식물 폐기물량을 일별로 정리하여 공개 바람. 수거 위탁업체 선정 근거, 연간 처리비용, 수거 빈도도 포함 요청.",부분공개,10
2024-03-19,가람시 열린구 청소행정과,FOI-2024-02377,아파트 단지 재활용 함 교체 계획 및 교체 사유 (2377호),"우리 아파트(맑은마을 커뮤니티센터 인접) 최근 3년간 재활용 수거 함 종류 교체 이력, 교체 시기, 교체 사유에 대한 자료 요구. 관리사무소에서 배포한 공지도 첨부 바람.",비공개,19
2024-02-16,빛솔시 아람구 청소행정과,FOI-2024-02378,학교 폐기물 수거 업체 선정 평가 기준 공개 (2378호),"한울초등학교 폐기물 수거 업체 선정 시 평가항목, 서류심사 기준, 투찰금액 반영 비중 등 과정의 구체적인 점수 배분을 알려달라. 교감이 주관한 내용을 파악하고자 함.",비공개,6
2024-03-07,너울시 물빛구 환경위생과,FOI-2024-02379,아파트 음식물 폐기물 수거 일정 변경 안내 (2379호),"우리 아파트(맑은마을 커뮤니티센터 인접) 음식물 폐기물 수거 일정이 월 2회에서 월 1회로 축소된 공지. 변경 시기, 관련 부서 회신 내용, 변경 사유에 대한 자료 요청.",비공개,13
2023-03-24,미래군 청소행정과,FOI-2023-02380,학교 재활용 동아리 지원금 지급 및 집행 내역 (2380호),"한울초등학교 재활용 동아리 지난 2년간 지원금 지급 내역, 집행 항목, 잔액 사용 계획을 알려달라. 학교에서 공개한 자료인지 확인 필요.",공개,9
2022-02-01,누리시 바른구 청소행정과,FOI-2022-02381,가람공공청사 주변 보건소 재활서비스 자원배분 계획 (2381호),"가람공공청사 주변 보건소에서 추진하는 재활서비스 자원배분 계획 중 폐기물 처리 관련 프로그램이 있는지 확인 요청. 대상자 선정 기준, 운영 기간, 예산 규모를 알고 싶음.",공개,6
2023-05-23,가람시 새빛구 청소행정과,FOI-2023-02382,라온체육센터 주변 복지관 폐기물 처리 안내 자료 (2382호),"라온체육센터 주변 복지관에서 운영하는 폐기물 수거 함 위치, 운영 시간, 분리배출 안내 자료. 고령자가 불편 없이 이용하려면 수거 함 접근성이 중요함.",부분공개,20
2025-11-24,온빛시 환경위생과,FOI-2025-02383,고령자 대상 재활용 교육 프로그램 운영 현황 (2383호),"가람공공청사 주변 보건소 및 주민센터에서 실시하는 고령자 대상 재활용 교육 프로그램 최근 1년간 일정, 내용, 참석 인원, 운영 기관을 알려달라.",공개,16
2023-10-20,예담시 늘품구 환경위생과,FOI-2023-02384,구직자 대상 폐기물 처리 업종 일자리 지원 사업 (2384호),"구직 중인 고령자를 대상으로 폐기물 처리 업종 일자리를 알선하는 지원사업이 보건소나 구직센터에 있는지 확인 요청. 지원 대상, 지원 내용, 신청 방법 필요.",공개,4
2025-03-31,세움시 맑은구 청소행정과,FOI-2025-02385,보건소 재활용품 수거 함 배치 및 점검 현황 (2385호),"가람공공청사 주변 보건소 및 복지관 내 재활용품 수거 함 배치 현황, 수거 함 종류별 수거 빈도, 정기 점검 주기를 알려달라.",부분공개,8
2025-11-29,예담시 늘품구 청소행정과,FOI-2025-02386,군 부대 주변 폐기물 수거 처리 실적 공개 (2386호),"미르로 교차로 인접 군 부대 주변 최근 3년간 폐기물 수거 실적, 처리 방식, 환경 영향 평가 내용을 공개 바람. 전역 후 지역 환경에 미치는 영향을 파악 필요.",비공개,18
2022-10-06,해솔시 청소행정과,FOI-2022-02387,군 전역자 재취업 지원 폐기물 처리 교육 과정 (2387호),"군 전역자 재취업 지원 프로그램 중 폐기물 처리 업종 교육 과정이 있는지 확인 요청. 교육 내용, 실시 기관, 수료 후 취업 연계 현황을 알려달라.",공개,1
2025-09-21,가람시 열린구 청소행정과,FOI-2025-02388,미르로 교차로 소재 구직센터 폐기물 수집 운반 채용 공고 (2388호),"미르로 교차로 소재 구직센터에서 발표한 폐기물 수집 운반 업체 채용 공고 내용, 자격 요건, 지원 기간을 알려달라. 해병대 출신자 우선 여부도 확인 바람.",비공개,5
2024-04-23,해솔시 청소행정과,FOI-2024-02389,해병대 출신자 우선 환경미화원 채용 계획 (2389호),"해병대 출신자를 우선 채용하는 환경미화원 채용 계획이 지자체에 있는지 확인 요청. 채용 인원, 지원 자격, 방식, 시험 과목을 알려달라.",공개,9
2024-01-30,세움시 맑은구 환경위생과,FOI-2024-02390,온빛도서관 앞 폐기물 처리·재활용 관련 자료 공개 청구 95-0 (2390호),온빛도서관 앞 일대의 폐기물 처리·재활용 업무와 관련하여 최근 6개월간 처리된 문서와 집행 내역 일체를 공개하여 주시기 바랍니다. 항목별 세부 내역과 근거 서류를 포함해 주세요.,공개,14
2022-07-20,가람시 열린구 환경위생과,FOI-2022-02391,미래복합센터 인근 폐기물 처리·재활용 관련 자료 공개 청구 95-1 (2391호),미래복합센터 인근 일대의 폐기물 처리·재활용 업무와 관련하여 2023년부터 현재까지 처리된 문서와 집행 내역 일체를 공개하여 주시기 바랍니다. 항목별 세부 내역과 근거 서류를 포함해 주세요.,공개,16
2023-07-04,세움시 맑은구 환경위생과,FOI-2023-02392,라온체육센터 주변 폐기물 처리·재활용 관련 자료 공개 청구 95-2 (2392호),라온체육센터 주변 일대의 폐기물 처리·재활용 업무와 관련하여 2024년 한 해 처리된 문서와 집행 내역 일체를 공개하여 주시기 바랍니다. 항목별 세부 내역과 근거 서류를 포함해 주세요.,공개,14
2024-05-24,여울시 단비구 청소행정과,FOI-2024-02393,샘물동 생활권 폐기물 처리·재활용 관련 자료 공개 청구 95-3 (2393호),샘물동 생활권 일대의 폐기물 처리·재활용 업무와 관련하여 최근 6개월간 처리된 문서와 집행 내역 일체를 공개하여 주시기 바랍니다. 항목별 세부 내역과 근거 서류를 포함해 주세요.,공개,7
2022-08-28,온빛시 청소행정과,FOI-2022-02394,빛솔광장 일대 폐기물 처리·재활용 관련 자료 공개 청구 95-4 (2394호),빛솔광장 일대 일대의 폐기물 처리·재활용 업무와 관련하여 올해 상반기 처리된 문서와 집행 내역 일체를 공개하여 주시기 바랍니다. 항목별 세부 내역과 근거 서류를 포함해 주세요.,부분공개,8
2022-04-13,예담시 늘품구 청소행정과,FOI-2022-02395,샘물동 생활권 폐기물 처리·재활용 관련 자료 공개 청구 95-5 (2395호),샘물동 생활권 일대의 폐기물 처리·재활용 업무와 관련하여 2023년부터 현재까지 처리된 문서와 집행 내역 일체를 공개하여 주시기 바랍니다. 항목별 세부 내역과 근거 서류를 포함해 주세요.,공개,13
2022-06-15,온빛시 환경위생과,FOI-2022-02396,샘물동 생활권 폐기물 처리·재활용 관련 자료 공개 청구 95-6 (2396호),샘물동 생활권 일대의 폐기물 처리·재활용 업무와 관련하여 2024년 한 해 처리된 문서와 집행 내역 일체를 공개하여 주시기 바랍니다. 항목별 세부 내역과 근거 서류를 포함해 주세요.,공개,12
2024-09-19,너울시 물빛구 환경위생과,FOI-2024-02397,가람공공청사 주변 폐기물 처리·재활용 관련 자료 공개 청구 95-7 (2397호),가람공공청사 주변 일대의 폐기물 처리·재활용 업무와 관련하여 최근 1년간 처리된 문서와 집행 내역 일체를 공개하여 주시기 바랍니다. 항목별 세부 내역과 근거 서류를 포함해 주세요.,공개,14
2022-09-16,가람시 열린구 청소행정과,FOI-2022-02398,해솔문화광장 폐기물 처리·재활용 관련 자료 공개 청구 95-8 (2398호),해솔문화광장 일대의 폐기물 처리·재활용 업무와 관련하여 2023년부터 현재까지 처리된 문서와 집행 내역 일체를 공개하여 주시기 바랍니다. 항목별 세부 내역과 근거 서류를 포함해 주세요.,공개,1
2023-04-01,새봄시 한울구 환경위생과,FOI-2023-02399,해솔문화광장 폐기물 처리·재활용 관련 자료 공개 청구 95-9 (2399호),해솔문화광장 일대의 폐기물 처리·재활용 업무와 관련하여 올해 상반기 처리된 문서와 집행 내역 일체를 공개하여 주시기 바랍니다. 항목별 세부 내역과 근거 서류를 포함해 주세요.,부분공개,2
2023-06-15,빛솔시 아람구 청소행정과,FOI-2023-02400,새빛시장 주변 폐기물 처리·재활용 관련 자료 공개 청구 95-10 (2400호),새빛시장 주변 일대의 폐기물 처리·재활용 업무와 관련하여 2023년부터 현재까지 처리된 문서와 집행 내역 일체를 공개하여 주시기 바랍니다. 항목별 세부 내역과 근거 서류를 포함해 주세요.,공개,5
2023-01-25,너울시 물빛구 환경위생과,FOI-2023-02401,샘물동 상수원 수질검사 결과 및 기준 초과 이력 (2401호),샘물동 일대에 공급되는 상수원 수질검사 결과 최근 3년간 항목별 검사 수치와 기준 초과 이력을 청구합니다. 특히 수질검사 항목 중 삼중수소 등 방사성물질 검사 실시 여부와 기준 적합률 변화 추이를 알고 싶습니다.,부분공개,8
2024-10-28,가람시 새빛구 상하수도과,FOI-2024-02402,푸른마루 교차로 상수관 매설 이력과 노후도 평가 (2402호),푸른마루 교차로 구간 매설 상수관의 시공 연도·관경·재질 정보를 포함한 노후도 평가 결과를 청구합니다. 해당 구간 상수관 철거 또는 교체 계획이 있다면 추진 일정과 공사 범위도 함께 알려주시기 바랍니다.,부분공개,19
2022-05-24,너울시 물빛구 상하수도과,FOI-2022-02403,군사시설 방류수 수질검사 기준과 지자체 검사 실적 (2403호),군사기지 등 군사시설에서 공공수계로 방류되는 방류수에 대한 수질검사 기준과 해당시설에 대한 지자체 검사 실시 실적 및 결과 처분을 청구합니다. 군사시설 방류수 수질 검사 시 현장 출입 기준도 포함해 주세요.,부존재,14
2023-07-06,너울시 물빛구 환경위생과,FOI-2023-02404,샘물동 상수원 보호구역 지정 근거와 보호계획 (2404호),"샘물동 상수원 보호구역으로 지정된 법적 근거와 보호구역 내 활동 제한 사항, 상수원 수질 보호를 위한 구체적 관리계획을 청구합니다. 상수원 유역 내 오염원 조사 결과와 오염원 해소 조치 내용도 함께 제공해 주세요.",부존재,6
2025-01-29,해솔시 상하수도과,FOI-2025-02405,상수원 수질 사고 대응 매뉴얼과 recent 훈련 실적 (2405호),상수원 수질 사고 발생 시 작동하는 대응 매뉴얼의 주요 내용과 최근 3년간 실시된 사고 대응 훈련의 실시 일시·장소·범위를 청구합니다. 사고 발생 시 주민 통보 체계와 확산 방지 조치 체계도 포함해 주세요.,부분공개,11
2025-08-27,누리시 바른구 환경위생과,FOI-2025-02406,공동주택 직수식 급수 방식 도입 기준과 사례 (2406호),"공동주택에서 직수식 급수 방식 도입을 위한 기술 기준과 지자체 지원 제도를 청구합니다. 현재 열린마을 공원 일대 아파트 단지에 직수식 급수 전환 계획이 있는지, 전환 시 비용 지원 기준도 포함해 주세요.",부분공개,5
2023-01-04,도담군 상하수도과,FOI-2023-02407,가온로 보행구간 상수관 누수 사고 이력 및 보수 실적 (2407호),가온로 보행구간 상수관에서 발생한 누수 사고 발생 일시·원인·피해 범위와 보수 공사 실적 및 비용을 청구합니다. 해당 구간 상수관 매설 심도 정보와 도로 포장 상태도 함께 제공해 주세요.,부분공개,19
2025-07-24,세움시 맑은구 상하수도과,FOI-2025-02408,상수 수질검사 비용 구조와 검사비 지원 제도 (2408호),상수 수질검사를 위해 민간 검사기관에 지출되는 비용 구조를 항목별로 분석한 자료와 가구 또는 취약계층 대상 수질검사비 지원 제도를 청구합니다. 신규 검사기관 지정 시 선정 기준과 심사 절차도 포함해 주세요.,비공개,6
2025-11-16,미래군 상하수도과,FOI-2025-02409,수도요금 차등 부과 기준과 고령자·장애인가구 감면 절차 (2409호),수도요금 차등 부과 기준 산정 근거와 아파트 평균 사용량 대비 과다 과금 발생 시 감액 처리 절차를 청구합니다. 배우자와 함께 거주하는 고령자 가구 또는 장애인 가구 대상 수도요금 감면 신청 요건과 처리 기간도 함께 알려주세요.,공개,17
2025-06-20,여울시 단비구 환경위생과,FOI-2025-02410,수질검사기관 인증 현황과 공공검사 확대 계획 (2410호),관할 수질검사기관 인증 현황 목록과 공공 수질검사 확대 계획 및 예산 배분 현황을 청구합니다. 수질검사 항목 중 특정 물질 검사 비용이 상승한 이유와 검사 결과 처리 기한 변화도 포함해 주세요.,공개,1
2024-05-28,여울시 단비구 상하수도과,FOI-2024-02411,새빛시장 주변 하수관로 정화조 설치 현황과 지도 (2411호),새빛시장 주변 공동주택 및 다가구 주택 정화조 설치 현황 목록과 정화조 수위 및 방류 수질 검사 실시 결과를 청구합니다. 정화조 방류 수질 기준 미충족 시 행정 처분 내용과 개선 명령 이행 여부도 포함해 주세요.,부분공개,18
2024-08-25,너울시 물빛구 환경위생과,FOI-2024-02412,한울초 주변 통학로 상수관 지반 침하 위험 구간 조사 결과 (2412호),한울초 주변 통학로 아래 매설 상수관 주변 지반 침하 위험 구간 조사 결과와 해당 구간 상수관 보강 또는 교체 추진 현황을 청구합니다. 학원가 통학 안전을 위한 상수관 안전 점검 주기와 조사 기준도 함께 알려주세요.,부분공개,19
2025-05-01,온빛시 상하수도과,FOI-2025-02413,도담천 산책로 수변 생태계 수질모니터링 결과 (2413호),도담천 산책로 주변 수변 생태계 수질 모니터링 결과를 항목별로 청구합니다. 수변 식생 서식처 보전을 위한 수질 기준과 수질 악화 시 복원 공사 계획 및 예산 배분도 함께 알려주세요.,공개,12
2023-09-30,세움시 맑은구 환경위생과,FOI-2023-02414,미래복합센터 인근 상수원 수질 오염물질 배출허용기준 (2414호),"미래복합센터 인근 상수원 유역 내 사업장 오염물질 배출허용기준 설정 근거와 강화 현황, 최근 3년간 기준 초과 사업장 조치 결과를 청구합니다. 상수원 유역 토양 오염 실태조사 결과도 포함해 주세요.",부분공개,18
2024-11-05,세움시 맑은구 상하수도과,FOI-2024-02415,누리버스 정류장 주변 하수처리장 악취 방지 시설 현황 (2415호),"누리버스 정류장 주변 공공하수처리장 악취 방지 시설 설치 현황과 악취 발생 빈도, 최근 3년간 민원 접수 및 처리 현황을 청구합니다. 하수처리장 악취 방지 시설 노후도 교체 계획과 예산 배분도 함께 알려주세요.",공개,1
2024-09-08,새봄시 한울구 상하수도과,FOI-2024-02416,해솔문화광장 상수관 매설 공사 중관 매설 안전 기준 (2416호),"해솔문화광장 일대 상수관 매설 공사 시 중관 매설 안전 기준과 해당 공사 현장 감독 체계, 공사 중 사고 발생 시 복구 책임 소재 및 배상 기준을 청구합니다. 중관 매설 공사 발주 기준과 업체 선정 절차도 포함해 주세요.",공개,10
2025-05-11,여울시 단비구 상하수도과,FOI-2025-02417,한들동 생활권 수질검사 결과 공개 여부와 방법 (2417호),"한들동 생활권 공동주택의 수질검사 결과 공개 여부와 공개 방법, 그리고 주민 요구 시 수질검사 결과 공개 의무가 있는지 법령 근거를 청구합니다. 수질검사 결과 이의 신청 절차와 검사 재시행 청구 요건도 함께 알려주세요.",공개,1
2024-04-15,새봄시 한울구 환경위생과,FOI-2024-02418,가람공공청사 주변 하수관로 준설 계획과 예산 집행 현황 (2418호),가람공공청사 주변 하수관로 정기 준설 계획 추진 현황과 최근 3년간 예산 집행 내역을 항목별로 청구합니다. 준설 공사 발주 방식과 계약 금액 결정 기준도 함께 알려주세요.,부분공개,12
2025-10-17,가람시 새빛구 상하수도과,FOI-2025-02419,상수원 수질 기준 적합률 통계와 취수원 변화 추이 (2419호),"최근 5년간 상수원 수질 기준 적합률 추이를 연도별로 항목별 통계와 함께 청구합니다. 취수원 변화 또는 대체 취수원 확보 계획, 그리고 수질 기준 강화로 인한 요금 영향 분석 자료도 포함해 주세요.",공개,12
2025-07-31,세움시 맑은구 상하수도과,FOI-2025-02420,온빛도서관 앞 상수관 교체 공사 단수 이력과 주민 통보 내역 (2420호),"온빛도서관 앞 상수관 교체 공사 시행 기간 중 계획 단수 이력과 단수 시 주민 통보 방식, 단수 시간 단축을 위한 공사 방법 개선 사례를 청구합니다. 단수 공사로 인한 민원 접수 현황과 처리 결과도 함께 알려주세요.",부분공개,1
2023-11-08,라온군 상하수도과,FOI-2023-02421,라온체육센터 주변 상수원 유역 축산 오염 실태 조사 결과 (2421호),라온체육센터 주변 상수원 유역 내 축산 농가 현황과 축산 배설물에 의한 수질 오염 실태조사 결과를 청구합니다. 축산 오염 방지 시설 지원금 지급 현황과 수질 기준 초과 시 축산 농가 행정 처분 기준도 포함해 주세요.,부분공개,4
2024-07-22,가람시 열린구 환경위생과,FOI-2024-02422,세움산업단지 입구 하수 방류수 수질 기준 초과 이력 (2422호),"세움산업단지 입구 공공하수처리장 방류수 수질 기준 초과 이력과 초과 원인 분석 결과, 그리고 방류수 재이용 가능 수량과 재이용 시설 건설 추진 현황을 청구합니다. 하수처리장 방류수 수질 자동측정 시스템 운영 현황도 함께 알려주세요.",공개,2
2022-06-03,여울시 단비구 환경위생과,FOI-2022-02423,맑은마을 커뮤니티센터 주변 하수처리장 방류수 수질 기준 충족률 (2423호),"맑은마을 커뮤니티센터 주변 공공하수처리장 방류수 수질 기준 충족률을 최근 3년간 월별로 구분한 통계와 함께 청구합니다. 하수처리장 에너지 소비량 및 처리 효율 지표, 그리고 하수처리장 방류수 수질 자동측정 시스템 운영 현황도 포함해 주세요.",비공개,15
2023-03-19,미래군 환경위생과,FOI-2023-02424,새봄역 환승구역 상수관 누수 사고 빈도와 방지 대책 (2424호),새봄역 환승구역 일대 상수관에서 발생한 누수 사고 발생 빈도를 최근 5년간 월별로 구분한 통계와 사고 주요 원인을 청구합니다. 누수 방지 관통 기술 도입 계획과 사고 시 신속 대응 체계 구축 현황도 함께 알려주세요.,부존재,17
2025-08-26,여울시 단비구 환경위생과,FOI-2025-02425,빛솔광장 일대 상수원 비점오염원 관리 현황과 예산 배분 (2425호),"빛솔광장 일대 상수원 유역 내 비점오염원 관리 현황과 비점오염저감시설 설치 현황을 청구합니다. 비점오염원 관리 예산 배분 현황과 관리 실태 연간 평가 결과, 그리고 비점오염원 관리 성과 목표와 달성 여부도 함께 알려주세요.",공개,2
2025-05-02,가람시 새빛구 일자리경제과,FOI-2025-02426,소규모 창업자금 지원사업 선정 평가 항목 공개 청구 (2426호),"의료기관 운영 관련 창업자 지원금 신청 시 선정 평정표 세부항목과 배점 기준에 대한 정보를 요청합니다. 선정 과정에서 전문의 면허 소지자가 가점을 받을 수 있는지, 의료 분야 창업 아이템에 대한 특별 심사 기준이 있는지 밝혀 주시기 바랍니다.",부분공개,19
2024-12-24,미래군 일자리경제과,FOI-2024-02427,의료인 대상 소기업 긴급경영안정지원금 집행 내역 청구 (2427호),"전직 ICT 관리자로 재직 중이던 직장 폐업으로 소득이 중단된 상황에서 소상공인 지원금을 신청하려 합니다. 지원금 집행 내역에서 구직 중인 자의 신청 자격 여부와 소득 기준 산정 방식,급여 병행 수급 가능 여부를 확인할 수 있는 자료를 요청합니다.",부분공개,8
2024-07-11,누리시 바른구 일자리경제과,FOI-2024-02428,취업희망자 직업능력개발비 지원사업 참여자 명단 공개 청구 (2428호),"환경미화 분야 경력을 바탕으로 재취업 준비 중이며, 조리 관련 직업훈련 지원금을 신청하려 합니다. 새빛시장 주변 상권에서food 관련 창업이 있으며, 해당 지원금 사용처 규제와 영업시간 단속 기준에 대한 정보를 요청합니다.",공개,17
2022-02-16,가람시 새빛구 재무회계과,FOI-2022-02429,소기업 고용안정촉진지원금 신청 자격 기준 검토 청구 (2429호),"조미 식품 생산라인에서 일하며 3세대 가구를 부양하고 있습니다. 코로나 이후 매출 감소로 운영난에 처해 소기업 지원금을 신청하려 하나, 계약직 비율이 높은 우리 사업장의 경우 지원 대상에 해당하는지 구체적인 자격 요건을 확인하고자 합니다.",비공개,13
2023-04-30,도담군 일자리경제과,FOI-2023-02430,소규모 기술혁신지원금 기술역량 평가 방법 공개 청구 (2430호),"통신망 운영 기술자로서 최근 스타트업 창업 준비 중이며, 기술 기반 소상공인 지원사업 참여를 검토하고 있습니다. 첨단 기술 분야의 경우 기술력 평가 방법이 일반 상권과 다르게 운영되는지, 미래복합센터 인근 스타트업 특화 지원 프로그램이 있는지 확인이 필요합니다.",부분공개,7
2023-02-16,미래군 재무회계과,FOI-2023-02431,의료기관 에너지효율화 시설비 지원금 집행 실적 청구 (2431호),"피부과 및 비뇨기과 진료과목을 운영하며 다수의 노년 환자를 진료하고 있습니다. 시설 노후화로 에너지비용이 증가하는 상황에서 에너지효율화 시설비 지원금의 집행 실적이 지방자치단체 전체적으로 어떻게 배분되었는지, 각 동별 집행 현황을 요청합니다.",부분공개,13
2025-07-01,도담군 일자리경제과,FOI-2025-02432,청년 창업패키지 사업 선정 탈락 사유 확인 청구 (2432호),"전직 ICT 관리자로 Adelaide에서 귀국 후 창업 준비 중이며, 청년 창업패키지 2차 모집에 탈락하였습니다. 탈락 사유를 구체적으로 알 수 없어 다음 기수 재신청 시 보완점을 파악하기 어려운 상황입니다. 서류 심사 단계에서의 탈락 주요 항목과 개선 필요 사항에 대한 안내를 요청합니다.",공개,12
2022-01-22,세움시 맑은구 재무회계과,FOI-2022-02433,소기업 경영개선 컨설팅 서비스 이용자 후기 수집 청구 (2433호),"쓰레기 수거원에서 조리사로 전직을 준비하며 직업훈련을 이수한 바 있습니다. 한울초 주변 통학로 근처에서food 창업 준비 중이며, 지자체제공 소기업 경영개선 컨설팅 서비스의 실제 효과와 참여 후 매출 변화에 대한 통계 자료를 요청하여 창업 성공 가능성을 사전에 판단하고자 합니다.",부분공개,11
2023-03-12,너울시 물빛구 재무회계과,FOI-2023-02434,소규모 식품제조가공업체 위생관리 지원금 집행 내역 청구 (2434호),"조미 식품 생산기 조작원으로 근무하며 주택 이외의 거처에서 생활하고 있습니다. 식품 위생관리 인증를 위한 설비 개선 비용이 큰 상황으로, 관련 지원금의 신청 가능 여부와 이미 집행된 지원금이 어떤 업종과 지역에 배분되었는지 확인이 필요합니다.",공개,2
2023-02-20,예담시 늘품구 재무회계과,FOI-2023-02435,통신정보 분야 창업지원사업 기술 시제품 제작비 지원 실적 청구 (2435호),"통신망 운영 기술자로 재직하며 통신장비 관련 기술 시제품 제작 준비를 하고 있습니다. 라온체육센터 주변센터에서사업 준비 중이며, 기술 시제품 제작비 지원사업을 신청할 예정입니다. 해당 사업의 과거 지원 실적으로 어떤 종류의 기술이 지원받았는지, 선정 기준으로 무엇이 있는지 확인이 필요합니다.",비공개,19
2022-03-22,라온군 일자리경제과,FOI-2022-02436,노인 의료기관 경영안정 사용 현황 청구 (2436호),"64세의 전문의로서 노년층 환자 비중이 높아 통원 진료 중심의 수익 구조를 가지고 있습니다. 의료기관 경영안정 지원을 위한 소상공인 지원금의 사용 기간 제한과 사용 후 정산 절차, 그리고 사후관리 방법에 대한 구체적인 안내 자료를 요청합니다.",부분공개,17
2022-06-06,예담시 늘품구 일자리경제과,FOI-2022-02437,청년 구직자 우선 배정 지원사업 신청 경쟁률 통계 청구 (2437호),"전직 ICT 관리자로 구직 기간이 장기화되고 있는 상황에서, 청년 구직자를 대상으로 한 우선 배정 지원사업의 신청 경쟁률과 선정 통계를 확인하고자 합니다. 미르로 교차로 인근 직업센터에서 안내받았으나, 구체적인 수치를 알 수 없어 지원사업을 선택하는 데 어려움이 있습니다.",비공개,9
2024-01-30,예담시 늘품구 재무회계과,FOI-2024-02438,소기업 지원금 신청 과정 중 민원 처리 절차 안내 청구 (2438호),"재취업을 준비하며 새봄역 환승구역 인근 직업안정센터를 이용하고 있습니다. 소기업 지원금 신청 시 제출 서류 불충분으로 1차 신청이 보류된 상황을 개선하기 위해, 서류 보완 기간과 추가 서류 안내 방법, 민원 제기 가능 여부와 절차를 구체적으로 안내해 줄 것을 요청합니다.",공개,14
2025-02-14,미래군 일자리경제과,FOI-2025-02439,비정규직 비율 높은 소기업 지원금 특별 지원 기준 청구 (2439호),"조미 식품 생산라인에서 계약직으로 근무하며 3세대 가구를 부양하고 있습니다. 고용 불안정으로 인해 사업장 운영 어려움에 처해 있으며, 정규직 비율이 낮은 소기업도 지원금 신청이 가능한 특별 지원 기준이 있는지, 그리고 계약직 직원 급여를 지원금에서 처리할 수 있는지 확인이 필요합니다.",공개,8
2022-07-02,가람시 새빛구 일자리경제과,FOI-2022-02440,기술벤처 스타트업 임대료 지원사업 시행 지역 안내 청구 (2440호),"통신망 기술자로서 기술 스타트업 창업을 준비하며 도담천 산책로 근처 사업 공간을 검토 중입니다. 스타트업 전용 임대료 지원사업이 어떤 지역에서 시행되는지, 가람공공청사 주변에 해당 사업이 포함되어 있는지, 그리고 신청 시기별 공고 일정을 확인하고자 합니다.",공개,18
2024-03-20,해솔시 일자리경제과,FOI-2024-02441,의료인 명예원로 활동 관련 경영컨설팅 지원 청구 (2441호),"의사 경력이 오래된 만큼 지역사회 의료 기여를 위한 명예원로 활동도 병행하고 있습니다. 해당 활동과 연계하여 경영컨설팅 지원을받을 수 있는지, 그리고 피부과 특성상 의료장비 비용 부담이 큰 상황에서 장비 지원 항목이 있는지 확인이 필요합니다.",공개,15
2022-06-04,가람시 새빛구 재무회계과,FOI-2022-02442,소기업 지원금 사후관리 현장점검 기준 공개 청구 (2442호),"전직 직장 폐업 후 구직 준비 중이며, 실업 기간 중 단기 사업을 통해 지원을신청하려 합니다. 지원금 후 사후관리로서 현장점검 시 어떤 사항을 확인하는지, 온빛도서관 앞 사업장에서の을 운영하는 경우 점검 시 제출해야 할 서류와 기준이 무엇인지 확인이 필요합니다.",부분공개,18
2025-10-31,빛솔시 아람구 재무회계과,FOI-2025-02443,소규모 환경미화 업종 지원금 집행 오류 처리 절차 청구 (2443호),"쓰레기 수거원 경력을 바탕으로 환경 관련 소규모 자영업 준비 중입니다. 기존 수거원 급여에서 사업 전환 시 지원금 집행 과정에서 발생할 수 있는 오류 유형과 이에 대한 처리 절차, 환수 대상이 되는 상황과 이의제기 방법을 안내해 줄 것을 요청합니다.",공개,1
2024-09-30,여울시 단비구 일자리경제과,FOI-2024-02444,의료기기사 지원금 장비 구매비 정산 기준 청구 (2444호),"조미 식품 생산기 조작원 자격을 가지고 있으나, 현재는 의료기기 관련 보조기구를 다루는 사업 전형을 검토하고 있습니다. 의료기기 전문 판매 업종의 경우 장비 구매비 지원금 정산 시 감가상각 적용 방식, 그리고 미사용 장비 반납 또는 교환 가능 여부에 대한 기준을 확인하고자 합니다.",공개,5
2023-03-16,누리시 바른구 일자리경제과,FOI-2023-02445,소기업 디지털 전환 지원사업 IT 장비 지원 범위 청구 (2445호),"통신망 운영 기술자로서 ICT 분야 전문성을 활용한 창업 준비 중입니다. 누리버스 정류장 인근에서 관련사업을 창업할 예정이며, 디지털 전환 지원사업에서 IT 장비 지원 범위와 통신장비 구입 시 지원 가능 여부, 그리고 소프트웨어 라이선스 비용의 포함 여부를 확인하고자 합니다.",부분공개,16
2024-01-31,누리시 바른구 일자리경제과,FOI-2024-02446,소기업 지원금 소득세 원천징수 대상 여부 안내 청구 (2446호),"전문의로 여러 의료기관에서 진료하며 종합소득 신고 의무가 있는 상황입니다. 소상공인 지원금을 수령할 경우 소득세 원천징수 대상에 해당하는지, 그리고 종합소득에 합산하여 신고해야 하는지 세무 처리 방법을 안내받아 정확한 신고 절차를 파악하고 싶습니다.",비공개,9
2025-03-14,도담군 재무회계과,FOI-2025-02447,청년 전직 지원금 직업 훈련비 지원 한도액 공개 청구 (2447호),"전직 ICT 관리자로 다른 분야로 전직을 준비하며 직업 훈련을 받고 있습니다. 한들동 생활권 직업센터에서 청년 전직 지원금의 직업 훈련비 지원 한도액이 얼마나 되는지, 그리고 샘물동 생활권 내 훈련 기관에서 수료한 훈련비를 환급받을 수 있는지 확인이 필요합니다.",부분공개,12
2025-04-14,라온군 재무회계과,FOI-2025-02448,소기업 지원금 부양가족 수 산정 기준 개정 안내 청구 (2448호),"배우자 및 자녀와 함께 거주하며 가족 부양 부담이 큰 상황입니다. 기존 쓰레기 수거원 소득으로는 한계가 있어 조리 분야 창업 준비 중이며, 지원금 신청 시 부양가족 수 산정 기준이 최근 개정되었는지, 세대합산 소득 산정 방식에서 자녀 연령 제한이 있는지 확인이 필요합니다.",비공개,5
2022-02-08,세움시 맑은구 재무회계과,FOI-2022-02449,소규모 식품제조업 영업허가 관련 지원금 신청 절차 청구 (2449호),"조미 식품 생산라인 경력을 바탕으로 식품제조업 창업 준비 중입니다. 주택 이외의 거처에서 생활하며 사업장 임대 비용이 부담스러운 상황으로, 영업허가 취득 전에 지원금 신청이 가능한지, 그리고 가온로 보행구간 인근련지역에서 사업장 운영 시 지원금 우선 배정 대상에 해당하는지 확인이 필요합니다.",부분공개,2
2022-04-23,도담군 재무회계과,FOI-2022-02450,통신업 기술인력 창업 임대보증금 지원사업 안내 청구 (2450호),"통신망 운영 기술자로 재직하며 미래복합센터 인근에서 통신장비 유통업을 창업 준비 중입니다. 보증보험 또는 임대보증금 지원이 가능한 사업이 있는지, 그리고 통신 분야 창업 시 특별 지원금을 신청할 수 있는 자격 요건과 신청 시기별 공고 일정을 확인하고자 합니다.",부분공개,18
2025-02-16,미래군 기획감사과,FOI-2025-02451,샘물동 생활권 상반기 문화행사 지원금 집행 내역 청구 (2451호),현재 구직 중인 상태로 지역사회 문화행사 참여 기회가 있는지 확인하고자 합니다. 특히 샘물동 생활권 내 올해 상반기 추진된 문화행사 지원금의 집행 내역을 구체적으로 알고 싶습니다. 행사 종류별·업체별 지원 금액과 사용 용도가 명확히 공개되어야 구직자도 향후 참여 가능성을 판단할 수 있을 것입니다.,부분공개,2
2025-08-25,예담시 늘품구 문화체육과,FOI-2025-02452,열린마을 공원 야외 전시회 조성비 보조금 상세 청구 (2452호),"배우자와 별거 후 홀로 생활하며 문화적 감각을 유지하고자 합니다. 열린마을 공원에서 상반기 개최된 야외 전시회 조성비 보조금의 세부 지출 내역, 업체별 계약 금액, 자재 구매비 등을 구체적으로 알려주시기 바랍니다. 예술 관련 지출이 실질적으로 집행되었는지 확인이 필요합니다.",부분공개,12
2022-03-13,빛솔시 아람구 기획감사과,FOI-2022-02453,가온로 보행구간 문화거리 조성 사업 예산 배분 내역 (2453호),"전직 가구 디자이너로서 공공 공간의 문화적 활용에 관심이 많습니다. 가온로 보행구간 문화거리 조성 사업에 배분된 예산의 전체 규모, 항목별 배분 비율, 연출·설치·홍보비 세부 금액이 어떻게 사용되었는지 상세히 알 필요가 있습니다.",부분공개,17
2022-03-19,미래군 기획감사과,FOI-2022-02454,구직자 대상 문화활동비 지원사업 선정 기준 및 절차 (2454호),"현재 구직 중으로 경제적 부담을 느끼고 있으며 문화활동 참여 기회가 절실합니다. 지역에서 실시하는 구직자 대상 문화활동비 지원사업의 신청 자격 요건, 선정 기준 항목별 배점, 심사진행 절차, 최종 선정자 수 및 연령 분포 등 전반적인 운영 기준을 알기 위해 청구합니다.",부존재,14
2023-11-20,여울시 단비구 문화체육과,FOI-2023-02455,온빛도서관 문화강좌 운영비 보조금 지출 내역 (2455호),"홀로 생활하며 도서관 문화강좌에 큰 기대를 하고 있습니다. 온빛도서관에서 상반기 운영한 문화강좌에 투입된 운영비 보조금의 전체 규모, 강사료·시설비·교재비 등 항목별 지출 내역, 수강생 만족도 조사 결과가 있었는지 알기 원합니다.",부분공개,8
2025-09-23,누리시 바른구 기획감사과,FOI-2025-02456,새빛시장 주변 지역 축제 문화행사 개최 비용 청구 (2456호),"부모님과 함께 거주하며 생활비를 절감하는 중입니다. 새빛시장 주변에서 상반기 개최된 지역 축제 문화행사의 전체 개최 비용, 부스 설치비·공연비·행정 등의 항목별 지출 규모와 수행 업체 내역이 어떻게 되는지 구체적으로 알 수 있는지 문의합니다.",공개,7
2022-10-31,온빛시 문화체육과,FOI-2022-02457,도담천 산책로 야간 문화 공연 운영비 내역 (2457호),"부모와 살며 경제적으로 여유롭지 못한 상황입니다. 도담천 산책로에서 야간에 개최된 문화 공연의 운영비 규모, 무대 설치·음향·조명·공연료 항목별 집행 내역, 참여 예술인 수와 보수 수준을 확인하여 공연이 주민들에게 실질적으로 지원되었는지 평가하고자 합니다.",공개,18
2022-12-13,여울시 단비구 기획감사과,FOI-2022-02458,청년 문화활동비 지원사업 신청 자격 및 선정 기준 (2458호),"현재 구직 중인 청년으로서 문화활동비 지원사업에 관심이 많습니다. 신청 자격 요건과 선정 기준의 구체적 항목별 배점, 최종 선정 인원 및 지원 금액 구간, 신청 마감에서 선정 완료까지 소요 기간 등 절차 전반을 알려주시기 바랍니다.",비공개,2
2023-10-31,빛솔시 아람구 기획감사과,FOI-2023-02459,새봄역 환승구역 지하상가 문화イベント 운영 현황 (2459호),"부모님과 동거하며 출퇴근하는 일상이라 환승구역 이용이 잦습니다. 새봄역 환승구역 지하상가에서 운영하는 문화 EVENT의 종류별 횟수, 연평균 관객 수,료 수입 규모, 전시물 설치비 및 운영 인력 비용이 어떻게 되는지 알기 위해 청구합니다.",공개,12
2023-07-09,가람시 열린구 문화체육과,FOI-2023-02460,해솔문화광장 가을 문화 행사 운영 예산 규모 (2460호),"현재 구직 중인 젊은 세대로 지역 축제에 참여하고 싶습니다. 해솔문화광장에서 올해 가을에 개최한 문화 행사의 전체 운영 예산 규모, 공연·축제·부스 항목별 집행 비율, 관객 예상 인원 대비 실제 관객 수 등 성과 지표가 있었는지 알려주시기 바랍니다.",부분공개,14
2023-12-18,도담군 문화체육과,FOI-2023-02461,한울초 주변 통학로 학교 예술 교육 지원금 내역 (2461호),"배우자와 자녀와 함께 거주하며 자녀의 학교 문화 예술 교육에 관심이 많습니다. 한울초 주변 통학로를 중심으로 상반기 학교 예술 교육 지원금의 지원 대상 학교 수, 기관별 지원 금액, 프로그램 유형별 분류가 어떻게 배분되었는지 구체적으로 알기 원합니다.",공개,3
2025-01-04,세움시 맑은구 문화체육과,FOI-2025-02462,미르로 교차로 공공 미술 작품 설치 비용 청구 (2462호),"염색 개발 공학 기술자로서 색채와 시각 예술에 전문적 관심을 가지고 있습니다. 미르로 교차로에 설치된 공공 미술 작품의 전체 설치 비용, 작가료·자재비·시공비 항목별 세부 금액, 작가와의 계약 형태가 수급인지 위탁인지 알기 위해 청구합니다.",부분공개,5
2023-11-16,미래군 문화체육과,FOI-2023-02463,누리버스 정류장 아동 문화 교육 프로그램 운영비 (2463호),"자녀와 함께하는 가족 문화 활동에 참여하고 싶습니다. 누리버스 정류장 인근에서 상반기 운영한 아동 문화 교육 프로그램의 전체 운영비 규모, 강사 인건비·시설비·교재비 항목별 집행 내역, 프로그램별 수강 아동 수와 평균 운영 횟수를 구체적으로 알려주시기 바랍니다.",부분공개,20
2023-07-08,가람시 새빛구 기획감사과,FOI-2023-02464,라온체육센터 주변 가족 단위 문화 행사 개최 내역 (2464호),"배우자와 자녀와 함께 생활하며 가족 단위 문화 행사 참여 기회가 있는지 확인하고 싶습니다. 라온체육센터 주변에서 상반기 개최된 가족 단위 문화 행사의 종류별 개최 횟수, 행사당 평균 참여 가족 수, 행사 규모별 소요 비용이 어떻게 배분되었는지 알기 원합니다.",부분공개,5
2023-11-29,누리시 바른구 기획감사과,FOI-2023-02465,맑은마을 커뮤니티센터 어린이 문화 체험 프로그램 예산 (2465호),"자녀의 문화 체험 기회를 찾고 있으며 맑은마을 커뮤니티센터를 이용하고 싶습니다. 해당 센터에서 상반기 운영한 어린이 문화 체험 프로그램의 전체 예산 규모, 체험 활동별 비용 배분, 운영 인력 수 및 강사 충당 방식이 수급인지 위탁인지 알려주시기 바랍니다.",공개,9
2023-05-19,세움시 맑은구 기획감사과,FOI-2023-02466,너울천 산책로 노인 문화 프로그램 운영 현황 (2466호),"배우자와 함께 거주하며 은퇴 후 문화 활동 기회를 찾고 있습니다. 너울천 산책로에서 운영하는 노인 문화 프로그램의 종류별 운영 횟수, 월별 참여 노인 수, 프로그램당 소요 운영비 규모가 어떻게 되는지 구체적으로 알기 위해 청구합니다.",부분공개,14
2023-06-20,빛솔시 아람구 문화체육과,FOI-2023-02467,빛솔광장 일대 무장애 문화 활동 지원금 내역 (2467호),"배우자와 함께 거주하며 이동에 제약이 있어 무장애 문화 활동 지원에 관심이 많습니다. 빛솔광장 일대에서 상반기 추진된 무장애 문화 활동 지원금의 전체 규모, 지원 대상 활동 유형, 기관별 지원 금액 배분이 어떻게 이루어졌는지 구체적으로 알 수 있는지 문의합니다.",공개,2
2024-07-14,예담시 늘품구 기획감사과,FOI-2024-02468,한들동 생활권 어르신 문화 교육 프로그램 운영비 (2468호),"배우자와 함께 생활하며 풍요로운 문화 활동에 참여하고 싶습니다. 한들동 생활권에서 상반기 운영된 어르신 문화 교육 프로그램의 전체 운영비 규모, 강사료·시설비·교재비 항목별 집행 내역, 프로그램 수료 후 만족도 조사 결과가 있었는지 알기 원합니다.",부분공개,7
2025-02-06,예담시 늘품구 기획감사과,FOI-2025-02469,가람공공청사 주변 문화 복지 정책 추진 현황 (2469호),"배우자와 함께 거주하며 문화 복지 정책에 관심을 가지고 있습니다. 가람공공청사 주변에서 상반기 추진된 문화 복지 정책의 전체 추진 현황, 추진 사업 수 및 종류별 분류, 해당 지역 어르신 대상 사업 비율이 어떻게 배분되었는지 구체적으로 알려주시기 바랍니다.",부분공개,11
2022-07-07,라온군 문화체육과,FOI-2022-02470,세움산업단지 입구 노후 문화시설 개선 예산 규모 (2470호),"배우자와 함께 거주하며 가까운 문화시설 이용을 기대하고 있습니다. 세움산업단지 입구 일대 노후 문화시설 개선 공사에 배분된 상반기 예산의 총 규모, 개선 항목별 비용 배분, 공사의 전체 완료 예정 시기 및 단계별 추진 계획이 어떻게 되는지 알기 위해 청구합니다.",비공개,7
2024-08-22,누리시 바른구 문화체육과,FOI-2024-02471,상반기 문화행사 보조금 집행 내역 상세 공개 청구 (2471호),"임학 연구원으로서 상반기 전체 문화행사 보조금 집행 내역의 투명성 확보가 중요합니다. 상반기 중 집행된 문화행사 보조금의 총액, 구청·직할기관· 민간단체별 집행 규모, 사업 유형별 분류 및 항목별 지출 비율이 구체적으로 어떻게 배분되었는지 알기 원합니다.",공개,5
2025-06-04,세움시 맑은구 기획감사과,FOI-2025-02472,푸른마루 교차로 문화 행사 선정 기준 및 평가 방법 (2472호),"연구원으로서 지역 문화 행정의 공정성 분석에 관심이 있습니다. 푸른마루 교차로 문화 행사 선정 시 적용하는 기준 항목별 배점, 외부 전문가 평가 여부, 선정 심사의 전체 절차와 일정, 이전 선정 사업의 선정 배점 원시 기록이 있었는지 알려주시기 바랍니다.",부분공개,5
2025-07-08,온빛시 문화체육과,FOI-2025-02473,미래복합센터 인근 문화 예술단 지원금 배분 기준 (2473호),"임학 연구원으로서 보조금 배분 기준의 객관성을 검증하고자 합니다. 미래복합센터 인근 문화 예술단에 대한 상반기 지원금 배분 기준의 항목별 배점, 단체 규모·실적·프로그램 점수별 가중치, 동일 유형 예술단 간 지원금 차이 발생 원인, 탈락 단체에 대한 사후 안내 여부를 알려주시기 바랍니다.",공개,6
2022-12-21,예담시 늘품구 문화체육과,FOI-2022-02474,새봄역 환승구역 문화 시설 설치 예산 상세 내역 (2474호),"연구원으로 행정 비용의 효율성을 분석할 필요가 있습니다. 새봄역 환승구역에 상반기 설치된 문화 시설의 전체 설치 예산, 구조물비·전기·홍보 항목별 세부 금액, 설계·시공 업체 선정 방식이 경쟁 입찰인지 수의 계약인지, 계약 금액이 얼마나 집행되었는지 구체적으로 알려주시기 바랍니다.",부분공개,8
2022-10-23,온빛시 기획감사과,FOI-2022-02475,상반기 문화 관련 보조금 수혜 기관 명단 공개 청구 (2475호),"연구 목적을 위해 상반기 문화 관련 보조금을 수혜한 기관·단체의 전체 명단과 해당 사업명, 보조금 지원 금액을 알고 싶습니다. 수혜 기관의 유형별 분류와 규모별 분포, 신규 수혜 기관과 계속 수혜 기관 비율이 어떻게 되는지도 함께 알기 위해 청구합니다.",부분공개,1
2023-05-10,세움시 맑은구 도시계획과,FOI-2023-02476,푸른마루 교차로 버스 노선 운행 현황 및 수익성 분석 요청 (2476호),취업 지원기관 인근 버스 노선 이용률이 적자가 우려되는 수준인지 확인 필요. 구직 중인 서류 작성 중 출퇴근길 이동 동선 파악이 긴급하므로 최근 6개월간 노선별 수익 데이터를 공개해 줄 것,공개,14
2022-10-31,가람시 새빛구 도시계획과,FOI-2022-02477,누리버스 정류장 환승 연결 편의성 개선 계획 건의 (2477호),새봄역 환승구역에서 누리버스로 환승 시 도보 이동거리가 400미터에 달해 불편. 노선도 배치 개선이나 환승 전용 셔틀 도입 계획이 있는지 확인 요청. 현재 통학로 활용 가능 여부도 함께 알려줄 것,부분공개,13
2024-08-23,온빛시 도시계획과,FOI-2024-02478,세움산업단지 입구 버스 배차간격 실태 조사 결과 (2478호),작업 일정상 새벽 5시경 공단으로 출근하는데 배차간격이 40분 이상으로 불편. 산업단지 입구 정류장 정시성 및 배차주기 개선 추진 현황을 알고 싶어 신청함. 최근 3개월 관찰 데이터도 포함해 줄 것,부분공개,13
2025-03-01,예담시 늘품구 도시계획과,FOI-2025-02479,미르로 교차로 일대 교통사고 다발 구간 안전 강화 조치 (2479호),한울초 주변 통학로와 연결되는 미르로 교차로에서 보행자 사고가 다수 발생. 안전시설 설치 및 신호 체계 변경 등 강화 조치 추진 결과를 알려줄 것. 최근 2년간 사고 유형별 통계도 함께 공개 요청,공개,2
2024-10-20,미래군 도시계획과,FOI-2024-02480,가온로 보행구간 자전거 공유서비스 도입 보고 (2480호),통근 방법 다변화와 환경 부담 경감을 위해 가온로 보행구간 공유사이클 거치장 설치 추진 여부를 검토 중. 현재 설치 현황 및 향후 확대 계획이 있는지 공개해 줄 것. 지역 주민 만족도 조사 결과도 포함해 줌,공개,16
2024-05-22,빛솔시 아람구 도시계획과,FOI-2024-02481,미래복합센터 인근 순환버스 운행 효율화 검토 보고 (2481호),미래복합센터 인접 지역 순환버스가 정시성이 낮고 이용률이 불안정. 노선 재구성이나 운행 시간대 조정 검토 현황이 있는지 확인 요청. 기존 이용객 수요조사 결과도 공개해 줄 것,비공개,18
2024-09-29,너울시 물빛구 교통행정과,FOI-2024-02482,해솔문화광장 야간 공연시 대중교통 대응 계획 수립 현황 (2482호),해솔문화광장에서 연중 다수 문화행사가 열리는데 관객 퇴근 대응 체계 미흡. 특별 계획 수립 여부와 평일 야간 연장 운행 가능성을 확인 요청. 지난 행사 관객 수 파악도 필요함,비공개,14
2022-11-26,여울시 단비구 교통행정과,FOI-2022-02483,도담천 산책로 이용자 교통アクセス 요구 (2483호),산책로 이용객 중 고령자가 많은데 접근성이 현저히 부족. 도담천 진입 도로 버스 정류장 또는 셔틀 운영 여부를 알려줄 것. 현재 인접 정류장 위치도 함께 제공 요청,비공개,1
2025-06-18,가람시 새빛구 도시계획과,FOI-2025-02484,샘물동 생활권 마을버스 재정 지원 규모 및 배분 기준 (2484호),마을버스 노선이 지역 주민 핵심 교통수단인데 보조금 규모 축소 소문이 있음. 재정 지원 규모와 배분 기준이 어떻게 되는지 구체적으로 확인 요청. 노선별 지원 비율도 공개해 줄 것,비공개,9
2024-05-06,도담군 도시계획과,FOI-2024-02485,온빛도서관 앞 시내버스 정류장 개선 설계 검토 결과 (2485호),도서관 앞 정류장이 노후되어 이용객 불편이 가중. 정류장 개선 설계 및 공사 일정 확정 여부를 확인 요청. 시민 의견 수렴 과정과 최종 안 결정 일정도 함께 알려줄 것,부분공개,5
2023-04-05,해솔시 도시계획과,FOI-2023-02486,새빛시장 주변 무정차 버스 도입 가능성 검토 보고 (2486호),시장을 찾는 시민과 상인들 대부분이 고령자여서 정차 시 체력이 소모됨. 무정차 통과 구간 도입 검토 여부와 안전성 평가 결과를 확인 요청. 유사 사례 운영 효과도 참고할 수 있도록 알려줄 것,공개,17
2023-01-09,가람시 열린구 교통행정과,FOI-2023-02487,라온체육센터 주변 버스노선 최종 평점 및 개선 계획 (2487호),운동시설 이용객 증가로 대중교통 접근 편의성이 이슈됨. 체육센터 주변 노선 최종 평가 결과와 개선 추진 계획을 확인 요청. 이용자 만족도 조사도 포함해 공개해 줄 것,공개,9
2024-08-12,빛솔시 아람구 도시계획과,FOI-2024-02488,한들동 생활권 시내버스 배차 간격 단축 추진 현황 (2488호),한들동 일대는 신규 아파트 입주가 진행되어 인구가 크게 증가. 이에 따른 배차간격 단축 추진 현황이 있는지 확인 요청. 현재 운행 대수와 증차 계획도 함께 공개해 줄 것,공개,4
2023-03-20,가람시 새빛구 교통행정과,FOI-2023-02489,너울천 산책로 셔틀버스를 활용한 접근성 개선 제안 (2489호),너울천 산책로를 찾는 시민들 대부분이 및 장애인이라 대중교통 접근이 어려움. 셔틀버스 도입 검토 여부와 예상 운행 비용을 확인 요청. 기존 유사 노선 운영 사례도 참고할 수 있도록 알려줄 것,공개,19
2025-09-27,미래군 교통행정과,FOI-2025-02490,빛솔광장 일대 대중교통 안내 체계 실태 및 개선 방안 (2490호),빛솔광장 주변 정류장 안내 표지가 노후되어 이용에 불편. 안내 체계 실태 조사 결과와 개선 방안을 확인 요청. 다국어 안내 표기 확대 계획도 함께 공개해 줄 것,공개,11
2025-05-16,가람시 열린구 교통행정과,FOI-2025-02491,새봄역 환승구역 환승 소요 시간 실태 조사 결과 (2491호),새봄역에서 버스로 환승 시 평균 소요 시간이 오래 걸려 불편. 환승 동선 실태 조사 결과와 환승 환경 개선 추진 현황을 확인 요청. 이용객 대기 시간 분포도 함께 공개해 줄 것,부분공개,5
2024-09-15,누리시 바른구 교통행정과,FOI-2024-02492,가람공공청사 주변 버스 정류장 접근로 개선 공사 현황 (2492호),공공청사를 방문하는 시민들이 정류장에서 행정동까지 이동 시 보행 환경이 불편. 접근로 개선 공사 현황과 목표 시기를 확인 요청. 현재 공사 진행률도 함께 알려줄 것,부분공개,19
2025-05-26,새봄시 한울구 도시계획과,FOI-2025-02493,세움산업단지 야간 근무자 지원 확대 계획 보고 (2493호),야간 교대 근무자에 대한 대중교통 지원 부족으로 출퇴근이 어려움. 산업단지 버스 서비스 확대 검토 여부를 확인 요청. 기존 심야 버스 운행 현황도 함께 공개해 줄 것,부분공개,19
2025-06-25,누리시 바른구 도시계획과,FOI-2025-02494,누리버스 정류장 요금체계 조정 시민 의견 수렴 결과 (2494호),버fare 인상안 시민 의견 수렴 결과가 어떻게 반영되었는지 확인 필요. 조정 결정 배경과 예상 시を 함께 공개해 줄 것. 지역별 fare 차등 적용 검토 현황도 알고 싶음,부존재,15
2023-04-06,라온군 도시계획과,FOI-2023-02495,가온로 보행구간 버스노선 수정 이용자 만족도 예측 (2495호),가온로 보행구간 주변 노선이 최근 수정되었는데 자 만족도가 우려됨. 수정 수립 배경과 예상 이용자 만족도 예측 결과를 확인 요청. 수정전후 이용률 비교도 함께 공개해 줄 것,공개,8
2022-03-21,라온군 도시계획과,FOI-2022-02496,한울초 주변 통학로 학생안전 확보 교통 개입 (2496호),한울초 주변 통학로에서 교차로 신호 체계가 불안정하여 생 안전이 우려됨. 학생 통학 시간 교통 관리 강화과 추진 결과를 확인 요청. 학부모 의견 수렴 내용도 함께 공개해 줄 것,부분공개,4
2025-12-17,미래군 교통행정과,FOI-2025-02497,가람공공청사 대중교통 접근성 관련 민원 처리 경과 보고 (2497호),공공청사 접근성 개선 관련 민원을 제출한 후 처리 경과를 알고 싶음. 민원 접수 후 검토 현황과 조치 내용 및 추진 일정을 확인 요청. 유사 민원 처리 사례도 함께 알려줄 것,부분공개,17
2022-11-02,도담군 도시계획과,FOI-2022-02498,누리버스 정류장 저상버스 운영 비율 및 확대 계획 (2498호),누리버스 정류장에서 버스 접근성이 여전히 낮아 불편. 현재 저상버스 운행 비율과 확대 도입 계획을 확인 요청. 정류장별 저상버스 가능 여부도 함께 공개해 줄 것,부분공개,19
2023-05-08,미래군 교통행정과,FOI-2023-02499,빛솔광장 일대 대중교통 이용 실태 및 정책 만족도 조사 (2499호),"빛솔광장 일대 시민 대중교통 이용 실태와 전반적 만족도를 확인 필요. 조사 목적과 방법, 주요 결과 및 개선 방향을 종합적으로 공개해 줄 것. 조사 참여 시민 규모도 함께 알려줄 것",공개,9
2023-08-11,빛솔시 아람구 도시계획과,FOI-2023-02500,새빛시장 주변 버스 운수 인력 배치 현황 및 복지 지원 (2500호),"시장 주변 버스 운수 인력 배치 수준과 복지 지원 체계가 궁금함. 운전기사 배치 기준 및 수당 체계, 복지 프로그램 운영 현황을 확인 요청. 노선별 운수 인력 비율도 함께 공개해 줄 것",공개,20
2022-07-01,가람시 열린구 정보통신과,FOI-2022-02501,아버지 실종 시 목격 영상 열람 청구 (2501호),지난 3월 한울초 주변 통학로에서 아버지가 낮 시간에 행방불명되어 긴급히 확인이 필요합니다. 해당 시간대에 설치된 CCTV 영상 전부를 제공하여 주시기 바랍니다. 발견 시 즉시 열람할 수 있는 연락처도 함께 안내해 주세요.,비공개,4
2023-06-26,가람시 열린구 정보통신과,FOI-2023-02502,아파트 엘리베이터 사고 관련 영상 열람 청구 (2502호),며칠 전 새봄역 환승구역 인접 아파트 엘리베이터에서. 이 곤란을 당한 것으로 의심되어 현장 영상과 사건 전후 30분 분량을 확인하고자 합니다. 피해 규모와 사고 경위를 명확히 파악해야 합니다.,부분공개,15
2022-11-29,빛솔시 아람구 정보통신과,FOI-2022-02503,골목 주정차 단속 현장 영상 열람 청구 (2503호),가온로 보행구간에서 자차량이 부적정하게 주차된 것으로 추정되어 과태료 부과 통지를 받았습니다. 해당 지역 CCTV에 내가 주차한 시간과 상황이 어떻게 촬영되어 있는지 직접 확인이 필요합니다.,공개,9
2023-08-22,세움시 맑은구 안전총괄과,FOI-2023-02504,시장 귀갓길 안전 확인용 영상 열람 청구 (2504호),"새빛시장 주변에서 늦은 시간에 여성 혼자 귀가 시 이 우려되어 해당 구간의 야간 영상 촬영 현황과 밝기, 촬영 각도를 확인하고 싶습니다. 향후 안전한 귀가를 위한 참고 자료로 활용할 예정입니다.",부분공개,8
2022-12-07,새봄시 한울구 안전총괄과,FOI-2022-02505,부동산 거래 사기 의심 영상 열람 청구 (2505호),맑은마을 커뮤니티센터 인근에서 부동산 거래 중 의심스러운 인물이 나타났습니다. 해당 시간대에 이 지역을 지나는 인물 영상과 차량 통행 기록을 확인하여 거래 상대방 신원 확인에 활용하고자 합니다.,비공개,1
2025-01-22,도담군 정보통신과,FOI-2025-02506,전기 사고 현장 안전감리 영상 열람 청구 (2506호),세움산업단지 입구 부근에서 발생한 전기 사고 현장의 안전감리 기록 영상을 요청합니다. 과거 전기 안전 기술자로서 사고 원인 분석과 안전 기준 준수 여부를 자체적으로 검토할 필요가 있습니다.,부분공개,16
2023-09-25,빛솔시 아람구 정보통신과,FOI-2023-02507,산업단지 야간 가로등 작동 영상 열람 청구 (2507호),세움산업단지 내 야간 작업 시 필요한 시설 작동 현황과 사고다발 구역 촬영 영상을 요청합니다. 전기 안전 기술 경력을 활용하여 야간 작업 기준을 자체 평가하고자 합니다.,공개,8
2022-03-16,여울시 단비구 안전총괄과,FOI-2022-02508,연구용 전력 소비량 확인용 영상 열람 청구 (2508호),도담천 산책로에 설치된 에너지 절약 가로등의 실제 작동 영상과 소비전력 데이터를 확인하고자 합니다. 과거 에너지 연구 경험으로 지역 행정의 에너지 정책를 분석하고 싶습니다.,부분공개,15
2024-05-31,온빛시 안전총괄과,FOI-2024-02509,어린이 보호 구역 안전 점검 영상 열람 청구 (2509호),한울초 주변 통학로의 어린이 보호 구역 시술 현황과 차량 통제 영상 자료를 요청합니다. 자녀의 과 관련하여행정의 보호이 적정하게 이루어졌는지 직접 확인이 필요합니다.,부분공개,9
2024-05-07,해솔시 정보통신과,FOI-2024-02510,주택가 전선 안전 상태 확인 영상 열람 청구 (2510호),푸른마루 교차로 주변 다세대주택가에서 집중호우 시 전선 이 우려됩니다. 해당 지역의 배전 시설 영상과の 보수 이력 기록을 확인하여 주민 안전 확보에 기여하고 싶습니다.,공개,9
2025-03-09,여울시 단비구 안전총괄과,FOI-2025-02511,형제의 안전한 귀근 동선 영상 열람 청구 (2511호),직장 다니는 형제가 새빛시장 주변에서 늦게 귀근하는 길의 영상 촬영 현황을 확인하고자 합니다. 혼자 귀가하는 가족의 을 위해 순찰 배치와 카메라 작동 현황을 알아야 합니다.,부분공개,6
2024-01-22,온빛시 정보통신과,FOI-2024-02512,시장 주류 단속 현장 영상 열람 청구 (2512호),새빛시장 주변에서 본인 사업장 앞 단속 시 규정 위반이 있었는지 현장 영상으로 직접 확인이 필요합니다. 화장품 판매 경력으로 영업 현장의 적정 단속 기준을 파악하고 싶습니다.,부분공개,9
2022-01-12,도담군 정보통신과,FOI-2022-02513,아파트 반려동물 사고 영상 열람 청구 (2513호),아파트 단지에 사는 형제가 키우는 동물과 관련된 사고 의심 신고가 있었는지 확인이 필요합니다. 사고 현장 영상과관리 규정 위반 여부를 파악하여 이웃 간 분쟁 해결에 활용할 예정입니다.,부분공개,18
2024-11-17,예담시 늘품구 안전총괄과,FOI-2024-02514,공공기관 업무 처리 영상 열람 청구 (2514호),"가람공공청사 주변의 민원 접수 처리 과정이 적정하게 이루어졌는지 확인이 필요합니다. 과거 행정 업무 경험으로, 의 응대 태도와 처리 절차를 검증하고 싶습니다.",부분공개,19
2025-02-04,가람시 새빛구 안전총괄과,FOI-2025-02515,후보 채용 과정 영상 열람 청구 (2515호),최근 면접을 본 공공기관의 채용 과정 공정성 여부를 확인하기 위해 면접 주변 영상과 대기 공간 촬영 기록을 요청합니다. 구직 활동 중 차별 없는채용이 이루어졌는지 직접 확인할 권리가 있습니다.,공개,7
2025-04-26,너울시 물빛구 안전총괄과,FOI-2025-02516,조경 현장 보안 위협 관련 영상 열람 청구 (2516호),지난 주 열린마을 공원에서 업무 중 의문의 인물에게 위협을 받은 것 같습니다. 해당 시간대에 공원 내 모든 영상 녹화 기록을 확인하여 사건 경위를 파악하고 경찰 신고 시 증거로 활용하고자 합니다.,부분공개,16
2023-01-14,여울시 단비구 정보통신과,FOI-2023-02517,산책로 조명 사고 영상 열람 청구 (2517호),너울천 산책로에서 조경시설 가로등이 갑자기 꺼지면서 불안한 경험을 했습니다. 해당 시간의 조명 작동 영상과 시스템 로그를 확인하여 안전 관리 실태를 파악하고 싶습니다.,공개,3
2023-07-20,너울시 물빛구 안전총괄과,FOI-2023-02518,통학로 안전 시설 영상 열람 청구 (2518호),부모님이 드나드는 한울초 주변 통학로의 안전 시설 가동 현황과 통제 장치 작동 영상을 요청합니다. 조경감리 기술 경력을 바탕으로 해당 시설의 적정성 여부를 평가하고 싶습니다.,비공개,11
2023-08-17,도담군 안전총괄과,FOI-2023-02519,마을 주민 간 분쟁 현장 영상 열람 청구 (2519호),맑은마을 커뮤니티센터 앞 공터에서 이웃 주민과 공용 공간 사용 관련 분쟁이 발생했습니다. 해당 시간 현장 영상으로 경위를 객관적으로 확인하고 분쟁 해결에 활용하고 싶습니다.,공개,17
2025-05-29,해솔시 정보통신과,FOI-2025-02520,취업 준비 구직 활동 영상 열람 청구 (2520호),취업 준비 과정에서 면접 장소 주변 환경과 안전 시설 현황을 미리 확인하고 싶습니다. 누리버스 정류장 주변의 영상 촬영 범위와 안전 시설 가동 현황을 알려주세요.,공개,12
2022-11-03,예담시 늘품구 정보통신과,FOI-2022-02521,공장 작업자 안전 관리 영상 열람 청구 (2521호),가죽 재봉업 현장의 안전 관리 실태를 파악하기 위해 세움산업단지의 업종 작업장 주변 영상과 안전 시설 가동 현황을 확인하고 싶습니다. 업계 안전 기준 강화에 참고할 예정입니다.,공개,17
2025-12-06,라온군 안전총괄과,FOI-2025-02522,가게 앞 도난 사고 영상 열람 청구 (2522호),아파트 1층에서 운영하는 작업실에서 도난 사고가 의심됩니다. 해당 시간대 건물 주변 영상과 공용 구역 촬영 기록을 확인하여 피해 규모와 시간을 파악해야 합니다.,부분공개,20
2024-04-18,가람시 새빛구 정보통신과,FOI-2024-02523,시장차량 통행 영상 열람 청구 (2523호),새빛시장에서 취급하는 소재 납품용 차량의 시장 진입 및 시간 기록을 확인하여 납품 정산에 활용하고자 합니다. 재봉업의 물류 흐름을 효율적으로 관리하기 위한 필요 자료입니다.,부분공개,11
2025-11-14,여울시 단비구 정보통신과,FOI-2025-02524,공공 지원금 사용 적정성 확인 영상 열람 청구 (2524호),"정부의 소규모 사업자 지원금을 받아 중인데, 자금 사용 내역과 관련하여 사업장 주변 영상으로 집행 과정을 스스로 검증하고 싶습니다. 지원금 부적정사용 소명이 없도록 하고 싶습니다.",부분공개,6
2023-07-10,가람시 새빛구 정보통신과,FOI-2023-02525,배우자 교통 사고 관련 영상 열람 청구 (2525호),배우자가 미르로 교차로 부근에서 교통 사고를 당한 것 같습니다. 현장 영상과 사고 전후 10분간의 교차로 CCTV 녹화 기록을 확인하여 사고 경위와 책임 관계를 명확히 하고 싶습니다.,공개,4
2023-06-27,라온군 안전총괄과,FOI-2023-02526,푸른마루 교차로 보행자 신호 전환 시간 데이터 (2526호),"최근 해당 교차로에서 보행자 신호 전환이 급작스럽게 이루어져 고령 보행자가 횡단하기 어려운 상황이 발생하고 있습니다. 아파트 단지의 고령 주민들이 많이 이용하는 구간으로, 해당 교차로 최근 1년간 보행자 신호 전환 시간 데이터를 요청합니다.",부분공개,19
2022-09-30,누리시 바른구 교통행정과,FOI-2022-02527,아파트 단지 주변 보행자 신호 전환 시간 현황 (2527호),현재 구직 중인 신분이 mobility 관련 분야 취업을 준비하고 있어 보행자 신호 체계에 관심을 가지고 있습니다. 거주 아파트 단지 주변 주요 보행자 신호의 전환 시간 현황을 파악하여 접근성 관련 기초 자료로 활용하고자 합니다.,부분공개,14
2025-10-13,새봄시 한울구 안전총괄과,FOI-2025-02528,가온로 일대 교차로 보행자 신호 체계 변화 이력 (2528호),최근 해당 일대 교차로에서 보행자 신호 체계가 변경된 것으로 알려져 이에 대한 이력과 조정 사유를 확인하고자 합니다. 시민 안전과 직접 관련된 사안으로 투명한 정보 공개가 필요하다고 판단하여 청구합니다.,공개,7
2023-08-15,너울시 물빛구 안전총괄과,FOI-2023-02529,가온로 일대 교차로 신호 체계 현황 및 변경 이력 (2529호),전직 배관공 경력으로 현장 작업 시 보행자 안전에 대한 관심이 높아졌습니다. 해당 일대 주요 교차로의 신호 체계 현황과 최근 변경 이력을 파악하여 안전 현장 확인에 활용코자 합니다.,부분공개,17
2024-03-21,예담시 늘품구 안전총괄과,FOI-2024-02530,샘물동 생활권 아파트 단지 주변 교통안전 현황 (2530호),배우자와 함께 거주하며 주부로서 주거단지 내 보행 환경을 중요하게 생각합니다. 해당 아파트 단지 주변 최근 3년간 교통안전 현황 및 개선 이력을 파악하여 안전하고 쾌적한 주거 환경 조성에 참고하고자 합니다.,공개,1
2024-01-17,가람시 새빛구 교통행정과,FOI-2024-02531,최근 1년간 교통신호 단속 처리 현황 및 법적 근거 (2531호),사회 교사로서 교통 법규 교육 과정에서 단속의 일관성과 투명성에 대한 학생들의 질문에 정확히 답하기 위한 기초 자료가 필요합니다. 최근 1년간 해당 지역의 교통신호 관련 단속 처리 현황과 법적 근거를 요청합니다.,부존재,10
2025-08-21,누리시 바른구 교통행정과,FOI-2025-02532,한울초 주변 통학로 교통량 조사 데이터 (2532호),학교 현장에서 교통 안전 교육 프로그램을 운영하면서 학생 통학 시간대의 실제 교통량 데이터가 필요합니다. 해당 교차로를 중심으로 한 학기 동안의 통학 시간대 교통량 조사 데이터를 요청합니다.,공개,7
2023-01-31,가람시 새빛구 안전총괄과,FOI-2023-02533,새빛시장 주변 주정차 단속 처리 현황 및 절차 (2533호),"혼자 거주하며 시장의 일상을 자주 이용하는데, 상인과 주민들 사이에서 주차 관련 민원이 지속되고 있습니다. 단속의 기준과 절차가 투명하게 이루어지고 있는지 확인하기 위해 관련 처리 현황을 요청합니다.",부분공개,3
2025-06-11,너울시 물빛구 교통행정과,FOI-2025-02534,빛솔광장 일대 교통사고 발생 현황 및 안전 시설 현황 (2534호),학교 현장에서 학생들에게 교통 안전 교육을 실시하면서 해당 지역 사고 현황에 대한 정확한 데이터가 필요합니다. 최근 2년간 빛솔광장 일대 교통사고 발생 현황과 교통안전 시설 설치 현황을 요청합니다.,부분공개,16
2022-02-26,여울시 단비구 교통행정과,FOI-2022-02535,라온체육센터 주변 교통안전 개선 방안 추진 현황 (2535호),학교 근처 체육시설 주변 교통 관리가 학생들의 안전과 직결된다고 생각합니다. 해당 지역 교통안전 개선 방안의 구체적인 추진 현황과 시행 계획을 요청합니다.,부분공개,11
2022-11-05,도담군 안전총괄과,FOI-2022-02536,열린마을 공원 주변 보행자 교통사고 현황 (2536호),전직 조경원으로서시설 설계 시 보행자 안전이 핵심 요소임을 잘 알고 있습니다. 해당 공원 주변에서 발생한 최근 2년간 보행자 교통사고 발생 현황과 사고 유형 분석 데이터를 요청합니다.,공개,2
2025-04-07,새봄시 한울구 안전총괄과,FOI-2025-02537,지역 내 자전거 도로 설치 현황 및 유지관리 기준 (2537호),조경 분야에서 녹색 교통 관련 업무 수행 시 필요한 기초 자료를 확보하고자 합니다. 지역 내 자전거 도로 설치 현황과 유지관리 기준에 대한 데이터를 요청합니다.,부분공개,16
2022-08-09,가람시 열린구 교통행정과,FOI-2022-02538,미래복합센터 인근 보행자 신호기 야간 가시성 현황 (2538호),현재 구직 중인で 야간 통근 시 보행자 안전이 중요한 문제로 다가옵니다. 해당 지역 보행자 신호기의 야간 가시성 현황과 개선 계획이 있는지 확인을 요청합니다.,부분공개,11
2023-02-18,세움시 맑은구 교통행정과,FOI-2023-02539,한울초 주변 통학로 보행자 신호 체계 현황 (2539호),삼세대 가구에서 생활하며 가족 자녀의 등교 안전에 각별한 관심을 가지고 있습니다. 한울초 주변 통학로의 보행자 신호 체계 현황을 파악하여 안전한 통학로를 확인하고자 합니다.,비공개,11
2024-10-25,너울시 물빛구 교통행정과,FOI-2024-02540,지역 내 교통안전 교육 프로그램 운영 현황 (2540호),취업 준비 과정에서 교통안전 관련 분야 역량 강화를 위한 프로그램 참여를 고려하고 있습니다. 지역 내 교통안전 교육 프로그램의 최근 운영 현황과 성과 데이터를 요청합니다.,부분공개,6
2023-07-20,라온군 교통행정과,FOI-2023-02541,아파트 단지 내 주정차 제한 구역 지정 기준 (2541호),가구 디자이너로 활동하며 고객 대응 시 주거 환경 관련 지식 확보가 필요합니다. 아파트 단지 내 주정차 제한 구역이 지정되는 기준과 그 법적 근거를 요청합니다.,공개,13
2022-04-02,예담시 늘품구 교통행정과,FOI-2022-02542,새빛시장 주변 상업용 차량 주정차 단속 처리 현황 (2542호),주거지 아파트에서 생활하며 상가 지역과의 주차 갈등이 일상적으로 느껴집니다. 상업용 차량의 주정차 단속 처리 현황이 투명하게 이루어지고 있는지 확인하기 위해 데이터를 요청합니다.,공개,17
2023-03-12,가람시 새빛구 교통행정과,FOI-2023-02543,아파트 단지 주차 허가제 운영 현황 및 신청 자격 기준 (2543호),주거 환경 개선을 위한 연구 활동에서 주차 정책이 중요한로 부각되고 있습니다. 아파트 단지의 주차 허가제 운영 현황과 신청 자격 기준에 대한 정보를 요청합니다.,공개,10
2022-04-06,여울시 단비구 교통행정과,FOI-2022-02544,누리버스 정류장 주변 주정차 단속 빈도 및 시간 (2544호),대중교통을 자주 이용하는 이유로 정류장 주변 parking 환경이 걱정됩니다. 해당 정류장 주변 주정차 단속의 빈도와 단속 시간을 파악하여 안전한 대중교통 이용 환경을 확인하고 싶습니다.,부분공개,14
2024-04-25,미래군 안전총괄과,FOI-2024-02545,아파트 단지 내 불법 주차 차량 처리 절차 및 기간 (2545호),이세대 가구에서 생활하며 주거 환경의 안전 확보를 중요하게 생각합니다. 아파트 단지 내 불법 주차 차량의 처리 절차와 처리 기간이 어떤 기준에 따라 이루어지고 있는지 요청합니다.,부분공개,6
2022-01-05,미래군 안전총괄과,FOI-2022-02546,한울초 주변 통학로 교통안전 개선 이력 (2546호),한부모 가구에서 자녀와 함께 생활하며 자녀의 안전한 등교길에 각별한 관심을 가지고 있습니다. 한울초 주변 통학로의 최근 교통안전 개선 이력을 파악하여 자녀 안전에 활용코자 합니다.,공개,8
2025-08-20,여울시 단비구 교통행정과,FOI-2025-02547,도담천 산책로 주변 학교 접근도로 신호 체계 (2547호),자녀의 통학 시간대에 해당 구간 신호 체계가 안전하게 운영되고 있는지 확인이 필요합니다. 도담천 산책로 주변 학교 접근도로의 신호 체계 조정 내용을 요청합니다.,공개,15
2024-09-19,여울시 단비구 교통행정과,FOI-2024-02548,아파트 단지 주변 방범용 CCTV 설치 현황 (2548호),한부모 가구로서 자녀 안전에 만전을 기하고 싶습니다. 아파트 단지 주변 방범용 CCTV 설치 현황과 영상 보관 기간이 어떤 기준에 따라 관리되고 있는지 요청합니다.,공개,5
2023-09-12,새봄시 한울구 교통행정과,FOI-2023-02549,한울초 주변 학교 교통사고 현황 및 사고 유형 (2549호),자녀의 등하교 교통 안전이 가장 걱정되는 사항입니다. 한울초 주변 학교 반경 300미터 이내에서 최근 2년간 발생한 교통사고 현황과 사고 유형 분석 결과를 요청합니다.,부분공개,8
2023-10-17,새봄시 한울구 안전총괄과,FOI-2023-02550,학교 주변 어린이 보호 구역 지정 현황 및 기준 (2550호),한부모 가구에서 돌봄 책임을 전담하며 자녀 안전에 대한 걱정이 큽니다. 학교 주변 어린이 보호 구역이 현재 어떻게 지정되어 있는지 그리고 그 지정 기준이 무엇인지 요청합니다.,부분공개,1
2022-02-04,가람시 열린구 건축허가과,FOI-2022-02551,샘물동 생활권 내 다가구주택 관련 건축허가 이력 공개 청구 (2551호),현재 거주하는 다가구주택 단지의 건축허가 이력을 최근 10년간 기준으로 요청합니다. 특히 원룸 전환 및 증축 관련 허가 건수와 허가 시 안전 점검 여부를 확인하고자 합니다.,공개,10
2024-03-05,도담군 도시계획과,FOI-2024-02552,도담천 산책로 일대 무허가 건축물 현장 조사 기록 공개 청구 (2552호),"도담천 산책로 주변에서 무허가 건축물이 발생했다는 정보를 입수하여 현장 조사 기록이 존재하는지 확인 요청합니다. 최근 2년간 조사 일시와 적발 내용, 조치 내용을 알고 싶습니다.",부분공개,4
2022-07-10,가람시 열린구 건축허가과,FOI-2022-02553,라온체육센터 주변 역사적 건물 관련 건축허가 현황 조회 청구 (2553호),라온체육센터 주변에 역사적 가치를 지닌 것으로 알려진 건물이 있는데 최근 리모델링 공사가 진행되고 있습니다. 해당 건물의 용도변경 또는 증축 허가 이력이 있는지 확인 요청합니다.,공개,12
2024-10-27,도담군 도시계획과,FOI-2024-02554,가온로 보행구간 일대 불법 점포 확장 단속 기준 근거 자료 청구 (2554호),가온로 보행구간 주변 상가 건물에서 점포 확장이 빈번하게 이루어지고 있는 것으로 파악됩니다. 해당 단속을 어떤 기준과 근거에 따라 진행하고 있는지 관련 규정을 요청합니다.,공개,18
2024-10-22,예담시 늘품구 건축허가과,FOI-2024-02555,한울초 주변 통학로 불법 건축물 민원 처리 결과 공개 청구 (2555호),"한울초 주변 통학로에서 지난 1년간 반복적으로 신고된 불법 건축물 관련 민원의 처리 결과를 알고 싶습니다. 현장 조사 일시와 조치 내용, 향후 계획이 있는지 확인 요청합니다.",공개,1
2024-12-15,가람시 새빛구 건축허가과,FOI-2024-02556,푸른마루 교차로 주변 불법 주차장 조성 관련 민원 처리 경위 공개 청구 (2556호),푸른마루 교차로 근처 아파트 단지에 주차난을 핑계로 불법 주차장이 조성되었다는 사실을 확인하였습니다. 해당 민원이 어떻게 처리되었는지 경위와 관계부서 협의 결과를 요청합니다.,공개,9
2025-07-16,세움시 맑은구 건축허가과,FOI-2025-02557,열린마을 공원 인접 부지 건축허가 이력 및 지적도 공개 청구 (2557호),"열린마을 공원 바로 옆 대지에 최근 건축공사가 시작되었는데 관련 허가 여부와 지적 정보를 확인하고자 합니다. 건축면적, 건폐율, 용적률 관련 기준 적용 현황도 알려주시기 바랍니다.",비공개,20
2025-02-11,온빛시 도시계획과,FOI-2025-02558,가온로 보행구간 일대 상가 건물 증축 허가 현황 확인 청구 (2558호),가온로 보행구간 주변 상가 건물에서 최근 잇달아 증축 공사가 이루어지고 있습니다. 해당 공사가 적법한 허가를 받았는지 허가 건수와 허가일자를 기준으로 확인 요청합니다.,부분공개,18
2024-08-30,예담시 늘품구 도시계획과,FOI-2024-02559,새빛시장 주변 불법 점포 확장 관련 현장 조사 결과 공개 청구 (2559호),"새빛시장 주변에서 상가 건물 점포 확장이 무단으로 이루어지고 있다는 신고가 다수 있었던 것으로 알려져 있습니다. 최근 1년간 현장 조사 일시와 적발 내용, 조치 내용을 요청합니다.",공개,6
2024-04-14,라온군 건축허가과,FOI-2024-02560,샘물동 생활권 다가구주택 단지 내 무단 증축 현황 조사 결과 공개 청구 (2560호),샘물동 생활권 내 다가구주택 단지에 거주하는 세입자들 사이에서 건물주가 실내 면적을 늘리는 공사를 했다는 이야기가 돌고 있습니다. 해당 단지 내 무단 증축 현황 조사 결과가 있는지 확인 요청합니다.,공개,14
2022-01-26,예담시 늘품구 도시계획과,FOI-2022-02561,샘물동 생활권 아파트 단지 최근 10년간 증축 및 허가 이력 공개 청구 (2561호),현재 거주하는 아파트 단지의 건축허가 이력을 최근 10년간 기준으로 요청합니다. 특히 외벽 리모델링 및 구조 변경 관련 허가 건수와 허가 시 안전 검증 여부를 확인하고자 합니다.,부분공개,13
2025-01-18,온빛시 도시계획과,FOI-2025-02562,푸른마루 교차로 보행로 안전 점검 관련 자료 공개 청구 (2562호),"푸른마루 교차로 보행로에서 고령 보행자가 안전하게 건널 수 있도록 안전 점검을한 내역이 있는지 확인 요청합니다. 점검 항목과 조치 내용, 특히 고령자 배려 여부를 알고 싶습니다.",공개,6
2023-12-18,새봄시 한울구 건축허가과,FOI-2023-02563,도담천 산책로 내 무허가 건축물 철거 관련 기록 공개 청구 (2563호),도담천 산책로 내에서 과거 무허가 건축물이 철거된 것으로 알려져 있습니다. 철거 명령 및 집행 관련 기록이 있는지 최근 5년간 기준으로 확인 요청합니다. 철거 후 현항과 향후 관리 계획도 알려주시기 바랍니다.,부분공개,5
2023-08-22,여울시 단비구 도시계획과,FOI-2023-02564,가온로 보행구간 일대 불법 건축물 단속 현황 공개 청구 (2564호),"가온로 보행구간 주변에서 최근 1년간 불법 건축물 관련 단속이 몇 건 이루어졌는지 현황을 확인하고자 합니다. 단속 대상의 종류와 조치 내용, 재발 방지 계획이 있는지 요청합니다.",공개,13
2022-12-05,예담시 늘품구 도시계획과,FOI-2022-02565,누리버스 정류장 주변 다가구주택 리모델링 허가 현황 공개 청구 (2565호),누리버스 정류장 주변 다가구주택 단지에 거주하고 있으며 최근 리모델링 공사가 시작되었습니다. 해당 단지를 포함한 주변 지역의 리모델링 허가 현황을 최근 5년간 기준으로 확인 요청합니다.,부분공개,18
2022-05-08,해솔시 도시계획과,FOI-2022-02566,새빛시장 주변 상가 건물 용도 변경 허가 현황 공개 청구 (2566호),새빛시장 주변 상가 건물에서 최근를 상업 시설로 용도 변경하는 공사가 빈번하게 이루어지고 있습니다. 해당 용도 변경 허가 현황을 최근 3년간 기준으로 확인 요청합니다.,공개,8
2025-03-18,너울시 물빛구 건축허가과,FOI-2025-02567,가온로 보행구간 주변 불법 점포 확장 관련 현장 조사 기록 공개 청구 (2567호),"가온로 보행구간 주변 상가 건물에서 점포 확장이 무단으로 이루어지고 있다는 신고가 접수된 것으로 알려져 있습니다. 최근 1년간 현장 조사 일시와 적발 내용, 조치 내용을 요청합니다.",공개,11
2025-04-16,라온군 도시계획과,FOI-2025-02568,누리버스 정류장 주변 다가구주택 리모델링 허가 현황 공개 청구 (2568호),누리버스 정류장 주변 다가구주택 단지에 거주하며 최근 리모델링 공사가 시작되었습니다. 해당 지역을 포함한 주변 다가구주택의 리모델링 허가 현황을 최근 5년간 기준으로 확인 요청합니다.,부분공개,3
2023-09-23,누리시 바른구 도시계획과,FOI-2023-02569,한울초 주변 통학로 불법 건축물 관련 민원 처리 결과 공개 청구 (2569호),"한울초 주변 통학로에서 반복적으로 신고된 불법 건축물 관련 민원의 처리 결과를 알고 싶습니다. 현장 조사 일시와 조치 내용, 향후 계획이 있는지 확인 요청합니다.",부분공개,4
2022-04-25,새봄시 한울구 건축허가과,FOI-2022-02570,가온로 보행구간 주변 상가 건물 증축 허가 현황 공개 청구 (2570호),가온로 보행구간 주변 상가 건물에서 최근 증축 공사가 여러 차례 이루어지고 있습니다. 해당 공사가 적법한 허가를 받았는지 허가 건수와 허가일자를 기준으로 확인 요청합니다.,공개,3
2022-12-24,가람시 열린구 건축허가과,FOI-2022-02571,새빛시장 주변 불법 점포 확장 현장 조사 결과 공개 청구 (2571호),"새빛시장 주변 상가 건물에서 점포 확장이 무단으로 이루어지고 있다는 신고가 다수 있었던 것으로 알려져 있습니다. 최근 1년간 현장 조사 일시와 적발 내용, 조치 내용을 요청합니다.",공개,16
2022-08-05,너울시 물빛구 건축허가과,FOI-2022-02572,가온로 보행구간 주변 불법 점포 확장 관련 현장 조사 기록 공개 청구 (2572호),"가온로 보행구간 주변 상가 건물에서 점포 확장이 무단으로 이루어지고 있다는 신고가 접수된 것으로 알려져 있습니다. 최근 1년간 현장 조사 일시와 적발 내용, 조치 내용을 요청합니다.",공개,19
2024-02-06,온빛시 도시계획과,FOI-2024-02573,한울초 주변 통학로 불법 건축물 민원 처리 결과 공개 청구 (2573호),"한울초 주변 통학로에서 지난 1년간 반복적으로 신고된 불법 건축물 관련 민원의 처리 결과를 알고 싶습니다. 현장 조사 일시와 조치 내용, 향후 계획이 있는지 확인 요청합니다.",공개,9
2025-05-22,빛솔시 아람구 건축허가과,FOI-2025-02574,가온로 보행구간 주변 상가 건물 증축 허가 현황 공개 청구 (2574호),가온로 보행구간 주변 상가 건물에서 최근 증축 공사가 여러 차례 이루어지고 있습니다. 해당 공사가 적법한 허가를 받았는지 허가 건수와 허가일자를 기준으로 확인 요청합니다.,비공개,10
2022-07-01,미래군 도시계획과,FOI-2022-02575,누리버스 정류장 주변 다가구주택 리모델링 허가 현황 공개 청구 (2575호),누리버스 정류장 주변 다가구주택 단지에 거주하며 최근 리모델링 공사가 시작되었습니다. 해당 지역을 포함한 주변 다가구주택의 리모델링 허가 현황을 최근 5년간 기준으로 확인 요청합니다.,부분공개,6
2024-05-22,너울시 물빛구 안전총괄과,FOI-2024-02576,세움산업단지 폐수배출 실태 및 규제 현황 보고서 청구 (2576호),샘물동 생활권과 인접한 세움산업단지의 최근 3년간 폐수배출 검사결과와 과태료 부과 내역을 공개해 주시기 바랍니다. 우리 다세대주택 거주민으로서 수질오염 우려가 높아 결재 절차와 개선 이행 현황이 필요합니다.,비공개,1
2023-03-09,라온군 안전총괄과,FOI-2023-02577,푸른마루 교차로 교통소음 실측 기록 및 완화계획 요청 (2577호),아침시간 푸른마루 교차로 통과 차량의 소음 실측 데이터를 요청합니다. 출근 시간대에 경첩 소음과 경음향 경보음이 아파트 방향으로 직접 전파되어 자녀의 학습 환경과 수면 장애가 발생하고 있습니다.,공개,9
2024-08-28,너울시 물빛구 환경위생과,FOI-2024-02578,새빛시장 주변 음식물 쓰레기 수거 체계 및 위생 점검 내역 (2578호),"새빛시장 주변 상가에서 발생하는 음식물 쓰레기 수거 일시와 빈도를 알려주시고, 최근 1년간 위생 점검 횟수 및 적발 사항을 공개해 주시기 바랍니다. 시장 인접 단독주택 거주민으로서 악취와 해충 문제로 생활에 직접적 불편을 겪고 있습니다.",공개,10
2024-02-16,누리시 바른구 안전총괄과,FOI-2024-02579,도담천 산책로 조명 시설 노후화 교체 일정 및 예산 배분 현황 (2579호),"도담천 산책로 조명등의 현행 가동 연수와 교체 계획을 확인하고 싶습니다. 조경원으로서 야간 안전 작업과 통행인의 안전한 이용을 위한 조명 확보가 시급하며, 예산 배분 내역이 투명하게 공개되어야 한다고 판단됩니다.",부분공개,14
2025-04-04,해솔시 안전총괄과,FOI-2025-02580,가온로 보행구간 가로수 병해충 방제 이력과 안전성 검증 자료 (2580호),"가온로 보행구간 가로수에 대한 최근 2년간 실시된 병해충 방제 약제 종류와 살포 일정을 알려주시기 바랍니다. 통행인로서 알레르기 반응과 호흡기 장애를 걱정하며, 약제 성분과 안전성 검증 결과를 확인하고 싶습니다.",부분공개,9
2023-06-29,세움시 맑은구 환경위생과,FOI-2023-02581,한울초 주변 통학로별 차량 통행 제한 실시에 관한 자료 (2581호),"한울초 주변 통학로의 출퇴근 시간 차량 통행 제한 시행 일시와 운전자 단속 실적을 공개해 주시기 바랍니다. 아버지와 함께 생활하며 통학로 인근을 자주 이용하는 만큼, 학생 안전 확보를 위한 구체적 이행 현황이 필요합니다.",부분공개,12
2024-10-05,여울시 단비구 안전총괄과,FOI-2024-02582,미래복합센터 인근 건축현장 분진 확산 방지 조치 기준 및 이행 확인 (2582호),미래복합센터 인근 재개발 현장에서 발생하는 분진으로 인해 아파트 창문 개방이 불가능하고 세탁물 관리에 어려움을 겪고 있습니다. 분진 확산 방지 과 이행 점검 기록을 공개해 주시기 바랍니다.,부분공개,5
2025-09-02,해솔시 환경위생과,FOI-2025-02583,누리버스 정류장 버스 엔진 공회전 단속 실적 및 소음 기준치 (2583호),"누리버스 정류장 소재 버스들이 정차 시 장시간 공회전하여 소음과 배기가스가 문제가 되고 있습니다. 현재 버스 엔진 공회전 금지 기준치와 관련 단속 실적, 주민 불만 처리 건수를 알려주시기 바랍니다.",부분공개,10
2025-09-12,빛솔시 아람구 안전총괄과,FOI-2025-02584,해솔문화광장 야간 이용규제 시간 변경에 관한 주민 의견 수렴 결과 (2584호),"해솔문화광장의 야간 이용규제 시간 변경안에 대한 주민 의견 수렴 절차와 그 결과를 공개해 주시기 바랍니다. 공공 기관 임원으로서 정책 결정 과정의 투명성 확보가 중요하며, 부모님과 조모의 야간 단독 활동 안전 확보 차원에서도 필요합니다.",부분공개,4
2022-08-26,라온군 환경위생과,FOI-2022-02585,온빛도서관 앞 흡연 구역 지정 현황 및 위반 단속 체계 (2585호),온빛도서관 앞 흡연 구역 지정 여부와 도서관 이용자 보호를 위한 단속 체계를 알려주시기 바랍니다. 도서관 이용객의 희망학습 확보를 위해 흡연으로 인한 간접흡연 피해 방지를 위한 구체적 조치가 필요합니다.,공개,14
2022-07-20,누리시 바른구 안전총괄과,FOI-2022-02586,라온체육센터 주변 야간 스포츠 행사 소음 민원 처리 절차 (2586호),"라온체육센터에서 열리는 야간 스포츠 행사로 인해 새벽까지 소음이 지속되고 있습니다. 스포츠 행사 소음 허용 기준치와 현재까지 접수된 민원 처리 경과, 앞으로의 개선 방안을 알려주시기 바랍니다.",비공개,1
2025-10-17,온빛시 안전총괄과,FOI-2025-02587,세움산업단지 입구 화물차량 통행량 변화 및 대기오염 상관관계 자료 (2587호),세움산업단지 입구 구간의 화물차량 통행량 현황과 해당 지역 대기오염도 변화 추이를 최근 5년간 자료를 통해 확인하고 싶습니다. 연립주택 세입자로서 장기적 건강 위해 요소 파악이 시급합니다.,공개,1
2023-05-23,도담군 안전총괄과,FOI-2023-02588,새봄역 환승구역 흡연 구역 확충 계획 및 대기질 측정 결과 (2588호),새봄역 환승구역 흡연 구역 확충 계획이 있는지 확인하고 싶습니다. 환승 이용객의 건강 보호를 위해 흡연 구역과 일반 이용 공간 사이의 대기질 측정 결과를 공개해 주시기 바랍니다.,공개,13
2025-10-02,도담군 환경위생과,FOI-2025-02589,가람공공청사 주변 대기오염물질 배출원 조사 및 저감 정책 (2589호),"가람공공청사 주변의 대기오염물질 주요 배출원 조사 결과를 요청합니다. 다세대주택 가치 평가와 입주 의사 결정에 영향을 미치는 환경 정보로서, 구체적 배출원별 기여도 분석 자료가 필요합니다.",부분공개,10
2023-07-01,빛솔시 아람구 환경위생과,FOI-2023-02590,한들동 생활권 유해화학물질 취급업체 현황 및 사고 대응 매뉴얼 (2590호),한들동 생활권 반경 500미터 이내 유해화학물질 취급업체 명단과 사고 시 주민 대피 대응 매뉴얼을 공개해 주시기 바랍니다. 단독주택 거주민으로서 일상적 안전 위협 요소를 사전에 파악하고 대비할 필요가 있습니다.,부분공개,14
2023-08-26,새봄시 한울구 안전총괄과,FOI-2023-02591,미르로 교차로 신호 체계 변경에 따른 소음 변화 실측 비교 (2591호),"미르로 교차로 신호 체계 변경 이후 경적 소음과 급정거 소음이 오히려 증가한 것으로 판단됩니다. 변경 전후 소음 실측 수치를 비교 제공하고, 교통 흐름 개선 효과를 분석한 자료를 요청합니다.",부분공개,14
2024-02-08,새봄시 한울구 안전총괄과,FOI-2024-02592,너울천 산책로 반려동물 동반 가능 구간 확대 계획 및 배설물 수거 현황 (2592호),너울천 산책로에서 반려동물 동반 가능 구간을 확대 계획이 있는지 확인하고 싶습니다. 현재 배설물 수거 인력 배치와 빈도를 공개해 주시면 산책로 이용 안전성에 대한 판단 자료로 활용하겠습니다.,부분공개,17
2024-08-07,누리시 바른구 안전총괄과,FOI-2024-02593,빛솔광장 주변 공해분진 측정 결과 및 시정 조치 이력 (2593호),빛솔광장 주변 아파트 단지의 공해분진 측정 결과와 관련 시정 조치 이력을 최근 2년간 분량으로 알려주시기 바랍니다. 아동의 활동 시간을 조절해야 할지 판단하기 위한 기초 자료가 필요합니다.,공개,4
2025-02-26,가람시 새빛구 환경위생과,FOI-2025-02594,새빛시장 주변 음식물류 수거차량 운행 시간대 조정 가능성 검토 (2594호),새빛시장 주변 음식물 수거차량이 새벽 5시경 운행하면서 소음과 악취가 거주민에게 피해를 주고 있습니다. 수거 시간대 조정이 가능한지 검토 기록과 기존 민원 처리 결과를 공개해 주시기 바랍니다.,공개,15
2022-03-12,여울시 단비구 안전총괄과,FOI-2022-02595,도담천 산책로 폭우 시 침수 위험 구간 조사 및 안전 점검 결과 (2595호),도담천 산책로에서 폭우 시 침수가 발생하는 위험 구간에 대한 조사 결과를 요청합니다. 산책로 이용 시 안전 확보를 위해の 침수 발생 이력과 안전 점검 결과를 확인하고 싶습니다.,부분공개,4
2022-04-01,새봄시 한울구 환경위생과,FOI-2022-02596,미래복합센터 인근 대형급식시설 배기 시스템 점검 주기 및 결과 (2596호),미래복합센터 인근 학원가에 위치한 대형급식시설의 배기 시스템 점검 주기와 최근 점검 결과를 공개해 주시기 바랍니다. 한울초 통학로 인근에 위치하여 학생들의 호흡기 건강에 미치는 영향이 우려됩니다.,부분공개,17
2024-08-07,세움시 맑은구 환경위생과,FOI-2024-02597,맑은마을 커뮤니티센터 주변 야간주차 금지 구역 지정 및 단속 현황 (2597호),맑은마을 커뮤니티센터 주변 야간주차 금지 구역 지정 여부와 단속 현황을 알려주시기 바랍니다. 조용한 주거지 환경 보호를 위해 불법 주차로 인한 엔진 공회전 소음 단속이 필요한 상황입니다.,부분공개,3
2022-05-26,너울시 물빛구 환경위생과,FOI-2022-02598,가온로 보행구간 장애물 설치 금지 규정 위반 현장 점검 결과 (2598호),가온로 보행구간에 상가 주인이 설치한 간이 차양으로 보행 장애가 발생하고 있습니다. 해당 규정 위반 현장 점검 결과와 시정 조치 이행 여부를 확인하여 안전한 보행 환경 확보에 활용하고자 합니다.,부분공개,4
2022-03-29,빛솔시 아람구 환경위생과,FOI-2022-02599,세움산업단지 작업시간 조정 민원 처리 결과 및 환경영향평가 이행 현황 (2599호),세움산업단지의 야간 작업 시간 조정에 관한 민원이 어떻게 처리되었는지 확인하고 싶습니다. 환경영향평가에서 제시된 소음·분진 저감 이행 현황과 함께 향후 계획까지 공개해 주시기 바랍니다.,비공개,2
2023-12-29,누리시 바른구 환경위생과,FOI-2023-02600,누리버스 정류장 전기버스 전환 계획 및 충전시설 설치 일정 (2600호),누리버스 정류장 연계 노선의 전기버스 전환 계획과 충전시설 설치 일정이 있는지 확인하고자 합니다. 세움산업단지 입구 근처 정류장을 이용하는 만큼 기존 디젤 버스 운행으로 인한 대기오염 저감 효과를 사전에 파악하고 싶습니다.,비공개,10
2024-04-17,가람시 새빛구 재무회계과,FOI-2024-02601,샘물동 생활권 가스배관 작업장 안전장비 구입비 집행내역 (2601호),"최근 샘물동 일대 가스배관 개량 공사가 진행되면서 작업 현장의 안전장비 구입 현황이 궁금합니다. 특히 보호장갑과 검지기 등 필수장비 구입 시기, 업체, 금액 내역을 알려주시기 바랍니다.",공개,5
2023-11-25,세움시 맑은구 재무회계과,FOI-2023-02602,아파트 단지 공용설비 점검 용역비 집행내역 (2602호),"현재 거주하는 아파트 단지의 공용설비 점검 용역비가 최근 3년간 어떻게 집행되었는지 확인 요청합니다. 에스컬레이터, 승강기 점검 비용 내역과 계약 업체를 알려주시기 바랍니다.",부분공개,11
2023-06-25,너울시 물빛구 복지정책과,FOI-2023-02603,가온로 보행구간 가스배관 매설 공사비 집행내역 (2603호),"가온로 보행구간에서 진행된 가스배관 매설 공사의 공사비 집행 내역을 요청합니다. 공사 기간, 시공 업체, 주요 비용 항목별 집행 내역을 구체적으로 알려주시기 바랍니다.",비공개,10
2025-08-09,도담군 복지정책과,FOI-2025-02604,가스배관 기술자 재직자 교육 지원금 집행내역 (2604호),"가스배관 기술자를 위한 재직자 교육 지원금 집행 현황이 어떻게 되는지 궁금합니다. 교육 프로그램 종류, 지원 인원, 금액 배분 내역을 알려주시기 바랍니다.",공개,7
2025-02-25,너울시 물빛구 복지정책과,FOI-2025-02605,샘물동 생활권 아파트 가스안전 점검비용 집행내역 (2605호),"샘물동 생활권 아파트의 가스안전 점검비용이 최근 2년간 어떻게 집행되었는지 확인 요청합니다. 점검 주기, 비용 항목, 계약 업체 내역을 구체적으로 알려주시기 바랍니다.",공개,2
2024-04-21,여울시 단비구 재무회계과,FOI-2024-02606,새빛시장 주변 다세대주택 전세보증금 지원사업 선정기준 (2606호),새빛시장 주변 다세대주택에 거주하는 구직자를 위한 전세보증금 지원사업의 선정 기준과 현재 신청 현황을 알려주시기 바랍니다. 특히 주거FCFFF 지역 구분과 소득 기준을 구체적으로 알려주세요.,공개,20
2024-08-29,도담군 복지정책과,FOI-2024-02607,구직자 생활안정지원금 지급내역 및 신청기간 (2607호),"현재 구직중인 상황에서 구직자 생활안정지원금이 어떻게 지급되고 있는지 내역을 요청합니다. 신청 기간, 지급 기준, 실제 지급액수와 지급 사례가 있는지 알려주시기 바랍니다.",부존재,2
2024-05-16,너울시 물빛구 재무회계과,FOI-2024-02608,다세대주택 주거환경개선사업 예산 집행내역 (2608호),"새빛시장 주변 다세대주택 주거환경개선사업의 예산 규모와 집행 내역을 알려주시기 바랍니다. 특히 보일러 교체, 단열 공사 등 주요 항목별 집행 비율을 구체적으로 알려주세요.",비공개,10
2023-02-27,너울시 물빛구 재무회계과,FOI-2023-02609,미르로 교차로 지역 구직자 직업훈련비 지원내역 (2609호),"미르로 교차로 일대 구직자를 대상으로 한 직업훈련비 지원 내역을 요청합니다. 훈련 과정 종류, 지원 인원, 훈련 기관별 배정 내역을 구체적으로 알려주시기 바랍니다.",부분공개,19
2022-10-16,너울시 물빛구 복지정책과,FOI-2022-02610,새빛시장 주변 직장을 구하는 여성 지원사업 선정결과 (2610호),새빛시장 주변에 거주하는 구직 여성에게 제공되는 지원사업 선정 결과와 미선정 사유를 알고 싶습니다. 특히 지원금 미지급 사례의 경우 구체적인 사유를 알려주시기 바랍니다.,부분공개,15
2023-04-21,가람시 열린구 재무회계과,FOI-2023-02611,아파트 단지 경로당 운영비 집행내역 (2611호),현재 거주하는 아파트 단지의 경로당 운영비가 최근 1년간 어떻게 집행되었는지 확인 요청합니다. 운영비 항목별 지출 내역과 지역사회복지관 연계 현황을 알려주시기 바랍니다.,부분공개,14
2022-01-27,라온군 복지정책과,FOI-2022-02612,도담천 산책로 휠체어 접근성 개선사업 예산 집행내역 (2612호),"도담천 산책로의 휠체어 접근성 개선사업 예산이 어떻게 집행되었는지 알려주시기 바랍니다. 개선 공사의 주요 항목별 비용, 공사 기간, 시공 업체를 구체적으로 알려주세요.",부분공개,20
2024-12-15,가람시 열린구 복지정책과,FOI-2024-02613,노인 이동편의 지원사업 차량 운행내역 (2613호),"주변 노인을 대상으로 한 이동편의 지원사업 차량의 최근 6개월간 운행 내역을 요청합니다. 운행 거리, 주요 이용 지역, 이용자 수 통계와 운영비 지출 내역을 알려주시기 바랍니다.",부분공개,2
2023-10-03,라온군 복지정책과,FOI-2023-02614,한울초 주변 통학로 안전시설 설치비용 집행내역 (2614호),"한울초 주변 통학로의 안전시설 설치비용 집행 내역을 요청합니다. 최근 1년간 설치된 시설 종류, 위치, 비용 내역을 구체적으로 알려주시기 바랍니다.",부분공개,12
2023-01-24,가람시 열린구 복지정책과,FOI-2023-02615,맑은마을 커뮤니티센터 노인 프로그램 운영비 집행내역 (2615호),"맑은마을 커뮤니티센터의 노인 프로그램 운영비가 최근 1년간 어떻게 집행되었는지 확인 요청합니다. 프로그램 종류별 비용, 강사료, 재료비 내역을 구체적으로 알려주시기 바랍니다.",부분공개,9
2024-04-27,가람시 열린구 복지정책과,FOI-2024-02616,미래복합센터 인근 구직자 체활비 지원사업 선정기준 (2616호),미래복합센터 인근에 거주하는 구직자가 신청한 체활비 지원사업의 선정 기준과 미선정 사유를 알고 싶습니다. 특히 경력 전환 지원 항목의 선정 비중을 알려주시기 바랍니다.,공개,12
2024-08-16,세움시 맑은구 복지정책과,FOI-2024-02617,아파트 단지 거주 구직자 주거비 지원사업 예산 집행내역 (2617호),"아파트 단지에 거주하는 구직자를 대상으로 한 주거비 지원사업의 예산 규모와 집행 내역을 요청합니다. 지원 인원, 금액 배분, 미지급 사례가 있는지 구체적으로 알려주세요.",공개,16
2025-03-25,여울시 단비구 복지정책과,FOI-2025-02618,미르로 교차로 지역 경력 전환 교육비 지원내역 (2618호),"미르로 교차로 일대 구직자를 대상으로 한 경력 전환 교육비 지원 내역을 요청합니다. 지원 과정 종류, 지원 금액, 훈련 기관별 배정 내역을 구체적으로 알려주시기 바랍니다.",비공개,20
2023-06-20,가람시 새빛구 재무회계과,FOI-2023-02619,배우자 피부 관광 휴가 지원사업 선정결과 및 지급내역 (2619호),배우자와 함께 신청한 관광 휴가 지원사업의 선정 결과와 지급 내역을 알고 싶습니다. 특히 선정과 미선정 각각의 구체적 사유를 알려주시기 바랍니다.,비공개,10
2025-08-12,너울시 물빛구 재무회계과,FOI-2025-02620,가람공공청사 주변 에스컬레이터 보수 비용 집행내역 (2620호),"가람공공청사 주변 에스컬레이터의 보수 비용이 최근 2년간 어떻게 집행되었는지 확인 요청합니다. 보수 항목별 비용, 계약 업체, 공사 기간 내역을 구체적으로 알려주시기 바랍니다.",공개,19
2024-01-05,세움시 맑은구 재무회계과,FOI-2024-02621,주택 이외 거처 거주 가족 주거비 지원사업 신청 및 선정내역 (2621호),"주택 이외 거처에 거주하는 가족을 대상으로 한 주거비 지원사업의 신청과 선정 내역을 요청합니다. 선정 기준, 지원 금액, 현재까지 선정된 가족 수와 미선정 사유를 구체적으로 알려주세요.",공개,9
2022-08-19,도담군 재무회계과,FOI-2022-02622,자녀 교육비 지원사업 예산 집행내역 (2622호),"자녀가 있는 가족을 대상으로 한 교육비 지원사업의 예산 규모와 집행 내역을 요청합니다. 지원 항목별 비용, 지원 인원, 미지원 사례가 있는지 구체적으로 알려주시기 바랍니다.",공개,8
2024-08-21,미래군 재무회계과,FOI-2024-02623,새봄역 환승구역 가족 단위 복지 프로그램 운영비 집행내역 (2623호),"새봄역 환승구역에서 운영되는 가족 단위 복지 프로그램의 운영비가 최근 1년간 어떻게 집행되었는지 확인 요청합니다. 프로그램 종류별 비용, 강사료, 재료비 내역을 구체적으로 알려주세요.",공개,20
2022-12-13,온빛시 복지정책과,FOI-2022-02624,세움산업단지 입구 근로자 가족 지원사업 예산 집행내역 (2624호),"세움산업단지 입구 근무자를 가족으로 둔 가구를 위한 지원사업의 예산 규모와 집행 내역을 요청합니다. 지원 항목, 금액 배분, 선정 기준 내역을 구체적으로 알려주시기 바랍니다.",공개,6
2023-07-29,여울시 단비구 복지정책과,FOI-2023-02625,주택 이외 거처 공공임대주택 입주 선정내역 및 탈락 사유 (2625호),"주택 이외 거처에 거주하는 가구가 신청한 공공임대주택 입주 선정 결과와 탈락 사유를 알고 싶습니다. 특히 소득 기준, 주거 조건 기준의 선정 비중을 구체적으로 알려주시기 바랍니다.",비공개,1
2025-07-26,가람시 새빛구 재무회계과,FOI-2025-02626,라온체육센터 수영장 운영 시간 변경 안내에 사용된 비용 내역 (2626호),생활권 내 라온체육센터 수영장의 운영 시간이 최근 변경되었습니다. 해당 시간 변경을 결정하고 주민들에게 알리는 과정에서 발생한 비용의 규모와 구체적 항목이 궁금합니다. 해당 비용이 업무추진비로 집행된 것이라면 그 내역을 알고 싶습니다.,공개,4
2024-04-13,도담군 기획감사과,FOI-2024-02627,누리버스 정류장 주변 환경 미화 용역 계약 및 이행 현황 (2627호),"매일 출퇴근길에 이용하는 누리버스 정류장 주변이 잘 관리되고 있는 것으로 알고 있습니다. 해당 지역의 환경 미화 용역이 어떤 회사와 계약되어 있는지, 계약 금액과 이행 현황이 어떤지 알고 싶습니다. 예산이 제대로 집행되고 있는지 확인하고 싶습니다.",부분공개,5
2025-03-20,너울시 물빛구 기획감사과,FOI-2025-02628,가온로 보행구간 진입로 개선 공사에 배정된 예산 규모 (2628호),"가온로 보행구간 진입로가 개선된 사실을 확인하였습니다. 해당 개선 공사에 투입된 예산 규모가 어느 정도인지, 기간은이었는지 알고 싶습니다. 예산이 효율적으로 집행되었는지 주민의 한として 확인하고 싶습니다.",공개,2
2022-11-19,새봄시 한울구 기획감사과,FOI-2022-02629,새빛시장 주변 무인경비시스템 운영 현황 및 비용 내역 (2629호),"새빛시장 주변에 무인경비시스템이 설치되어 상인들의 안전에 기여하고 있다고 들었습니다. 해당 무인경비시스템의 설치 비용과 월간 운영비가 어느 정도인지, 계약 업체 정보까지 알고 싶습니다. 시장 경비 예산이 적절히 집행되고 있는지 확인하고 싶습니다.",공개,5
2023-09-13,누리시 바른구 재무회계과,FOI-2023-02630,도담천 산책로 조명시설 교체 비용 및 예산 집행 내역 (2630호),도담천 산책로의 조명시설이 최근 전부 교체된 것을 확인하였습니다. 기존 시설을 교체한 근거와 투입된 예산 규모가 궁금합니다. 관광 인프라로서 예산이 과다하게 집행되지 않았는지 확인하고 싶습니다.,부분공개,11
2025-11-01,예담시 늘품구 기획감사과,FOI-2025-02631,샘물동 생활권 내 취약계층 지원 예산 지출 현황 (2631호),생활권 내 경제적으로 어려운 가구에게 어떤 지원이 이루어지고 있는지 궁금합니다. 취약계층 지원 명목으로 집행된 예산의 규모와 주요 지원 항목별 지출 현황이 어떻게 되는지 알고 싶습니다. 지원이 필요한 주민에게 정보가 제공되어야 한다고 생각합니다.,공개,14
2022-01-22,해솔시 기획감사과,FOI-2022-02632,맑은마을 커뮤니티센터 운영시간 조정 관련 예산 규모 (2632호),맑은마을 커뮤니티센터의 운영시간이 최근 조정되었습니다. 해당 시간 조정에 소요된 예산 규모와 운영 변경에 투입된 비용이 어느 정도인지 알고 싶습니다. 예산이 과도하게 집행된 것이 아닌지 확인하고 싶습니다.,공개,6
2025-02-20,누리시 바른구 재무회계과,FOI-2025-02633,가람공공청사 주변 불법주정차 단속 활동에 투입된 비용 (2633호),가람공공청사 주변 불법주정차 현상이 심각하여 단속이 이루어지고 있다고 들었습니다. 해당 단속 활동에 투입된 인력 비용과 홍보 비용 등 총 예산 규모가 궁금합니다. 단속 활동이 예산 범위 내에서 적절히 이루어졌는지 확인하고 싶습니다.,공개,1
2022-02-28,가람시 열린구 기획감사과,FOI-2022-02634,한울초 주변 통학로 안전시설 확충 관련 예산 투입 규모 (2634호),한울초 주변 통학로에 보도를 확충하고 방호울타리를 설치한 것으로 알고 있습니다. 해당 안전시설 확충 공사에 투입된 예산 규모와 공사 기간이 궁금합니다. 학생 안전에 사용된 예산이 적절히 집행되었는지 확인하고 싶습니다.,비공개,7
2022-03-31,도담군 기획감사과,FOI-2022-02635,가온로 보행구간 진입로 개선 공사 예산 규모 및 집행 현황 (2635호),가온로 보행구간 진입로가 개선 공사 후 더욱 안전해졌습니다. 해당 개선 공사에 배정된 예산 규모와 집행 현황이 궁금합니다. 예산이 계획대로 집행되었는지 확인하고 싶습니다.,부분공개,18
2022-11-19,세움시 맑은구 재무회계과,FOI-2022-02636,누리버스 정류장 주변 불법주정차 단속 활동 비용 내역 (2636호),"누리버스 정류장 주변 불법주정차로 출퇴근 시 불편을 겪고 있습니다. 해당 지역에 대한 단속 활동에 투입된 비용이 어느 정도인지, 단속 빈도와 인력 투입 규모가 어떻게 되는지 알고 싶습니다. 예산이 적절히 배분되었는지 확인하고 싶습니다.",부분공개,16
2025-06-08,여울시 단비구 기획감사과,FOI-2025-02637,라온체육센터 수영장 유지보수 용역 계약 내역 및 이행 현황 (2637호),"라온체육센터 수영장 시설이 정기적으로 점검되고 있는 것으로 알고 있습니다. 수영장 유지보수 용역의 계약 업체, 계약 기간, 금액 등 구체적인 계약 내역과 이행 현황이 어떻게 되는지 알고 싶습니다. 시설 관리 예산이 적절히 집행되고 있는지 확인하고 싶습니다.",부분공개,10
2022-05-17,라온군 재무회계과,FOI-2022-02638,새봄역 환승구역 안내표지판 설치 비용 및 예산 집행 현황 (2638호),새봄역 환승구역에 안내표지판이 새로 설치된 것을 확인하였습니다. 해당 안내표지판 설치에 투입된 예산 규모가 궁금합니다. 다중이용시설 안내 설치 예산이 적절히 집행되었는지 확인하고 싶습니다.,부분공개,4
2024-09-27,온빛시 재무회계과,FOI-2024-02639,미르로 교차로 주변 보안용역 계약 및 이행 상황 (2639호),"미르로 교차로 주변에 상가 보안을 위한 용역이 시행되고 있는 것으로 알고 있습니다. 해당 보안용역의 계약 금액과 이행 상황이 어떻게 되는지, 계약 업체가 어떤 곳인지 알고 싶습니다. 예산이 제대로 집행되고 있는지 확인하고 싶습니다.",비공개,4
2022-09-30,라온군 기획감사과,FOI-2022-02640,가온로 보행구간 진입로 개선 공사 예산 편성 근거 및 집행 현황 (2640호),가온로 보행구간 진입로 개선 공사가되었습니다. 해당 공사에 투입된 예산의 규모와 집행 현황이 궁금합니다. 예산이 계획대로 집행되었는지 확인하고 싶습니다.,부분공개,13
2023-08-19,가람시 새빛구 재무회계과,FOI-2023-02641,온빛도서관 앞 도로정비 관련 예산 집행 내역 및 규모 (2641호),온빛도서관 앞 도로가 정비되어에게 편리해졌습니다. 해당 도로 정비 공사에 투입된 예산 규모가 궁금합니다. 공공시설 주변 인프라 예산이 적절히 집행되었는지 확인하고 싶습니다.,부분공개,1
2023-03-03,라온군 재무회계과,FOI-2023-02642,열린마을 공원 내 어린이놀이시설 설치 비용 및 예산 집행 현황 (2642호),열린마을 공원에 어린이놀이시설이 새로 설치되어 아이들이 즐겨 찾고 있습니다. 해당 놀이시설 설치에 투입된 예산 규모와 기간이 궁금합니다. 공원 시설 확충 예산이 효율적으로 집행되었는지 확인하고 싶습니다.,비공개,2
2022-06-14,해솔시 기획감사과,FOI-2022-02643,샘물동 생활권 업무추진비 항목별 집행내역 (2643호),생활권 행정 사무소의 업무추진비 집행 내역이 어떻게 되는지 궁금합니다. 업무추진비 항목별로 어떤 항목에 얼마가 집행되었는지 구체적으로 알고 싶습니다. 세금으로 운영되는 예산이 투명하게 집행되고 있는지 확인하고 싶습니다.,부분공개,1
2022-08-12,해솔시 재무회계과,FOI-2022-02644,누리버스 정류장 주변 불법주정차 단속 활동 비용 및 집행 현황 (2644호),누리버스 정류장 주변 불법주정차 단속 활동에 투입된 예산 규모가 궁금합니다. 단속 활동에 대한 비용이 어떻게 집행되고 있는지 구체적인 내역을 알고 싶습니다. 예산이 과도하게 집행된 것이 아닌지 확인하고 싶습니다.,공개,4
2023-08-31,누리시 바른구 재무회계과,FOI-2023-02645,가온로 보행구간 진입로 개선 공사 예산 규모 및 집행 현황 (2645호),가온로 보행구간 진입로 개선 공사에 투입된 예산 규모와 집행 현황이 궁금합니다. 공사 기간 동안 예산이 계획대로 집행되었는지 구체적으로 알고 싶습니다.,공개,9
2023-06-06,예담시 늘품구 재무회계과,FOI-2023-02646,도담천 산책로 조명시설 교체 비용 및 예산 집행 내역 (2646호),도담천 산책로 조명시설 교체 공사에 투입된 예산 규모가 궁금합니다. 기존 시설 교체 비용과 새로운 시설 설치 비용이 어떻게 집행되었는지 구체적인 내역을 알고 싶습니다. 예산이 투명하게 집행되었는지 확인하고 싶습니다.,부분공개,7
2025-07-02,가람시 열린구 재무회계과,FOI-2025-02647,한울초 주변 통학로 안전시설 확충 예산 투입 규모 및 집행 현황 (2647호),한울초 주변 통학로 안전시설 확충 공사에 투입된 예산 규모가 궁금합니다. 공사 기간 동안 예산이 어떻게 집행되었는지 구체적인 내역을 알고 싶습니다. 학생 안전 예산이 적절히 배분되었는지 확인하고 싶습니다.,공개,3
2022-03-18,미래군 기획감사과,FOI-2022-02648,라온체육센터 프로그램 운영비 세부 항목별 집행내역 (2648호),라온체육센터에서 운영하는 프로그램의 운영비가 어떻게 집행되고 있는지 궁금합니다. 프로그램별 운영비 세부 항목이 어떻게 배분되었는지 구체적으로 알고 싶습니다. 프로그램 운영 예산이 효율적으로 사용되었는지 확인하고 싶습니다.,부분공개,17
2025-05-09,가람시 새빛구 재무회계과,FOI-2025-02649,새빛시장 주변 환경미화 용역 계약 및 이행 현황 (2649호),"새빛시장 주변 환경미화 용역의 계약 현황이 어떻게 되는지 궁금합니다. 계약 금액과 이행 현황, 계약 업체 정보까지 구체적으로 알고 싶습니다. 시장 환경미화 예산이 적절히 집행되고 있는지 확인하고 싶습니다.",부분공개,15
2024-02-01,세움시 맑은구 기획감사과,FOI-2024-02650,가람공공청사 주변 도로정비 예산 및 추진 현황 (2650호),"가람공공청사 주변 도로정비 공사에 투입된 예산 규모가 궁금합니다. 도로 정비 공사가 얼마나 진행되었는지, 예산이 계획대로 집행되고 있는지 구체적인 내역을 알고 싶습니다.",부분공개,19
2025-10-17,예담시 늘품구 재무회계과,FOI-2025-02651,샘물동 생활권 대형시설 공사의 수의계약 현황 요청 (2651호),"샘물동 생활권 일대에 추진 중인 도로 확장을 비롯하여 민원인 전용으로 조성되는 공원 부지 공사까지 수의계약으로 발주된 내역을 알려주시기 바랍니다. 발주 기관, 계약 상대방, 계약 금액, 공사 기간 등이 포함되어야 합니다.",공개,6
2023-12-03,라온군 재무회계과,FOI-2023-02652,푸른마루 교차로 보행 안전시설 설치 입찰 결과 공개 요청 (2652호),"푸른마루 교차로 부근 보행자 보호를 위한 신호등 교체 및 과속 방지 시설 설치 공사에 대한 입찰 공고부터 개찰, 낙찰까지 전체 과정에서 업체명을 포함한 입찰 결과를 상세히 알려주시기 바랍니다.",부분공개,6
2024-05-14,여울시 단비구 일자리경제과,FOI-2024-02653,열린마을 공원 생태 복원 공사의 수의계약 체결 내역 청구 (2653호),"열린마을 공원에서 진행된 습지 복원 및 생태 탐방로 조성 공사가 수의계약으로 발주되었는지 확인 요청합니다. 발주 부서, 계약 상대방, 공사 범위, 계약금을 포함하여 계약 체결일까지 확인할 수 있는 자료를 요청합니다.",부분공개,2
2025-09-21,새봄시 한울구 재무회계과,FOI-2025-02654,가온로 보행구간 전동차 사고 방지를 위한 안전시설 입찰 결과 청구 (2654호),"가온로 보행구간에 설치되는 전동차 진입 방지 턱 및 애견 침입 차단 울타리 공사에 대한 입찰 결과, 참여 업체 명단, 투찰액, 최종 낙찰 업체를 포함하여 공사 시공 예정 기간까지 상세히 알려주시기 바랍니다.",부분공개,19
2023-02-03,세움시 맑은구 일자리경제과,FOI-2023-02655,새빛시장 주변 상가 공사의 수의계약 내역 공개 청구 (2655호),"새빛시장 주변에서 발생한 침수 피해 이후 추진된 상가 복구 지원 공사가 수의계약으로 발주된 내역을 확인하고자 합니다. 계약 상대방, 복구 대상 상가 호수, 계약 금액, 공사 기간이 포함된 서류를 요청합니다.",부분공개,14
2025-02-15,미래군 일자리경제과,FOI-2025-02656,도담천 산책로 조명 확충 공사의 투찰률 포함 입찰 결과 청구 (2656호),"도담천 산책로 야간 안전을 위한 조명 공사가 입찰로 발주된 경우, 공고 내역과 함께 투찰률 상위 세 곳의 금액, 최종 낙찰 업체 및 투찰률을 알려주시기 바랍니다. 투찰률 공개 기준을 함께 안내해 주십시오.",부분공개,3
2025-04-06,도담군 재무회계과,FOI-2025-02657,한울초 주변 통학로 가로등 교체 공사의 수의계약 내역 확인 청구 (2657호),"한울초 주변 통학로에 설치되는 가로등 교체 공사(총 20기)가 수의계약으로 발주되었는지 확인 요청합니다. 계약 상대방, 계약 금액, 공사 기간, 시공 업체 연락처를 포함한 자료를 요청합니다.",공개,10
2023-09-04,예담시 늘품구 재무회계과,FOI-2023-02658,미래복합센터 인근 무장애 통로 조성 공사의 입찰 결과 청구 (2658호),"미래복합센터 인근에서 계획된 휠체어 이용자 고려 무장애 통로 조성 공사에 대한 입찰 결과, 참여 업체 명단과 그 중 업체, 계약 금액, 공사 기간을 알려주시기 바랍니다.",공개,8
2023-12-14,온빛시 일자리경제과,FOI-2023-02659,누리버스 정류장 승강장 공사의 수의계약 내역 청구 (2659호),"누리버스 정류장 승강장에 설치되는 완천형 공사가 수의계약으로 발주된 내역을 확인 요청합니다. 발주 부서, 계약 상대방, 공사 계약금, 시공 기간, 검사 완료일을 포함하여 알려주시기 바랍니다.",부분공개,1
2023-12-16,새봄시 한울구 일자리경제과,FOI-2023-02660,해솔문화광장 평화 통일 전시관 건립 수의계약 체결 내역 청구 (2660호),"해솔문화광장 부지에 건립되는 평화 통일 전시관 신축 공사가 수의계약으로 체결된 내역을 상세히 알려주시기 바랍니다. 설계 변경이 있었을 경우 변경 계약까지 포함하여 계약 상대방, 총 계약금, 공사 기간을 요청합니다.",공개,11
2022-06-16,새봄시 한울구 일자리경제과,FOI-2022-02661,온빛도서관 앞 노인 안전 보행로 조성 공사의 입찰 결과 공개 청구 (2661호),"온빛도서관 앞 도로에 노인의 보행 안전을 위한 경사로 및 미끄럼 방지 바닥 공사가 입찰로 발주된 경우, 공고 내역부터 낙찰 업체까지 전체 과정을 확인하고자 합니다. 공사 시작 및 완료 예정일을 포함해 주십시오.",부분공개,9
2024-10-14,여울시 단비구 일자리경제과,FOI-2024-02662,라온체육센터 주변 장애인 주차구역 확대 공사의 수의계약 내역 청구 (2662호),"라온체육센터 주변 장애인 주차구역 확대 조성 공사가 수의계약으로 발주된 사실을 확인하고, 계약 상대방, 계약 금액, 공사 범위, 시공 기간, 검사 결과를 포함한 서류를 요청합니다.",부분공개,1
2025-02-07,새봄시 한울구 일자리경제과,FOI-2025-02663,세움산업단지 입구 대형차량 안전진입시설 입찰 결과 공개 청구 (2663호),"세움산업단지 입구에 설치되는 대형차량 진입 감속 시설 및 유도 공사가 입찰로 발주된 결과, 참가 업체 수, 낙찰 업체명, 투찰률을 포함하여 공사 계약금과 기간을 알려주시기 바랍니다.",부분공개,13
2025-01-19,가람시 새빛구 재무회계과,FOI-2025-02664,맑은마을 커뮤니티센터 도서관 확장으로 인한 수의계약 내역 확인 청구 (2664호),"맑은마을 커뮤니티센터 부지 내 도서관 확장을 위한 신축 공사가 수의계약으로 발주된 내역을 확인하고자 합니다. 발주 부서, 계약 상대방, 계약 금액, 공사 기간, 설계 용역까지 포함하여 알려주시기 바랍니다.",공개,12
2024-06-11,가람시 새빛구 재무회계과,FOI-2024-02665,새봄역 환승구역 자전거 거치소 설치 공사의 입찰 결과 청구 (2665호),"새봄역 환승구역에 설치되는 대형 자전거 거치소(총 50면) 공사에 대한 입찰 결과, 참가 업체 명단과 낙찰 업체, 계약 금액, 시공 완료 예정일을 포함하여 상세히 알려주시기 바랍니다.",부분공개,11
2022-10-12,빛솔시 아람구 일자리경제과,FOI-2022-02666,가람공공청사 주변 급경사지 방지 공사의 수의계약 내역 공개 청구 (2666호),"가람공공청사 주변 급경사지 방지를 위한 옹벽 공사가 수의계약으로 발주된 내역을 확인 요청합니다. 계약 상대방, 계약 금액, 공사 범위, 시공 기간, 안전 검사 결과를 포함한 서류를 요청합니다.",부분공개,8
2022-12-19,빛솔시 아람구 일자리경제과,FOI-2022-02667,한들동 생활권 에너지 효율 보일러 교체 공사의 입찰 결과 확인 청구 (2667호),"한들동 생활권 아파트 단지 에너지 효율 개선을 위한 중앙 보일러 교체 공사가 입찰로 발주된 경우, 공고 내역부터 낙찰 업체까지 전체 입찰 과정을 포함하여 계약 금액과 공사 기간을 알려주시기 바랍니다.",부분공개,2
2023-12-14,라온군 재무회계과,FOI-2023-02668,미르로 교차로 신호체계 고도화 공사의 수의계약 내역 확인 청구 (2668호),"미르로 교차로 교통 체증 완화를 위한 신호체계 고도화 공사가 수의계약으로 발주되었는지 확인 요청합니다. 계약 상대방, 계약 금액, 공사 기간, 방법까지 상세히 알려주시기 바랍니다.",부분공개,15
2025-11-05,가람시 새빛구 일자리경제과,FOI-2025-02669,너울천 산책로 배수 시설 공사의 입찰 결과 상세 내역 청구 (2669호),"너울천 산책로 우수 침수 피해를 예방하기 위한 배수 시설 공사에 대한 입찰 결과를 요청합니다. 참가 업체 명단, 각 업체 투찰액, 낙찰 업체, 계약 금액, 공사 기간을 포함하여 안내해 주십시오.",공개,15
2024-06-01,너울시 물빛구 재무회계과,FOI-2024-02670,빛솔광장 일대 겨울철 미끄럼 방지 포장 공사의 수의계약 내역 공개 청구 (2670호),"빛솔광장 일대 겨울철 보행자 안전을 위한 미끄럼 방지 특수 포장 공사가 수의계약으로 발주된 내역을 확인하고자 합니다. 계약 상대방, 계약 금액, 공사 범위, 시공 기간, 품질 검사 결과를 요청합니다.",부분공개,4
2024-03-30,새봄시 한울구 일자리경제과,FOI-2024-02671,샘물동 생활권 가로수 건강 진단 및 전정 공사 입찰 결과 청구 (2671호),"샘물동 생활권 가로수(약 200그루) 건강 진단 및 위험 가지 전정 공사가 입찰로 발주된 결과, 참여 업체 명단과 낙찰 업체, 계약 금액, 공사 기간을 알려주시기 바랍니다.",공개,17
2023-07-27,가람시 새빛구 일자리경제과,FOI-2023-02672,푸른마루 교차로 지하차도 배수 펌프 교체 수의계약 내역 확인 청구 (2672호),"푸른마루 교차로 지하차도에 설치된 배수 펌프 노후화로 인한 전면 교체 공사가 수의계약으로 발주된 내역을 확인 요청합니다. 계약 상대방, 계약 금액, 펌프 규격, 시공 기간을 포함한 서류를 요청합니다.",공개,6
2022-06-13,가람시 열린구 재무회계과,FOI-2022-02673,열린마을 공원 분수 및 관개 시스템 시범 도입 공사의 입찰 결과 공개 청구 (2673호),"열린마을 공원에 도입되는 친환경 분수 및 관개 시스템 시범 운영 공사에 대한 입찰 결과를 요청합니다. 공고 내역부터 낙찰 업체, 계약 금액, 공사 기간, 운영 기간까지 포함하여 알려주시기 바랍니다.",공개,11
2022-07-03,새봄시 한울구 일자리경제과,FOI-2022-02674,가온로 보행구간 역사 환경 개선 공사의 수의계약 내역 상세 청구 (2674호),"가온로 보행구간 역사 주변 환경 개선을 위한 노상점 집합 정리 및 배회 공간 조성 공사가 수의계약으로 발주된 사실을 확인하고, 계약 상대방, 계약 금액, 공사 범위, 기간, 준공 검사 결과를 요청합니다.",부분공개,11
2023-04-17,너울시 물빛구 재무회계과,FOI-2023-02675,새빛시장 주변 노후 상가 내진 보강 공사의 입찰 결과 청구 (2675호),"새빛시장 주변 노후 상가들의 안전을 위한 내진 보강 공사에 대한 입찰 결과를 요청합니다. 참여 업체 수, 낙찰 업체명, 투찰률, 계약 금액, 공사 기간, 보강 대상 상가 호수를 포함하여 알려주시기 바랍니다.",부분공개,12
2023-04-23,가람시 새빛구 행정지원과,FOI-2023-02676,사내 인사 이동 기준 및 발령 공지 일정 (2676호),"당 인사이동 시 적용되는 평가 기준과 발령 공지 일정이 구체적으로 어떻게 운영되는지 확인하고 싶습니다. 직급별 가능 인원과 인사이동 공지 시점, 내부모집 공고 방식도 포함하여 알려주시기 바랍니다.",부분공개,14
2023-02-14,너울시 물빛구 기획감사과,FOI-2023-02677,심사 구성 및 평가 (2677호),관리자 승진 심사 구성 비율과 심사 시 적용되는 평가항목의 비율을 알고 싶습니다. 또한 승진 후보자 시 직무 성과 반영 비중과 근속 기간 가점 여부도 포함하여 요청합니다.,비공개,6
2025-01-12,가람시 새빛구 기획감사과,FOI-2025-02678,신입사원 연수 과정 운영 현황 및 평가 체계 (2678호),"당 신입사원 연수 과정의 교육기간과 주요 과정, 그리고 수료 후 배치 기준이 어떻게 되는지 구체적으로 알고 싶습니다. 연수 평가 방식과 부적격 처리 기준도 함께 알려주시기 바랍니다.",부분공개,19
2025-07-10,가람시 열린구 기획감사과,FOI-2025-02679,사내 내부 Recruitment 공고 및 지원 절차 (2679호),"사내 내부 Recruitment 공고 게시 방식과 지원 자격 요건, 서류전형 및 면접전형 진행절차가 어떻게 운영되는지 확인하고 싶습니다. 내부 Recruitment 성사 시 시험 공고 기간과 결과 방식도 포함해 주시기 바랍니다.",부분공개,5
2024-03-15,누리시 바른구 기획감사과,FOI-2024-02680,직무 역량 강화 교육 지원 프로그램 운영 규정 (2680호),"당 직무 역량 강화를 위한 교육 지원 프로그램의 신청 자격과 지원 한도액, 과정 선택 범위 등이 어떻게 설정되어 있는지 알고 싶습니다. 연간 교육비 지원 횟수와 사후 환수 조건도 함께 알려주시기 바랍니다.",부분공개,19
2022-05-25,누리시 바른구 기획감사과,FOI-2022-02681,직무 교육 이수 내역 및 시행 현황 (2681호),"최근 3년간에서 실시한 직무 교육의 실시 여부와 시기, 과정 내용, 이수 인원 등을 알고 싶습니다. 각 교육 과정별 시간과 장소, 그리고 교육 평가 방식도 함께 알려주시기 바랍니다.",부분공개,20
2024-04-15,가람시 새빛구 행정지원과,FOI-2024-02682,샘물동 사업장 유해인자 점검 결과 (2682호),"샘물동 소재 사업장에서 수행된 유해인자 점검 결과와 개선 조치 내용, 그리고 예정을 알고 싶습니다. 유해인자별 농도 측정 수치와 허용 기준 대비 현황도 함께 알려주시기 바랍니다.",공개,19
2025-06-15,너울시 물빛구 기획감사과,FOI-2025-02683,특수작업 건강진단 시행 결과 요약 (2683호),"화학물 가공 업무 종사자를 대상으로 한건강진단 결과와 해당 사업장의 건강진단 시행 현황 및 결과 요약, 그리고 주의 필요 인원 비율을 알고 싶습니다. 건강진단 항목별 이상 소견 발생 현황도 포함해 주시기 바랍니다.",공개,3
2024-09-01,예담시 늘품구 행정지원과,FOI-2024-02684,작업자별 자격·면허 취득 지원 내역 (2684호),"최근 2년간 작업자별 자격·면허 취득 지원 금액과 지원 대상 자격 종류, 그리고 취득 후 업무 배치 현황을 알고 싶습니다. 자격별 취득 지원 한도액과 절차도 함께 알려주시기 바랍니다.",공개,2
2022-06-05,가람시 새빛구 행정지원과,FOI-2022-02685,안전보건 교육 실시 현황 및 이수율 통계 (2685호),"작업공정 관련 안전보건 교육의 실시 횟수와 대상자 범위, 그리고 전체 작업자 중 이수율 통계를 알고 싶습니다. 미이수자 발생 시 조치 방식과 추가 교육 실시 계획도 함께 알려주시기 바랍니다.",공개,3
2022-05-07,너울시 물빛구 기획감사과,FOI-2022-02686,공개 채용 공고 성별 제한 및 우대사항 (2686호),"현재 진행 중인 공개 채용 공고의 성별 제한 여부와 직무별 우대 기준, 그리고 그 우대 기준의 설정 근거를 알고 싶습니다. 여성 우선 채용 직종 유무와 그 판단 기준도 함께 알려주시기 바랍니다.",부존재,11
2024-11-12,새봄시 한울구 기획감사과,FOI-2024-02687,직무 역량 사전평가 도구 공개 청구 (2687호),"채용 전형 과정에서 사용하는 직무 역량 사전평가 도구의 종류와 각 항목별 배점, 그리고 평가 기준표를 알고 싶습니다. 평가 도구 개발 기관과 사용 기간도 함께 알려주시기 바랍니다.",부분공개,14
2025-06-16,미래군 행정지원과,FOI-2025-02688,구직자 직업훈련 지원금 지급 기준 (2688호),"직업능력개발 훈련비 지원금의 지급 요건과 과정별 지원 금액 상한, 그리고 지급 신청 시 필요한 구비 서류를 알고 싶습니다. 훈련비 지원금 지급 주기와 환수 조건도 함께 알려주시기 바랍니다.",부분공개,10
2022-07-14,예담시 늘품구 행정지원과,FOI-2022-02689,공개 채용 필기시험 출제 범위 안내 (2689호),"최근 1년간 실시한 공개 채용 필기시험의 출제 과목 범위와 각 과목별 배점 비율, 그리고 난이도 설정 기준을 알고 싶습니다. 출제 범위 변경 시 사전 공지 방식도 함께 알려주시기 바랍니다.",부분공개,9
2023-09-10,누리시 바른구 행정지원과,FOI-2023-02690,공개 채용 최종 합격자 점수 분포 (2690호),"최근 공개 채용의 최종 합격자들이 받은 필기 및 면접 평균 점수와 점수 분포 구간, 그리고 최고·최저 점수를 알고 싶습니다. 직무별 합격 점수 기준도 함께 알려주시기 바랍니다.",비공개,2
2022-12-17,라온군 행정지원과,FOI-2022-02691,고용 유지 안정 활용 실적 공개 (2691호),"고용 유지 안정의 활용 실적과 지원 대상 사업장 현황, 그리고 지원 금액 규모를 알고 싶습니다. 지원 결정 기준과신청から 지급까지 소요 기간도 함께 알려주시기 바랍니다.",부분공개,3
2023-08-11,새봄시 한울구 기획감사과,FOI-2023-02692,재취업 지원 프로그램 운영 현황 (2692호),"현재 운영 중인 재취업 지원 프로그램의 종류와 참여 조건, 그리고 지원 내용과 신청 방법을 알고 싶습니다. 프로그램별 참여 인원 현황과 평균 재취업도 함께 알려주시기 바랍니다.",부분공개,12
2025-06-22,새봄시 한울구 행정지원과,FOI-2025-02693,경력직 채용 특별 전형 시행 내역 (2693호),"경력직 채용 시 적용되는 특별 전형의 종류와 선정 기준, 그리고 채용 인원 비율을 알고 싶습니다. 특별 전형 시행 시 공고 방식과 지원 자격 요건도 함께 알려주시기 바랍니다.",부존재,11
2025-10-10,너울시 물빛구 기획감사과,FOI-2025-02694,중장년 구직자 직무 매칭 실적 (2694호),"중장년 구직자 대상 직무 매칭 실적과 평균 매칭 기간, 그리고 매칭을 알고 싶습니다. 연령대별 매칭 성과 차이와 주요 매칭 직종 현황도 함께 알려주시기 바랍니다.",부존재,17
2025-06-01,가람시 새빛구 행정지원과,FOI-2025-02695,직무 적성 검사 개발 및 사용 근거 (2695호),"채용 전형에 사용되는 직무 적성 검사의 개발 배경과 사용 근거, 그리고 각 검사 항목의 측정 내용과를 알고 싶습니다. 검사 개발 기관과 검증 여부도 함께 알려주시기 바랍니다.",부분공개,5
2022-08-06,미래군 기획감사과,FOI-2022-02696,퇴직전후 정리 지원사업 운영 현황 (2696호),"퇴직 지원사업의 참여 대상 조건과 지원 내용, 그리고 신청 방법을 알고 싶습니다. 사업별 지원 금액 상한과 신청から 수령까지 소요 기간도 함께 알려주시기 바랍니다.",부분공개,11
2025-05-25,예담시 늘품구 행정지원과,FOI-2025-02697,고령자 재취업 지원시설 이용 실적 (2697호),"고령자 재취업 지원시설의 연간 이용 인원과 주요 이용 목적, 그리고 서비스 만족도 조사 결과를 알고 싶습니다. 시설별 운영 시간과 이용 방법도 함께 알려주시기 바랍니다.",부분공개,14
2023-06-28,미래군 행정지원과,FOI-2023-02698,근로환경 개선시설 지원사업 내용 (2698호),"근로환경 개선시설 지원사업의 지원 대상과 지원 항목, 그리고 지원 금액 산정 방식을 알고 싶습니다. 신청 자격 요건과 심사 기준, 그리고 사업 수행 기간도 함께 알려주시기 바랍니다.",공개,7
2022-09-28,빛솔시 아람구 기획감사과,FOI-2022-02699,시니어 인력은행 활용 가이드라인 (2699호),"시니어 인력은행의 등록 절차와 활용 방식, 그리고 기업 측 수요 현황을 알고 싶습니다. 시니어 인력 배치 시 임금 수준 가이드와 형태도 함께 알려주시기 바랍니다.",부분공개,8
2023-08-11,여울시 단비구 행정지원과,FOI-2023-02700,시간제 근무제도 도입 및 운영 기준 (2700호),"시간제 근무제도의 도입 배경과 적용 가능 직종, 그리고 임금 및 복리후생 처리 방식을 알고 싶습니다. 시간제 근무 전환 신청 절차와 근무 시간성 범위도 함께 알려주시기 바랍니다.",공개,8
2022-11-09,새봄시 한울구 안전총괄과,FOI-2022-02701,한울초 주변 통학로 가로등 안전 점검 결과 및 유지보수 이력 청구 (2701호),"어린이용 통학로로서 안전 점검 결과가 체계적으로 관리되는지 확인 요청합니다. 최근 가로등 소등 구간 발생 여부, 전구 교체 주기, 안전 점검 일지 편성 현황을 포함하여 2022년 이후 분기별 점검 기록 전부를 청구합니다.",공개,9
2023-12-03,온빛시 건축허가과,FOI-2023-02702,새빛시장 주변 노후 가로등 안전 점검 결과 및 조치 계획 청구 (2702호),"유통시장 주변 야간 매출활동 종사자와 이용객의 안전을 위해 최근 3년간 가로등 안전 점검 결과와 identified 결함 사항, 후속 조치 일정을 포함하여 전체 안전 점검 보고서를 요청합니다.",부분공개,6
2023-02-21,가람시 열린구 안전총괄과,FOI-2023-02703,도담천 산책로 바닥 미끄러짐 방지 안전 점검 결과 및 보수 이력 청구 (2703호),"야외 운동 및 산책 이용객 다수가 이용하는 산책로의 바닥 미끄러짐 방지 시설 안전 점검 결과를 요청합니다. 특히 빗길 시 안전 점검 강화 여부, 방호 시설 설치 현황 및 최근 2년간 보수 이력을 포함해 주시기 바랍니다.",공개,9
2024-06-17,가람시 새빛구 안전총괄과,FOI-2024-02704,누리버스 정류장 비상대피 시설 안전 점검 결과 청구 (2704호),"다수의 시민이 이용하는 버스 정류장의 비상 시설 안전 점검 결과를 요청합니다. 비상등 작동 확인 여부, 배터리 교체 주기, 점검 담당 외주 업체 정보, 최근 점검 일시를 포함해 주시기 바랍니다.",부존재,17
2022-04-17,가람시 열린구 안전총괄과,FOI-2022-02705,가람공공청사 내 소화기 점검 기록 및 안전 시설 유지 현황 청구 (2705호),"관공서 건물 이용 시민 다수의 안전을 위해 최근 3년간 소화기 점검 기록과 안전 시설 유지 현황을 요청합니다. 각 층별 소화기 비치 현황, 점검 일시, 교체 이력을 포함해 주시기 바랍니다.",공개,18
2024-05-25,온빛시 건축허가과,FOI-2024-02706,라온체육센터 주차장 방범 카메라 안전 점검 및 가동 현황 청구 (2706호),"시설 이용 시민과 종사자의 안전을 위해 주차장 방범 카메라 안전 점검 결과를 요청합니다. 카메라 가동률, 영상 저장 기간, 점검 및 보수 이력을 포함하여 최근 2년간 보고서를 청구합니다.",부분공개,17
2023-08-02,도담군 안전총괄과,FOI-2023-02707,새봄역 환승구역 통로 바닥 미끄러짐 방지 시설 안전 점검 결과 청구 (2707호),"역사 내 환승 통로 미끄러짐 방지 시설 안전 점검 결과를 요청합니다. 특히 습기 조절 조치, 방 패드 설치 현황 및 교체 주기를 포함하여 2021년 이후 점검 기록 전부를 청구합니다.",공개,2
2023-07-07,해솔시 건축허가과,FOI-2023-02708,미래복합센터 인근 보도턱 완급 구배 안전 점검 결과 청구 (2708호),"부담 시설 설치 여부와 보행자 안전 점검 결과를 요청합니다. 장애인·노인 등 대중 교통 이용 취약계층의 보행 안전 확보를 위한 시설 현황, 점검 일시 및 개선 이력을 포함해 주시기 바랍니다.",부분공개,17
2023-12-06,미래군 건축허가과,FOI-2023-02709,샘물동 생활권 놀이터 시설 안전 점검 결과 및 사고 대응 기록 청구 (2709호),"어린이 안전을 위한 놀이터 시설 정기 안전 점검 결과를 요청합니다. 결함 시설 보수 현황, 사고 접수 기록 및 안전 관리 담당자 배치 현황을 포함하여 최근 3년간 보고서를 청구합니다.",공개,19
2025-03-28,가람시 새빛구 안전총괄과,FOI-2025-02710,맑은마을 커뮤니티센터 피난 계단 조명 안전 점검 결과 및 비상구 현황 청구 (2710호),"다수의 시민이 이용하는 시설의 피난 계단 비상 조명 가동 현황과 비상구 확보 현황을 요청합니다. 비상 조명 점검 주기, 배터리 교체 일정, 피난 안내 표시 점검 이력을 포함해 주시기 바랍니다.",부분공개,4
2023-05-29,새봄시 한울구 건축허가과,FOI-2023-02711,온빛도서관 앞 가로등 안전 점검 결과 및 야간 조명 가동 시간 청구 (2711호),"야간 독서 및'''</sub>',study 이용 시민의 안전을 위해 도서관 앞 가로등 안전 점검 결과를 요청합니다. 최근 결함 접수 및 처리 이력, 야간 조명 가동 시간표, 점검 담당 부서를 포함하여 최근 2년간 자료를 청구합니다.",부존재,9
2022-01-20,가람시 새빛구 건축허가과,FOI-2022-02712,세움산업단지 입구 가로등 안전 점검 결과 및 보수 이력 청구 (2712호),"산업단지 출퇴근 근로자의 야간 보행 안전을 위해 입구 가로등 안전 점검 결과를 요청합니다. 결함 시설 접수 및 보수 완료 일시, 점검 주기, 전구 사양을 포함하여 최근 3년간 보고서를 청구합니다.",공개,18
2023-09-21,온빛시 건축허가과,FOI-2023-02713,한들동 생활권 어린이 놀이터 종합 안전 점검 결과 청구 (2713호),"동네 놀이터 종합 안전 점검 결과를 요청합니다. 놀이 시설 구조적 안전성, 투명도, 보호 울타리 설치 현황 및 결함 보수 이력을 포함하여 최근 2년간 점검 기록을 청구합니다.",부분공개,17
2025-04-12,가람시 새빛구 건축허가과,FOI-2025-02714,가온로 보행구간 가로등 안전 점검 결과 및 야간 가시거리 확보 현황 청구 (2714호),"보행자 우선 구간으로서 가로등 안전 점검 결과와 야간 가시거리 확보 현황을 요청합니다. 결함 가로등 보수 처리 기간, 긴급 신고 접수 처리 절차를 포함하여 2022년 이후 자료를 청구합니다.",공개,10
2022-05-17,예담시 늘품구 안전총괄과,FOI-2022-02715,푸른마루 교차로 신호등 안전 점검 결과 및 이상 조치 이력 청구 (2715호),"교차로 신호등 안전 점검 결과를 요청합니다. 신호등 교체 주기, 이상 작동 발생 이력, 비상 때 수동 제어 가능 여부 및 점검 담당 외주 업체 정보를 포함해 주시기 바랍니다.",부분공개,2
2022-09-23,새봄시 한울구 건축허가과,FOI-2022-02716,빛솔광장 일대 전신주 안전 점검 결과 및 안전 시설 설치 현황 청구 (2716호),"광장 주변 전신주 안전 점검 결과를 요청합니다. 전신주 부식 점검 현황, 낙뢰 보호 장치 작동 여부 및 주변 안전 시설 설치 이력을 포함하여 최근 3년간 자료를 청구합니다.",공개,10
2024-02-11,새봄시 한울구 안전총괄과,FOI-2024-02717,너울천 산책로 안전 펜스 설치 현황 및 안전 점검 결과 청구 (2717호),"산책로 안전 펜스 설치 현황과 안전 점검 결과를 요청합니다. 펜스 완결성 확인, 훼손 사고 접수 및 보수 이력을 포함하여 최근 2년간 보고서를 청구합니다.",부분공개,18
2024-04-29,해솔시 안전총괄과,FOI-2024-02718,해솔문화광장 비상방송 시설 안전 점검 결과 및 작동 이력 청구 (2718호),"문화 행사 다수 개최지로서 비상방송 시설 안전 점검 결과를 요청합니다. 방송 작동 확인 여부, 음량 테스트 실시 현황, 점검 일시 및 작동 이력을 포함하여 최근 2년간 자료를 청구합니다.",공개,19
2024-11-21,너울시 물빛구 건축허가과,FOI-2024-02719,미르로 교차로 신호등 결함 이력 및 긴급 보수 처리 절차 청구 (2719호),"교차로 신호등 결함 이력과 긴급 보수 처리 절차를 요청합니다. 결함 접수から 보수 완료까지 소요 시간, 비상 수동 제어 전환 절차 및 안전 통제 방안을 포함해 주시기 바랍니다.",비공개,10
2023-04-06,도담군 건축허가과,FOI-2023-02720,열린마을 공원 놀이시설 안전 점검 결과 및 고장 접수 처리 이력 청구 (2720호),"공원 놀이시설 안전 점검 결과를 요청합니다. 놀이 기구 구조적 안전성, 고장 접수 및 보수 완료 이력, 점검 담당자를 포함하여 최근 3년간 자료를 청구합니다.",공개,20
2022-12-29,세움시 맑은구 안전총괄과,FOI-2022-02721,새빛시장 주변 상가 건물 외벽 안전 점검 결과 및 낙하물 방지 조치 청구 (2721호),"상가 밀집 지역 건물 외벽 안전 점검 결과를 요청합니다. 외벽 균열 점검 현황, 낙하물 방지 네안전 망 설치 여부, 보수 이력을 포함하여 최근 2년간 보고서를 청구합니다.",공개,9
2022-10-10,예담시 늘품구 건축허가과,FOI-2022-02722,한울초 주변 통학로 벤치 및 휴게시설 안전 점검 결과 청구 (2722호),"초등학생과 보호자가 이용하는 통학로 벤치 및 휴게시설 안전 점검 결과를 요청합니다. 벤치 고정 상태 점검, 파손 접수 및 보수 이력을 포함하여 최근 2년간 자료를 청구합니다.",부분공개,18
2023-01-04,여울시 단비구 안전총괄과,FOI-2023-02723,미래복합센터 건물 내 방화문 안전 점검 결과 및 밀폐 기능 확인 이력 청구 (2723호),"복합시설 건물 내 방화문 안전 점검 결과를 요청합니다. 방화문 밀폐 기능 점검 현황, 고장 접수 및 보수 이력, 밀폐 시험 실시 일시를 포함하여 최근 3년간 자료를 청구합니다.",부분공개,10
2024-01-28,라온군 안전총괄과,FOI-2024-02724,누리버스 정류장 승강대 안전 점검 결과 및 고장 접수 처리 현황 청구 (2724호),"버스 정류장 승강대 안전 점검 결과를 요청합니다. 승강대 구조 안전성 점검, 고장 접수 처리 기간, 보수 이력을 포함하여 최근 2년간 보고서를 청구합니다.",공개,12
2024-09-14,가람시 열린구 건축허가과,FOI-2024-02725,맑은마을 커뮤니티센터 비상구 확보 현황 및 피난 안내 표지 점검 결과 청구 (2725호),"주민 다수 이용 시설의 비상구 확보 현황과 피난 안내 표지 점검 결과를 요청합니다. 비상구 수, 피난 안내 표지 부착 위치, 점검 및 교체 이력을 포함하여 최근 2년간 자료를 청구합니다.",부분공개,7
2023-10-25,도담군 보건행정과,FOI-2023-02726,샘물동 생활권 내 식품접객업소 최근 1년간 위생 점검 결과 (2726호),"현재 구직 중인 상황에서 생활비 부담을 줄이기 위해 가족이 외식 대신 가정식을 준비하려 합니다. 샘물동 생활권 내 식당과 음식점의 위생 점검 결과를 확인하여 안전하게 이용할 수 있는 곳을 파악하고 싶습니다. 최근 1년간 실시된 위생 점검 결과와 지적사항, 시정 조치 요구 사항을 알려주세요.",부분공개,9
2023-05-17,가람시 새빛구 환경위생과,FOI-2023-02727,새빛시장 주변 식당 조리사 건강진단 현황 및 위생 이행 여부 (2727호),최근 새빛시장 주변 식당에서 외식을 한 뒤 몸이 불편했던 경험이 있습니다. 현재 구직 중인 상황에서 병원비가 부담되어 위생 상태가 좋은 곳을 미리 확인하고 싶습니다. 해당 식당 조리사들의 건강진단 유효 기간과 위생 이행 여부를 알려주세요.,공개,5
2022-09-25,예담시 늘품구 환경위생과,FOI-2022-02728,푸른마루 교차로 주변 제과제빵업체 최근 2년간 행정처분 내역 (2728호),전직 화학제품 생산 관리자로서 제품 품질관리 경험을 갖추고 있습니다. 최근 푸른마루 교차로 주변 제과제빵업체에서 판매하는 제품의 위생 상태가 걱정되어 행정처분 이력을 확인하고 싶습니다. 최근 2년간 과태료 부과와 시정 명령 등 행정처분 내역을 알려주세요.,공개,6
2025-04-12,가람시 열린구 환경위생과,FOI-2025-02729,한울초 주변 통학로 인접 식품제조업체 위생 점검 결과 및 재점검 여부 (2729호),자녀가 한울초에 다니고 있어 통학로 주변 업체 위생 상태가 걱정됩니다. 자녀의 친구들 중 위장 질환이 있는 아이도 있어서 더욱 불안합니다. 한울초 주변 통학로에 인접한 식품제조업체의 최근 위생 점검 지적사항과 재점검 여부를 알려주세요.,비공개,10
2023-08-21,세움시 맑은구 보건행정과,FOI-2023-02730,미르로 교차로 주변 음료 제조업체 HACCP 인증 현황 및 위생관리 평가 (2730호),전직 화학제품 생산 관리자로 품질관리 시스템을 잘 알고 있습니다. 최근 미르로 교차로 주변 음료 제조업체 제품이 마음에 걸려 인증 현황과 위생관리 수준을 확인하고 싶습니다. HACCP 인증 여부와 위생관리 평가 결과를 알려주세요.,비공개,18
2023-05-06,빛솔시 아람구 보건행정과,FOI-2023-02731,새빛시장 주변 식당 조리사 건강진단 현황 및 식중독 사고 대응 기록 (2731호),현재 구직 중인 상황에서 비용을 절감하기 위해 외식을 자주 이용합니다. 외식 후 건강에 문제가 생길까봐 걱정이 됩니다. 새빛시장 주변 식당 조리사 건강진단 유효 기간과 식중독 사고 대응 기록이 있는지 알려주세요.,공개,11
2024-08-15,도담군 보건행정과,FOI-2024-02732,열린마을 공원 주변 노점상 최근 1년간 단속 실적 및 과태료 부과 현황 (2732호),현재 구직 중인 상황에서 저렴하게 식사할 수 있는 곳을 찾고 있습니다. 열린마을 공원 주변 노점상을 자주 이용하는데 위생 단속 이력을 확인하여 안전한 곳을 파악하고 싶습니다. 최근 1년간 단속 실적과 과태료 부과 현황을 알려주세요.,공개,3
2022-03-10,온빛시 환경위생과,FOI-2022-02733,가온로 보행구간 대형 베이커리 식품표시 위반 사항 및 원료 원산지 표시 여부 (2733호),가온로 보행구간에 입점한 대형 베이커리 매장 제품 라벨을 확인했으나 원산지 표기가 불분명합니다. 현재 구직 중인 상황에서도 품질 좋은 빵을 찾고 있어 해당 매장 식품표시 위반 사항을 확인하고 싶습니다.,부분공개,8
2024-06-07,해솔시 환경위생과,FOI-2024-02734,라온체육센터 주변 배달음식 포장 전문점 위생 점검 지적사항 및 HACCP 적용 여부 (2734호),현재 혼자 살며 배달음식을 자주 시킵니다. 배달음식 위생 상태가 걱정되어 라온체육센터 주변 포장 전문점 위생 점검 결과를 확인하고 싶습니다. 포장이 식기구의 위생 상태와 HACCP 적용 여부를 알려주세요.,공개,16
2023-11-30,미래군 환경위생과,FOI-2023-02735,새봄역 환승구역 지하상가 먹거리코너 식중독 사고 발생 여부 및 대응 기록 (2735호),새봄역 환승구역 지하상가 먹거리코너를 자주 이용합니다. 최근시설중독관련가 있어 걱정이 됩니다. 식중독 사고 발생 여부와 관련 부서 대응 기록을 알려주세요.,부분공개,7
2025-04-29,예담시 늘품구 보건행정과,FOI-2025-02736,한들동 생활권 대규모 학생식당 식재료 품질 검사 결과 및 급식 위생관리 평가 점수 (2736호),현재 구직 중인 상황에서도 자녀 급식 상태가 걱정됩니다. 한들동 생활권 대규모 학생식당 식재료 품질 검사 결과와 급식 위생관리 평가 점수를 확인하여 자녀 식생활 안전을 파악하고 싶습니다.,공개,12
2024-03-16,라온군 환경위생과,FOI-2024-02737,미르로 교차로 주변 제과점 과태료 부과 이력 및 원료 품질 검사 결과 (2737호),전직 건축 관련 기술자로 품질관리에 관심이 많습니다. 미르로 교차로 주변 제과점 과태료 부과 이력과 원료 품질 검사 결과를 확인하여 안전한 제품을 구매할 곳을 알고 싶습니다.,부분공개,7
2022-03-11,너울시 물빛구 보건행정과,FOI-2022-02738,한울초 주변 학교 매점 식품유통기한 관리 실태 및 위생 기준 준수 여부 (2738호),자녀가 한울초에 다니며 학교 매점에서 간식을 구매합니다. 자녀 건강을 위해 학교 매점 식품유통기한 관리 실태와 위생 기준 준수 여부를 확인하고 싶습니다.,부분공개,13
2022-04-19,가람시 열린구 환경위생과,FOI-2022-02739,푸른마루 교차로 주변 주점등접객업소 위생 점검 결과 및 단속 실적 (2739호),현재 생계 유지에 어려움을 겪으며 저렴하게 식사할 곳을 찾고 있습니다. 푸른마루 교차로 주변 주점등접객업소 위생 점검 결과와 단속 실적을 확인하여 안전하게 이용할 수 있는 곳을 파악하고 싶습니다.,부분공개,4
2024-08-13,가람시 새빛구 보건행정과,FOI-2024-02740,새봄역 환승구역 식품위생 점검·행정처분 관련 자료 공개 청구 109-0 (2740호),새봄역 환승구역 일대의 식품위생 점검·행정처분 업무와 관련하여 최근 6개월간 처리된 문서와 집행 내역 일체를 공개하여 주시기 바랍니다. 항목별 세부 내역과 근거 서류를 포함해 주세요.,부분공개,12
2024-08-31,여울시 단비구 환경위생과,FOI-2024-02741,가람공공청사 주변 식품위생 점검·행정처분 관련 자료 공개 청구 109-1 (2741호),가람공공청사 주변 일대의 식품위생 점검·행정처분 업무와 관련하여 2024년 한 해 처리된 문서와 집행 내역 일체를 공개하여 주시기 바랍니다. 항목별 세부 내역과 근거 서류를 포함해 주세요.,부분공개,11
2025-04-22,미래군 보건행정과,FOI-2025-02742,맑은마을 커뮤니티센터 식품위생 점검·행정처분 관련 자료 공개 청구 109-2 (2742호),맑은마을 커뮤니티센터 일대의 식품위생 점검·행정처분 업무와 관련하여 2024년 한 해 처리된 문서와 집행 내역 일체를 공개하여 주시기 바랍니다. 항목별 세부 내역과 근거 서류를 포함해 주세요.,공개,18
2023-08-06,라온군 환경위생과,FOI-2023-02743,미르로 교차로 식품위생 점검·행정처분 관련 자료 공개 청구 109-3 (2743호),미르로 교차로 일대의 식품위생 점검·행정처분 업무와 관련하여 최근 6개월간 처리된 문서와 집행 내역 일체를 공개하여 주시기 바랍니다. 항목별 세부 내역과 근거 서류를 포함해 주세요.,공개,16
2024-01-10,라온군 보건행정과,FOI-2024-02744,맑은마을 커뮤니티센터 식품위생 점검·행정처분 관련 자료 공개 청구 109-4 (2744호),맑은마을 커뮤니티센터 일대의 식품위생 점검·행정처분 업무와 관련하여 최근 1년간 처리된 문서와 집행 내역 일체를 공개하여 주시기 바랍니다. 항목별 세부 내역과 근거 서류를 포함해 주세요.,공개,7
2022-02-21,너울시 물빛구 환경위생과,FOI-2022-02745,새봄역 환승구역 식품위생 점검·행정처분 관련 자료 공개 청구 109-5 (2745호),새봄역 환승구역 일대의 식품위생 점검·행정처분 업무와 관련하여 최근 6개월간 처리된 문서와 집행 내역 일체를 공개하여 주시기 바랍니다. 항목별 세부 내역과 근거 서류를 포함해 주세요.,부분공개,2
2024-06-09,여울시 단비구 환경위생과,FOI-2024-02746,도담천 산책로 식품위생 점검·행정처분 관련 자료 공개 청구 109-6 (2746호),도담천 산책로 일대의 식품위생 점검·행정처분 업무와 관련하여 2024년 한 해 처리된 문서와 집행 내역 일체를 공개하여 주시기 바랍니다. 항목별 세부 내역과 근거 서류를 포함해 주세요.,공개,5
2022-12-16,가람시 새빛구 환경위생과,FOI-2022-02747,푸른마루 교차로 식품위생 점검·행정처분 관련 자료 공개 청구 109-7 (2747호),푸른마루 교차로 일대의 식품위생 점검·행정처분 업무와 관련하여 최근 1년간 처리된 문서와 집행 내역 일체를 공개하여 주시기 바랍니다. 항목별 세부 내역과 근거 서류를 포함해 주세요.,부분공개,13
2023-12-25,가람시 새빛구 환경위생과,FOI-2023-02748,한들동 생활권 식품위생 점검·행정처분 관련 자료 공개 청구 109-8 (2748호),한들동 생활권 일대의 식품위생 점검·행정처분 업무와 관련하여 최근 6개월간 처리된 문서와 집행 내역 일체를 공개하여 주시기 바랍니다. 항목별 세부 내역과 근거 서류를 포함해 주세요.,공개,9
2023-01-22,온빛시 보건행정과,FOI-2023-02749,한울초 주변 통학로 식품위생 점검·행정처분 관련 자료 공개 청구 109-9 (2749호),한울초 주변 통학로 일대의 식품위생 점검·행정처분 업무와 관련하여 최근 6개월간 처리된 문서와 집행 내역 일체를 공개하여 주시기 바랍니다. 항목별 세부 내역과 근거 서류를 포함해 주세요.,비공개,17
2023-12-29,누리시 바른구 보건행정과,FOI-2023-02750,샘물동 생활권 식품위생 점검·행정처분 관련 자료 공개 청구 109-10 (2750호),샘물동 생활권 일대의 식품위생 점검·행정처분 업무와 관련하여 최근 6개월간 처리된 문서와 집행 내역 일체를 공개하여 주시기 바랍니다. 항목별 세부 내역과 근거 서류를 포함해 주세요.,부분공개,19
2024-12-21,도담군 공원녹지과,FOI-2024-02751,열린마을 공원 무장애 통로 설치 계획 및 추진 일정 확인 청구 (2751호),"열린마을 공원 내에 무장애 통로 설치 공사가 계획되어 있다는데, 현재 추진 단계와 완료 예상 시기를 확인하고자 합니다. 최근 보행이 어려워지는 모습을 느끼고 있어 공원 이용에 불편이 없는 환경 조성 여부가 중요합니다.",비공개,9
2023-11-19,세움시 맑은구 공원녹지과,FOI-2023-02752,가온로 보행구간 야간 조명 교체 현황 및 향후 교체 계획 (2752호),가온로 보행구간에서 야간 조명이 자주 고장 나거나 밝지 않아 안전이 걱정됩니다. 최근 3년간 조명 교체 이력과 향후 2년간 교체 계획이 있는지 알려주시기 바랍니다.,공개,9
2024-09-27,가람시 새빛구 문화체육과,FOI-2024-02753,누리버스 정류장 주변 공원 벤치 및 휴식 공간 확충 현황 (2753호),누리버스 정류장 주변에 공원 벤치 또는 휴식 공간 확충 계획이 있는지 확인하려고 합니다. 대중교통을 이용해 공원을 찾으려 할 때 중간에 쉴 수 있는 곳이 필요합니다.,공개,8
2024-08-18,너울시 물빛구 문화체육과,FOI-2024-02754,온빛도서관 앞 공원 그늘막 시설 설치 여부 및 설치 계획 (2754호),온빛도서관 앞 공원에 여름철 그늘막 시설이 필요한데 현재 설치 여부와 향후 설치 계획이 있는지 확인해주십시오. 무더위 속에서 야외시간을 갖기 어려운 상황입니다.,부분공개,15
2024-02-28,빛솔시 아람구 문화체육과,FOI-2024-02755,맑은마을 커뮤니티센터 운영 프로그램 및 욕구조사 결과 (2755호),"맑은마을 커뮤니티센터에서 운영하는 프로그램 중 중장년 구직자를 위한 프로그램이 있는지, 해당 프로그램 참여자 욕구조사 결과가 있는지 확인하고자 합니다.",부분공개,14
2022-01-30,도담군 공원녹지과,FOI-2022-02756,샘물동 생활권 공원 내 보안용 현황 및 영상 보관 기간 (2756호),"샘물동 생활권 공원 내에 보안용가 얼마나 설치되어 있는지, 영상 자료의 보관 기간이 얼마나 되는지 확인하고자 합니다. 혼자 거주하며 야간 공원 출입이 불안합니다.",공개,15
2025-11-04,미래군 공원녹지과,FOI-2025-02757,도담천 산책로 야간 안전 등화 시설 현황 및 보강 계획 (2757호),도담천 산책로에서 야간 산책 시 안전이 걱정됩니다. 현재 등화 시설 현황과 향후 보강 계획이 있는지 알려주시기 바랍니다.,부분공개,11
2024-12-09,누리시 바른구 문화체육과,FOI-2024-02758,가람공공청사 주변 공원 내 흡연 구역 지정 현황 (2758호),"가람공공청사 주변 공원 내에 흡연 구역이 지정되어 있는지, 비흡연 구역과 구분되어 있는지 확인하고자 합니다. 공원 이용 시 간접흡연 걱정에 대한 정보가 필요합니다.",공개,17
2022-09-16,도담군 공원녹지과,FOI-2022-02759,미래복합센터 인근 공원 내대 여부 및 관리 현황 (2759호),"미래복합센터 인근 공원 내에대가 있는지, 설치되어 있다면 관리 및 위생 상태가 어떤지 확인하고자 합니다. 산책 시 물을 마실 수 있는 시설이 필요합니다.",공개,2
2023-06-13,세움시 맑은구 공원녹지과,FOI-2023-02760,새봄역 환승구역 주변 공원 내 주차 공간 확보 현황 (2760호),새봄역 환승구역 주변 공원 방문 시 주차 공간이 부족한 것 같습니다. 현재 주차 공간 현황과 향후 확충 계획이 있는지 확인해주십시오.,부분공개,15
2023-01-16,세움시 맑은구 공원녹지과,FOI-2023-02761,한울초 주변 통학로 공원 통과 구간 안전 시설 현황 (2761호),"한울초 주변 통학로에 공원 통과 구간이 있는데, 학생들의 안전을 위한 시설이 얼마나 갖추어져 있는지 확인하고자 합니다. 등하교길 안전이 걱정됩니다.",공개,12
2025-11-28,가람시 새빛구 문화체육과,FOI-2025-02762,빛솔광장 일대 공원 녹지 비율 및 조성 계획 (2762호),"빛솔광장 일대 공원의 녹지 비율이 얼마나 되는지, 향후 녹지 조성 계획이 있는지 확인하고자 합니다. 환경 생태적으로 건전한 공원 환경이 중요합니다.",공개,1
2023-11-10,새봄시 한울구 공원녹지과,FOI-2023-02763,새빛시장 주변 공원 내 놀이시설 안전 검사 이력 (2763호),새빛시장 주변 공원 내 놀이시설의 안전 검사 이력과 검사 결과를 확인하고자 합니다. 인근 자녀가 있는 가정에서 공원 이용 시 안전이 걱정됩니다.,부분공개,12
2024-10-03,도담군 문화체육과,FOI-2024-02764,라온체육센터 주변 공원 운동시설 설치 현황 및 이용 규칙 (2764호),"라온체육센터 주변 공원에 운동시설이 있는지, 있다면 이용 규칙이 어떻게 되는지 확인하고자 합니다. 공원에서도 체육 활동을 하고 싶습니다.",부분공개,7
2025-06-14,미래군 공원녹지과,FOI-2025-02765,가온로 보행구간 가로수 종류 및 교체 주기 정책 (2765호),가온로 보행구간 가로수의 종류와 교체 주기 정책이 어떻게 되는지 확인하고자 합니다. 녹지 환경의 일관성 있는 관리가 필요합니다.,부분공개,20
2024-06-11,너울시 물빛구 공원녹지과,FOI-2024-02766,한들동 생활권 공원 내 동물 동반 출입 가능 구역 지정 현황 (2766호),"한들동 생활권 공원 내에 동물 동반 출입 가능 구역이 지정되어 있는지, 그 범위와 규칙이 어떻게 되는지 확인하고자 합니다.",공개,19
2023-08-28,가람시 새빛구 공원녹지과,FOI-2023-02767,미르로 교차로 주변 공원 생태 복원 사업 추진 현황 (2767호),"미르로 교차로 주변 공원에서 생태 복원 사업이 추진되고 있다면 현재 어떤 단계인지, 주민 참여 기회가 있는지 확인하고자 합니다.",부분공개,8
2022-04-23,도담군 문화체육과,FOI-2022-02768,너울천 산책로 우수 관리업체 선정 기준 및 계약 현황 (2768호),너울천 산책로의 식물 관리업체 선정 기준과 현재 계약 현황이 어떻게 되는지 확인하고자 합니다. 전문가로서 관리 수준에 관심이 있습니다.,공개,14
2023-09-10,빛솔시 아람구 문화체육과,FOI-2023-02769,샘물동 생활권 공원 내대 위치도 및 수량 (2769호),샘물동 생활권 공원 내에대가 어느 위치에 몇 개 설치되어 있는지 확인하고자 합니다. 산책 시 수분 보충이 필요합니다.,부분공개,17
2024-04-07,가람시 새빛구 공원녹지과,FOI-2024-02770,푸른마루 교차로 주변 공원 내 흡연 구역 위반 단속 현황 (2770호),푸른마루 교차로 주변 공원 내 흡연 구역 위반 행위에 대한 단속 이력과 단속 기준이 어떻게 되는지 확인하고자 합니다.,공개,8
2023-07-20,빛솔시 아람구 문화체육과,FOI-2023-02771,해솔문화광장 공원 조명 에너지 효율화 사업 추진 여부 (2771호),해솔문화광장 공원에서 조명 에너지 효율화 사업이 추진되고 있다면 현재 단계와 예상 절감 효과가 어떤지 확인하고자 합니다.,공개,19
2022-07-26,가람시 열린구 공원녹지과,FOI-2022-02772,열린마을 공원 내 어린이 놀이시설 연령별 구분 현황 (2772호),"열린마을 공원 내 어린이 놀이시설이 연령대별로 구분되어 있는지, 구분되어 있다면 각 구간의 상세 내용과 안전 기준이 어떻게 되는지 확인하고자 합니다.",부분공개,13
2024-08-22,새봄시 한울구 공원녹지과,FOI-2024-02773,가람공공청사 주변 공원 내 공중화장실 위치 및 위생 관리 주기 (2773호),가람공공청사 주변 공원 내 공중화장실의 위치와 위생 관리 주기가 어떻게 되는지 확인하고자 합니다. 가족과 함께 공원을 이용할 때 필수적인 정보입니다.,공개,19
2024-07-03,가람시 열린구 공원녹지과,FOI-2024-02774,도담천 산책로 벤치 후보지 선정 기준 및 주민 의견 수렴 절차 (2774호),도담천 산책로에 벤치를할 때 후보지 선정 기준과 주민 의견을 수렴하는 절차가 어떻게 되는지 확인하고자 합니다. 산책 중 휴식 공간이 부족합니다.,공개,11
2024-06-14,누리시 바른구 공원녹지과,FOI-2024-02775,새빛시장 주변 공원 내 주차 위반 차량 단속 현황 및 단속 기준 (2775호),새빛시장 주변 공원에서 주차 위반 차량에 대한 단속 현황과 단속 기준이 어떻게 되는지 확인하고자 합니다. 정당한 주차 이용이 어려울 때가 있습니다.,공개,14
2022-11-26,가람시 열린구 도시계획과,FOI-2022-02776,재개발구역 불법건축물 단속 처분 적정성 관련 정보공개 청구 (2776호),"샘물동 생활권 내 재개발구역에서 아래처분 명의의 건축물대장, 단속 전후 현장사진, 행정처분 결정과정의 내부검토자료를 청구합니다. 해당 단지가 재건축 조합설립인가 후 수년 동안 수시로 행정처분을 받았음에도 계속 불법건축이 지속된 경위와 해당 건물의 법적 지위 확인이 필요합니다.",부분공개,7
2024-07-01,라온군 건축허가과,FOI-2024-02777,공동 안테나 시설 안전 점검 결과 정보 공개 청구 (2777호),"샘물동 생활권 내 아파트 단지에 설치된 공동 안테나 시설의 안전 점검 현황을 확인하고자 합니다. 점검일시, 점검자, 점검결과, 보수내역이 포함된 자료를 청구합니다. 재건축 공사 기간 중 방송 수신 장애가 발생할 경우자들의 broadcasting 이용에 직접 영향을 미칠 수 있어 반드시 확인이 필요한 사항입니다.",부분공개,16
2022-01-29,세움시 맑은구 건축허가과,FOI-2022-02778,수신장애 관련 민원 처리 결과 정보 공개 청구 (2778호),"미래복합센터 인근 아파트 단지에서 재개발 공사 기간 중 TV 및 라디오 수신 장애가 발생하여 민원을 제기한 바 있습니다. 해당 민원의 접수내역, 처리경위, 처리결과를 청구합니다. Broadcasting 수신은자의 일상생활에 필수적인 사항이므로 공사 전후 조치 여부를 반드시 확인해야 합니다.",부분공개,2
2025-09-02,새봄시 한울구 건축허가과,FOI-2025-02779,재개발구역 디지털 방송 수신율 측정 데이터 공개 청구 (2779호),"새봄역 환승구역 내 재개발 공사 예정 지역에서 공사 디지털 terrestrial 방송 수신율 측정 데이터를 청구합니다. 공사 전후 수신율 변화, 재전파 가능 시기를 포함하여 거주자들의 방송 이용권 보장을 위한 최소한의 정보 확인이 목적입니다.",비공개,15
2024-03-11,여울시 단비구 도시계획과,FOI-2024-02780,방송설비 이전 공사 적정성 관련 정보공개 청구 (2780호),"재개발구역 내 방송 케이블 및 설비 이전 관련행정처분의 적정성을 확인하기 위해 해당 공사의,자, 및 자료를 청구합니다. Broadcasting 시설은자들의 일상생활과 직결되므로 공사 과정의 투명성 확보가 필요한 상황입니다.",부분공개,19
2024-03-07,가람시 열린구 건축허가과,FOI-2024-02781,통학로 안전시설 현황 및 교통단속 기준 정보공개 청구 (2781호),"한울초 주변 통학로의 안전시설 설치 현황과 해당 구간의 교통단속 기준을 확인하기 위해 정보를 청구합니다. 유치원에서하는 원아들의 안전을 위해 보호구역 지정근거, 안전시설 종류, 단속 기준을 반드시 파악해야 하는 상황입니다. 공사 중인 재건축 단지 주변 통학 안전 확보 방안도 함께 요청합니다.",비공개,17
2022-06-08,해솔시 도시계획과,FOI-2022-02782,재건축 공사 현장 외부인 출입 통제 계획 정보공개 청구 (2782호),"도담천 산책로 인접 재건축 공사 현장의 외부인 출입 통제 계획과 보행자 안전 확보 방안을 확인하기 위해 정보를 청구합니다. 산책로 이용 주민과의 안전이 직결되므로 현장 출입 통제계획, 안전조치 현황, 보행자 우회ルート 자료를 반드시 확인해야 합니다.",부분공개,9
2025-05-30,누리시 바른구 도시계획과,FOI-2025-02783,다가구주택 지구계획 관련 재건축 영향 검토 자료 공개 청구 (2783호),"도담천 산책로 주변 다가구주택 지역에 대한 지구계획이 재건축 사업 추진에 미치는 영향을 확인하기 위해 해당 지구 지정 배경, 규제 내용, 용도지역 변경 여부 및 관련예산 배정 내역을 청구합니다. 유치원 운영 환경에 직접적 영향이 있으므로 반드시 파악이 필요한 사항입니다.",비공개,3
2022-11-19,너울시 물빛구 건축허가과,FOI-2022-02784,유치원 주변 긴급대피계획 및 dust·소음 기준 공개 청구 (2784호),"해당 관할구역 내 유치원 원아들의 안전을 위한 긴급대피계획과 재건축 공사 시 발생하는 건축 dust 및 소음 기준, 측정기록을 청구합니다. 원아들의 건강과을 위해 대기환경·소음 기준 적합 여부와 비상시 대피 경로 및 연락망을 반드시 확인해야 합니다.",비공개,4
2025-04-28,예담시 늘품구 건축허가과,FOI-2025-02785,재건축사업 추진 일정 및 부서 협업 현황 정보공개 청구 (2785호),"가람공공청사 주변 재건축사업의 추진 일정과 관련 각 부서 협업 현황을 확인하기 위해 정보를 청구합니다. 유치원 운영 일정과 직접 연관되므로 사업 추진 단계별 일정, 부서별 협업 현황, 민원 처리 결과를 반드시 파악해야 하는 상황입니다.",비공개,14
2022-06-24,여울시 단비구 도시계획과,FOI-2022-02786,보일러 교체 지원사업 대상 기준 및 에너지절감 분석 공개 청구 (2786호),"한들동 생활권 내 단독주택 단지에 대한 보일러 교체 지원사업 대상 기준과 에너지절감자료를 청구합니다. 로봇공학 기술자로서 에너지 효율 개선 기술을 residential 부문에 적용할 가능성을 파악하고자 하며, 특히 절연재 교체와 보일러 효율 개선을 연계한 분석 자료가 필요합니다.",부분공개,14
2024-08-19,예담시 늘품구 도시계획과,FOI-2024-02787,스마트 그리드 도입 사례 및 재생에너지 설비 보조금 내역 공개 청구 (2787호),"도담천 산책로 주변 단독주택 밀집 지역에 대한 스마트 그리드 도입 가능성과 재생에너지 설비 보조금 지급 현황을 확인하기 위해 정보를 청구합니다. 에너지 자립 및 IoT 기반 에너지 관리 기술 적용 가능성을 파악하고자 하며, 특히 태양광·ESS 연계 시스템 관련 지원 사업이 있는지 반드시 확인이 필요한 상황입니다.",부분공개,11
2025-11-11,도담군 도시계획과,FOI-2025-02788,단독주택지 기반시설 투자 규모 및 추진 일정 정보공개 청구 (2788호),"미르로 교차로 일대 단독주택지 예정 지역의 기반시설 투자 규모와 추진 일정, 이행 현황을 확인하기 위해 정보를 청구합니다. 로봇공학 연구자로서 에너지 인프라와 robotics 연계 가능성을 분석하기 위해 도로·상하수도·통신 기반 투자가 포함된 자료를 반드시 확인해야 합니다.",공개,6
2025-02-14,누리시 바른구 건축허가과,FOI-2025-02789,공동주택 단지 스마트홈 시스템 도입 사례 및 효과 분석 공개 청구 (2789호),"한들동 생활권 내 공동주택 단지에서 운영 중인 스마트홈 시스템 도입 사례와 에너지절약자료를 청구합니다. 로봇공학 기술자로서 residential IoT 및 에너지 관리 기술 개발에 참고할 수 있는 실증 데이터를 확보하고자 하며, 특히 난방·조명·보안 시스템 연동 사례가 필요합니다.",공개,5
2022-08-21,해솔시 도시계획과,FOI-2022-02790,개발 사업비 절연재·단열재 항목별 비중 및 등급 평가 기준 공개 청구 (2790호),"너울천 산책로 주변 재개발 사업의 사업비 중 절연재·단열재 항목별 비용 비중과 에너지효율 등급 평가 기준을 확인하기 위해 정보를 청구합니다. 로봇공학 기술자로서 건물 에너지 모델링 및 절연 성능 시뮬레이션 연구에 필요한 기초 데이터를 확보하고자 하며, 특히 열관류율 기준과 단열재 두께 설계 기준이 포함된 자료를 요청합니다.",공개,20
2023-07-15,도담군 도시계획과,FOI-2023-02791,아파트 단지 통신기지국 전자파 수준 측정 데이터 공개 청구 (2791호),"가온로 보행구간 인접 아파트 단지에 설치된 통신기지국의 전자파 수준 측정 데이터와 주민 안전 기준 적합 여부를 확인하기 위해 정보를 청구합니다. 통신기기 연구자로서 electromagnetic compatibility 및 인체 안전 기준을 분석하기 위해 측정 일시, 측정 높이, 측정값이 포함된 Raw data가 반드시 필요합니다.",공개,17
2023-08-08,해솔시 건축허가과,FOI-2023-02792,재개발 기간 중 통신서비스 유지·보강 방안 관련 정보공개 청구 (2792호),"라온체육센터 주변 아파트 단지 재개발 공사 기간 중 통신서비스 유지·보강 방안 및 관련 민원 처리 결과를 확인하기 위해 정보를 청구합니다. 통신기기 연구자로서 재개발 공사 기간 중 발생할 수 있는 서비스 중단 예방 적정성을 분석하고자 하며, 특히 임시 기지국 설치 계획과 통신사별 조치 현황이 포함된 자료를 요청합니다.",부분공개,4
2024-06-05,새봄시 한울구 건축허가과,FOI-2024-02793,광케이블 교체 공사 현황 및· 정보공개 청구 (2793호),"새빛시장 주변 아파트 단지에서 추진 중인 광케이블 교체 공사의 현황과자,,감독결과를 확인하기 위해 정보를 청구합니다. 통신기기 기술자로서 FTTH 설계 및 시공 표준을 검토하기 위해 공사 ,자, 및 자료가 포함된 자료를 반드시 확인해야 합니다.",부분공개,18
2023-10-17,가람시 열린구 건축허가과,FOI-2023-02794,재개발 사업 추진 시 주파수사용 허가 및 재허가 절차 정보공개 청구 (2794호),"재개발 사업 추진 시 기존 통신기기 주파수사용 허가 및 재허가 절차와 조건을 확인하기 위해 정보를 청구합니다. 통신기기 연구자로서 재개발 구역 내 통신 주파수 재배치 및 허가 갱신 과정을 분석하고자 하며, 특히 허가 조건 변경 시 필요한 기술검정 자료와 심사 기준이 포함된 행정절차 자료를 반드시 확인해야 합니다.",부분공개,17
2023-10-06,누리시 바른구 도시계획과,FOI-2023-02795,통신설비 이전 비용 산정 근거 및 분쟁 조정 절차 정보공개 청구 (2795호),"누리버스 정류장 인근 아파트 단지의 통신설비 이전 비용 산정 근거와 관련 분쟁 조정 절차를 확인하기 위해 정보를 청구합니다. 통신기기 연구자로서 이전 공사 원가 구조를 분석하고 분쟁 발생 시 해결 절차를 파악하고자 하며, 특히 공사비 산정 기준과 분쟁 조정 사례가 포함된 자료를 요청합니다.",공개,18
2022-02-05,새봄시 한울구 건축허가과,FOI-2022-02796,관리규약 개정 전후 비교표 및 입주자대표회의 회의록 공개 청구 (2796호),샘물동 생활권 내 아파트 단지의 관리규약 개정 전후 비교표와 입주자대표회의 회의록을 청구합니다. 재건축 조합 설립 전자 간 합의 과정과 의사결정 절차를 투명하게 확인하여 거주자로서되어야 할 알 권리를 행사코자 합니다. 특히 입주자대표 선출 과정과 의결 요건에 대한 구체적 근거를 반드시 확인해야 합니다.,비공개,20
2025-11-13,예담시 늘품구 건축허가과,FOI-2025-02797,철거 비용 내역 및비율 정보공개 청구 (2797호),"미르로 교차로 일대 아파트 단지 철거 비용 내역과비율, 재활용률 데이터를 청구합니다. Legalmanager로서 재개발 회계 투명성 확보를 위해 반드시 확인이 필요한 사항입니다. 특히 철거 선정 과정의 적정성과 비용 산정 근거를 파악하여자 공동의 재산 보호에 참고하고자 합니다.",부분공개,19
2024-02-08,가람시 열린구 건축허가과,FOI-2024-02798,아파트 단지 주차장 설치 기준 및 계획 주차면수 정보공개 청구 (2798호),"가온로 보행구간 주변 아파트 단지의 주차장 설치 기준, 기존 주차면수, 계획 주차면수, 부지 내 배치를 청구합니다. Legalmanager로서 재개발 사업의 기본계획 적정성을 확인코자 합니다. 특히 주차장 축소 여부와자 차량 등록 대수와의 괴리, 관련 민원 처리 결과를 반드시 파악해야 하는 상황입니다.",공개,2
2023-06-16,새봄시 한울구 도시계획과,FOI-2023-02799,사업시행자 선정 평가 기준 및 선정 결과 정보공개 청구 (2799호),"세움산업단지 입구 인근 아파트 단지의 재건축 사업시행자 선정 평가 기준과 선정 결과, 사업 추진‑ House 평가 결과를 청구합니다. Legalmanager로서 조합설립 전후 행정 절차의 적정성을 분석코자 합니다. 특히 업체 선정 평가 항목별 배점과 심사위원 의견이 포함된 자료를 반드시 확인해야 합니다.",부분공개,20
2024-09-23,해솔시 건축허가과,FOI-2024-02800,재건축 설계 변경 전후 비교 및 구조 안전성 검토 결과 공개 청구 (2800호),"가람공공청사 주변 아파트 단지 재건축 설계 변경 전후 비교와 구조 안전성 검토 결과를 확인하기 위해 정보를 청구합니다. Legalmanager로서 구조 안전에 관한행정확인 과정의 적정성을 분석코자 합니다. 특히 확인 신청서 처리 경과와 구조 안전검토 기관의 검토 의뢰 내용,이 포함된 자료를 반드시 확인해야 합니다.",부분공개,12
2025-01-16,여울시 단비구 복지정책과,FOI-2025-02801,샘물동 소재 학교 급식 식재료 납품 계약 내역 청구 (2801호),현재 학교 급식 식재료 납품업체와 계약된 가격 및 납품 일정이 시세와 일치하는지 확인 요청. 계약 기간 2022년 3월부터 2023년 2월까지의 월별 납품 내역과 단가 변동 사유를 반드시 포함해 주세요.,부존재,10
2023-10-06,빛솔시 아람구 교육지원과,FOI-2023-02802,가온로 보행구간 가로등 점등 상태 점검 기록 청구 (2802호),보건 위생 검사원으로서 근무지 출퇴근 경로의 보행 안전이 우려되어 해당 구간 가로등 고장 신고 접수 및 처리 일시를 포함한 점검 기록 공개를 요청합니다.,공개,11
2024-05-05,라온군 교육지원과,FOI-2024-02803,열린마을 공원 놀이터 시설 안전 점검 결과 청구 (2803호),"손주의 놀이시설 이용 시을 파악하고자 해당 공원 놀이터 최근 2년간 안전 점검일시, 점검항목, 합격여부를 포함하여 안전 상태를 알 수 있는 기록 공개를 요청합니다.",부분공개,14
2023-01-23,온빛시 교육지원과,FOI-2023-02804,한울초 주변 통학로 과속방지턱 설치 및 차선도색 이력 청구 (2804호),초등학생 자녀의 안전한 통학 환경을 위해 해당 통학로 내 과속방지턱 설치 연월일과 관련 도로 표시선 도색 이력을 포함하여 안전시설물 설치 경위를 알 수 있는 기록 공개를 요청합니다.,공개,2
2022-08-08,너울시 물빛구 복지정책과,FOI-2022-02805,맑은마을 지역 국공립어린이집 급식 식재료 원가 계산 내역 청구 (2805호),현재 어린이집 급식비가 적정하게 산정되었는지 확인하고 싶어 계약 기간 2022년 1월부터 6월까지의 식재료 원가 계산 내역을 포함하여 급식비 산정 근거를 알 수 있는 기록 공개를 요청합니다.,공개,3
2024-03-07,누리시 바른구 복지정책과,FOI-2024-02806,미래복합센터 인근 학교 통학버スの 경로 승인 절차 관련 기록 청구 (2806호),보건 위생 검사원 자격으로 시설물 안전관리 기준을 준수하는지 확인 요청. 새봄역 환승구역 주변 통학버스 경로 승인 시 안전성 평가 기준 적용 여부를 포함한 내부 심의 기록 공개를 요청합니다.,부분공개,10
2022-06-24,새봄시 한울구 복지정책과,FOI-2022-02807,새빛시장 주변 학교 급식 식재료 공급업체 선정 평가 기준 청구 (2807호),식음료 제조업 종사자로서 학교 급식 식재료 공급업체 선정 과정의 공정성을 확인 요청. 2021년 7월부터 2022년 6월까지 업체 선정 평가위원회 구성 및 배점 기준 공개를 요청합니다.,부분공개,16
2022-02-13,해솔시 교육지원과,FOI-2022-02808,해솔문화광장 부속 급식실 조리기구 점검일지 청구 (2808호),종업원 건강과 급식 위생 수준을 확인하기 위해 해당 학교 급식실 조리기구 점검일지를 포함하여 점검 담당자 및 불합격 항목 처분 내용을 알 수 있는 기록 공개를 요청합니다.,부분공개,12
2024-05-30,미래군 복지정책과,FOI-2024-02809,도담천 산책로 주변 학교 급식실 위생 점검 결과 청구 (2809호),식음료 제조업 종사자로서 학교 급식 위생 관리 수준을 확인하고자 해당 학교 급식실 위생 점검 결과를 포함하여 개선사항 및 시정 여부를 알 수 있는 기록 공개를 요청합니다.,공개,6
2025-07-19,세움시 맑은구 교육지원과,FOI-2025-02810,한울초 주변 통학로 가로등 작동 상태 점검 기록 청구 (2810호),손녀의 통학 시간대 가로등 작동 여부를 확인하고자 해당 통학로 가로등 작동 상태 점검 일시 및 결과를 포함하여 점등·소등 시간 조정 이력을 알 수 있는 기록 공개를 요청합니다.,공개,18
2023-08-18,새봄시 한울구 교육지원과,FOI-2023-02811,누리버스 정류장 부속 학교 통학버스 안전 점검 기록 청구 (2811호),종업원 자녀의 통학 안전을 확인하기 위해 해당 학교 통학버스 안전 점검 일시 및 점검항목을 포함한 결과 공개를 요청합니다. 특히장치와 안전 점검 여부를 반드시 포함해 주세요.,부분공개,1
2022-08-31,세움시 맑은구 복지정책과,FOI-2022-02812,가온로 보행구간 주변 어린이집 풀빛놀이터 유지보수 이력 청구 (2812호),현재 어린이집을 이용하는 자녀의 놀이시설 안전이 걱정되어 해당 어린이집 옥상·실내 놀이터 유지보수 이력을 포함하여 점검 일시 및 보수 내용을 알 수 있는 기록 공개를 요청합니다.,공개,4
2022-06-12,해솔시 복지정책과,FOI-2022-02813,새빛시장 주변 학교 급식 식재료 납품 단가 변동 사유서 청구 (2813호),식음료 제조업 종사자로서 학교 급식비 투명성 확인 요청. 2022년 9월부터 2023년 2월까지 식재료 납품 단가 변동이 있었을 경우 그 사유를 알 수 있는 기록 공개를 요청합니다.,공개,20
2024-10-19,도담군 복지정책과,FOI-2024-02814,온빛도서관 앞 도로 학교 급식 식재료 운반 차량 경로 관련 기록 청구 (2814호),표백기 조작원으로 납품 차량의 안전 운행 여부를 확인하고자 해당 학교 급식 식재료 운반 차량의 운행 경로 및 운행일지를 포함한 기록 공개를 요청합니다.,비공개,20
2024-05-29,새봄시 한울구 복지정책과,FOI-2024-02815,한울초 주변 통학로 도로 포장 상태 점검 결과 청구 (2815호),의 안전한 통학로를 확인하고자 해당 통학로 도로 포장 상태 점검 결과를 포함하여 보수 필요 구간 및 보수 일정을 알 수 있는 기록 공개를 요청합니다.,부존재,10
2023-08-29,가람시 새빛구 복지정책과,FOI-2023-02816,맑은마을 지역 어린이집 맞벌이부모 급여 확인 지원 사업 선정 기록 청구 (2816호),현재 구직 중인에서 지원금 선정 과정의 공정성을 확인 요청. 2022년 3월부터 2023년 2월까지 해당 사업 신청자 선정 심사 기록을 포함한 기록 공개를 요청합니다.,공개,7
2024-12-22,너울시 물빛구 복지정책과,FOI-2024-02817,라온체육센터 주변 학교 급식 식재료 계약 평가 항목 공개 청구 (2817호),표백기 조작원으로 계약 공정성에 대한 판단 근거가 필요하여 해당 학교 급식 식재료 공급업체 계약 평가 항목별 배점을 포함한 기록 공개를 요청합니다.,공개,12
2024-03-19,빛솔시 아람구 복지정책과,FOI-2024-02818,새봄역 환승구역 주변 학교 통학버스 노선별 이용학생 수 기록 청구 (2818호),맞벌이 가구로서 자녀의 통학버스 이용 현황을 파악하고자 해당 학교 통학버스 노선별 이용학생 수 및 탑승 정류장을 포함한 기록 공개를 요청합니다.,공개,17
2022-04-18,세움시 맑은구 교육지원과,FOI-2022-02819,도담천 산책로 주변 학교 급식 위탁용역 계약 해지 사유서 청구 (2819호),현재 구직 중인으로 학교 급식 위탁용역 계약 해지 과정의 적정성을 확인하고자 계약 해지 사유를 포함한 기록 공개를 요청합니다.,공개,10
2025-12-03,온빛시 교육지원과,FOI-2025-02820,가람공공청사 주변 어린이집 급식 식재료 검사 결과 기록 청구 (2820호),손녀의 급식 식재료 안전이 걱정되어 해당 어린이집 사용 식재료에 대한 위생검사 결과를 포함한 기록 공개를 요청합니다. 검사 일시와 불합격 항목 및 조치 내용을 반드시 포함해 주세요.,부분공개,8
2023-10-03,해솔시 복지정책과,FOI-2023-02821,한들동 생활권 지역 학교 급식 식재료 납품 업체 변경 이력 청구 (2821호),식음료 제조업 종사자로서 학교 급식 식재료 납품업체 변경 과정의 적정성을 확인하고자 업체 변경 일시 및 사유를 포함한 기록 공개를 요청합니다.,부분공개,14
2022-11-05,해솔시 교육지원과,FOI-2022-02822,누리버스 정류장 주변 학교 맞벌이부모 지원 프로그램 운영 실적 청구 (2822호),구직 중으로 경제적 부담이 크며 맞벌이부모 지원 프로그램의 실제 운영 실적을 확인하고자 2022년 1월부터 12월까지 운영 실적 및 지원 인원을 포함한 기록 공개를 요청합니다.,공개,6
2025-08-05,여울시 단비구 복지정책과,FOI-2025-02823,열린마을 공원 놀이터 정기 안전 점검 결과 기록 청구 (2823호),현재 어린이집을 이용하는 자녀의 놀이시설 안전을 확인하고자 해당 공원 놀이터 최근 3년간 정기 안전 점검 결과를 포함한 기록 공개를 요청합니다.,공개,2
2022-03-08,미래군 교육지원과,FOI-2022-02824,샘물동 소재 국공립어린이집 급식 식재료 납품 단가 비교표 청구 (2824호),현재 어린이집 급식비가 적정하게 산정되었는지 확인하고 싶어 계약 기간 2022년 1월부터 2023년 2월까지의 식재료 납품 단가 비교표를 포함한 기록 공개를 요청합니다.,부분공개,3
2024-01-18,세움시 맑은구 복지정책과,FOI-2024-02825,가온로 보행구간 주변 학교 급식 위탁용역 평가기준 공개 청구 (2825호),표백기 조작원으로 급식 위탁용역 계약의 투명성을 확인 요청. 2021년 9월부터 2023년 2월까지 계약 평가기준 항목별 배점 및 심사 결과를 포함한 기록 공개를 요청합니다.,비공개,9
2025-09-07,해솔시 복지정책과,FOI-2025-02826,문화재 보존업무 종사자 감염병 예방관리 지침 청구 (2826호),보건소에서 수립한 감염병 예방관리 지침 중 문화재 보존 현장에 적용되는 항목을 자세히 알고 싶습니다. 보수 작업 시 개인보호장비 착용 기준과 보존소 내 집단 감염 예방 조치 및 현장도에 대한 기록을 요청합니다.,부분공개,9
2022-06-15,세움시 맑은구 보건행정과,FOI-2022-02827,보건소 민원인 접수 시 감염병 대응 매뉴얼 (2827호),"보건소 민원실 방문 시 감염병 대응을 위해 어떤 절차가 있는지 확인 요청합니다. 접수의 처리 방식, 대기실 운영 방안, 민원인 안내 요령, 기준 및 소독-kit 비치 현황에 대한 기록을 제출하여 주시기 바랍니다.",부존재,18
2023-12-13,너울시 물빛구 보건행정과,FOI-2023-02828,문화재 보존소 사용 방역 물품 배급 이력 (2828호),"문화재 보존소 관리사무소에서 한 손소독제와 잠염 마스크 배급 내역을 확인하고 싶습니다. 배급 일시와 수량,자명을 포함한 공급 기록이 있으면 제공하여 주십시오. 향후 유사 상황에서 우선 배급 기준을 파악하고자 합니다.",공개,10
2023-10-22,예담시 늘품구 보건행정과,FOI-2023-02829,시설물 공용 공간 세척 및 소독 지침 (2829호),"아파트관리에서 관리하는 공용 공간 세척 및 소독 표준 절차가 있는지 확인 요청합니다. 세척도, 사용 약품 종류, 작업자 자격 요건 및 외부 기준을 포함하여 주십시오. 감염병 대응 수준별 소독 등급 구분 근거도 알려주시기 바랍니다.",공개,18
2024-10-11,해솔시 복지정책과,FOI-2024-02830,감염병 신속 대응반 편성 및 활동 실적 (2830호),"보건소에서 운영 중인 감염병 신속 대응반 편성 구성원 현황과 활동 실적을 요청합니다. 대응반 설치 근거나 활동|area| 범위, 과거 대응 사|G인지, 대응 기간 중 소요 비용 등 재정 자료도 함께 알려주시기 바랍니다.",부존재,17
2024-08-14,온빛시 복지정책과,FOI-2024-02831,자녀 학교 폭염 및 감염병 대응 부모 안내문 (2831호),"자녀가 다니는 학교에서 받았던 감염병 관련 부모 안내문 일체를 요청합니다. 특히 신종 감염병 발생 시 학급 격리 기준, 등교중단 판단 근거, 교내 소독실시 및 보건교사 기준에 대한 설명이 있었는지 확인하고자 합니다. 한부모 가구로 안전에 대한 불안이 크습니다.",공개,8
2025-06-20,세움시 맑은구 보건행정과,FOI-2025-02832,보건소 선별진료소 운영 시간 및 예약 방법 (2832호),"현재 보건소 선별진료소 operating 시간과 예약 방법을 구체적으로 알려주시기 바랍니다. 운영 여부, 예약 필수 여부, 동행 자녀도 같이 검사 가능한지, 검사 결과 방법 및 소요 기간을 포함하여 자녀와 함께 방문 시 참고할 사항도 같이 알려주시면 감사하겠습니다.",부분공개,18
2022-04-08,예담시 늘품구 복지정책과,FOI-2022-02833,보건소에서 지원하는 가족 감염 예방 용품 종류 (2833호),"한부모 가구로 자녀와 함께 생활하며 보건소에서 받은 적 있는 감염 예방 용품 지원 사업 내역을 알고 싶습니다. 대상 기준, 신청 방법, 제공되는 물품 목록 및 수령 절차를 지난 3년간 기준으로 알려주시기 바랍니다. 자녀가 있는 가구의 우선 지원 여부 판단 기준도 확인하고 싶습니다.",부분공개,16
2024-07-18,가람시 열린구 보건행정과,FOI-2024-02834,코로나19 격리 기간 중 생활 지원 서비스 내용 (2834호),"자가 격리 중인 가정에 보건소에서 제공한 생활 지원 서비스 종류와 제공 기간을 알고 싶습니다.식사 배달, 필수 생할용품 전달, 긴급 연락처 안내내용과 이용 만족도 조사 결과가 있는지 확인 요청합니다. 한부모 가구로서 격리 시 자녀 돌봄 지원이 있었는지 궁금합니다.",부분공개,5
2023-03-24,도담군 보건행정과,FOI-2023-02835,보건소에서 보유한 환자 이동 경로 추적 기록 (2835호),과거 보건소에서 확인한 감염병 이동 경로 추적 조사 결과를 요청합니다. 특정 지역을 중심으로 했을 때 규 발생 추세와 그간의 조치 내용을 파악하고자 합니다. 특히 새빛시장 주변과 같은 인구 밀집 지역에 대한 역학 조사 결과를 알고 싶습니다.,비공개,6
2024-02-28,예담시 늘품구 복지정책과,FOI-2024-02836,고령자 취약계층 감염병 예방 교육 프로그램 (2836호),"혼자 사는 고령자로서 보건소에서 운영 중인 감염병 예방 교육 프로그램이 있는지 확인 요청합니다.교육 대상 연령 기준, 운영 장소 및 시기, 참여 방법과 프로그램 내용이 포함된 안내 자료를 제공하여 주십시오. 최근 미래복합센터 인근에서 열린 적이 있는지 알려주시기 바랍니다.",비공개,3
2022-06-05,세움시 맑은구 보건행정과,FOI-2022-02837,주거지 주변 공중시설 소독 실시 결과 보고 (2837호),"단독주택 마을 주변 노천 공중화장실과 놀이터에 대한 지난겨울 소독 실시 결과를 요청합니다. 실시 일시, 시행 범위, 사용 약품 종류와 농도, 조치 후 효과 조사 여부를 포함한 결과 보고서를 제공하여 주십시오. 산책로 주변도 포함됩니다.",비공개,16
2023-06-12,세움시 맑은구 보건행정과,FOI-2023-02838,고령자 거주 지역 감염병 발생 시 긴급 대응 체계 (2838호),"고령자 밀집 거주 지역에서 감염병 의심 발생 시 긴급 대응 체계가 어떻게 운영되는지 알고 싶습니다.보건소 체계, 긴급 출동 인력 규모, 고령자 우선 대응 기준, 비상 연락망 및 인근 병원との 방안을 포함한 대응 매뉴얼을 요청합니다.",비공개,10
2024-10-19,누리시 바른구 복지정책과,FOI-2024-02839,만성질환 보유 고령자 맞춤형 예방 서비스 내용 (2839호),"본인이 희망하는 만성질환자를 위한 맞춤형 감염병 예방 서비스가 보건소에 있는지 확인 요청합니다.서비스 대상 질환 기준, 신청 방법, 제공 시기 및 지원 내용을 포함한 안내 자료를 요청합니다. 지원 또는 재택 건강 모니터링 서비스가 포함되는지도 알려주시기 바랍니다.",공개,9
2023-01-10,새봄시 한울구 보건행정과,FOI-2023-02840,고령자 독감 예방접종 지원 사업 추진 내용 (2840호),"보건소에서 시행하는 고령자 독감 예방접종 지원 사업 추진 내역을 알고 싶습니다. 대상 연령 기준, 실시 기간, 무료 제공 여부, 의료기관 목록 및 예약 방법을 포함한 안내 자료를 제공하여 주십시오. 어르신 대상 이동 지원 서비스도 포함되어 있는지 알려주세요.",공개,12
2022-12-08,예담시 늘품구 복지정책과,FOI-2022-02841,고령자 이동 지원 서비스 제공 현황 및 운영 시간 (2841호),"구직 활동 중이라 외출이 잦은데 보건소에서 운영하는 고령자 이동 지원 서비스가 있는지 확인 요청합니다.서비스 신청 자격 기준, 운행 시간대, 서비스 이용 방법 및 운행 가능 지역 범위를 알려주시기 바랍니다. 특히 누리버스 정류장 인접 지역까지 운행하는지 궁금합니다.",부분공개,5
2025-02-21,도담군 복지정책과,FOI-2025-02842,연립주택 거주자를 위한 공동 시설 소독 지침 (2842호),"연립주택에 거주하며 가족과 생활하는 상황에서 공동 현관 및 복도 소독을 어떻게 해야 하는지 보건소 지침을 확인하고 싶습니다. 공동시설, 입주자 준수사항, 관리주체 책임 범위 및 업체 연결 방법을 포함한 안내 자료를 요청합니다.",부분공개,5
2024-04-28,누리시 바른구 복지정책과,FOI-2024-02843,아파트 단지 내 공용 공간 소독 실시 결과 보고 (2843호),"거주하는 아파트 단지의 공용 공간 소독 실시 결과 보고서를 요청합니다. 시행 기관명, 범위, 사용 약품 종류,실시 일시 및 소독 후 경과 기간을 포함한 세부 내역을 제공하여 주십시오. 놀이터와 피트니스시설도 포함되는지 알려주시기 바랍니다.",부분공개,17
2025-04-19,미래군 보건행정과,FOI-2025-02844,보건소에서 운영하는 주민 감염병 예방 캠페인 내용 (2844호),"보건소에서 주관한 주민 대상 감염병 예방 캠페인 내용과 참여 인원을 확인하고 싶습니다. 추진 기간, 참여 주민 수, 진행 장소 및 캠페인 효과를 담은 결과 보고서가 있는지 제공하여 주십시오. 가온로 보행구간이나 열린마을 공원에서 진행된 활동이 있는지 알려주세요.",부존재,13
2024-03-14,라온군 보건행정과,FOI-2024-02845,의료기관 미수급 계층 감염병 무료 검사 지원 사업 (2845호),"대기업 보험 미가입인 상황에서 보건소에서 제공하는 감염병 무료 검사 지원 사업이 있는지 확인 요청합니다.지원 대상 기준, 방법, 시행 기관 및 제공 검사 종류를 포함한 안내 자료를 요청합니다. 정기적 선별 검사가 가능한지도 궁금합니다.",부분공개,12
2024-09-09,새봄시 한울구 보건행정과,FOI-2024-02846,취약계층 감염병 예방용 생할용품-kit 지원 계획 (2846호),"아파트에 혼자 사는 상황에서 취약계층을 대상으로 한 감염병 예방용 생할용품-kit 지원 계획이 있는지 확인 요청합니다.지원 대상 기준, Kit 구성 물품 목록, 신청 시기 및 배포 방법을 포함한 안내 자료를 제공하여 주십시오.",공개,15
2022-12-29,라온군 복지정책과,FOI-2022-02847,노인 대상 예방접종 후 이상반응 대응 체계 (2847호),"고령 구직자로서 예방접종 후 이상반응 발생 시 대응 체계가 궁금합니다. 보건소에서 운영하는 이상반응 신고 체계, 대응 절차,, 진료기관 및 연락처를 포함한 안내 자료를 요청합니다.력 파악 방법도 포함되어 있는지 알려주세요.",부분공개,19
2024-03-24,예담시 늘품구 보건행정과,FOI-2024-02848,주민 대피소 및 임시생활시설 지정 현황 (2848호),"대규모 감염병 확산 시 대피소 및 임시생활시설 지정 현황을 알고 싶습니다.시설 위치,수용 가능 인원, 운영 주체, 이용 자격 및 제공되는 구호물자 종류를 포함한 정보를 요청합니다. 한울초 주변 통학로 인근에 해당 시설이 있는지 궁금합니다.",공개,13
2023-09-19,세움시 맑은구 보건행정과,FOI-2023-02849,주민 감염병 예방홍보물 제작 및 배포 실적 (2849호),"보건소에서 제작·배포한 감염병 예방 홍보물 종류와 배포 실적을 확인하고 싶습니다.유인물·게시판안내·영상 등 홍보물 형태, 배포 장소, 제작 비용 및 주민 접근성 평가 결과를 포함한 자료를 요청합니다. 라온체육센터 주변이나 해솔문화광장 배포 현황도 포함해 주세요.",부분공개,19
2023-04-16,온빛시 보건행정과,FOI-2023-02850,감염병 다발 계절 집중 관리 기간 운영 계획 (2850호),"감염병 다발 계절에 보건소에서 어떤 집중 관리 계획을 수립했는지 확인 요청합니다.기간 설정 근거, 주요 관리 대상 질환, 추진 사업 내용, 인력 배치 계획 및 주민 참여 프로그램을 포함한 계획서를 제공하여 주십시오. 새봄역 환승구역 인접 지역도 포함되는지 알려주세요.",부분공개,1
2022-03-10,해솔시 안전총괄과,FOI-2022-02851,샘물동 생활권 임시거주지 주변 대피로 및 대피소 현황 요청 (2851호),"현재 직업으로 샘물동 생활권 내 비주거용 건물의 임시거주지에 거주하고 있습니다. 인근 대피소 위치와 대피 경로, 대피 시 소요시간 등 재난 대비 정보를 요청합니다. 특히 야간 대피 가능 여부와 대피소 내 배석 등 기본 설비 현황도 포함해 주시기 바랍니다.",비공개,13
2023-10-13,도담군 안전총괄과,FOI-2023-02852,푸른마루 교차로 일대 민방위 훈련 일정 및 참여 절차 확인 요청 (2852호),"금속 분무 현장을 퇴직 후 직업인 상황으로, 주거지 인근 푸른마루 교차로에서 실시되는 민방위 훈련의 구체적 일시와 참여 방법을 알고 싶습니다. 훈련 시 제공되는 안전장비나 대비물자 지원 여부도 함께 안내 부탁드립니다.",비공개,5
2025-05-13,빛솔시 아람구 안전총괄과,FOI-2025-02853,새빛시장 주변 비상식량 배급 대상 기준 및 신청 방법 문의 (2853호),"현재 구직 중인 상황으로 수입이 제한적인 가운데, 새빛시장 주변에 거주하는 비상시 식량 배급 대상에 구직자가 포함되는지 확인 요청합니다. 배급 시기, 종류, 수령 장소 등 구체적인 기준과 신청 절차를 알려주시기 바랍니다.",부분공개,9
2022-02-12,도담군 행정지원과,FOI-2022-02854,가온로 보행구간 취약 계층 대피 지원 사업 참여 가능 여부 확인 (2854호),"62세 연령대로 주거 불안정 상태이며, 가온로 보행구간 인근에서 거주 중입니다. 재난 발생 시 이동에 제약이 있는 상황에서 취약 계층 대상 대피 지원 사업을 있는지, 신청 자격 및 방법을 알고 싶습니다.",부분공개,16
2024-01-24,미래군 안전총괄과,FOI-2024-02855,미래복합센터 인근 지역 재난 취약 계층 등록 절차 및 지원 내용 (2855호),"전직 금속 분무기 조작원으로 현 직종 전환 과정에 있으며, 미래복합센터 인근 비주거 시설에 거주하고 있습니다. 재난 시 도움이 필요한 취약 계층으로 등록할 수 있는지, 등록 시 제공되는 지원 내용과 절차를 요청합니다.",공개,4
2025-02-12,세움시 맑은구 행정지원과,FOI-2025-02856,도담천 산책로 기반 긴급 대피 시설 설치 계획 관련 자료 요청 (2856호),"아파트에 거주하며 제조 관련 직종에서 종사 중인 상황에서, 도담천 산책로를 자주 이용합니다. 산책 중 재해 발생 시 대피할 수 있는 긴급 대피 시설의 설치 계획이나 기존 대피소까지의 거리가 어떻게 되는지 확인하고 싶습니다.",공개,3
2024-06-27,세움시 맑은구 행정지원과,FOI-2024-02857,한울초 주변 통학로 학생 대피 훈련 실시 여부 및 내용 확인 (2857호),"자녀가 한울초에 재학 중으로, 자녀의 학교 통학로 안전에 대해 관심을 가지고 있습니다. 한울초 주변 통학로에서 재난 발생 시 대피 훈련을 실시하는지, 구체적으로 어떤 내용과 일정에 따라 운영하는지 자료 제공을 요청합니다.",공개,20
2024-08-14,온빛시 행정지원과,FOI-2024-02858,라온체육센터 주변 아파트 단지의 비상구 위치 및 관리 현황 (2858호),"제조 현장 종사자로 일상적으로 체육관 등을 이용하며 건강을 유지하고 있습니다. 라온체육센터 주변 아파트 단지의 비상구 위치와 관리 현황이 어떻게 되어 있는지, 각 세대별 비상구 접근 동선을 알고 싶습니다.",공개,11
2024-12-05,예담시 늘품구 행정지원과,FOI-2024-02859,누리버스 정류장 주변 노약자 대피 편의시설 현황 요청 (2859호),"58세로 제조 관련 단순 종사원으로 일하며, 노인인 부모님이 함께 거주하고 있습니다. 누리버스 정류장 주변 지역에서 노약자 편의시설이 얼마나 갖추어져 있는지, 재난 시 대피 지원 시설이 있는지 확인 요청합니다.",부분공개,15
2025-03-17,라온군 안전총괄과,FOI-2025-02860,해솔문화광장 실내 대피소 지정 여부 및 수용 인원 확인 (2860호),"제조 관련 직종에서 근무하며 아파트에 거주 중으로, 야외 활동 시 실내 대피소 위치 파악이 중요합니다. 해솔문화광장에 실내 대피소가 지정되어 있는지, 수용 가능한 인원과 운영 시간을 알려주시기 바랍니다.",공개,5
2024-08-17,온빛시 행정지원과,FOI-2024-02861,젖소 사육 농가의 재난 시 가축 대피 지원 정책 관련 자료 요청 (2861호),"70세 여성으로 젖소 사육을 업으로 하며 단독주택에 거주하고 있습니다. 가축을 사육하는 농가로서 재난 발생 시 가축을 대피시키거나 보호할 수 있는 지원 정책이 있는지, 긴급 가축 이동 경로나 대피 장소가 있는지 확인 요청합니다.",부분공개,14
2022-05-12,너울시 물빛구 행정지원과,FOI-2022-02862,한들동 생활권 소규모 농가 비상대피소 배정 기준 문의 (2862호),"농촌 지역에서 젖소 사육을 하며 한들동 생활권에 거주하고 있습니다. 소규모 농가인 경우에도 비상대피소 배정을 받을 수 있는지, 농가 규모나 가축 수에 따른 배정 기준이 어떻게 되는지 알려주시기 바랍니다.",공개,19
2024-10-02,너울시 물빛구 행정지원과,FOI-2024-02863,미르로 교차로 주변 농로 포장 상태 및 긴급 차량 진입로 현황 (2863호),"젖소 농사를 지으며 농작물과 가축 수송을 위해 농로를 자주 이용합니다. 미르로 교차로 주변 농로의 포장 상태와 긴급 상황 시 구호 차량 진입이 가능한지, 농로 비포장 구간이 얼마나 되는지 자료 제공을 요청합니다.",공개,11
2024-05-27,가람시 열린구 안전총괄과,FOI-2024-02864,너울천 산책로 기반 농촌 지역 취약계층 대피 지원 프로그램 (2864호),"편부모와 함께 거주하며 농촌 지역에서 생활하는 상황에서, 재난 시 취약계층에 대한 대피 지원 프로그램이 있는지 확인하고 싶습니다. 너울천 산책로 인근 농촌 지역에서 Elderly이나 한부모 가구 등 지원 대상이 어떻게 되는지 요청합니다.",공개,19
2023-12-04,가람시 열린구 행정지원과,FOI-2023-02865,빛솔광장 일대 농촌 재난 취약 건물 정밀안전진단 결과 공개 요청 (2865호),"젖소 사육 농가로 빛솔광장 일대 농촌 지역에 단독주택을 소유하고 있습니다. 해당 지역の 안전성을 확인하고 싶어, 빛솔광장 일대 농촌 지역 재난 취약 건물에 대한 정밀안전진단 결과가 있는지, 결과 공개 가능한 범위를 알려주시기 바랍니다.",부분공개,3
2022-09-11,새봄시 한울구 안전총괄과,FOI-2022-02866,새봄역 환승구역 비상대피소 운영 시간 및 이용 조건 확인 (2866호),"전직 금속기계 부품 조립원으로 현재 직업인 상황에서, 새봄역 환승구역 인근 비주거 시설에 거주 중입니다. 환승구역 내 비상대피소의 운영 시간과 일반인 이용 조건이 어떻게 되는지, 야간이나 공휴일에도 개방하는지 확인 요청합니다.",부분공개,3
2025-03-30,예담시 늘품구 행정지원과,FOI-2025-02867,가람공공청사 주변 직업자용 비상 지원 프로그램 현황 (2867호),"제조업에서 퇴직 후 새로 직업을 구하는 과정에서, 가람공공청사 주변 지역에 거주하고 있습니다. 재난 발생 시 구직자가 받을 수 있는 긴급 지원 프로그램이 있는지, 직업 지원과 재난 대비 지원이 연계되는지 알고 싶습니다.",부분공개,17
2023-12-13,예담시 늘품구 행정지원과,FOI-2023-02868,맑은마을 커뮤니티센터 대피소 내 구직자 지원 서비스 가능 여부 (2868호),"제조업 경력をつ 구직자로서, 재난 시 대피소 이용 시 재 지원 서비스를 받을 수 있는지 확인하고 싶습니다. 맑은마을 커뮤니티센터 대피소에서 직업 탐색 관련 정보 제공이나 취업 지원 연계 서비스가 이루어지는지 알려주시기 바랍니다.",부분공개,20
2023-03-24,여울시 단비구 안전총괄과,FOI-2023-02869,세움산업단지 입구역 주변 대피소 안내 표지판 설치 현황 (2869호),"전직 제조업 종사자로 현재 구직 중인 상황에서, 세움산업단지 입구역 주변 지역에 거주하며 출퇴근하는 느낌으로 지역 정보를 파악하고 있습니다. 산업단지 입구역 주변 대피소까지의 안내 표지판이 얼마나 비치되어 있는지, 시각적으로 확인 가능한지 자료 요청합니다.",부분공개,1
2023-12-30,빛솔시 아람구 안전총괄과,FOI-2023-02870,샘물동 생활권 비주거용 건물 거주자 대피훈련 참여 의무 여부 확인 (2870호),"현재 샘물동 생활권 내 비주거용 건물에 거주하며 구직 활동을 하고 있습니다. 해당 유형의 건물 거주자가 지역 주민 대피훈련에 참여 의무가 있는지, 자원 참여가 가능한지 알고 싶습니다. 참여 시 혜택이나 지원이 있는지 함께 알려주시기 바랍니다.",공개,19
2023-05-16,예담시 늘품구 행정지원과,FOI-2023-02871,온빛도서관 앞 지역 고령자-alone자 거소자 비상 연락망 구축 현황 (2871호),"73세 남성으로 혼자 아파트에 거주하며 구직 활동을 하고 있습니다. Elderly 혼자 거소자로서 재난 발생 시 대피 정보를 빠르게 받을 수 있는 비상 연락망이 있는지, 온빛도서관 앞 지역에서 Alone자나 Elderly 거소자 대상 비상 연락망을 어떻게 구축하고 있는지 확인 요청합니다.",부존재,10
2022-02-23,라온군 안전총괄과,FOI-2022-02872,라온체육센터 주변 아파트 Elkevator 비상 작동 기준 및 대피 동선 (2872호),"73세로 혼자 거주하며 라온체육센터 주변 아파트에 거주하고 있습니다. 엘리베이터는 재난 시 가능 있어, 비상 상황에서 엘리베이터 작동 기준과 대피 동선에 대해 알고 싶습니다. 특히 Elderly나 장애인 등 이동 제약이 있는 주민의 대피 방법을 알려주시기 바랍니다.",부분공개,13
2024-09-08,미래군 행정지원과,FOI-2024-02873,새빛시장 주변 혼자거소 Elderly 고독 예방 대피 서비스 현황 (2873호),"혼자 거주하는 Elderly로서 새빛시장 주변 지역에서 일상생활을 영위하고 있습니다. 재난 발생 시 고독 예방을 위한 대피 서비스가 있는지, 주민센터 등에서 Alone Elderly을 확인하고 대피를 지원하는 프로그램이 있는지 확인 요청합니다.",부분공개,16
2024-01-13,해솔시 행정지원과,FOI-2024-02874,가온로 보행구간 고령자 대피 시 동반 이동 지원 인력 배치 현황 (2874호),"73세 구직자로서 연령적으로 이동에 제약이 있는 상황에서, 가온로 보행구간 주변 지역에 거주하고 있습니다. 재난 발생 시 고령자 대피를 위해 지원 인력이 얼마나 배치되는지, accompanying 이동 서비스가 있는지 알고 싶습니다.",공개,8
2025-07-19,빛솔시 아람구 행정지원과,FOI-2025-02875,누리버스 정류장 혼자거소자 Welfare 확인 및 대피 연계 절차 (2875호),"혼자 거주하며 구직 중인 Elderly로, 누리버스 정류장 주변 지역에서 대중교통을 이용합니다. 평소 Welfare 상태를 확인받지 못할까되며, 재난 발생 시 Welfare 확인과 대피가 연계되는 절차가 어떻게 되는지 확인 요청합니다.",공개,9
2022-07-11,너울시 물빛구 청소행정과,FOI-2022-02876,가온로 보행구간 환경미화원 배치 현황 및 청소 구역 배분 기준 (2876호),전직 교장으로서 행정 문서 작성 및 관리 경험을 보유한 청구인이 향후 지역사회 환경 교육 추진 사업에 활용하기 위해 가온로 보행구간 환경미화원 배치 현황 및 청소 구역 배분 기준을 청구합니다. 관할 구역 배분 원칙 및 인력 운영 체계를 포함하여 투명한 행정 정보 공개를 요청합니다.,비공개,16
2023-03-24,온빛시 환경위생과,FOI-2023-02877,가온로 보행구간 불법 투기 단속 실적 및 과태료 부과 현황 (2877호),전직 교장 경력의 청구인이 학생 대상 환경 보전 실천 교육 자료 작성을 위해 가온로 보행구간 불법 투기 단속 실적 및 과태료 부과 현황을 요청합니다. 단속 실적 통계 및 처리 결과 데이터를 포함하여 행정 처분의 실효성을 검증할 수 있는 정보를 요구합니다.,부분공개,3
2022-07-14,예담시 늘품구 환경위생과,FOI-2022-02878,새봄역 환승구역 쓰레기통 배치 현황 및 관리 체계 (2878호),전직 교장으로서 학생 교통 안전 및 환경 교육 프로그램 기획에 참고하기 위해 새봄역 환승구역 쓰레기통 배치 현황 및 관리 체계에 관한 정보를 청구합니다. 해당 구역의 쓰레기통 위치 및 수거 담당 기관 정보를 포함하여 투명한 정보 공개를 요청합니다.,공개,20
2024-02-28,가람시 새빛구 환경위생과,FOI-2024-02879,가람공공청사 주변 재활용품 수거함 운영 현황 및 수거 일정 (2879호),전직 교장 경력의 청구인이 학교 폐쇄에 따른 지역사회 기여 활동 기획에 참고하기 위해 가람공공청사 주변 재활용품 수거함 운영 현황 및 수거 일정에 관한 정보를 요청합니다. 수거함 위치 및 배출 가이드라인을 포함하여 정보 공개를 요구합니다.,부분공개,11
2023-06-21,가람시 열린구 청소행정과,FOI-2023-02880,세움산업단지 폐기물 처리 실적 및 수거 차량 운행 기록 (2880호),전직 교장 경력의 청구인이 학교 환경 교육 프로그램 개발에 참고하기 위해 세움산업단지 폐기물 처리 실적 및 수거 차량 운행 기록에 관한 정보를 요청합니다. 처리 실적 통계 및 환경 영향 평가 데이터를 포함하여 정보 공개를 요구합니다.,공개,4
2022-03-11,세움시 맑은구 청소행정과,FOI-2022-02881,가온로 보행구간 환경미화원 배치 현황 및 청소 구역 배분 기준 (2881호),전직 교장으로서 행정 문서 작성 및 관리 경험을 보유한 청구인이 향후 지역사회 환경 교육 추진 사업에 활용하기 위해 가온로 보행구간 환경미화원 배치 현황 및 청소 구역 배분 기준을 청구합니다. 관할 구역 배분 원칙 및 인력 운영 체계를 포함하여 투명한 행정 정보 공개를 요청합니다.,공개,6
2024-10-09,여울시 단비구 청소행정과,FOI-2024-02882,가온로 보행구간 불법 투기 단속 실적 및 과태료 부과 현황 (2882호),전직 교장 경력의 청구인이 학생 대상 환경 보전 실천 교육 자료 작성을 위해 가온로 보행구간 불법 투기 단속 실적 및 과태료 부과 현황을 요청합니다. 단속 실적 통계 및 처리 결과 데이터를 포함하여 행정 처분의 실효성을 검증할 수 있는 정보를 요구합니다.,공개,17
2025-01-16,예담시 늘품구 청소행정과,FOI-2025-02883,새봄역 환승구역 쓰레기통 배치 현황 및 관리 체계 (2883호),전직 교장으로서 학생 교통 안전 및 환경 교육 프로그램 기획에 참고하기 위해 새봄역 환승구역 쓰레기통 배치 현황 및 관리 체계에 관한 정보를 청구합니다. 해당 구역의 쓰레기통 위치 및 수거 담당 기관 정보를 포함하여 투명한 정보 공개를 요청합니다.,공개,4
2022-02-28,너울시 물빛구 청소행정과,FOI-2022-02884,가람공공청사 주변 재활용품 수거함 운영 현황 및 수거 일정 (2884호),전직 교장 경력의 청구인이 학교 폐쇄에 따른 지역사회 기여 활동 기획에 참고하기 위해 가람공공청사 주변 재활용품 수거함 운영 현황 및 수거 일정에 관한 정보를 요청합니다. 수거함 위치 및 배출 가이드라인을 포함하여 정보 공개를 요구합니다.,공개,8
2023-07-24,누리시 바른구 청소행정과,FOI-2023-02885,세움산업단지 폐기물 처리 실적 및 수거 차량 운행 기록 (2885호),전직 교장 경력의 청구인이 학교 환경 교육 프로그램 개발에 참고하기 위해 세움산업단지 폐기물 처리 실적 및 수거 차량 운행 기록에 관한 정보를 요청합니다. 처리 실적 통계 및 환경 영향 평가 데이터를 포함하여 정보 공개를 요구합니다.,부분공개,4
2023-10-29,예담시 늘품구 청소행정과,FOI-2023-02886,가온로 보행구간 환경미화원 배치 현황 및 청소 구역 배분 기준 (2886호),전직 교장으로서 행정 문서 작성 및 관리 경험을 보유한 청구인이 향후 지역사회 환경 교육 추진 사업에 활용하기 위해 가온로 보행구간 환경미화원 배치 현황 및 청소 구역 배분 기준을 청구합니다. 관할 구역 배분 원칙 및 인력 운영 체계를 포함하여 투명한 행정 정보 공개를 요청합니다.,공개,10
2022-08-01,여울시 단비구 청소행정과,FOI-2022-02887,가온로 보행구간 불법 투기 단속 실적 및 과태료 부과 현황 (2887호),전직 교장 경력의 청구인이 학생 대상 환경 보전 실천 교육 자료 작성을 위해 가온로 보행구간 불법 투기 단속 실적 및 과태료 부과 현황을 요청합니다. 단속 실적 통계 및 처리 결과 데이터를 포함하여 행정 처분의 실효성을 검증할 수 있는 정보를 요구합니다.,부분공개,12
2023-02-26,미래군 청소행정과,FOI-2023-02888,새봄역 환승구역 쓰레기통 배치 현황 및 관리 체계 (2888호),전직 교장으로서 학생 교통 안전 및 환경 교육 프로그램 기획에 참고하기 위해 새봄역 환승구역 쓰레기통 배치 현황 및 관리 체계에 관한 정보를 청구합니다. 해당 구역의 쓰레기통 위치 및 수거 담당 기관 정보를 포함하여 투명한 정보 공개를 요청합니다.,부분공개,14
2022-07-25,온빛시 환경위생과,FOI-2022-02889,가람공공청사 주변 재활용품 수거함 운영 현황 및 수거 일정 (2889호),전직 교장 경력의 청구인이 학교 폐쇄에 따른 지역사회 기여 활동 기획에 참고하기 위해 가람공공청사 주변 재활용품 수거함 운영 현황 및 수거 일정에 관한 정보를 요청합니다. 수거함 위치 및 배출 가이드라인을 포함하여 정보 공개를 요구합니다.,공개,17
2023-01-27,가람시 열린구 환경위생과,FOI-2023-02890,세움산업단지 폐기물 처리 실적 및 수거 차량 운행 기록 (2890호),전직 교장 경력의 청구인이 학교 환경 교육 프로그램 개발에 참고하기 위해 세움산업단지 폐기물 처리 실적 및 수거 차량 운행 기록에 관한 정보를 요청합니다. 처리 실적 통계 및 환경 영향 평가 데이터를 포함하여 정보 공개를 요구합니다.,공개,7
2022-06-10,해솔시 청소행정과,FOI-2022-02891,가온로 보행구간 환경미화원 배치 현황 및 청소 구역 배분 기준 (2891호),전직 교장으로서 행정 문서 작성 및 관리 경험을 보유한 청구인이 향후 지역사회 환경 교육 추진 사업에 활용하기 위해 가온로 보행구간 환경미화원 배치 현황 및 청소 구역 배분 기준을 청구합니다. 관할 구역 배분 원칙 및 인력 운영 체계를 포함하여 투명한 행정 정보 공개를 요청합니다.,부분공개,14
2025-12-21,해솔시 환경위생과,FOI-2025-02892,가온로 보행구간 불법 투기 단속 실적 및 과태료 부과 현황 (2892호),전직 교장 경력의 청구인이 학생 대상 환경 보전 실천 교육 자료 작성을 위해 가온로 보행구간 불법 투기 단속 실적 및 과태료 부과 현황을 요청합니다. 단속 실적 통계 및 처리 결과 데이터를 포함하여 행정 처분의 실효성을 검증할 수 있는 정보를 요구합니다.,부존재,19
2024-03-02,가람시 새빛구 청소행정과,FOI-2024-02893,새봄역 환승구역 쓰레기통 배치 현황 및 관리 체계 (2893호),전직 교장으로서 학생 교통 안전 및 환경 교육 프로그램 기획에 참고하기 위해 새봄역 환승구역 쓰레기통 배치 현황 및 관리 체계에 관한 정보를 청구합니다. 해당 구역의 쓰레기통 위치 및 수거 담당 기관 정보를 포함하여 투명한 정보 공개를 요청합니다.,부분공개,15
2024-06-01,라온군 환경위생과,FOI-2024-02894,가람공공청사 주변 재활용품 수거함 운영 현황 및 수거 일정 (2894호),전직 교장 경력의 청구인이 학교 폐쇄에 따른 지역사회 기여 활동 기획에 참고하기 위해 가람공공청사 주변 재활용품 수거함 운영 현황 및 수거 일정에 관한 정보를 요청합니다. 수거함 위치 및 배출 가이드라인을 포함하여 정보 공개를 요구합니다.,비공개,20
2025-04-17,라온군 청소행정과,FOI-2025-02895,세움산업단지 폐기물 처리 실적 및 수거 차량 운행 기록 (2895호),전직 교장 경력의 청구인이 학교 환경 교육 프로그램 개발에 참고하기 위해 세움산업단지 폐기물 처리 실적 및 수거 차량 운행 기록에 관한 정보를 요청합니다. 처리 실적 통계 및 환경 영향 평가 데이터를 포함하여 정보 공개를 요구합니다.,부분공개,19
2023-04-27,여울시 단비구 환경위생과,FOI-2023-02896,가온로 보행구간 환경미화원 배치 현황 및 청소 구역 배분 기준 (2896호),전직 교장으로서 행정 문서 작성 및 관리 경험을 보유한 청구인이 향후 지역사회 환경 교육 추진 사업에 활용하기 위해 가온로 보행구간 환경미화원 배치 현황 및 청소 구역 배분 기준을 청구합니다. 관할 구역 배분 원칙 및 인력 운영 체계를 포함하여 투명한 행정 정보 공개를 요청합니다.,부분공개,10
2024-05-28,여울시 단비구 환경위생과,FOI-2024-02897,가온로 보행구간 불법 투기 단속 실적 및 과태료 부과 현황 (2897호),전직 교장 경력의 청구인이 학생 대상 환경 보전 실천 교육 자료 작성을 위해 가온로 보행구간 불법 투기 단속 실적 및 과태료 부과 현황을 요청합니다. 단속 실적 통계 및 처리 결과 데이터를 포함하여 행정 처분의 실효성을 검증할 수 있는 정보를 요구합니다.,공개,8
2024-11-13,가람시 새빛구 청소행정과,FOI-2024-02898,새봄역 환승구역 쓰레기통 배치 현황 및 관리 체계 (2898호),전직 교장으로서 학생 교통 안전 및 환경 교육 프로그램 기획에 참고하기 위해 새봄역 환승구역 쓰레기통 배치 현황 및 관리 체계에 관한 정보를 청구합니다. 해당 구역의 쓰레기통 위치 및 수거 담당 기관 정보를 포함하여 투명한 정보 공개를 요청합니다.,부분공개,9
2023-01-08,세움시 맑은구 청소행정과,FOI-2023-02899,가람공공청사 주변 재활용품 수거함 운영 현황 및 수거 일정 (2899호),전직 교장 경력의 청구인이 학교 폐쇄에 따른 지역사회 기여 활동 기획에 참고하기 위해 가람공공청사 주변 재활용품 수거함 운영 현황 및 수거 일정에 관한 정보를 요청합니다. 수거함 위치 및 배출 가이드라인을 포함하여 정보 공개를 요구합니다.,부분공개,15
2025-06-10,온빛시 환경위생과,FOI-2025-02900,세움산업단지 폐기물 처리 실적 및 수거 차량 운행 기록 (2900호),전직 교장 경력의 청구인이 학교 환경 교육 프로그램 개발에 참고하기 위해 세움산업단지 폐기물 처리 실적 및 수거 차량 운행 기록에 관한 정보를 요청합니다. 처리 실적 통계 및 환경 영향 평가 데이터를 포함하여 정보 공개를 요구합니다.,부분공개,3
2024-01-31,해솔시 환경위생과,FOI-2024-02901,샘물동 생활권 상수도 수질 검사 결과 보고서 (2901호),"최근 아파트 단지 내 수돗물에서 이취소 관찰되어 거주 가구 전반의 건강에 우려가 큽니다. 최근 3년간 샘물동 생활권 일대의 상수도 수질 검사 결과를 요청합니다. 특히 총대장균군, 중금속 농도, 염소 소독 잔류량이 기준 이내인지 확인이 시급합니다.",공개,20
2024-02-02,새봄시 한울구 환경위생과,FOI-2024-02902,푸른마루 교차로 상가 건물 상수도 시설 점검 이력 (2902호),시장 및 여론 조사 관리자로서 상가 지역 상수도 시설의 유지 관리 현황이 상권 활성화에 미치는 영향을 조사하려 합니다. 푸른마루 교차로 인근 상가 건물들의 최근 5년간 상수도 시설 점검 이력 및 수리 기록을 요청합니다.,공개,10
2024-05-08,가람시 열린구 환경위생과,FOI-2024-02903,아파트 단지 수도계량기 교체 공사 일정 및 비용 내역 (2903호),"한부모 가구로 자녀와 함께 생활하며 각종 고정 비용을 절감하고자 합니다. 거주 아파트 단지의 수도계량기 교체 공사 일정과 관련 비용 내역, 주민 부담금 산정 근거를 요청합니다.",공개,20
2022-11-08,너울시 물빛구 상하수도과,FOI-2022-02904,샘물동 생활권 상하수도 사용량 통계 및 요금 체계 (2904호),시장 조사 업무를 수행하며 상하수도 사용량 통계와 요금 체계를 분석할 필요가 있습니다. 샘물동 생활권 최근 3년간 월별 상하수도 사용량 통계 자료와 단계별 요금 체계를 요청합니다.,부분공개,17
2024-05-22,해솔시 상하수도과,FOI-2024-02905,가온로 보행구간 상수도 관로 매설 현황 및 보수 계획 (2905호),통학로인 가온로 보행구간에 상수도 관로가 매설되어 있는지 확인하고자 합니다. 해당 구간의 상수도 관로 매설 현황도와 향후 보수·교체 계획을 요청합니다. 이는 학생 안전과도 직결되는 문제입니다.,공개,7
2022-06-04,가람시 새빛구 환경위생과,FOI-2022-02906,누리버스 정류장 상수도 수도꼭지 설치 현황 (2906호),고령자 구직자로서 교통 약자도 편리하게 상수도를 이용하고자 합니다. 누리버스 정류장 주변 공중화장실 및 상수도 수도꼭지 설치 현황과 향후 계획을 요청합니다.,공개,5
2022-01-03,해솔시 환경위생과,FOI-2022-02907,세움산업단지 입구 하수 처리장 방류수 수질 검사 결과 (2907호),최근 세움산업단지에서 불쾌한 냄새가 풍기는 날이 많아 걱정입니다. 세움산업단지 입구 하수 처리장의 최근 2년간 방류수 수질 검사 결과를 요청합니다. 특히 생물학적 산소 요구량과 부유물질 농도가 기준 이하인지 확인이 필요합니다.,부분공개,17
2025-07-14,온빛시 환경위생과,FOI-2025-02908,아파트 단지 우수 배수 시설 점검 및 청소 이력 (2908호),배우자와 함께 거주하는 Elderly로서 아파트 단지의 우수 배수 시설 관리가 호우 시 침수 예방에 중요합니다. 최근 3년간 해당 아파트 단지의 우수 배수 시설 점검 및 청소 이력을 요청합니다.,부분공개,12
2023-03-31,빛솔시 아람구 환경위생과,FOI-2023-02909,도담천 산책로 공공 수도 포크밸브 위치 및 관리 주체 (2909호),"고령자 구직자로 산책로를 자주 이용하며 휴식 시 확보가 필요합니다. 도담천 산책로 공공 수도 포크밸브의 위치와 관리 주체, 점검 주기를 요청합니다.",비공개,12
2022-10-09,누리시 바른구 상하수도과,FOI-2022-02910,새빛시장 주변 상가 하수관로 준설 및 보수 기록 (2910호),"배우자와 함께 거주하며 새빛시장 주변을 자주 방문합니다. 최근 지역 상가 하수관로의 준설 및 보수 기록, 그리고 하수 역류 사고 이력을 요청합니다.",공개,13
2022-11-20,해솔시 환경위생과,FOI-2022-02911,온빛도서관 앞 상수도 수도계량기 검침 일정 안내 (2911호),"결혼상담원으로 지역사회 정보에 관심이 많습니다. 온빛도서관 앞 상수도 수도계량기 검침 일정과 검침 방식(수동·원격), 이상치 발생 시 대처 절차를 요청합니다.",부분공개,1
2022-05-13,도담군 상하수도과,FOI-2022-02912,가람공공청사 주변 상수도 누수 사고 이력 및 수선 비용 (2912호),"가람공공청사 주변에서 최근 수도 누수 사고가 발생한 것으로 알고 있습니다. 해당 구간의 상수도 누수 사고 이력과 수선 비용 내역, 원인 분석 결과를 요청합니다.",부존재,19
2024-04-17,여울시 단비구 환경위생과,FOI-2024-02913,라온체육센터 주변 하수관로 막힘 민원 처리 경과 (2913호),건강을 위해 라온체육센터를 자주 이용합니다. 해당 지역 주변 하수관로 막힘 관련 민원 처리 경과와 개선 효과를 요청합니다.,공개,20
2022-07-02,빛솔시 아람구 상하수도과,FOI-2022-02914,한울초 주변 통학로 상수도 수질 긴급 검사 계획 (2914호),전직 사진 인화 및 현상기 조작원으로 아이들의 안전에 각별히 신경씁니다. 한울초 주변 통학로 상수도 수질에 대한 긴급 검사 계획과 해당 학교 급수 시설 점검 현황을 요청합니다.,부분공개,18
2024-10-30,라온군 환경위생과,FOI-2024-02915,단독주택 지역 하수처리시설 설치 기준 및 보조금 제도 (2915호),"현재 구직중으로 단독주택에 거주하며 하수처리시설 설치가 필요할 수 있습니다. 단독주택 지역 하수처리시설 설치 기준과 해당 보조금 지원 제도, 신청 절차를 요청합니다.",부분공개,20
2024-07-31,온빛시 상하수도과,FOI-2024-02916,새봄역 환승구역 지하상가 상수도 설비 용량 설계 기준 (2916호),전직 사진 관련 직종에서 설비 용량에 관한 지식이 있습니다. 새봄역 환승구역 지하상가의 상수도 설비 용량 설계 기준과 동시 사용 인원 대비 능력을 요청합니다.,공개,9
2022-09-16,빛솔시 아람구 환경위생과,FOI-2022-02917,너울천 산책로 수질 위치 및 실시간 수질 데이터 (2917호),고령자로서 산책로를 다니며 환경 관심이 높아졌습니다. 너울천 산책로 수질 위치와 실시간 수질 데이터 공개 여부를 요청합니다.,공개,13
2022-08-01,누리시 바른구 상하수도과,FOI-2022-02918,아파트 단지 수질 검사 기관 선정 기준 및 검사 비용 (2918호),수질 문제가 의심되어 아파트 단지에서 수질 검사 기관을 선정하려 합니다. 해당 구역의 상수도 수질 검사 기관 선정 기준과 평균 검사 비용을 요청합니다.,공개,18
2025-06-11,도담군 상하수도과,FOI-2025-02919,미래복합센터 인근 상수도 관로 노후도 평가 결과 (2919호),미래복합센터 인근 상가에서 영업했던 경력이 있어 해당 지역 인프라에 관심이 큽니다. 해당 지역 상수도 관로의 노후도 평가 결과와 교체 우선 순위 기준을 요청합니다.,공개,7
2022-10-05,너울시 물빛구 환경위생과,FOI-2022-02920,맑은마을 커뮤니티센터 수질검사 결과 공개 일정 (2920호),전직 사서로서 정보 공개 제도에 익숙합니다. 맑은마을 커뮤니티센터의 수질검사 결과 공개 일정과 사후 조치 계획을 요청합니다.,부분공개,12
2022-08-10,세움시 맑은구 상하수도과,FOI-2022-02921,한들동 생활권 상수도 긴급 차단 위치도 (2921호),한부모 가구로 긴급 상황에 대비하고자 합니다. 한들동 생활권 상수도 긴급 차단 위치도와 긴급 상황 시 신청 절차를 요청합니다.,부분공개,8
2023-11-14,예담시 늘품구 상하수도과,FOI-2023-02922,상가 건물 공동 수도 점검 일정 및 고지서 발부 기준 (2922호),"단독주택 거주로 상가 건물 수도 시설과는 별개이나, 임대 수익 가능성을 고려해 알고 싶습니다. 상가 건물 공동 수도 점검 일정과 공용 수도 고지서 발부 기준을 요청합니다.",부분공개,20
2024-01-10,라온군 상하수도과,FOI-2024-02923,빛솔광장 일대 우수 침투 시설 설치 현황 및 효과 (2923호),빛솔광장 일대에서 우수 침투 시설이 부족하다고 느껴집니다. 해당 지역 우수 침투 시설 설치 현황과 예상를 요청합니다.,부분공개,17
2024-11-12,세움시 맑은구 상하수도과,FOI-2024-02924,열린마을 공원 분수 시설 상수도 연결 및 사용량 (2924호),시장 조사 업무와 개인적 흥미로 열린마을 공원 분수 시설의 상수도 연결 방식과 연간 사용량을 파악하고자 합니다. 해당 분수 시설의 상수도 연결 현황과 연간 사용량을 요청합니다.,공개,15
2023-07-07,라온군 환경위생과,FOI-2023-02925,미르로 교차로 상가 하수 반류 사고 예방 조치 현황 (2925호),배우자와 거주하며 미르로 교차로 주변을 자주 지나칩니다. 해당 지역 상가 하수 반류 사고 예방 조치 현황과 최근 사고 발생 시 대응 절차를 요청합니다.,부분공개,17
2023-08-18,너울시 물빛구 일자리경제과,FOI-2023-02926,소규모 상인 긴급생활지원금 지급 현황 및 집행 내역 조회 요청 (2926호),"현재 구직 중인 경력자로서 지역 소상공인 지원제도에 대한 관심이 높습니다. 특히 지난 2년간 샘물동 생활권 내 긴급생활지원금 수령 가구 비율, 평균 지급액, 심사 기간 등 상세 내역을 확인하고자 합니다. 지원금 배분의 형평성과 선정 기준의 투명성이 구직자의 취업 준비에 참고 자료가 될 수 있어 요청합니다.",부분공개,10
2022-06-28,예담시 늘품구 일자리경제과,FOI-2022-02927,푸른마루 교차로 주변 상점 긴급지원금 심의 기록 공개 요청 (2927호),"최근 6개월간 푸른마루 교차로 일대 상점 대상으로 지급된 긴급지원금의 심의 회의록, 심사 평점표, 선정 사유서를 공개해 줄 것을 요청합니다. 구직 준비 중 해당 지역 상권 활성화 전략을 연구하는 과정에서 지원금 배분의 객관성이 중요하게 느껴져 청구합니다.",비공개,6
2022-01-14,해솔시 일자리경제과,FOI-2022-02928,전직 임학 연구원 경력 활용 중소기업 지원사업 선정 기준 공개 (2928호),"과거 임학 분야에서 연구 경력을 쌓은 후 현재 구직 중입니다. 지역 중소기업이 연구원 경력을 가진 구직자를 채용할 경우 제공되는 인건비 지원사업의 선정 기준, 심사 항목별 배점, 최종 선정 현황을 지난 3년간 분기별로 정리해 공개해 주시기 바랍니다.",부분공개,18
2025-06-16,가람시 열린구 재무회계과,FOI-2025-02929,연령별 소상공인 지원금 신청 현황 통계 자료 요청 (2929호),"지원금제도가 연령대에 따라 어떻게 활용되는지 파악하고자 합니다. 최근 2년간 연령대별(만 60세 이상, 50대, 40대, 30대, 20대) 지원금 신청 건수, 선정률, 평균 지급액을 항목별로 분류한 통계 자료를 요청합니다. 구직자의 연령별 취업난 이해를 위해 필요합니다.",부분공개,1
2022-03-13,예담시 늘품구 재무회계과,FOI-2022-02930,소기업 인건비 지원사업 추진 일정 및 예산 배분 현황 공개 (2930호),"현재 구직 중인 경력자로서 소기업 인건비 지원제도의 향후 추진 일정, 각 분기별 예산 배분 규모, 추가 모집 계획이 있는지 확인이 필요합니다. 정확한 일정과 예산 현황을 알면 취업 활동 일정을 계획하는 데 실질적으로 도움이 될 것으로 판단하여 요청합니다.",공개,19
2024-07-09,빛솔시 아람구 재무회계과,FOI-2024-02931,어업 관련 전통업종 소상공인 특별지원금 지급 대상자 선정 근거 공개 (2931호),"전직 어업 단순 종사자로 오랜 경력을 갖춘 후 현재 구직 중입니다. 고령 구직자가 어업 관련 전통업종으로 재취업할 경우 지급되는 특별지원금의 선정 근거, 어업 경력 인정 기준, 소득 기준 완화 조건 등을 구체적으로 안내해 주시기 바랍니다.",부분공개,1
2022-10-07,새봄시 한울구 재무회계과,FOI-2022-02932,새빛시장 주변 어부 출신 상인 지원금 집행 현황 및 실태 조사 결과 (2932호),"전직 어업인으로 새빛시장 주변에서 어류 판매업을 준비하는 과정에서 해당 지역 소상공인 지원금 집행 현황이 궁금합니다. 특히 어업 관련 업종 소규모 상인을 대상으로 한 지원금 집행 내역, 사업장 수, 업종별 차별관리 여부를 지난 1년간 분기별로 확인하고자 합니다.",비공개,19
2022-04-20,빛솔시 아람구 일자리경제과,FOI-2022-02933,고령자 재취업 촉진 지원금 신청 자격 기준 및 연령 특례 규정 조회 (2933호),"만 65세 이상 고령 구직자의 재취업을 촉진하기 위한 특별 지원금에서 연령 특례 규정이 있는지 확인이 필요합니다. 어업 경력이 있는 고령자에게 별도의 가점을 적용하는지, 신체검사 기준은 어떻게 되는지, 신청 시기 제한이 있는지 상세히 안내해 주세요.",부분공개,10
2023-04-18,너울시 물빛구 일자리경제과,FOI-2023-02934,배우자와 동거하는 고령 구직자 가구의 생계 지원금 지급 내역 (2934호),"배우자와 함께 거주하며 현재 구직 중인 고령자로서 지역 생계 지원금 지급 현황에 대해 알고 싶습니다. 특히 배우자와 동거하는 만 60세 이상 가구주가 수령한 생계 지원금 평균액, 지급 기간, 추가 지원 연계 현황 등 최근 1년간의 자료를 확인하고 싶습니다.",부분공개,14
2022-04-12,세움시 맑은구 일자리경제과,FOI-2022-02935,어업 경력 인정 확대 관련 지원금 정책 변경 내역 및 향후 계획 (2935호),"어업 분야에서 단순 종사원으로 오랜 기간 근무한 경력이 재취업 시 인정받지 못해 어려움을 겪고 있습니다. 어업 경력의 인정 범위를 확대하는 정책이 시행된 시점과 내용, 향후 추가 확대 계획이 있는지 해당 부서 검토 내역을 공개해 주세요.",부분공개,1
2022-02-11,새봄시 한울구 일자리경제과,FOI-2022-02936,병무행정 사무원 가구주로서 임대료 지원금 신청 처리 과정 확인 요청 (2936호),"병무행정 분야에서 사무원으로 근무하며 형제자매와 공동 거주하는 가구주 역할을 맡고 있습니다. 지역사회 임대료 지원금 신청 시 처리 과정, 각 단계별 소요 기간, 보완 요청 시 유의사항 등을 절차별로 정리하여 공개해 주세요. 행정 업무 담당자로서 실무에 참고할 점이 있을 것으로 기대합니다.",부분공개,8
2023-11-06,여울시 단비구 재무회계과,FOI-2023-02937,맑은마을 커뮤니티센터 인근 상인 임대료 지원금 집행 내역 (2937호),"형제자매와 공동 거주하며 행정 업무를 수행하는 가구주로, 맑은마을 커뮤니티센터 주변 상점을 대상으로 지급된 임대료 지원금 집행 내역을 확인하고자 합니다. 해당 지역 상인 수, 업종 분류, 평균 임대료 지원액, 지급 시점 등을 최근 6개월 단위로 정리해 공개해 주세요.",부분공개,13
2025-03-05,라온군 일자리경제과,FOI-2025-02938,읍면동 생활지원팀 임대료 지원금 심의 회의록 공개 요청 (2938호),"행정 사무원으로서 부서 업무 파악 차원에서 읍면동 생활지원팀에서 열리는 임대료 지원금 심의 회의록 공개를 요청합니다. 회의록에 포함된 주요 심의 내용, 건수 및 사유, 향후 개선 방향 등을 최근 1년간 분기별로 확인할 수 있도록 해주세요.",부분공개,11
2025-03-10,너울시 물빛구 재무회계과,FOI-2025-02939,전직 회계 사무원 경력자의 임대료 지원금 회계 처리 기준 공개 (2939호),"전직 회계 사무원으로 현재 구직 중인 상황에서 지역사회 임대료 지원금의 회계 처리 기준이 궁금합니다. 지원금 수령 시 세무 처리 방법, 필수 장부 기재 항목, 정기 감사 여부, 횡령 방지 체계 등을 회계 전문가 관점에서 상세히 안내해 주세요.",공개,12
2023-09-19,미래군 재무회계과,FOI-2023-02940,지원금 수령 사업장 현장 점검 계획 및 위반 사항 시정 조치 내역 (2940호),"지원금을 수령한 사업장에 대한 현장 점검 계획, 점검 항목, 위반 사항 발견 시 시정 조치 절차, 시정 완료 후 처리 결과 등을 알려주세요. 회계 업무 경력자로서 지원금 집행의 투명성과 적정성을 확인하는 데 실질적인 자료가 될 것으로 기대합니다.",부분공개,13
2024-01-28,세움시 맑은구 일자리경제과,FOI-2024-02941,전자계측 기술자의 기술고용 전환 지원금 지급 현황 공개 (2941호),"전자계측 제어 기술자로 연구 현장에서 근무한 경험이 있습니다. 기술 분야에서 일반 직종으로 고용 전환을 시도하는 경우 제공되는 지원금의 신청 자격, 기술 분야 경력 인정 범위, 지급액 결정 기준을 지난 1년간 집행 현황과 함께 안내해 주세요.",공개,20
2025-04-08,해솔시 일자리경제과,FOI-2025-02942,새봄역 환승구역 주변 상인 긴급경영안정지원금 집행 보고서 (2942호),"연구원 경력으로データ 역량을 갖추고 있으며 현재 구직 준비 중입니다. 새봄역 환승구역 주변 상인을 대상으로 지급된 긴급경영안정지원금의 집행 보고서, 사업 성과 지표, 지원 전후 매출 변화 추이 등 효과를 분석할 수 있는 자료를 요청합니다.",비공개,2
2023-02-17,예담시 늘품구 일자리경제과,FOI-2023-02943,주택 이외 거처 거주 기술자의 임대료 지원금 지급 기준 및 실태 (2943호),"주택 이외의 거처에서 부모와 함께 거주하며 전자계측 분야 기술자로 근무 중인 상황입니다. 주거 형태가 임대료 지원금 지급에 영향을 미치는지, 비주거 시설 거주의 경우 특별 기준이 있는지, 해당 지원금 수령 시 주거비 실태 조사 결과를 함께 공개해 주세요.",부분공개,14
2024-08-04,너울시 물빛구 일자리경제과,FOI-2024-02944,연구개발 분야 경력자 특별 기술 지원금 심사 항목 공개 (2944호),"전자계측 제어 분야 연구원으로 활동한 경력을 바탕으로 현재 구직 준비 중입니다. 연구개발 분야 경력자에게 특별히 적용되는 기술 지원금의 심사 항목, 경력 산정 방식, 전문 자격증 소지 가점 여부 등을 심사 평점표와 함께 공개해 주세요.",부존재,11
2024-11-29,도담군 일자리경제과,FOI-2024-02945,미래복합센터 인근 기술 스타트업 고용 지원금 집행 현황 (2945호),"전자계측 제어 기술자로서 미래복합센터 인근 기술 스타트업에 취업할 경우 활용 가능한 고용 지원금에 관심이 있습니다. 해당 지역 기술 스타트업에 지급된 고용 지원금 규모, 지원 업체 수, 기술 분야별 차별화가 있는지를 최근 1년간 기준으로 확인하고 싶습니다.",부분공개,6
2024-12-06,미래군 재무회계과,FOI-2024-02946,누리버스 정류장 주변 상인 매출 상승 지원금 지급 실적 및 평가 (2946호),"현재 구직 중인 경력자로서 지역 상권 활성화를 위한 지원금제도의 실효성에 대해 분석해 보고 싶습니다. 누리버스 정류장 주변 상인을 대상으로 매출 상승 지원금을 지급한 경우, 지급 전후 매출 비교, 상인 만족도 조사 결과, 제도 개선 등이 담긴 평가 보고서를 공개해 주세요.",비공개,5
2025-10-22,여울시 단비구 재무회계과,FOI-2025-02947,가람공공청사 주변 상인 임대료 지원금 신청률 및 미신청 사유 분석 (2947호),"행정 분야 경력として 가람공공청사 주변 상인의 임대료 지원금 신청률이 낮은 원인을 분석해 보고자 합니다. 해당 지역 지원금 신청률, 건수 및 사유, 미신청 가구의 주요 사유를 파악할 수 있는 조사 결과를 공개해 주세요.",부분공개,12
2023-12-20,새봄시 한울구 일자리경제과,FOI-2023-02948,소기업 경영안정 지원금 수령 후 보조금 반납 사례 및 처리 절차 (2948호),"전직 회계 사무원으로 현재 구직 준비 중인 상황에서 소기업 경영안정 지원금을 수령한 후 보조금을 반납해야 하는 상황이 발생했을 때의 처리 절차를 확인하고 싶습니다. 반납 사유 분류, 처리 기한, 이자율 적용 여부, 세무 처리 방법 등을 구체적으로 안내해 주세요.",공개,19
2025-04-04,빛솔시 아람구 일자리경제과,FOI-2025-02949,한들동 생활권 고령 상인 임대료 지원금 집행 내역 및 소득 신고 현황 (2949호),"한들동 생활권 내 만 65세 이상 고령 상인을 대상으로 지급된 임대료 지원금의 집행 내역, 소득 신고율, 지원금 수령 후 소득 초과로 환수된 사례 수 등을 최근 2년간 기준으로 공개해 주세요. 고령 상인의 지원금 활용 실태를 파악하는 데 참고하겠습니다.",비공개,8
2022-01-31,새봄시 한울구 일자리경제과,FOI-2022-02950,기술 분야 연구원 대상 창업 지원금 선정 결과 및 창업 사업계획 평가 (2950호),"전자계측 제어 분야 연구원으로 경력을 쌓은 후 창업 준비를 고려하고 있습니다. 해당 분야 연구원 출신 창업자를 대상으로 한 지원금 선정 결과, 창업 사업계획서 평가 항목, 기술성 심사의 비중, 선정 후 의무 이행 사항 등을 확인하여 향후 창업을 준비하는 데 참고하고 싶습니다.",공개,16
2023-03-25,새봄시 한울구 기획감사과,FOI-2023-02951,해솔문화광장 연간 문화행사 예산 집행 내역 청구 (2951호),"작년 한 해 동안 해솔문화광장에서 개최된 문화행사의 예산이 집행된 내역을 알고 싶습니다. 구체적으로 어떤 행사에 어느 정도의 예산이 배정되었고, 최종적으로 실제 지출된 금액이 얼마나 되는지 집행 내역을 요청합니다.",부분공개,16
2022-02-21,해솔시 문화체육과,FOI-2022-02952,샘물동 생활권 문화시설 운영 시간 조정 계획 관련 자료 (2952호),"최근 샘물동 생활권 내 문화시설의 운영 시간 조정이 계획되고 있다는 소식을 접했습니다. 구체적으로 어떤 시설의 운영 시간이 어떻게 변경될 예정인지, 그 사유와 함께 변경 계획 관련 내부 자료를 공개해 주시기 바랍니다.",부존재,4
2022-04-01,미래군 문화체육과,FOI-2022-02953,민선8기 문화예술 분야 보조금 교부 현황 및 심의 의결록 (2953호),최근 몇 년간 시에서 교부한 문화예술 분야 보조금의 현황과 심의 과정에서 작성된 의결록을 요청합니다. 어떤 단체에 어떤 기준으로 보조금이 배분되었는지하게 알려주실 것을합니다.,공개,7
2023-01-24,너울시 물빛구 기획감사과,FOI-2023-02954,푸른마루 교차로 공공예술 작품 제작비 내역 (2954호),"푸른마루 교차로에 설치된 공공예술 작품의 제작비가 제대로 집행되었는지 확인하고 싶습니다. 작품 제작에 투입된 재료비, 인건비, 설치비 등 항목별 상세 비용 내역을 알려주시기 바랍니다.",부존재,14
2025-02-23,너울시 물빛구 기획감사과,FOI-2025-02955,문화행사 추진 업무 전담 인력 배치 현황 및 연간 업무량 (2955호),시에서 주관하는 문화행사의 추진을 전담하는 인력의 배치 현황과 한 사람이 연간 얼마나 많은 행사를 담당하고 있는지 관련 자료를 요청합니다. 보다 효율적인 행정 운영을 위해 인력과 업무량의 균형이 맞는지 확인하고 싶습니다.,공개,11
2025-06-08,새봄시 한울구 기획감사과,FOI-2025-02956,새빛시장 주변 청년 대상 문화 프로그램 운영 실적 (2956호),"새빛시장 주변 상가 지역에서 활동하는 젊은 세대를 위한 문화 프로그램이 얼마나 운영되었는지 알고 싶습니다. 작년에 어떤 프로그램을 언제, 어디서 진행했는지 구체적인 운영 실적과 참여자 수를 공개해 주시기 바랍니다.",부분공개,15
2022-10-03,너울시 물빛구 문화체육과,FOI-2022-02957,전자장비 기술 영업 경력자 위한 직업전문교육비 지원사업 선정 기준 (2957호),"전자 및 통신장비 관련 영업 경력이 있는 사람들이 직업전문교육비 지원사업에 신청할 때 어떤 기준으로 선정되는지 알고 싶습니다. 구체적인 선정 기준과 심사 항목, 배점 기준을 공개해 주시기 바랍니다.",공개,7
2023-05-31,라온군 문화체육과,FOI-2023-02958,미래복합센터 인근 놀이문화시설 확충 계획 및 예산 배정 내역 (2958호),"미래복합센터 인근 지역에 놀이문화시설을 확충한다는 계획이 있던데, 구체적으로 어떤 시설을 언제까지 설치할 계획인지, 현재까지 진행된 사항과 배정된 예산이 있는지 알려주시기 바랍니다.",부분공개,4
2023-08-14,미래군 기획감사과,FOI-2023-02959,청년 창업 지원 관련 보조금 집행 현황 (2959호),"젊은 세대의 창업을 지원하면서 동시에 문화 활동을 즐길 수 있도록 지원하는 보조금 제도가 있는지, 있다면 그 집행 현황이 어떠한지 알고 싶습니다. 구체적으로 어떤 사업에 대한 보조금이 집행되었는지 내역을 요청합니다.",공개,15
2025-11-11,라온군 문화체육과,FOI-2025-02960,누리버스 정류장 주변 문화 행사の 교통 혼잡 완화 (2960호),"누리버스 정류장 주변에서 문화 행사가 있을 때 교통이 많이 막히는 것 같습니다. 어떤 교통 혼잡 완화 조치를 취하고 있는지, 그 효과를 평가한 자료가 있는지 알려주시기 바랍니다.",공개,4
2022-08-15,라온군 기획감사과,FOI-2022-02961,고령자 구직자 대상 고용촉진 지원금 지급 내역 (2961호),"60대 이상 고령 구직자들이 고용촉진 지원금을 얼마나 신청하고, 실제로 얼마나 수령했는지 내역을 알고 싶습니다. 전체 지급 규모와 함께 지급 거절 사유가 무엇인지도 알려주시기 바랍니다.",부분공개,11
2022-10-19,가람시 새빛구 문화체육과,FOI-2022-02962,도담천 산책로 주변 고용 현장 설명 개최 이력 및 참여 실적 (2962호),"도담천 산책로 주변 지역에서 고용 관련 현장 설명회가 여러 번 개최되었다고 들었습니다. 구체적으로 언제, 어떤내용の 설명회가 있었고, 몇 명이 참여했는지 상세한 이력을 공개해 주시기 바랍니다.",부분공개,5
2022-08-03,여울시 단비구 기획감사과,FOI-2022-02963,전직 제조업 종사자 재취업 프로그램 운영 성과 보고서 (2963호),"제조업 분야에서 일하던 사람들이 다른 업종으로 재취업하도록 돕는 프로그램이 있다면, 그 성과가 어떠한지 알고 싶습니다. 프로그램 수료 후 취업률이나 평균 임금 수준 등 성과 보고서의 핵심 내용을 공개해 주시기 바랍니다.",부분공개,13
2024-01-28,빛솔시 아람구 문화체육과,FOI-2024-02964,온빛도서관 앞 구직자 취업 박람회 개최 횟수 및 규모 (2964호),"온빛도서관 앞에서 구직자를 위한 취업 박람회가 자주 열리는 것 같습니다. 작년에 몇 번의 박람회가 열렸고, 각각 몇 개의 기업이 참여했는지, 몇 명의 구직자가 방문했는지 구체적인 규모를 알려주시기 바랍니다.",부분공개,4
2022-05-03,온빛시 기획감사과,FOI-2022-02965,세움산업단지 입구 일대 Jobs Fair 관련 사업비 지출 내역 (2965호),"세움산업단지 입구 지역에서 산업 분야 구직자 대상Jobs Fair가 개최되었을 때 투입된 사업비의 지출 내역을 알고 싶습니다. 홍보비, 장소 임차료, 인력 비용 등 항목별로 얼마나 지출되었는지 상세하게 알려주시기 바랍니다.",비공개,17
2025-07-25,가람시 새빛구 문화체육과,FOI-2025-02966,한울초 주변 통학로 문화 프로그램 소득 불균형 개선 효과 분석 (2966호),한울초 주변 통학로 지역에서 시행된 문화 프로그램이 주변주민의 소득 불균형 개선에 어느 정도 효과가 있었는지 분석한 자료가 있는지 궁금합니다. 프로그램 참여 전후의 소득 변화나 생활 수준 변화에 대한 분석 결과를 공개해 주시기 바랍니다.,부분공개,3
2024-06-21,라온군 기획감사과,FOI-2024-02967,열린마을 공원 가족 대상 문화행사 개최 실적 및 만족도 조사 (2967호),"열린마을 공원에서 가족 단위로 참여할 수 있는 문화행사가 얼마나 자주 열리고 있는지, 그리고 참여자들이 얼마나 만족하는지 알고 싶습니다. 작년에 열린 가족 대상 행사의 실적과 만족도 조사 결과를 공개해 주시기 바랍니다.",부분공개,17
2023-11-05,해솔시 문화체육과,FOI-2023-02968,맑은마을 커뮤니티센터 아동돌봄 문화활동 프로그램 운영 현황 (2968호),"맑은마을 커뮤니티센터에서 어린이를 돌보면서 동시에 문화 활동을 체험할 수 있는 프로그램이 운영되고 있나요? 구체적으로 어떤 프로그램이 언제부터 운영되고 있는지, 참여 아동의 연령대는 어떻게 되는지 알려주시기 바랍니다.",공개,19
2024-07-02,세움시 맑은구 기획감사과,FOI-2024-02969,가온로 보행구간 이웃 마을 교류 문화사업 추진 현황 및 성과 (2969호),"가온로 보행구간을 중심으로 여러 마을이 교류하며 추진하는 문화사업이 있다고 들었습니다. 현재까지 어떤 사업이 추진되었고, 마을 간 교류에 어느 정도 효과가 있었는지 성과 자료를 공개해 주시기 바랍니다.",부분공개,17
2025-01-31,너울시 물빛구 문화체육과,FOI-2025-02970,새봄역 환승구역 문화 전시회 개최 및 시설 투자 비용 내역 (2970호),"새봄역 환승구역에서 문화 전시회가 열린다는 이야기를 들었습니다. 전시회를 개최하면서 환승구역 문화시설에 얼마나 투자를 했는지, 전시회 개최 비용과 연간 유지 비용이 얼마나 드는지 구체적인 내역을 알고 싶습니다.",부분공개,20
2024-01-01,가람시 새빛구 기획감사과,FOI-2024-02971,가람공공청사 주변 상가 임대료 보조금 지급 대상자 선정 기준 (2971호),"가람공공청사 주변 상가 임대료에 대한 보조금 제도가 있다는 것을 알고 있습니다. 어떤 조건을 충족해야 이 보조금을 받을 수 있는지, 구체적인 선정 기준과 심사 과정이 어떻게 되는지 알려주시기 바랍니다.",공개,17
2022-01-27,너울시 물빛구 기획감사과,FOI-2022-02972,한들동 생활권 주거환경 개선 문화 활동 지원 사업비 집행 내역 (2972호),"한들동 생활권에서 주거환경을 개선하면서 동시에 문화 활동도 활성화할 수 있도록 지원하는 사업이 있다고 들었습니다. 이 사업에 어느 정도의 예산이 배정되었고, 어떤 항목으로 지출되었는지 집행 내역을 요청합니다.",부분공개,10
2022-08-24,너울시 물빛구 기획감사과,FOI-2022-02973,분양 및 임대 업무 담당자 위한 공동주택 관리비 보조금 제도 안내 자료 (2973호),"공동주택 관리비를 절감할 수 있도록 지원하는 보조금 제도가 있다는 것을 알고 있습니다. 구체적으로 어떤 공동주택이 이 보조금을 받을 수 있는지, 어떤 절감 효과를 기대할 수 있는지 관련 안내 자료를 제공해 주시기 바랍니다.",부분공개,19
2022-12-25,온빛시 문화체육과,FOI-2022-02974,미르로 교차로 일대 비상임 노동자 문화복지 프로그램 참여 실적 (2974호),"미르로 교차로 주변에서 일하는 비상임 노동자들이 문화복지 프로그램을 얼마나 활용하고 있는지 궁금합니다. 작년에 프로그램에 참여한 인원, 참여, 어떤 문화 활동에 참여했는지 실적 자료를 공개해 주시기 바랍니다.",공개,5
2024-10-10,온빛시 기획감사과,FOI-2024-02975,너울천 산책로 주변 지역아동센터 문화 체험 프로그램 운영 보고서 (2975호),"너울천 산책로 주변에 있는 지역아동센터에서 아이들에게 문화 체험 기회를 제공하고 있다고 합니다. 구체적으로 어떤 문화 체험 프로그램이 운영되고 있는지, 한 달에 몇 번 정도 열리며 참여 아동의 반응은 어떠한지 운영 보고서를 요청합니다.",비공개,15
2025-05-15,라온군 교통행정과,FOI-2025-02976,세움산업단지 방면 새벽 셔틀버스 노선 및 운행시간 공개 (2976호),세움산업단지로 출퇴근하는데 현재 셔틀버스 노선이 한들동 생활권에서 바로 진입이 안 돼서 매일 한울초 주변 통학로를 경유해서 이동하고 있습니다. 산업단지 입구까지 직접 연결되는 노선 및 첫차 시간 조기 시행 계획이 있는지 확인 요청합니다.,공개,18
2024-01-30,빛솔시 아람구 도시계획과,FOI-2024-02977,누리버스 7번 버스 새빛시장 주변 정류장 증설 검토 여부 (2977호),새빛시장 주변 상인들과 구매객이 누리버스 7번을 이용하는데 정류장까지 거리가 멀어 노약자들이 불편을 겪고 있습니다. 시장 앞 가온로 보행구간 또는 열린마을 공원 인근에 정류장이 가능한지 검토 기록을 요청합니다.,부분공개,15
2025-02-15,세움시 맑은구 교통행정과,FOI-2025-02978,대중교통 보조금 지원 대상 소득기준 개정 시기 및 근거 자료 (2978호),현재 어머니와 함께 살며 가구 소득이 낮아 대중교통비 보조금 대상인지 확인하고 싶습니다. 올해 소득기준 개정 계획 및 기존 기준 대비 변경사항이 있다면 그 자료를 요청합니다.,부분공개,20
2022-02-10,세움시 맑은구 교통행정과,FOI-2022-02979,미래복합센터 환승정류장 설치 사업비 세부내역 공개 (2979호),"미래복합센터 인근에 환승정류장을 설치하는 사업을 검토 중으로 알고 있습니다. 해당 사업의 총 사업비, 보조금 배분 비율, 공사 일정 등을 상세히 알려주시기 바랍니다.",공개,10
2025-10-14,예담시 늘품구 도시계획과,FOI-2025-02980,다세대주택 밀집지역순환버스 도입 가능성 검토 문서 (2980호),가족이 사는 다세대주택이 밀집한 한들동 생활권에는 순환버스가 없어 도담천 산책로를 지나 가람공공청사 주변까지 이동할 때 환승이 번거롭습니다. 해당 지역 순환버스 도입 가능성 검토 기록을 요청합니다.,부분공개,13
2022-08-13,미래군 도시계획과,FOI-2022-02981,의류판매 종사자 교통비 지원사업 선정 기준 및 현재 운영 현황 (2981호),"맞춤복 전문점에서 근무하며 새봄역 환승구역까지 출퇴근하는데 대중교통비가 상당합니다. 교통비 지원사업의 선정 기준, 신청 시기, 현재 지원 인원 및 예산 규모를 구체적으로 알려주시기 바랍니다.",부분공개,9
2022-02-14,도담군 교통행정과,FOI-2022-02982,누리버스 정류장 방범설비 및 야간 설치 계획 (2982호),아이가 새벽에 학교를 가는데 누리버스 정류장이 어둡고 방범설비가 없어 불안합니다. 한울초 주변 통학로 구간 누리버스 정류장 야간 안전시설 설치 계획이 있는지 확인 요청합니다.,부분공개,10
2022-01-03,새봄시 한울구 교통행정과,FOI-2022-02983,푸른마루 교차로 횡단보도 신호시간 조정 근거 데이터 (2983호),푸른마루 교차로를 건널 때 노약자 신호시간이 너무 짧아 매번 빠르게 걸어야 합니다. 해당 교차로 신호시간 설정 기준 및 주변 학교·공원 이용객 피해 건수 데이터를 요청합니다.,공개,17
2023-05-22,세움시 맑은구 교통행정과,FOI-2023-02984,맑은마을 커뮤니티센터까지 접근가능 대중교통 노선 안내 자료 (2984호),가족과 함께 사는 단독주택이 맑은마을 커뮤니티센터 근처에 있는데 접근 가능한 버스 노선이 적어 불편합니다. 현재 운행 중인 노선 및 향후 개선 계획이 있는지 자료를 요청합니다.,비공개,16
2024-10-30,가람시 열린구 도시계획과,FOI-2024-02985,라온체육센터까지 등교길 대중교통 안전 점검 기록 (2985호),자녀가 라온체육센터 근처 학원에 다니는데 등교길 대중교통 이용 시 안전 관련 시설 점검 기록이 있는지 확인하고 싶습니다. 정류장 안전시설 및 차내 CCTV 설치 현황 데이터를 요청합니다.,공개,3
2025-06-06,너울시 물빛구 도시계획과,FOI-2025-02986,전직 환경시험 종사자 재취업 지원 대중교통비 보조금 대상 확인 (2986호),"환경시험 직종에서 퇴직 후 구직 중이며 부모님과 아파트에서 함께 살고 있습니다. 재취업 지원 대상자로 교통비 보조금을받을 수 있는지, 해당 사업의 신청 및 절차를 구체적으로 알려주시기 바랍니다.",부분공개,5
2022-05-03,너울시 물빛구 도시계획과,FOI-2022-02987,가온로 보행구간 대중교통 환승 안내표지판 계획 (2987호),"가온로 보행구간을 이용하는 사람들이 많지만 환승 안내표지판이 없어 불편합니다. 해당 구간에 환승 정보 안내표지판 계획이 있는지, 다른 지역 설치 사례를 참고한 계획이 있다면 관련 자료를 요청합니다.",공개,16
2022-09-18,미래군 도시계획과,FOI-2022-02988,새빛시장 주변 상인들 대중교통 이용편의 개선사업 추진 현황 (2988호),새빛시장 주변에서 일하는 상인들이 시장 폐장 후늦은 시간대 대중교통이 부족하다고 합니다. 시장 주변 교통개선 관련 추진 현황 및 향후 계획을 구체적으로 알려주시기 바랍니다.,부분공개,10
2023-02-25,가람시 열린구 교통행정과,FOI-2023-02989,대중교통 노선 변경 시 주민 의견 수렴 절차 규정 (2989호),"대중교통 노선이 변경될 때마다 주민들이 불이익을 보는 경우가 많은데, 노선 변경 시 주민 의견을 수렴하는 공식 절차가 있는지 확인하고 싶습니다. 관련 규정을 요청합니다.",공개,20
2023-02-12,빛솔시 아람구 도시계획과,FOI-2023-02990,새봄역 환승구역 내 충전소 및시설 설치 현황 자료 (2990호),새봄역 환승구역에서 대중교통을 갈아타는데 충전소나시설이 부족합니다. 환승구역 내 현재 설치된 시설 현황 및 향후 계획이 있다면 알려주시기 바랍니다.,공개,20
2025-12-15,여울시 단비구 도시계획과,FOI-2025-02991,가람공공청사 주변 버스 도착정보 실시간 제공 시스템 도입 여부 (2991호),가람공공청사 주변에 출퇴근하는데 버스 도착 정보를 실시간으로 확인할 수 없어 불편합니다. 해당 지역에 버스 도착 정보 실시간 제공 시스템을 도입할 계획이 있는지 확인 요청합니다.,공개,18
2025-12-06,누리시 바른구 교통행정과,FOI-2025-02992,60대 생산직 노동자 출퇴근 대중교통 경로 최적화 지원 가능 여부 (2992호),렌즈가공 직종에서근무하며 나이가 들어 퇴근 후 피로감이 심합니다. 출퇴근 경로를 최적화할 수 있는 대중교통 노선 정보 및 관련 지원사업이 있는지 확인 요청합니다.,비공개,16
2024-10-30,라온군 도시계획과,FOI-2024-02993,한들동 생활권 무 버스 노선 확대 계획 관련 문서 (2993호),나이가 들어 Mobility가 떨어지는데 한들동 생활권에 휠체어 이용 가능한 저상버스가 부족합니다. 향후 무장애 버스 노선 확대 계획이 있는지 관련 문서를 요청합니다.,부분공개,12
2023-03-15,너울시 물빛구 도시계획과,FOI-2023-02994,누리버스자 우대 할인 확대 적용 가능성 검토 자료 (2994호),현재 누리버스에서 자 할인을 제공하고 있지만 사용 가능한 노선이 제한적입니다. 자 우대 할인 대상 노선을 확대할 수 있는지 검토한 자료가 있다면 알려주시기 바랍니다.,부분공개,13
2024-03-29,온빛시 도시계획과,FOI-2024-02995,도담천 산책로 연결 통학버スの 운행시간 및 경로 조정 가능성 (2995호),손주가 한울초 주변 통학로를 이용하는데 도담천 산책로를 지나가는 통학버스가 적어 불편합니다. 통학버스 운행시간 및 경로 조정 가능성에 대한 검토 자료를 요청합니다.,공개,7
2024-02-26,누리시 바른구 교통행정과,FOI-2024-02996,74세 구직자 지원 교통비 지원금 신청 자격 확인 (2996호),"혼례 업종에서 퇴직 후 구직 중이며 혼자 단독주택에 살고 있습니다. 활동을 위해 대중교통을 많이 이용하는데 관련 지원금을받을 수 있는지, 신청 자격과 절차를 구체적으로 알려주시기 바랍니다.",부분공개,19
2023-07-29,가람시 열린구 교통행정과,FOI-2023-02997,누리버스 배차간격 단축 시범사업 추진 지역 및 선정 기준 (2997호),누리버스 배차간격이 넓어 이용이 불편합니다. 배차간격 단축 시범사업을 추진하고 있다면 해당 지역 선정 기준과 시범사업 결과를 알려주시기 바랍니다.,부분공개,12
2025-09-16,해솔시 도시계획과,FOI-2025-02998,해솔문화광장 주변 야간 대중교통 이용편의 개선 방안 (2998호),해솔문화광장에서 문화 활동을 하고 난 후 늦은 시간대에 대중교통이 없어 택시를 이용해야 합니다. 야간 대중교통 이용편의 개선 방안이 있는지 관련 계획을 요청합니다.,부분공개,4
2022-11-15,가람시 새빛구 도시계획과,FOI-2022-02999,온빛도서관 앞 정류장 접근성 개선 공사 추진 현황 (2999호),온빛도서관 앞 정류장이 경사로가 가파르고 노면이 험해 고령자가 이용하기 어렵습니다. 해당 정류장 접근성 개선 공사의 추진 현황과 예정 시기를 알려주시기 바랍니다.,공개,16
2024-11-04,라온군 교통행정과,FOI-2024-03000,빛솔광장 일대 대중교통 결핍 지역 해결을 위한 협의체 구성 현황 (3000호),빛솔광장 일대는 주거가 들어서면서 대중교통이 부족해진 지역입니다. 해당 지역 대중교통 해결을 위한 협의체가 구성되어 있다면 회의록이나 추진 현황을 알려주시기 바랍니다.,부분공개,7
2023-01-24,온빛시 정보통신과,FOI-2023-03001,한울초 주변 통학로 CCTV 영상 공개 청구 (3001호),매일 아침 등교 시간에 한울초 앞 통학로를 이용합니다. 최근 안전이 걱정되어 지난 한 달간 동시간대 CCTV 영상을 확인하고 싶습니다. 오전 7시부터 8시 30분 사이의 영상 제공을 요청드립니다.,부분공개,9
2025-03-14,온빛시 안전총괄과,FOI-2025-03002,도담천 산책로 주간 영상 열람 청구 (3002호),주말마다 도담천 산책로를 산책합니다. 최근 어머니가 해당 구간에서한 일을 당하실 뻔하여 영상 확인이 시급합니다. 지난 일요일 낮 12시부터 오후 2시 사이 영상 열람을 요청합니다.,부분공개,3
2025-12-20,여울시 단비구 안전총괄과,FOI-2025-03003,누리버스 정류장 CCTV 영상 공개 청구 (3003호),자주 이용하는 버스정류장에서이 머물던 영상이 있습니다.의 안전과 직결되는 사안이므로 영상 공개를 청구합니다. 지난 주 수요일 오전 9시부터 10시 사이 영상을 요청합니다.,부분공개,7
2022-02-19,세움시 맑은구 정보통신과,FOI-2022-03004,가온로 보행구간 CCTV 영상 열람 청구 (3004호),보도를 걷다가 cystein 물체가 떨어져 부상을 입었습니다. 사고 경위 확인을 위해 해당 구간 CCTV 영상을 요청합니다. 오후 3시부터 4시 사이 영상을 확인하고자 합니다.,공개,15
2023-05-01,세움시 맑은구 안전총괄과,FOI-2023-03005,새빛시장 주변 CCTV 영상 공개 청구 (3005호),시장 내에소리가 들렸다는 제보가 있어 안심하고 이용하기 위해 영상 확인이 필요합니다. 지난 주 금요일 오후 5시부터 6시 30분 사이 영상을 요청합니다.,공개,17
2023-04-05,새봄시 한울구 정보통신과,FOI-2023-03006,한울초 주변 통학로 CCTV 영상 열람 청구 (3006호),"자녀의 통학로 안전을 확인하고자 합니다. 최근 통학로 주변에서 수상한 차량이 목격되었다는 정보가 있어, 지난 일주일 오전 7시부터 8시 사이 영상을 요청합니다.",공개,6
2025-04-27,도담군 안전총괄과,FOI-2025-03007,라온체육센터 주변 CCTV 영상 공개 청구 (3007호),운동 후 귀가에 뒷걸음질로당하신 것 같은 느낌을 받았습니다. 영상 확인을 통해관계를 파악하고자 합니다. 오후 9시부터 10시 사이 영상을 요청합니다.,공개,19
2022-08-27,해솔시 정보통신과,FOI-2022-03008,샘물동 생활권 CCTV 영상 열람 청구 (3008호),생활권 내 놀이터에서 child 아동이 넘어지며 사고가 발생했습니다. 사고 경위 확인과 안전시설 점검을 위해 영상을 요청합니다. 지난 토요일 오후 4시부터 5시 사이를 확인하고 싶습니다.,부분공개,16
2023-02-26,가람시 새빛구 안전총괄과,FOI-2023-03009,새봄역 환승구역 CCTV 영상 공개 청구 (3009호),현재 구직으로 취업 박람회 일정을 확인하러 환승구역에 다녀왔습니다. 행사 연계 혼잡 상황의 영상 확인을 요청합니다. 지난 수요일 오전 10시부터 11시 사이를 보고 싶습니다.,부분공개,11
2023-03-19,온빛시 정보통신과,FOI-2023-03010,가온로 보행구간 CCTV 영상 열람 청구 (3010호),자녀와 보도를 걷다가 위험한 상황에서 신호를 받았다는 분들이 계십니다. 사실관계 파악을 위해 오후 5시부터 6시 사이 영상을 요청합니다.,공개,6
2022-02-08,라온군 정보통신과,FOI-2022-03011,새빛시장 주변 CCTV 영상 공개 청구 (3011호),시장 상인과의 분쟁 발생 시 사실을 명확히 하고자 CCTV 영상을 확인합니다. 지난 주 수요일 오후 2시부터 3시 사이 영상을 요청합니다.,공개,17
2025-07-19,가람시 열린구 안전총괄과,FOI-2025-03012,한울초 주변 통학로 CCTV 영상 열람 청구 (3012호),교사로서 학생들의을 직접 확인하고 싶습니다. 통학시간 전후로 한울초 앞 통학로를 촬영한 영상을 요청합니다. 금일 오전 7시부터 8시 사이를 확인하고 싶습니다.,공개,10
2022-06-01,온빛시 정보통신과,FOI-2022-03013,누리버스 정류장 CCTV 영상 공개 청구 (3013호),"버스 이용 시 교통카드 환불 관한 문의가 있었는데, 정류장 내 영상이 이를 뒷받침할 수 있을 것 같습니다. 오후 1시부터 2시 사이 영상을 요청합니다.",부분공개,1
2024-09-27,해솔시 정보통신과,FOI-2024-03014,도담천 산책로 CCTV 영상 열람 청구 (3014호),가족과 산책 중 어머니가 넘어지셨습니다. 사고 경위와시설 파악을 위해 오후 3시부터 4시 사이 영상을 요청합니다.,공개,6
2022-06-18,너울시 물빛구 정보통신과,FOI-2022-03015,해솔문화광장 CCTV 영상 공개 청구 (3015호),문화행사 발생에 대한 사실관계를 파악하고자 합니다. 행사가 진행된 지난 주 토요일 오후 6시부터 8시 사이 영상을 요청합니다.,부분공개,17
2023-09-21,도담군 안전총괄과,FOI-2023-03016,가온로 보행구간 CCTV 영상 열람 청구 (3016호),최근 해당 구간에서사고가 났다는 소문이 돌고 있어 직접 확인하고 싶습니다. 영상 제공을 통해관계를 명확히 하고자 합니다. 오전 8시부터 9시 사이를 요청합니다.,부분공개,18
2022-07-11,빛솔시 아람구 안전총괄과,FOI-2022-03017,푸른마루 교차로 CCTV 영상 공개 청구 (3017호),교차로에서한 사고에 대해 영상 확인이 필요합니다. 현장의 신호 체계와 차량 통행 현황 파악을 위해 오전 10시부터 11시 사이 영상을 요청합니다.,부분공개,9
2023-08-05,누리시 바른구 정보통신과,FOI-2023-03018,도담천 산책로 CCTV 영상 열람 청구 (3018호),매일 산책로를 하는 이웃의 말에 불안감을 느껴 영상 확인을 요청합니다. 안전하게 이용하기 위한 목적으로 오전 9시부터 10시 사이를 보고 싶습니다.,공개,14
2025-09-26,가람시 열린구 정보통신과,FOI-2025-03019,열린마을 공원 CCTV 영상 공개 청구 (3019호),공원 내에서 발생한 물건 분실사건에 대한 사실관계를 파악하고자 합니다. 분실 시각 전후로 오전 10시부터 11시 사이 영상을 요청합니다.,부분공개,19
2023-11-06,해솔시 정보통신과,FOI-2023-03020,한울초 주변 통학로 CCTV 영상 열람 청구 (3020호),자녀의 등교길 안전을 걱정하시는 다른 학부모들과 함께 영상 확인을 요청합니다. 오전 7시부터 8시 사이 통학로 전체 구간을 확인하고 싶습니다.,공개,10
2023-01-21,새봄시 한울구 안전총괄과,FOI-2023-03021,누리버스 정류장 CCTV 영상 공개 청구 (3021호),버스 이용 중 불편한 상황을 격으신 elderly 분이 계셔서 영상 확인이 필요하다고 하셨습니다. 오전 8시부터 9시 사이 영상을 요청합니다.,공개,10
2022-07-19,가람시 새빛구 안전총괄과,FOI-2022-03022,샘물동 생활권 CCTV 영상 열람 청구 (3022호),생활권 내 공용시설 이용 시 발생 상황에 대한관계 확인이 필요합니다. 지난 금요일 오후 2시부터 3시 사이 영상을 요청합니다.,부분공개,12
2023-07-25,너울시 물빛구 정보통신과,FOI-2023-03023,가온로 보행구간 CCTV 영상 공개 청구 (3023호),작업 현장 부근에서가 발생한 것으로 알려져 영상 확인이 필요합니다. 현장 관리와 안전점검 차원에서 오전 9시부터 10시 사이를 요청합니다.,공개,2
2022-05-23,해솔시 안전총괄과,FOI-2022-03024,새빛시장 주변 CCTV 영상 열람 청구 (3024호),"시장 내 상점 간 분쟁으로 인해 사실관계를 명확히 하고자 합니다. 오후 3시부터 4시 사이 영상을 요청하며, 상점 내부 제외 공공공간 영상만 필요합니다.",부분공개,7
2025-11-13,라온군 정보통신과,FOI-2025-03025,한울초 주변 통학로 CCTV 영상 공개 청구 (3025호),통학로 안전 실태를 직접 파악하여 교육과정에 활용하고자 합니다. 교사로서적 판단을 위해 오전 7시부터 8시 30분 사이 전체 구간을 요청합니다.,공개,13
2022-11-21,빛솔시 아람구 교통행정과,FOI-2022-03026,푸른마루 교차로 신호체계 변경에 관한 투 및 검토 자료 공개 (3026호),"푸른마루 교차로에서 최근 신호 체계가 변경된 것으로 확인됩니다. 해당 구간에서 보행자 신호 전환 시간과 차량 신호 순환 주기가 어떻게 조정되었는지, 변경 결정 과정의 회의록 및 주민 의견 수렴 기록을 요청합니다. 변경 전후 교통량 조사 데이터가 있다면 함께 알려주시기 바랍니다.",부분공개,11
2024-05-14,누리시 바른구 교통행정과,FOI-2024-03027,샘물동 생활권 주정차 단속 지역 및 시간대 기준 공개 (3027호),"샘물동 생활권 내 아파트 단지 주변 도로에서 주정차 단속이 빈번하게 이루어지고 있습니다. 단속이 이루어지는 구체적인 도로 구간과 시간대 기준이 어떻게 설정되는지, 해당 지역이 단속 대상으로 지정된 경위와 근거 법규를 알고 싶습니다. 단속 최소화 방안에 관한 내부 지침도 있으면 요청합니다.",공개,10
2025-06-17,온빛시 교통행정과,FOI-2025-03028,한울초 주변 통학로 보행자 신호 설치 사업 추진 현황 (3028호),"한울초등학교 주변 통학로에 보행자 신호기가 필요하다고 여러 차례 요청드렸습니다. 현재 해당 사업이 추진 단계에서 어디까지 진행되었는지, 예산 배정 여부 및 공사 계획 일정이 있는지 확인하고자 합니다. 기존 안전 시설 현황 파악을 위한 현장 조사 자료도 요청합니다.",비공개,3
2023-04-29,도담군 교통행정과,FOI-2023-03029,가온로 보행구간 신호 체계 운용 방안 및 개선 계획 자료 (3029호),가온로 보행구간에서 오전 출근 시간대에 보행자 신호 대기 시간이 지나치게 길어 불편을 겪고 있습니다. 해당 구간 신호 체계 운용 매뉴얼과 개선 계획이 있는지 확인하고 싶습니다. 최근 민원과 개선 권고 사항이 있다면 그것도 알려주시기 바랍니다.,비공개,16
2024-05-22,미래군 교통행정과,FOI-2024-03030,미래복합센터 인근 교통 표지 및 신호 단속 시스템 도입 계획 (3030호),"미래복합센터 인근 지역에서 자동 교통 단속 카메라 설치 계획이 있다는 소식을 들었습니다. 구체적으로 어떤 종류의 단속 시스템이 도입되는지, 설치 위치 및 운용 시작 시기, 위반 시 과태료 산정 기준을 알고 싶습니다. 해당 사업의 추진 배경과 기대 효과에 관한 자료도 요청합니다.",부분공개,5
2022-05-23,새봄시 한울구 안전총괄과,FOI-2022-03031,새빛시장 주변 상업차량 주정차 단속 실적 및 민원 처리 기록 (3031호),새빛시장 주변에서 상업 차량의 주정차로 인해 출입이 어려운 문제가 지속되고 있습니다. 최근 6개월간 해당 구간의 단속 실적 통계와 단속 이후 개선 여부에 관한 기록을 요청합니다. 시장 상인회로부터 제기된 민원과 조치 결과도 알고 싶습니다.,부분공개,6
2024-12-08,라온군 안전총괄과,FOI-2024-03032,도담천 산책로 자전거 전용 신호 설치 검토 자료 및 주민 의견 (3032호),"도담천 산책로를 이용하는 자전거 이용자가 증가하고 있으나, 횡단 시 신호 체계가 불분명하여 위험합니다. 자전거 전용 신호 설치 가능성에 관한 검토 자료와 동일 유사 사례를 알고 싶습니다. 산책로 이용자 대상 만족도 조사 결과가 있다면 함께 요청합니다.",부분공개,20
2024-01-28,세움시 맑은구 안전총괄과,FOI-2024-03033,라온체육센터 주변 주정차 위반 단속 카메라 운용 규정 (3033호),"라온체육센터 주변 공원 도로에 주정차 단속 카메라가 설치되어 운용 중입니다. 해당 단속 카메라의 운용 규정과 허용 주정차 시간 기준, 위반 판단 기준 및 이의 신청 절차에 관해 구체적으로 알고 싶습니다. 최근 3개월간 단속 처리 현황도 요청합니다.",공개,12
2023-02-08,해솔시 안전총괄과,FOI-2023-03034,세움산업단지 입구 화물차량 진입 제한 조치 및 단속 근거 (3034호),"세움산업단지 입구 도로에서 화물차량의 진입 제한 시간을 위반하는 차량이 적지 않습니다. 해당 구간 진입 제한 시간 설정 근거와 단속 기준, 위반 차량에 대한 조치 방법에 관한 규정을 알고 싶습니다. 최근 단속 및 과태료 부과 현황도 확인하고 싶습니다.",공개,16
2024-04-08,여울시 단비구 안전총괄과,FOI-2024-03035,새봄역 환승구역 승강장 접근 신호 체계 변경 이력 및 검토 자료 (3035호),"새봄역 환승구역에서 승강장 접근 신호 체계가 바뀌면서 안내 방식이 혼란스럽습니다. 신호 체계 변경 이력과 변경 결정 배경, 변경에 따른 효과 분석 자료를 요청합니다. 특히 시각장애인이용자 배려를 위한 점자 бл럭 설치 현황 및 개선 계획이 있는지 궁금합니다.",부분공개,15
2025-07-30,새봄시 한울구 교통행정과,FOI-2025-03036,가람공공청사 주변 직원 주차구획 단속 기준 및 민원 대응 기록 (3036호),"가람공공청사 주변 도로에서 민원인이 업무 시간 외 직원 전용 주차구획을 불법 주정차하는 사례가 있다는 제보를 받았습니다. 해당 구획 단속 기준과 위반 시 조치 절차, 관련 민원 처리 기록을 알고 싶습니다. 최근 단속 처리 현황도 요청합니다.",부분공개,6
2023-08-23,가람시 새빛구 안전총괄과,FOI-2023-03037,한들동 생활권 무단횡단 단속 카메라 설치 사업 추진 현황 (3037호),"한들동 생활권 내 무단횡단이 빈번한 구간에 단속 카메라 설치가 추진되고 있다는 정보를 얻었습니다. 해당 사업의 추진 단계, 설치 위치 선정 기준, 카메라 종류 및 기능에 관한 자료를 요청합니다. 설치 후 단속 효과에 관한 평가 방법도 알려주시기 바랍니다.",부존재,8
2024-06-11,가람시 열린구 교통행정과,FOI-2024-03038,미르로 교차로 신호 대기시간 조정 기준 및 개선 절차 (3038호),"미르로 교차로에서 출근 시간대 차량 신호 대기 시간이 교통 상황에 비해 길게 느껴집니다. 신호 대기시간 조정 시 기준과 절차, 개선 신청 방법을 알고 싶습니다. 해당 교차로의 교통량 조사 자료와 신호 체계 운용 매뉴얼이 있다면 함께 요청합니다.",비공개,12
2025-08-15,빛솔시 아람구 안전총괄과,FOI-2025-03039,누리버스 정류장 주변 접어주기 단속 교육 자료 및 효과 평가 (3039호),"누리버스 정류장 주변에서 버스 접어주기 단속이 강화되고 있습니다. 단속 시 안내되는 교육 자료 내용과 단속 후 예방 교육 프로그램 현황, 효과를 평가한 자료가 있는지 확인하고 싶습니다. 단속 빈도 변화 추이도 요청합니다.",부분공개,14
2024-01-28,가람시 새빛구 교통행정과,FOI-2024-03040,온빛도서관 앞 보행자 신호 고장 및 보수 이력 (3040호),"온빛도서관 앞 보행자 신호가 자주 고장 나서 불편을 겪고 있습니다. 최근 1년간 해당 신호의 고장 발생 빈도, 보수 작업 이력, 보수 완료까지 평균 소요 기간을 알고 싶습니다. 고장 원인 분석 자료가 있다면 함께 요청합니다.",공개,10
2022-10-14,새봄시 한울구 안전총괄과,FOI-2022-03041,해솔문화광장 주변 야간 시간대 단속 카메라 촬영 범위 및 저장 기간 (3041호),"해솔문화광장 주변 야간 시간대에 단속 카메라가 운용되고 있는데, 촬영 범위와 영상 저장 기간, 접근 권한에 관해 구체적으로 알고 싶습니다. 해당 카메라가 보행자 안전 목적인지 차량 단속 목적인지도 확인하고 싶습니다. 단속 카메라 운용 규정 문서를 요청합니다.",공개,2
2022-07-31,온빛시 교통행정과,FOI-2022-03042,너울천 산책로 자전거·보행자 분리 신호 도입 검토 자료 (3042호),"너울천 산책로에서 자전거와 보행자가 동일 구간을 이용하면서이 증가하고 있습니다. 자전거와 보행자를 분리하는 신호 도입 가능성에 관한 검토 자료와 비용 추산, 추진 일정이 있는지 확인하고 싶습니다. 유사 산책로 사례 분석 자료도 요청합니다.",부분공개,19
2023-03-23,가람시 새빛구 교통행정과,FOI-2023-03043,맑은마을 커뮤니티센터 앞 적색신호 좌회전 단속 근거 및 위반 통계 (3043호),"맑은마을 커뮤니티센터 앞 교차로에서 적색신호 좌회전 단속이 이루어지고 있다는 이야기를 들었습니다. 해당 단속의 법적 근거와 판단 기준, 위반 차량에 대한 과태료 부과 현황을 알고 싶습니다. 단속 시작 시기 및 효과를 분석한 자료도 요청합니다.",부존재,7
2022-10-02,여울시 단비구 안전총괄과,FOI-2022-03044,빛솔광장 일대 야간 보행자 신호 가시성 확보 방안 자료 (3044호),"빛솔광장 일대 야간에 보행자 신호가 주변 조명 때문에 잘 보이지 않습니다. 신호 가시성을 높이기 위한 개선 방안이 있는지, 유사 지역에서한 개선 사례가 있는지 알고 싶습니다. 해당 지역 야간 교통량 조사 자료도 요청합니다.",공개,19
2022-09-05,여울시 단비구 안전총괄과,FOI-2022-03045,새봄역 환승구역 실시간 신호 정보 제공 시스템 도입 계획 (3045호),"새봄역 환승구역에서 실시간 신호 정보 제공 시스템 도입 계획이 있는지 확인하고 싶습니다. 현재 신호 정보를 제공하는 방식과 도입 예정인 시스템의 사양, 추진 일정을 알고 싶습니다. 다른 환승구역과의 연계 가능성도 알려주시기 바랍니다.",공개,5
2024-11-20,예담시 늘품구 안전총괄과,FOI-2024-03046,도담천 산책로 야간 조명 연동 신호 체계 운용 현황 (3046호),"도담천 산책로에서 야간 조명과 연동되는 신호 체계가 운용되고 있는 것으로 알고 있습니다. 해당 신호 체계의 운용 시간, 조명 밝기와의 연동 방식, 안전 관련 추가 시설 현황을 알고 싶습니다. 운용 매뉴얼과관리 규정도 요청합니다.",부분공개,11
2025-08-06,새봄시 한울구 교통행정과,FOI-2025-03047,한울초 주변 과속 단속 카메라 설치 위치 및 운용 시간 (3047호),"한울초 주변 통학로에서 어린이 보호를 위해 과속 단속 카메라가 필요하다고 요청드렸습니다. 현재 설치 여부 및 설치 위치, 운용 시간대가 어떻게 설정되어 있는지 알고 싶습니다. 해당 단속 카메라의 촬영 방식과 데이터 처리 기간도 요청합니다.",부분공개,6
2023-07-04,해솔시 교통행정과,FOI-2023-03048,미르로 교차로 대중교통 우선 신호 체계 운영 실적 (3048호),"미르로 교차로에서 버스 등 대중교통에 우선 신호를 부여하는 체계가 운영되고 있습니다. 해당 체계의 운영 시간, 우선 신호를 부여하는 기준 및 대상 노선, 운영 효과에 관한 평가 자료가 있는지 확인하고 싶습니다. 우선 신호 미적용 시 보상이나 조치 방안도 알려주시기 바랍니다.",공개,10
2024-06-25,새봄시 한울구 교통행정과,FOI-2024-03049,라온체육센터 주변 불법 주정차 신고 접수 및 처리 절차 (3049호),"라온체육센터 주변에서 불법 주정차 신고 시 처리 절차가 어떻게 되는지 알고 싶습니다. 신고 접수 방식, 처리 소요 기간, 처리 결과를 신고인에게 회신하는 방식에 관한 규정을 요청합니다. 최근 신고 건수 및 처리율 통계도 알려주시기 바랍니다.",부분공개,1
2022-10-18,새봄시 한울구 교통행정과,FOI-2022-03050,가온로 보행구간 점자블록 설치 위치 현황 및 개선 요청 처리 이력 (3050호),"가온로 보행구간에 점자블록이 설치되어 있는지 확인하고 싶습니다. 현재 설치 위치 현황과 등급, 최근 또는 보수 요청에 대한 처리 이력을 알고 싶습니다. 보행약자 배려를 위한 신호 접근성 개선 계획도 요청합니다.",공개,15
2025-04-17,도담군 도시계획과,FOI-2025-03051,샘물동 생활권 근린공원 불법 건축물 조사 의결문 청구 (3051호),샘물동 생활권 내 근린공원 주차장 부지에서 철골 구조물 건축 공사가 무단 진행되고 있습니다. 현장 확인 결과 허가된 용도와 다른 시설이 설치된 것으로 의심됩니다. 관련 부서에서 수색 나중에 사실관계 확인과 시정 조치 내용을 알려주세요.,부분공개,17
2025-08-19,가람시 열린구 건축허가과,FOI-2025-03052,미래복합센터 인근 건축허가 대장 열람 청구 (3052호),미래복합센터 인근에서 지난 3년간 허가된 건축물의 용도변경 이력을 전수 확인하고자 합니다. 건축물 수가 증가함에 따라 주변 교통 혼잡과 안전 문제가 우려되고 있어 관련 자료를 요청합니다.,부존재,1
2025-03-25,가람시 열린구 건축허가과,FOI-2025-03053,가온로 보행구간 무단 점용 공사 관련 행정지도 요구 (3053호),가온로 보행구간에서 최근 발생한 무단 점용 공사로 통행에 불편이 발생했습니다. 해당 공사에 대한 행정지도 발부 내역과 관련 허가 위반 시 과태료 부과 현황을 알려주시기 바랍니다.,부존재,9
2022-04-30,해솔시 건축허가과,FOI-2022-03054,새빛시장 주변 건축물 용도외 사용 단속 처리결과 청구 (3054호),새빛시장 주변 상가 건물들이 허가된 용도가 아닌 형태로 운영되는 일이 빈번합니다. 최근 6개월간 해당 지역에 대한 용도외 사용 단속 실적과 조치 내용을 상세히 알려주세요.,공개,9
2025-05-29,예담시 늘품구 도시계획과,FOI-2025-03055,한울초 주변 통학로 일대 건축현장 안전관리 실적 청구 (3055호),한울초 주변 통학로 인접 부지에서 진행 중인 건축현장의 안전관리 실적과 주변 통행인 보호 조치를 점검할 필요가 있습니다. 현장 안전 관리자 배치 현황과 사고 발생 이력을 알려주시기 바랍니다.,부분공개,14
2022-09-19,새봄시 한울구 도시계획과,FOI-2022-03056,도담천 산책로 인접 건축물 경관심사 신청내역 열람 청구 (3056호),도담천 산책로와 인접한 신규 건축プロジェクト에 대한 경관심사 신청 내역을 확인하고자 합니다. 해당 심사 과정에서 주변 경관에 미치는 영향 분석 자료와 심의 결과를 알려주세요.,부분공개,2
2024-08-01,온빛시 도시계획과,FOI-2024-03057,라온체육센터 주변 불량 건축업체 신고 접수 기록 청구 (3057호),라온체육센터 주변 지역에서 불량 건축업체 의심 건에 대한 신고 접수가 어떻게 처리되었는지 확인이 필요합니다. 신고 접수부터 수사 검토까지의 처리 경위를 상세히 알려주세요.,부분공개,16
2024-01-01,빛솔시 아람구 건축허가과,FOI-2024-03058,온빛도서관 앞 무허가 건물 철거 명령 이행정도 청구 (3058호),온빛도서관 앞 부지에 설치된 무허가 건물에 대한 철거 명령이되지 않고 있습니다. 행정처분의 발효 일시부터 현재까지의 이행정도를 알려주시기 바랍니다.,공개,2
2024-07-20,가람시 새빛구 건축허가과,FOI-2024-03059,누리버스 정류장 인접 불법 건축물 정비계획 고시문 청구 (3059호),누리버스 정류장 주변에서 장기 방치된 불법 건축물이 보행자 안전을 위협하고 있습니다. 해당 건축물에 대한 정비계획 고시문 원본과 주민 설명회 개최 이력을 알려주세요.,공개,18
2023-03-29,가람시 열린구 건축허가과,FOI-2023-03060,새봄역 환승구역 지하층 건축허가 보류 사정내역 청구 (3060호),새봄역 환승구역 지하층 건축허가가 보류된 사정내역을 구체적으로 알고 싶습니다. 보류 사유로 언급된 교통 영향 평가와 방재 계획 관련 문서의 존재 여부를 확인하고자 합니다.,비공개,18
2022-02-03,도담군 건축허가과,FOI-2022-03061,맑은마을 커뮤니티센터 부지 용도변경 허가 심의 기록 청구 (3061호),맑은마을 커뮤니티센터 부지의 용도변경 허가 신청에 대한 심의 기록을 요청합니다. 신청서 접수부터 허가 결정까지의 세부 심의 과정을 확인할 수 있는 자료를 제공해주십시오.,부분공개,13
2022-12-30,도담군 건축허가과,FOI-2022-03062,세움산업단지 입구 택지 개발 건축제한 설정 근거 청구 (3062호),세움산업단지 입구 일대에 건축제한이 설정된 근거 규정을 알고 싶습니다. 해당 제한 지정 시 참조된 용도지역 분류와 관련 조례 개정이행 과정을 알려주세요.,비공개,16
2025-12-10,여울시 단비구 도시계획과,FOI-2025-03063,해솔문화광장 주변 기존 건축물 대수선 신고 현황 청구 (3063호),해솔문화광장 주변 건축물들의 대수선 신고 현황을 조사할 필요가 있습니다. 최근 5년간 해당 지역에서 접수된 대수선 신고 건수와 처리 기간을 알려주시기 바랍니다.,공개,8
2025-07-07,도담군 건축허가과,FOI-2025-03064,한들동 생활권 주거환경 개선을 위한 불법 건축물 정비보고서 청구 (3064호),한들동 생활권 주거환경 개선사업을 추진하면서 불법 건축물 정비보고서가 작성되었다고 들었습니다. 해당 보고서의 작성 경위와 함께 정비 대상 건축물 목록을 알려주세요.,공개,15
2023-06-23,세움시 맑은구 건축허가과,FOI-2023-03065,미르로 교차로 주변 가로변 건물 구조 안전진단 결과 청구 (3065호),미르로 교차로 주변 가로변 건물들의 구조 안전진단이 이루어졌다는 안내를 받았습니다. 안전진단 결과와 함께 판정 기준 및 긴급 안전조치 필요 시설 목록을 알려주시기 바랍니다.,부분공개,12
2023-01-16,도담군 도시계획과,FOI-2023-03066,너울천 산책로 부지 무단 점용 건축물 이행강제 현황 청구 (3066호),너울천 산책로 부지 내 무단 점용 건축물에 대해 이행강제 절차가 진행되고 있습니다. 현재 이행강제 절차의 진행 단계와 강제집행 예정 일정을 알려주시기 바랍니다.,공개,20
2024-04-04,미래군 도시계획과,FOI-2024-03067,빛솔광장 일대 건축물 미신고 공사의 민원 처리결과 청구 (3067호),빛솔광장 일대에서 건축물이 미신고 공사가 진행된다는 민원을 제기한 바 있습니다. 해당 민원의 처리 결과와 관련의 현장 확인 및 조치 내용을 알려주세요.,공개,17
2022-04-28,누리시 바른구 건축허가과,FOI-2022-03068,가람공공청사 주변 다가구주택 건축허가 심사자격 요건 심사 기록 (3068호),가람공공청사 주변 다가구주택 건축허가 신청 시 심사자격 요건을 갖추었음에도 허가가되었다는 이야기를 듣고 있습니다. 심사자격 기록과 보완 요구 사항을 알려주세요.,공개,17
2025-07-07,가람시 새빛구 도시계획과,FOI-2025-03069,샘물동 생활권 도시계획시설 결정 변경안에 대한 주민 의견 수렴 내역 (3069호),"샘물동 생활권의 도시계획시설 결정 변경안에 대해 주민 의견 수렴이 이루어졌다고 확인했습니다. 의견 수렴 기간, 수집된 주민 의견 건수, 주요 반대 의견 내용을 알려주시기 바랍니다.",부분공개,4
2023-03-28,미래군 도시계획과,FOI-2023-03070,푸른마루 교차로 인접 상가 건물 리모델링 허가조건 이행 점검결과 (3070호),푸른마루 교차로 인접 상가 건물의 리모델링 공사에 허가조건이 제대로 이행되고 있는지 확인이 필요합니다. 허가조건 이행 점검 결과와 미이행 부분에 대한 후속 조치를 알려주세요.,비공개,4
2023-05-27,온빛시 도시계획과,FOI-2023-03071,열린마을 공원 지하주차장 건축프로젝트 교통영향평가 검토 의견 (3071호),열린마을 공원 부지 지하주차장 건축프로젝트에 대한 교통영향평가 검토 의견서를 열람하고 싶습니다. 해당 검토 과정에서 지적된 주요 문제점과 사업자에 대한 수정 요구 사항을 알려주세요.,부분공개,20
2025-09-26,도담군 도시계획과,FOI-2025-03072,새빛시장 주변 임시 건축물 설치 허가 기간 연장 심사 기준 (3072호),새빛시장 주변에 설치된 건축물의 허가 기간 연장을 신청하려고 합니다. 기간 연장 심사에 적용되는 기준과 심사 과정에서 참고하는 주요 항목을 알려주시기 바랍니다.,부분공개,12
2024-02-10,너울시 물빛구 도시계획과,FOI-2024-03073,한울초 주변 통학로 보행자 보호를 위한 건축현장 통제 조치 내역 (3073호),"한울초 주변 통학로 인접 건축현장에서 보행자 보호를 위한 통제 조치가 시행되고 있습니다. 해당 조치의 도입 배경, 구체적 조치 내용, 이행 여부 감사 결과를 알려주세요.",부분공개,15
2022-05-30,가람시 열린구 건축허가과,FOI-2022-03074,미래복합센터 인근 공동주택 어린이시설 설치 기준 적합성 조사결과 (3074호),"미래복합센터 인근 공동주택 단지에 설치된 어린이시설의 기준 적합성에 대한 조사결과를 요청합니다. 해당 시설의 안전 점검 일시, 판정 결과, 안전 강화 필요 사항을 알려주세요.",공개,13
2024-09-17,누리시 바른구 건축허가과,FOI-2024-03075,도담천 산책로 일대 건축물 노후화 정도 조사 및 재정적 지원 가능성 (3075호),도담천 산책로 일대 건축물들의 노후화 정도가 심각하다고 느껴집니다. 해당 지역에 대한 건축물 노후화 조사 결과와 함께물 재정 지원 사업의 신청 가능 여부를 알려주시기 바랍니다.,공개,4
2025-01-07,누리시 바른구 안전총괄과,FOI-2025-03076,세움산업단지 입구 공사 소음 측정 데이터 공개 요청 (3076호),인근 아파트에 영향을 미치는 공사의 소음 수준이 법적 기준에 부합하는지 확인하고자 합니다. 2024년 7월부터 현재까지 해당 구간의 소음 측정 데이터와 허용 기준 초과 여부를 요청합니다.,부존재,10
2024-09-20,해솔시 환경위생과,FOI-2024-03077,누리버스 정류장 일대 새벽 배송 소음 민원 처리 이력 (3077호),아침 5시경 대형 차량이 지나가면서 발생하는 소음과 배기음이 심각합니다. 구직중이라 새벽에 잠을 설치면 하루 종일 효율이 떨어지는 상황입니다. 해당 구간의 소음 실태 조사 이력을 요청합니다.,부분공개,2
2025-07-09,새봄시 한울구 환경위생과,FOI-2025-03078,도담천 산책로 주변 황사 농도 측정 데이터 요청 (3078호),최근 산책로를 이용하다 황사가 심해 호흡기 불편을 겪고 있습니다. 공원 이용객들도 비슷한 증상을 호소하고 있어 대기 환경에 문제가 있다고 판단됩니다. 해당 지역 대기 측정 데이터와 황사 농도 분석 결과를 요청합니다.,부분공개,1
2024-04-15,새봄시 한울구 안전총괄과,FOI-2024-03079,가온로 보행구간 전동 공구 진동 측정 결과 공개 (3079호),아파트 바로 옆 가로 정비 공사사용되는 전동 공구의 진동이 건물의 벽면 균열을 의심케 합니다. 진동과 구조물 피해의 상관관계를 파악하기 위해 소음진동 측정 데이터와 시정 조치 내용을 요청합니다.,부분공개,4
2023-01-02,미래군 환경위생과,FOI-2023-03080,샘물동 생활권 대기 질 악화와 인근 공장 배기가스 상관관계 조사 기록 (3080호),아파트에서 냄새가 신경 쓰이고 대기 질이 나빠진 것 같습니다. 인근 공장의 배기가스 배출이 원인인지 확인하고 싶습니다. 배출허용기준 초과 여부와 대기환경보전법상 지도점검 이력을 요청합니다.,공개,8
2023-07-19,가람시 새빛구 환경위생과,FOI-2023-03081,새빛시장 주변 음식점 악취 민원 처리 경위 공개 (3081호),시장 주변 음식점에서 나는 누룩내가 점점 심해지고 있습니다. 동네 상인들이 함께 해결을 요청드리고자 합니다. 5월부터 현재까지 환경관리청서에서 어떤 조치가 이루어졌는지 처리 경위를 요청합니다.,부분공개,12
2025-02-07,해솔시 안전총괄과,FOI-2025-03082,한울초 주변 통학로 대기 질 측정 데이터 및 개선 계획 (3082호),자녀가 한울초에 다니는데 학교 바로 옆 도로는 차가 많아 먼지가 많습니다. 학부모로서 아이의 건강이 걱정됩니다. 해당 구간의 대기 환경 측정 데이터와 개선 계획 수립 여부를 요청합니다.,부분공개,4
2023-07-06,너울시 물빛구 환경위생과,FOI-2023-03083,미래복합센터 인근 공사 소음·먼지 영향 평가 결과 공개 (3083호),복합센터 공사 소음과 먼지가 학교에 영향을 미치는지 궁금합니다. 4월부터 진행 중인 공사로 학생들의 학습 환경이 영향받았는지 환경관리청서의 영향 평가 결과를 요청합니다.,부분공개,12
2025-09-01,예담시 늘품구 안전총괄과,FOI-2025-03084,맑은마을 커뮤니티센터 실내 공기 질 측정 기록 공개 (3084호),커뮤니티센터에서 운동을 하다 환기가 부족한 공기가 답답하게 느껴집니다. 회원들도 호흡기 불편을 호소하고 있어 공기 순환 시스템이 적절한지 궁금합니다. 최근 1년간의 실내 공기 질 측정 결과를 요청합니다.,비공개,2
2025-07-24,새봄시 한울구 안전총괄과,FOI-2025-03085,해솔문화광장 주변 음식점 유막 발생원 조사 결과 및 조치 내용 (3085호),광장 주변 음식점에서 나는 유막 냄새가 점점 심해지고 있습니다. 주말이면 주변으로 악취가 퍼져 근처 주민들이 고통받고 있습니다. 해당 음식점에 대한 현장 점검 결과와 조치 내용을 요청합니다.,부분공개,18
2023-12-31,온빛시 환경위생과,FOI-2023-03086,한들동 생활권 소음 지도 작성 현황 및 데이터 공개 (3086호),생활권 전체의 소음 분포 현황을 파악하고 싶습니다. 최근 여러 곳에서 소음 민원이 증가하고 있어 지역 환경 개선의 기초 자료로 활용하기 위해 소음 지도 작성 현황을 요청합니다.,공개,5
2023-11-07,도담군 안전총괄과,FOI-2023-03087,너울천 산책로 주변 공사 진동 피해 조사 및 조치 이력 (3087호),산책로 옆 공사에서 발생하는 진동이 심해 잠을 설치고 있습니다. 동네 어르신들도 불면증을 호소하고 계십니다. 진동 피해 조사 이력과 환경관리청서의 조치를 요청합니다.,비공개,18
2023-03-18,세움시 맑은구 안전총괄과,FOI-2023-03088,새봄역 환승구역 주변 교통 소음 측정 데이터 공개 (3088호),환승구역 주변에서 지나는 버스와 택시의 소음이 신경 쓰입니다. 야간에도 차량 소음이 계속되어 수면이 어려움을 겪고 있습니다. 최근 6개월간 해당 구간의 소음 측정 데이터를 요청합니다.,공개,16
2024-07-18,빛솔시 아람구 안전총괄과,FOI-2024-03089,미래복합센터 인근 대기 환경 영향 평가 결과 공개 (3089호),복합센터 시설이 들어서면서 주변 대기 환경에 변화가 있는지 궁금합니다. 입지 선정 시 환경 영향을 어떻게 평가했는지 궁금합니다. 대기 환경 영향 평가 결과를 요청합니다.,공개,18
2025-08-04,가람시 열린구 환경위생과,FOI-2025-03090,한울초 주변 통학로 대기 질 악화 원인 이력 (3090호),자녀가 한울초에 다니는데 최근 통학로 공기 질이 나빠져 호흡기 불편을 겪고 있습니다. 학교 근처 대기 측정station 데이터와 함께 원인 이력을 요청합니다.,부분공개,20
2022-12-15,도담군 안전총괄과,FOI-2022-03091,라온체육센터 주변 야간 공사 소음 민원 처리 경위 공개 (3091호),체육센터 옆 공사가 밤 11시가 넘어도 계속되어 수면 장애를 겪고 있습니다. 민원을 넣었는데 처리가 되었는지 궁금합니다. 소음 측정 데이터와 민원 처리 경위를 요청합니다.,부분공개,14
2025-08-31,세움시 맑은구 안전총괄과,FOI-2025-03092,도담천 산책로 주변 환경 영향 평가 결과 공개 (3092호),산책로 주변 개발 사업이 환경에 미치는 영향을 파악하고자 합니다. 주변 생태계와 주민 생활 환경에 대한 종합 평가 결과를 요청합니다. 산책로 이용객의 건강과 환경을 위해 중요합니다.,부분공개,15
2025-06-16,누리시 바른구 환경위생과,FOI-2025-03093,샘물동 생활권 대기 질 변화 추이 및 장기 모니터링 데이터 (3093호),생활권 전체의 대기 질 변화 추이를 파악하고 싶습니다. 최근 3년간의 대기 환경 데이터를 요청합니다. 생활권 환경 관리에 참고할 수 있는 정보를 원합니다.,부분공개,9
2024-05-15,도담군 안전총괄과,FOI-2024-03094,새빛시장 주변 음식점 유막 관리 현황 및 개선 계획 (3094호),시장 주변 음식점 문제가 심각합니다. 주변 상인들과 함께 지속적인 관리가 이루어지고 있는지 궁금합니다. 관리 현황 및 향후 개선 계획을 요청합니다.,부분공개,14
2022-11-21,여울시 단비구 안전총괄과,FOI-2022-03095,가온로 보행구간 전동 공구 진동 피해 조치 현황 공개 (3095호),가로 정비 공사 진동으로 인한 피해를 입었다고 생각합니다. 진동 측정 결과와 함께 시에서 어떤 조치를 취했는지 확인하고 싶습니다. 피해 조치 현황을 요청합니다.,공개,4
2023-07-18,가람시 새빛구 안전총괄과,FOI-2023-03096,한들동 생활권 소음 민원 처리 경위 및 개선 조치 이력 (3096호),생활권 일대에서 발생한 소음 민원이 어떻게 처리되었는지 궁금합니다. 환경관리청서의 처리 경위와 개선 조치 이력을 파악하여 향후 생활권 환경 관리에 참고하고 싶습니다.,비공개,7
2022-07-25,여울시 단비구 안전총괄과,FOI-2022-03097,미르로 교차로 주변 가로등 조명 빛 공해 측정 데이터 공개 (3097호),교차로 주변 가로등이 밝아 수면 장애를 겪고 있습니다. 조명 빛이 야간 수면 환경에 영향을 미치는지 궁금합니다. 빛 공해 관련 측정 데이터와 향후 관리 계획을 요청합니다.,공개,14
2024-05-03,온빛시 안전총괄과,FOI-2024-03098,가람공공청사 주변 대기 질 측정 데이터 및 오염 원인 분석 (3098호),공공청사 주변의 대기 질이 나쁜 것 같아 확인하고 싶습니다. 측정 데이터와 함께 주요 오염 원인이 무엇인지 분석 결과를 요청합니다. 지역 환경 보전을 위한 기초 자료로 활용하고자 합니다.,부분공개,1
2022-07-29,여울시 단비구 환경위생과,FOI-2022-03099,한울초 주변 통학로 대기 질 개선 이력 및 향후 계획 공개 (3099호),"교사として 학생들의 건강과 학습 환경을하고 있습니다. 통학로 대기 질 개선을 위해 어떤 노력이 이루어졌는지, 향후 계획은 무엇인지 요청합니다. 학생들의な에 꼭 필요합니다.",공개,2
2025-05-19,라온군 안전총괄과,FOI-2025-03100,미래복합센터 인근 대기 환경 영향 평가 결과 및 데이터 (3100호),복합센터 인근 지역 환경 영향을 평가한 결과가 있는지 궁금합니다. 주민들이 환경 피해를 입지 않도록 시설 입지선정 시 환경 영향 평가 결과를 확인하고 싶습니다. 환경 보전과 행정 투명성을 위해 요청합니다.,공개,4
2022-03-27,온빛시 재무회계과,FOI-2022-03101,샘물동 생활권 경로당 확충 및 운영 예산 집행내역 (3101호),혼자 사는 고령 가구로서 가까운 경로당 이용이 유일한 사회적 교류 수단입니다. 샘물동 생활권 내 경로당 확충 계획과 관련 예산이 집행된 내역이 있는지 확인 요청합니다. 기존 경로당 운영비와 신규 확충 사업비 세부내역을 알기 원합니다.,부분공개,12
2022-03-12,너울시 물빛구 재무회계과,FOI-2022-03102,고령자 이동권 확보 위한 마을버스 노선 확대 예산 내역 (3102호),단독주택에 혼자 거주하며 대중교통 이용이 필수적인 상황입니다. 푸른마루 교차로 일대 마을버스 노선 확대 사업 추진 여부와 예산 배정 규모를 알고 싶습니다. 노선 선정 기준과 배차 간격 개선 계획이 있는지 확인 요청합니다.,부분공개,3
2024-07-12,너울시 물빛구 재무회계과,FOI-2024-03103,맞춤형 일자리 창출사업 예산 중 구직자 지원 항목 (3103호),혼례 업종 퇴직 후 구직 중인 고령자로서 맞춤형 일자리 창출사업 참여를 고려하고 있습니다. 124 사업 중 고령 구직자 지원 항목의 예산 배분 내역과 지원 대상 선정 기준을 알려주시기 바랍니다.,공개,9
2022-08-23,새봄시 한울구 재무회계과,FOI-2022-03104,노인장기요양보험 등 급여비 본인부담 경감 예산 집행 (3104호),"급여 미성 건강 악화로 장기요양보험 적용을 중입니다. 본인부담 경감을 위한 예산 규모와 신청 자격 기준, 집행 현황을 확인하고 싶습니다. 특히 경로당 재가급여 연계 사업이 있는지 알려주세요.",부분공개,10
2023-06-16,너울시 물빛구 재무회계과,FOI-2023-03105,가온로 보행구간 무장애 환경 조성사업 예산 세부내역 (3105호),"단독주택에서 열린마을 공원으로 산책하러 갈 때 가온로 보행구간이 주 출입로입니다. 고령자의 보행 안전을 위한 무장애 환경 조성사업 예산이 배정되었는지, 구체적으로 어떤 공사에 투입되었는지 확인 요청합니다.",공개,7
2025-09-02,가람시 열린구 복지정책과,FOI-2025-03106,연립주택 투기지역 배수시설 개선사업 예산 배정 내역 (3106호),배우자와한 상태로 연립주택에 혼자 거주하며 배수 문제로 어려움을 겪고 있습니다. 세움산업단지 입구 연립주택 밀집 지역 배수시설 개선사업 예산 배정 현황과 사업 추진 일정을 알고 싶습니다.,부분공개,12
2025-12-22,세움시 맑은구 재무회계과,FOI-2025-03107,운송장비 조립원 재직 시절 경력 인정 확대 지원금 예산 (3107호),"운송장비 조립원에서 퇴직 후 현재 구직 중인 상태로, 해당 업종 경력을 인정받는 지원 제도 도입 여부를 확인하고 싶습니다. 경력 인정 확대 관련 예산 배정 규모와 지원금 지급 대상 선정 기준을 알려주세요.",부분공개,15
2024-03-30,세움시 맑은구 복지정책과,FOI-2024-03108,새빛시장 주변 식품안전 점검 강화 예산 집행 현황 (3108호),"연립주택에서 새빛시장까지 거리가 가까워 시장 이용이 일상적입니다. 식품안전 점검 강화 예산이 얼마나 투입되었고, 어떤 점검 기준과 빈도로 운영되는지 확인 요청합니다. 특히 위생 불량 시설 제재 기준도 알고 싶습니다.",부분공개,7
2025-04-07,미래군 복지정책과,FOI-2025-03109,가람공공청사 장애인 편의시설 확충 (3109호),"연립주택 경사로 인해 이동에 어려움을 겪고 있으며, 공공청사 이용 시 장애인 편의시설 현황을 확인하고 싶습니다. 가람공공청사 내 엘리베이터 등 편의시설 확충 관련 예산이 배정되었는지 알려주세요.",부분공개,13
2025-05-03,빛솔시 아람구 재무회계과,FOI-2025-03110,고령 실업급여 지급 현황 및 체류 기간별 내역 (3110호),"구직이며 실업급여 수급 자격과 지급 기간을 확인하고 싶습니다. 특히 60세 이상 고령 구직자의 실업급여 지급 현황이 전체 대비どの인지, 체류 기간별 지급 실적을 알고 싶습니다.",공개,4
2024-11-23,빛솔시 아람구 재무회계과,FOI-2024-03111,배우자 동반 거주 가구를 위한 복지시설 홍보 예산 내역 (3111호),"배우자와 함께 단독주택에 거주하며 노후 생활 설계에 어려움을 느끼고 있습니다. 부부 동반형 복지시설이나 교육 프로그램 홍보에 예산이 얼마나 투입되었는지, 어떤 내용으로 운영되는지 확인 요청합니다.",부분공개,10
2025-08-01,빛솔시 아람구 재무회계과,FOI-2025-03112,도담천 산책로 안전시설 설치 사업 예산 세부 항목 (3112호),"부인과 함께 도담천 산책로를 단골로합니다. 야간 조명 시설 등 안전시설 설치 관련 예산이 집행되었는지, 어떤 공사에 얼마가 투입되었는지 구체적으로 알려주시기 바랍니다.",부분공개,15
2022-08-07,세움시 맑은구 재무회계과,FOI-2022-03113,전직 제조업 종사자 재취업 지원사업 예산 배분 현황 (3113호),"천일염 생산 공정에서 퇴직 후 구직 중이며, 제조업 경력을 활용한 재취업 지원제도가 있는지 확인하고 싶습니다. 해당 지원사업 예산 배분과 선정 기준, 신청 자격 요건을 알려주세요.",공개,15
2023-03-21,가람시 새빛구 재무회계과,FOI-2023-03114,한울초 주변 통학로 어린이 보호 구역 설치 예산 내역 (3114호),"배우자와 함께 거주하며의 통학 안전이 걱정됩니다. 한울초 주변 통학로에 어린이 보호 구역 설치 사업이 추진되었는지, 관련 예산 규모와 구체적인 안전 시설 종류를 알고 싶습니다.",부분공개,19
2022-08-10,누리시 바른구 복지정책과,FOI-2022-03115,가정폭력 피해 가구 긴급지원금 예산 집행 현황 (3115호),"배우자와 함께 거주하며 가정 내 갈등으로 인해 긴급지원금 제도 존재 여부를 확인하고 싶습니다. 가정폭력 피해 가구 긴급지원금 예산 규모와 지급 실적, 신청 절차를 알려주세요.",부분공개,2
2022-09-09,너울시 물빛구 재무회계과,FOI-2022-03116,다세대주택 공용부분 보수 용역 예산 집행 내역 (3116호),"배우자와 자녀와 함께 다세대주택에 거주하며 공용부분 보수 문제가 지속되고 있습니다. 관리비에서 공용부분 보수를 위한 용역 예산이 얼마이고, 어떤 공사에 투입되었는지 확인 요청합니다.",부분공개,15
2023-10-29,가람시 새빛구 복지정책과,FOI-2023-03117,자녀 학용품비 지원사업 예산 중 다문화 가구 배분 비율 (3117호),자녀가 다문화가정 출신과 함께 학교를 다니고 있어 관련 지원제도가 있는지 확인하고 싶습니다. 다문화 가구 대상 학용품비 지원사업 예산 배분 비율과 지원 대상 선정 기준을 알려주세요.,비공개,20
2025-02-25,해솔시 복지정책과,FOI-2025-03118,자동차 부품 제조업kerja사업 예산 집행 현황 (3118호),"자동차 엔진 조립원으로서 factory 작업 환경 개선이 가장 큰 고민입니다. 제조업 작업환경 개선 관련 보조금이나 지원제도가 있는지, 예산이 얼마나 배정되었는지 확인 요청합니다.",부분공개,13
2025-05-29,너울시 물빛구 재무회계과,FOI-2025-03119,미래복합센터 인근 주차장 확충사업 예산 세부 항목 (3119호),"다세대주택에 거주하며 차량을 소유하고 있으나 주차 공간이 부족합니다. 미래복합센터 인근 주차장 확충사업 예산이 배정되었는지, 주차면 규모와 공사비 세부 내역을 알려주세요.",공개,15
2025-07-16,누리시 바른구 복지정책과,FOI-2025-03120,가족동거 가구 맞춤형 건강검진 프로그램 예산 내역 (3120호),"배우자와 자녀와 함께 거주하며 가족 전체 건강검진 지원를 찾고 있습니다. 가족동거 가구를 대상으로 한 맞춤형 건강검진 프로그램 예산 배정 현황과 검진 항목, 신청 방법을 알려주세요.",공개,13
2025-09-02,미래군 재무회계과,FOI-2025-03121,대리석 시공 현장 조치 지원금 예산 집행 현황 (3121호),"대리석 부착원으로 일하며현장 미세먼지 노출에 대한 걱정이 큽니다. 미세먼지 방지 조치 지원제도가 있는지, 관련 예산 규모와 신청 자격 기준을 확인하고 싶습니다.",공개,17
2025-10-01,세움시 맑은구 복지정책과,FOI-2025-03122,아파트 경로당사업 예산 배정 및 추진 일정 (3122호),"배우자와 어머니, 자녀와 함께 아파트에 거주하며 어머니를 위한 경로당을んでいます. 아파트 단지 내 경로당사업 예산 배정 현황과 추진 일정을 알려주시기 바랍니다.",공개,10
2023-08-29,도담군 재무회계과,FOI-2023-03123,부양가족 포함 건강보험료Employer 부담 경감 제도 예산 (3123호),가족을 부양하며 건강보험료 부담이 가중되고 있습니다. 부양가족이 포함된 가구 대상 건강보험료 Employer 부담 경감 제도 도입 여부와 예산 규모를 확인하고 싶습니다.,비공개,16
2024-01-28,온빛시 복지정책과,FOI-2024-03124,누리버스 정류장 휠체어리프트 설치사업 예산 세부 내역 (3124호),"어머니가 Mobility로 휠체어를 사용하며 누리버스 정류장 이용이 어렵습니다. 휠체어리프트 설치사업 예산이 배정되었는지, 누리버스 정류장 중곳에 설치될 예정인지 알려주세요.",공개,17
2025-01-26,여울시 단비구 복지정책과,FOI-2025-03125,한들동 생활권 공동주택 전세보증금 지원사업 예산 현황 (3125호),"가족과 함께 아파트에 거주하며 향후 전세보증금 지원 가능성을 확인하고 싶습니다. 한들동 생활권 공동주택 전세보증금 지원사업 예산 배정 규모와 소득 기준, 지원 한도액을 알려주세요.",부분공개,17
2025-03-10,온빛시 재무회계과,FOI-2025-03126,한울초 주변 통학로 가로등 교체 예산 집행 내역 공개 청구 (3126호),"한울초 주변 통학로의 가로등이 오래되어 어두운 구간이 있습니다. 등교시간에 학생들이 안전하게 다니려면 가로등 교체 공사가 필요한 상황입니다. 해당 구간의 가로등 교체 공사에 투입된 예산 규모, 공사 단가, 시공 업체 선정 과정, 공사 완료 후 점검 일정에 대한 세부 내역을 공개해 주시기 바랍니다.",부분공개,16
2023-12-21,새봄시 한울구 재무회계과,FOI-2023-03127,미르로 교차로 교통안전시설 설치 사업비 사용 내역 공개 청구 (3127호),"미르로 교차로는 차량 통행량이 많은데 신호등 전환 시간이 짧아 보행자 안전에 우려가 있습니다. 최근 설치된 교통안전시설의 사업 추진 경위, 확보된 예산 규모, 세부 항목별 지출 내역, 향후 유지관리 계획 등을 확인할 수 있도록 관련 서류를 공개해 주시기 바랍니다.",부분공개,17
2024-03-03,해솔시 재무회계과,FOI-2024-03128,새봄역 환승구역 청소 용역비 집행내역 공개 청구 (3128호),"새봄역 환승구역은 하루 이용객이 많은 만큼 청소 상태가 쾌적하게 유지되어야 합니다. 최근 계약된 청소 용역의 계약 금액, 용역 수행 인력 규모, 청소 빈도 및 항목, 감독 검사 기준, 용역비 지급 시기 등 세부 집행 내역을 알려주시기 바랍니다.",비공개,20
2023-07-13,가람시 열린구 기획감사과,FOI-2023-03129,도담천 산책로 조명시설 확충 사업 예산 공개 청구 (3129호),"도담천 산책로의 일몰 후 조명 시설이 부족하여 야간 이용객이 안전하게 걷기 어렵습니다. 조명시설 확충 사업을 위해 편성된 예산 규모, 조명 기구 사양 및 단가, 설치 위치별 공사비 배분, 시행 기간 등에 대한 세부 내역을 공개해 주시기 바랍니다.",비공개,8
2023-02-06,누리시 바른구 재무회계과,FOI-2023-03130,라온체육센터 스포츠용품 구매비 지출 내역 공개 청구 (3130호),"라온체육센터에서 스포츠용품을 구매한 내역에 대해 의문이 있습니다. 스포츠용품 구매 품목별 금액, 구매 시기, 구매 방식, 입찰 또는 수의계약 여부, 공급 업체 선정 과정 등을 확인할 수 있도록 관련 정보를 공개해 주시기 바랍니다.",비공개,4
2022-03-28,미래군 재무회계과,FOI-2022-03131,샘물동 생활권 공유지 확충 사업 추진 경과 및 예산 배분 현황 공개 청구 (3131호),"샘물동 생활권에 계획된 공유지 확충 사업의 추진 경과가 궁금합니다. 사업 추진을 위해 작성된 계획서, 확보된 예산 규모, 항목별 배분 내역, 현재 추진 상황, 향후 일정 등을 확인할 수 있도록 서류를 공개해 주시기 바랍니다.",부분공개,13
2022-06-03,라온군 기획감사과,FOI-2022-03132,푸른마루 교차로 진입도로 확장 공사비 집행내역 공개 청구 (3132호),"푸른마루 교차로의 진입도로 폭이 좁아 출퇴근 시간에 교통 정체가 심합니다. 해당 구간의 도로 확장 공사에 투입된 예산 규모, 공사진행 내역, 항목별 지출 내역, 감독 검사 결과를 공개해 주시기 바랍니다.",공개,5
2024-08-12,세움시 맑은구 기획감사과,FOI-2024-03133,새빛시장 주변 공중화장실 설치 사업 추진비 공개 청구 (3133호),"새빛시장 주변에는 공중화장실이 부족하여 시민들이 불편을 겪고 있습니다. 공중화장실 설치 사업을 위해 사용된 추진비 규모, 내용, 집행 시기, 관련 용역비 내역 등을 알려주시기 바랍니다.",공개,15
2025-04-22,세움시 맑은구 재무회계과,FOI-2025-03134,가온로 보행구간 보도포장 공사비 사용 현황 공개 청구 (3134호),"가온로 보행구간의 보도포장이 노후화되어 보행자가 걸림 사고가 발생하는 것으로 알려져 있습니다. 보도포장 공사에 투입된 예산 규모, 공사 방식, 업체 선정 과정, 완료 후 검사 결과를 공개해 주시기 바랍니다.",공개,9
2022-11-09,예담시 늘품구 기획감사과,FOI-2022-03135,온빛도서관 앞 야외 설치 예산 집행 내역 공개 청구 (3135호),"온빛도서관 앞에는 시민들이 쉴 수 있는 야외가 없어 불편합니다. 야외 설치 사업에 편성된 예산 규모, 설치 물품 사양 및 단가, 설치 위치, 일정 등을 확인할 수 있도록 관련 정보를 공개해 주시기 바랍니다.",공개,20
2025-05-06,해솔시 기획감사과,FOI-2025-03136,열린마을 공원 분수시설 보수 공사비 지출 내역 공개 청구 (3136호),"열린마을 공원의 분수시설이 고장으로 오랫동안 가동되지 않고 있습니다. 분수시설 보수 공사비 지출 내역, 보수 범위, 사용된 자재 및 단가, 공사 감독 결과 등을 공개해 주시기 바랍니다.",비공개,20
2024-10-23,세움시 맑은구 재무회계과,FOI-2024-03137,한들동 생활권 경로당 보수 비용 집행 현황 공개 청구 (3137호),"한들동 생활권의 경로당에서 노후 시설 보수가 필요한 것으로 알려져 있습니다. 경로당 보수 사업에 투입된 예산 규모, 보수 항목별 지출 내역, 공사 시기, 주민 이용 현황 등을 확인하고자 합니다.",부분공개,6
2022-09-19,해솔시 기획감사과,FOI-2022-03138,미르로 교차로 CCTV 설치 사업비 사용 내역 공개 청구 (3138호),"미르로 교차로 주변에 범죄 예방을 위한 CCTV 설치가 추진된 것으로 알고 있습니다. CCTV 설치 사업의 예산 규모, 카메라 사양 및 단가, 설치 위치, 업체 선정 과정, 유지관리비 내역을 공개해 주시기 바랍니다.",공개,17
2023-07-05,너울시 물빛구 재무회계과,FOI-2023-03139,누리버스 정류장 버스막사 설치 사업 추진 현황 공개 청구 (3139호),"누리버스 정류장에는 시민들이 비를 피할 수 있는 버스막사가 없어 불편합니다. 버스막사 설치 사업 추진 현황, 확보된 예산 규모, 설치 위치, 일정, 향후 관리 계획을 공개해 주시기 바랍니다.",부분공개,3
2023-09-22,해솔시 기획감사과,FOI-2023-03140,가람공공청사 주변 보안등 설치 예산 공개 청구 (3140호),"가람공공청사 주변은 야간에이 부족하여 시설 이용 시민들의 안전이 우려됩니다. 보안등 설치 사업에 편성된 예산 규모, 보안등 사양 및 단가, 설치 위치, 일정 등에 대한 정보를 공개해 주시기 바랍니다.",비공개,8
2024-02-08,해솔시 기획감사과,FOI-2024-03141,새봄역 환승구역 무인택배함 설치 사업비 지출 현황 공개 청구 (3141호),"새봄역 환승구역에 무인택배함이 설치되어 시민들이 편리하게 이용하고 있습니다. 무인택배함 설치 사업에 투입된 예산 규모, 설치 대수, 업체 선정 방식, 향후 관리 비용 등에 대한 세부 내역을 공개해 주시기 바랍니다.",부분공개,9
2023-04-01,도담군 기획감사과,FOI-2023-03142,한울초 주변 방범용 CCTV 운영 비용 집행 내역 공개 청구 (3142호),"한울초 주변 통학로에는 학생들의 안전을 위한 방범용 CCTV가 설치되어 있습니다. 해당 CCTV의 운영비 내역, 장비 유지보수 비용, 영상 저장 용량, 교체 주기 등에 대한 정보를 확인하고자 합니다.",부분공개,2
2025-09-29,세움시 맑은구 기획감사과,FOI-2025-03143,새빛시장 주변 상가 가로등 설치 사업 예산 공개 청구 (3143호),"새빛시장 주변 상가은 야간 영업 시간이 긴 만큼 가로등 가림으로 인해 어두운 구간이 있습니다. 상가 가로등 설치 사업에 편성된 예산 규모, 가로등 사양 및 단가, 일정 등을 공개해 주시기 바랍니다.",부분공개,3
2023-11-15,여울시 단비구 재무회계과,FOI-2023-03144,너울천 산책로 안내판 설치 비용 지출 내역 공개 청구 (3144호),"너울천 산책로를 이용하는 시민들이 안내판이 부족하여 방향을 자주 잃는다는 건의가 있습니다. 안내판 설치 사업에 투입된 예산 규모, 안내판 제작 사양 및 단가, 설치 위치, 업체 선정 과정 등을 확인하고자 합니다.",공개,6
2022-12-24,온빛시 재무회계과,FOI-2022-03145,빛솔광장 일대 놀이터 시설 확충 사업비 공개 청구 (3145호),"빛솔광장 일대에는 어린이 놀이터가 부족하여 인근 아파트 아이들이 놀 곳이 없습니다. 놀이터 시설 확충 사업 추진 현황, 확보된 예산 규모, 설치 시설 사양, 업체 선정 과정, 공사 시기 등을 알려주시기 바랍니다.",공개,7
2024-10-06,예담시 늘품구 재무회계과,FOI-2024-03146,맑은마을 커뮤니티센터 강좌 운영비 집행 내역 공개 청구 (3146호),"맑은마을 커뮤니티센터에서 운영되는 다양한 강좌의 운영비 지출 내역이 궁금합니다. 강좌별 강사비, 프로그램 운영비, 재료비, 시설 사용료 등의 항목별 지출 내역, 강사 선정 기준, 강좌 수강 인원 등을 확인할 수 있도록 정보를 공개해 주시기 바랍니다.",공개,15
2024-03-14,너울시 물빛구 기획감사과,FOI-2024-03147,세움산업단지 입구 신호등 설치 사업 추진 현황 공개 청구 (3147호),"세움산업단지 입구는 대형 화물차 통행량이 많아 보행자 신호등이 시급합니다. 신호등 설치 사업 추진 현황, 확보된 예산 규모, 설치 위치, 일정, 업체 선정 과정 등을 확인하고자 합니다.",부분공개,2
2023-04-12,여울시 단비구 기획감사과,FOI-2023-03148,도담천 산책로 벤치 교체 공사비 사용 내역 공개 청구 (3148호),"도담천 산책로의 노후 벤치가 파손되어 시민들이 쉴 곳이 부족합니다. 벤치 교체 공사비 지출 내역, 교체 벤치 사양 및 단가, 교체 위치, 업체 선정 방식 등을 공개해 주시기 바랍니다.",공개,14
2025-01-28,도담군 기획감사과,FOI-2025-03149,가온로 보행구간 점자블록 설치 사업 예산 공개 청구 (3149호),"가온로 보행구간에는 시각장애인의 안전 통행을 위한 점자블록이 부족한 구간이 있습니다. 점자블록 설치 사업에 편성된 예산 규모, 블록 사양 및 단가, 설치 위치, 일정 등을 공개해 주시기 바랍니다.",공개,10
2022-01-14,미래군 재무회계과,FOI-2022-03150,온빛도서관 열람실 확장 공사비 집행 현황 공개 청구 (3150호),"온빛도서관 열람실은 수강생 증가로 공간이 부족하여 불편합니다. 열람실 확장 공사 추진 현황, 확보된 예산 규모, 확장 범위, 항목별 지출 내역, 공사 시기 등을 확인할 수 있도록 서류를 공개해 주시기 바랍니다.",비공개,20
2023-04-30,도담군 일자리경제과,FOI-2023-03151,샘물동 생활권 환경정비사업 수의계약 체결 내역 청구 (3151호),"샘물동 일대 환경정비 관련 수의계약이 다수 체결된 것으로 파악됩니다. 계약일시, 계약상대방, 계약금액, 계약사유 등 세부 내역을 공개하여 주민로서 공익적 관점에서 그 적정성을 확인할 수 있도록 하여 주시기 바랍니다.",공개,2
2025-02-20,새봄시 한울구 재무회계과,FOI-2025-03152,푸른마루 교차로 교통안전시설 입찰결과 및 심사내역 공개 (3152호),"푸른마루 교차로 일대의 교통안전시설 설치 공사에 대한 입찰이 진행된 것으로 확인됩니다. 입찰일시, 참가업체 수, 투찰금액, 심사진형기준, 낙찰업체 선정사유 등 전반적인 입찰 과정을 투명하게 공개하여 공사가 주민의 안전에 실질적으로 기여하는지 확인하고자 합니다.",공개,8
2024-07-25,빛솔시 아람구 재무회계과,FOI-2024-03153,미래복합센터 인근 용역계약 수의계약 현황 및 적정성 검토 (3153호),"미래복합센터 인근 지역에서 추진되는 용역사업 중 수의계약으로 수행된 건에 대한 전체 현황을 파악하고자 합니다. 각 계약의 계약목적, 수의계약 적용 사유, 계약금액 산정근거, 수행기간 등을 체계적으로 안내하여 주시기 바랍니다.",부분공개,5
2022-07-19,가람시 새빛구 재무회계과,FOI-2022-03154,열린마을 공원 조경공사 수의계약 세부내역 청구 (3154호),"열린마을 공원의 조경공사에 수의계약이 적용된 것으로 파악됩니다. 수의계약 결정 근거, 계약상대방 선정 과정, 계약금액이 유사공사 대비 적정한 수준인지 비교분석이 가능한 정보를 공개하여 공원 이용 주민의 알 권리를 보장하여 주시기 바랍니다.",공개,14
2023-04-13,미래군 일자리경제과,FOI-2023-03155,한울초 주변 통학로 안전보강 입찰 및 수의계약 내역 일괄 청구 (3155호),한울초 주변 통학로 안전보강 공사에 관한 입찰결과 및 부득이 수의계약으로 전환된 경우 그 내역을 포함하여 통학로 주변 주민으로서 공사 수혜 대상의 적합성과 계약의 투명성을 확인할 수 있는 정보를 요청합니다.,공개,6
2022-06-06,라온군 일자리경제과,FOI-2022-03156,가온로 보행구간 정비공사 수의계약 상대방 선정내역 (3156호),"가온로 보행구간 정비를 위한 공사가 수의계약으로 진행되었다고 들었습니다. 고령 주민으로서 보행안전에 직접적으로 영향을 주는 이 공사의 계약상대방이 어떠한 과정을 거쳐 선정되었는지, 계약금액은 어떠한 기준으 로 산정되었는지 구체적으로 알고 싶습니다.",공개,10
2022-10-13,세움시 맑은구 일자리경제과,FOI-2022-03157,누리버스 정류장 주변 환경개선 수의계약 내역 공개 (3157호),누리버스 정류장 주변 환경개선 사업을 수의계약으로 추진한 내역을 요청합니다. 고령자의 대중교통 이용 편의성에 관한 사업인 만큼 계약의 적정성과 주민 적합성을 확인할 필요가 있어 상세 내역을 안내하여 주시기 바랍니다.,부분공개,6
2022-11-08,라온군 일자리경제과,FOI-2022-03158,새빛시장 주변 상가보수 공사 수의계약 결과 공개 (3158호),"새빛시장 주변 상가보수 공사 관련 수의계약이 체결된 내역을 요청합니다. 지역 경제 활성화와 직결되는 사업인 만큼 계약상대방의 사업자격, 계약금액 산정근거, 공사 수행능력 등이 투명하게 공개되어야 한다고 판단되어 청구합니다.",부분공개,4
2024-11-01,해솔시 일자리경제과,FOI-2024-03159,도담천 산책로 유지보수 계약 수의계약 내역 및 사후관리 현황 (3159호),"도담천 산책로의 유지보수에 관한 수의계약이 반복적으로 체결된 것으로 파악됩니다. 수의계약 적용 근거, 계약상대방, 계약금액, 유지보수 범위 및 주기, 사후관리 이행 등을 종합적으로 안내하여 주시기 바랍니다.",공개,15
2022-02-17,해솔시 일자리경제과,FOI-2022-03160,한들동 생활권 공용시설 급수배관 교체 수의계약 세부내역 (3160호),"한들동 생활권 공용시설의 급수배관 교체 공사에 관한 수의계약 내역을 요청합니다. 수의계약으로 진행된 이유, 계약상대방 선정 기준, 계약금액이 유사공사 대비 적절한 수준인지 비교자료와 함께 안내하여 주시기 바랍니다.",공개,19
2025-03-24,가람시 열린구 일자리경제과,FOI-2025-03161,가람공공청사 주변 주차장 조성 입찰 및 수의계약 전환내역 (3161호),"가람공공청사 주변 주차장 조성 공사에 관한 입찰이 시행된 후 수의계약으로 전환된 것으로 파악됩니다. 입찰 당시 참가업체 및 투찰가격, 수의계약 전환 결정 사유와 그 적정성을 확인할 수 있는 자료를 공개하여 주시기 바랍니다.",부분공개,9
2022-06-16,온빛시 일자리경제과,FOI-2022-03162,새봄역 환승구역 내 안내표지판 설치 수의계약 결과 (3162호),새봄역 환승구역의 안내표지판 설치 사업이 수의계약으로 추진된 내역을 요청합니다. 가족단위 이용객의 안전한 환승 동선 확보를 위한 사업인 만큼 계약상대방이 갖추고 있는 시공 역량과 계약금액의 적정성을 확인할 수 있는 정보를 제공하여 주시기 바랍니다.,부분공개,16
2023-04-12,가람시 새빛구 재무회계과,FOI-2023-03163,라온체육센터 주변 체육시설 확충 입찰결과 상세내역 (3163호),"라온체육센터 주변 체육시설 확충 공사에 대한 입찰이 진행된 것으로 확인됩니다. 자녀들과 함께 체육시설을 이용하는 가족으로서, 입찰 참가업체 수, 평가기준, 심사점수, 낙찰업체 선정사유 등 입찰 과정의 투명성을 확인할 수 있는 자료를 공개하여 주시기 바랍니다.",부분공개,15
2025-06-17,세움시 맑은구 일자리경제과,FOI-2025-03164,온빛도서관 앞 공원환경 개선 수의계약 내역 공개 (3164호),"온빛도서관 앞 공원환경 개선 사업이 수의계약으로 추진된 내역을 요청합니다. 아이들을 데리고 도서관을 자주 이용하는 부모로서 공원 환경 개선이 적절한 업체에 의해 진행되었는지, 계약금액은 적정한 수준인지 확인할 필요가 있어 청구합니다.",공개,6
2022-12-07,여울시 단비구 일자리경제과,FOI-2022-03165,새빛시장 주변 상가지원사업 수의계약 결과 및 수행현황 (3165호),"새빛시장 주변 상가지원사업에 관한 수의계약이 체결된 내역과 현재 수행 현황을 안내하여 주시기 바랍니다. 상가 입점 점주로서 사업 선정 과정과 계약 조건, 지원 내용 및 금액이 공정한 기준에 따라 결정되었는지 확인할 수 있는 정보를 요청합니다.",공개,19
2024-05-17,온빛시 재무회계과,FOI-2024-03166,누리버스 정류장 주변 편의시설 설치 입찰결과 공개 (3166호),누리버스 정류장 주변 편의시설 설치에 관한 입찰이 시행된 결과를 요청합니다. 가족이 함께 탑승하는 버스 이용의 편의성을 좌우하는 사업인 만큼 입찰 과정의 공정성과 계약 금액의 적정성을 판단할 수 있는 정보를 제공하여 주시기 바랍니다.,공개,20
2024-06-07,가람시 열린구 일자리경제과,FOI-2024-03167,가온로 보행구간 가로등 교체 수의계약 세부내역 (3167호),"가온로 보행구간 가로등 교체 공사에 관한 수의계약 내역을 요청합니다. 야간 보행 안전에 직접적으로 영향을 주는 사업인 만큼 수의계약 결정 근거, 계약상대방의 시공능력, 계약금액 산정 근거 등을 구체적으로 확인할 수 있도록 안내하여 주시기 바랍니다.",공개,13
2024-06-20,예담시 늘품구 일자리경제과,FOI-2024-03168,미르로 교차로 신호등 설치 입찰 및 수의계약 현황 (3168호),"미르로 교차로의 신호등 설치 공사에 관한 입찰 및 수의계약 현황을 일괄 요청합니다. 자녀의 등하교 경로에 해당하는 교차로인 만큼 신호등 설치의 필요성이 얼마나 긴급하게 판단되었는지, 계약은 어떠한 과정을 거쳐 체결되었는지 투명하게 공개하여 주시기 바랍니다.",공개,16
2022-04-12,세움시 맑은구 일자리경제과,FOI-2022-03169,새봄역 환승구역 내 비상대피시설 설치 수의계약 내역 (3169호),새봄역 환승구역 내 비상대피시설 설치 공사에 관한 수의계약 내역을 요청합니다. 가족이 함께 환승하는 공간에서의 안전 확보를 위한 사업인 만큼 계약상대방이 갖추고 있는 기술력과 계약금액의 적정성을 비교분석할 수 있는 자료를 제공하여 주시기 바랍니다.,부분공개,6
2025-01-17,예담시 늘품구 일자리경제과,FOI-2025-03170,세움산업단지 입구 포장도로 보수 수의계약 결과 공개 (3170호),"세움산업단지 입구 포장도로 보수 공사에 관한 수의계약 결과를 요청합니다. 근린생활을 영위하며 지역 경제에 기여하는 사업자로서, 포장도로 보수에 수의계약이 적용된 근거와 계약금액이 적절한 수준인지 확인할 필요가 있어 청구합니다.",부분공개,18
2023-01-17,도담군 재무회계과,FOI-2023-03171,맑은마을 커뮤니티센터 증축 입찰 및 수의계약 내역 (3171호),"맑은마을 커뮤니티센터 증축 공사에 관한 입찰 및 수의계약 내역을 요청합니다. 주민증을 소지하고 시설을 자주 이용하는 이용자로서, 증축 공사의 입찰 과정과 수의계약 전환이 적절하게 이루어졌는지 계약의 투명성을 확인할 수 있는 자료를 공개하여 주시기 바랍니다.",공개,2
2023-03-16,미래군 일자리경제과,FOI-2023-03172,너울천 산책로 조명시설 교체 수의계약 결과 및 사후관리 (3172호),"너울천 산책로 조명시설 교체 공사에 관한 수의계약 결과를 요청합니다. 조명시설은 야간 산책 이용자의 안전과 직결되는 사업인 만큼 계약상대방 선정 과정과 계약금액의 적정성, 교체 후 사후관리 계획 등을 종합적으로 안내하여 주시기 바랍니다.",부분공개,8
2024-03-04,도담군 일자리경제과,FOI-2024-03173,빛솔광장 일대 벤치 설치 수의계약 내역 공개 (3173호),"빛솔광장 일대의 벤치 설치 사업에 관한 수의계약 내역을 요청합니다. 고령자가 휴식을 취하는 공간인 만큼 수의계약 결정 근거와 계약상대방이 제공하는 제품의 품질 수준, 계약금액 등을 비교분석할 수 있는 정보를 제공하여 주시기 바랍니다.",공개,15
2022-10-12,가람시 새빛구 재무회계과,FOI-2022-03174,한들동 생활권놀이시설 안전점검 수의계약 결과 (3174호),"한들동 생활권의 놀이시설 안전점검 용역에 관한 수의계약 결과를 요청합니다. 고령자가 손주와 함께 놀이시설을 이용하는 경우도 많은 만큼, 안전점검 용역의 계약상대방이 갖추고 있는 전문성과 계약금액의 적정성을 확인할 수 있는 자료를 공개하여 주시기 바랍니다.",공개,1
2024-02-20,해솔시 일자리경제과,FOI-2024-03175,가람공공청사 주변 공원화사업 수의계약 및 입찰 혼합 내역 (3175호),"가람공공청사 주변 공원화사업에 관한 수의계약 및 입찰 혼합 내역을 요청합니다. 수의계약과 입찰이 혼합된 사업인 만큼 각 구간의 계약형태별 추진배경, 계약상대방 선정 근거, 계약금액 등이 체계적으로 정리된 자료를 제공하여 주시기 바랍니다.",공개,9
2025-08-11,빛솔시 아람구 행정지원과,FOI-2025-03176,세움산업단지elec 채용절차 및 시험기준 공개 청구 (3176호),세움산업단지의 화학장치 조작직 채용시 필기·실기 비중과 신체검사 기준을 알고 싶습니다. 최근 회사채용 공고에서 신체검사 항목이 구체적으로되지 않아 지원여부를 판단하기 어렵습니다. 특히 유해물질 취급 직무의 특수건강진단 항목이 무엇인지 확인바랍니다.,공개,14
2025-01-02,예담시 늘품구 기획감사과,FOI-2025-03177,미래복합센터 임시직 채용공고 발효일 및 급여형태 자료 요청 (3177호),"미래복합센터에서직 채용공고의 정확한와 계약기간, 임금 지급형태를 확인하고 싶습니다. 채용공고에 계약갱신 가능 여부가 명확히되지 않아 불이익이 발생할수 있는지 우려됩니다. 기간제 근로자법에 따른 단위기간 종료 후 처리절차를 알고 싶습니다.",공개,4
2024-08-29,미래군 행정지원과,FOI-2024-03178,가온로 보행구간 공사 현장 경력직 모집요강 공개 청구 (3178호),"가온로 보행구간 보수 공사현장에서 경력직 작업원을 모집하는데 경력 인정기준과 우대조건을 구체적으로 알 수 없었습니다. 이전 석유화학공장 경력이 공사로무에서 인정받을 수 있는지, 그리고 직무교육 기간중 급여 지급여부를 확인하고 싶습니다.",부분공개,2
2023-06-01,미래군 행정지원과,FOI-2023-03179,샘물동 생활권 지구대 채용시 경력 산정방법 요청 (3179호),"샘물동 지구대 화학물 취급 직무 채용에서 경력 산정시 근무기간만 고려하는지, 아니면 업종 특수성을 반영하는지 확인바랍니다. 현재 다른 지역 공장에서similar 직무 경험을 쌓았으나 채용공고에 구체적 산정기준이 없어 경쟁력이 불분명합니다.",부분공개,15
2025-10-29,온빛시 행정지원과,FOI-2025-03180,열린마을 공원 관리소 신입사원 교육과정 내용 공개 청구 (3180호),"열린마을 공원 관리소에서 채용한 신입사원 대상 직무교육 기간과 내용이 어떻게 구성되는지 알고 싶습니다. 특히 화학약품 취급 교육을 실시하는지, 그리고 교육수료 후 배치 부서 결정절차를 확인하고 싶습니다.",비공개,6
2023-04-21,도담군 기획감사과,FOI-2023-03181,새빛시장 주변 상가 홍보부 채용시 연령 제한 근거 자료 요청 (3181호),"새빛시장 주변 상가 홍보부에서 채용공고를 내었으나 연령 제한이 있어 지원이 불가능했습니다. 공공기관 채용시 연령 제한이 가능한지, 그리고 해당 상가의 채용제한 근거규정이 무엇인지 확인바랍니다. 또한 경력직의 경우 예외가 있는지 알려주세요.",부분공개,17
2025-03-04,라온군 행정지원과,FOI-2025-03182,온빛도서관 자료편집직 경력직 모집 공고 세부기준 공개 (3182호),"온빛도서관에서 자료편집 경력직을 모집하는데 구인요강에 경력만 제시되어 있어 구체적 업무 수행능력 평가방법을 알 수 없습니다. 출판사에서 문서편집 경험이 어떤 항목으로 반영되는지, 그리고 면접시 실기시험이 있는지 확인바랍니다.",부분공개,11
2024-05-28,새봄시 한울구 기획감사과,FOI-2024-03183,맑은마을 커뮤니티센터 계약직 채용시 근로조건 공시여부 확인 (3183호),"맑은마을 커뮤니티센터에서 계약직 직원 채용시 공고내용에 업무내용과 계약기간만 나와 있을 뿐, 구체적 근무시간과 수당항목이되지 않았습니다. 공공시설 계약직의 근로기준법상 공지 의무 항목이 무엇인지, 그리고 연장근로 수당 지급기준을 알고 싶습니다.",부분공개,1
2022-11-18,미래군 행정지원과,FOI-2022-03184,누리버스 정류장 관련 시설관리직 경력인정 범위 청구 (3184호),"누리버스 정류장 관련 시설관리 직무에 지원하려 하나, 이전 출판사 사무직 경력이 관련 경력으로 인정되는지 불분명합니다. 시설관리 직무의 경력 인정기준이 되는 업무기간 및 업종 범위를 확인하고 싶습니다.",공개,3
2023-11-21,누리시 바른구 행정지원과,FOI-2023-03185,가람공공청사 신규채용 최종합격자 발표 및 이의신청 절차 (3185호),"가람공공청사 신규직원 채용시 최종합격자 발표가 어떤되는지, 그리고 불합격자에 대한 이의신청 절차가 어떻게 운영되는지 확인바랍니다. 특히 서류전형 탈락시 해당 사유를 알려받을 수 있는지, 그리고 합격자 발표후 포기시boost 절차를 알고 싶습니다.",부분공개,18
2025-03-11,가람시 열린구 행정지원과,FOI-2025-03186,해솔문화광장 문화해설사 모집시 자격기준 공개 청구 (3186호),"해솔문화광장 문화해설사를 모집하는데 자격기준에 전문자격증 소지 여부와 경력기간이 어떻게 반영되는지 알 수 없습니다. 농업기계 영업경력을 가진 경우 해설사 업무에どのように 지원될 수 있는지, 그리고 활동기간 중 교통비 등 지원여부를 확인바랍니다.",공개,20
2023-10-28,가람시 열린구 행정지원과,FOI-2023-03187,한울초 주변 통학로 보수 인력 채용시 고령자 우대정책 자료 (3187호),"한울초 주변 통학로 보수 현장에서 고령자를 대상으로 한 인력 채용이 있다고 들었습니다. 65세 이상도 지원 가능한지, 그리고 공공공사 현장에서 고령자 채용시 임금수준과 근무조건이 어떻게 다른지 확인바랍니다.",부분공개,5
2025-09-04,미래군 기획감사과,FOI-2025-03188,도담천 산책로 조경관리직 채용시 신체조건 기준 공개 (3188호),"도담천 산책로 조경관리 직무에 지원하려는운데 신체조건으로 인한 제한이 있을지 우려됩니다. 야외작업 현장의 신체조건 기준이 무엇인지, 그리고 농업기계 영업시 운전경력이 어덯게 반영되는지 확인바랍니다.",부분공개,4
2023-04-26,미래군 행정지원과,FOI-2023-03189,미르로 교차로 환경미화원 채용시 경력직 급여단계 산정기준 (3189호),"미르로 교차로 환경미화원 경력직 채용시 경력에 따른 급여단계를 어떻게 산정하는지 알고 싶습니다. 농업기계 영업에서 근무한 기간이 환경미화 업무 경력으로 인정받을 수 있는지, 그리고 신규채용자와 경력직의 임금 격차가 어느 정도인지 확인바랍니다.",공개,8
2024-10-11,가람시 열린구 행정지원과,FOI-2024-03190,빛솔광장 일대 공공시설 설비관리직 채용 일정 및 전형방법 (3190호),"빛솔광장 일대 공공시설 설비관리 직무 채용일정과 전형방법을 확인하고 싶습니다. 이전 농업기계 영업시 설비점검 업무를 수행한 경험이 있는데, 이러한 경력이 서류전형에서 어느 정도 가점되는지 알려주세요.",공개,5
2024-04-20,미래군 행정지원과,FOI-2024-03191,한들동 생활권 지역아동센터 생활지도원 채용 공고 문구 해석 (3191호),"한들동 생활권 지역아동센터에서 생활지도원을 채용하는데 공고구'관련 업무 경력자 우대'라는 표현이합니다. 광고홍보 관련 경력이 아동시설 근무와 관련성이 인정되는지, 그리고 면접시 어떤 역량을적으로 평가하는지 확인바랍니다.",비공개,20
2024-06-01,가람시 열린구 행정지원과,FOI-2024-03192,새봄역 환승구역 고객안내직 경력직 급여협상 기준 공개 (3192호),"새봄역 환승구역 고객안내 경력직을 채용하는데 경력직의 경우 임금 협상 범위가 어느 정도인지 확인바랍니다. 이전 광고홍보 회사에서 업무를 수행한 경력이 있는 경우 어느 단계부터 시작할 수 있는지, 그리고 정기적 호봉 상승률을 알고 싶습니다.",공개,6
2025-05-23,세움시 맑은구 행정지원과,FOI-2025-03193,라온체육센터 주변 행사스태프 단기채용 근로조건 설명자료 (3193호),"라온체육센터 주변에서 진행되는 행사스태프 단기채용시 근로조건이 공고에 간단히만 기재되어 있습니다. 실제 근무시 휴게시간과 야간수당 적용여부, 그리고 관련 안전교육 이수 의무가 있는지 확인바랍니다.",비공개,12
2025-02-02,예담시 늘품구 기획감사과,FOI-2025-03194,푸른마루 교차로 공공디자인팀 계약직 채용 공고 누락사항 확인 (3194호),"푸른마루 교차로 공공디자인팀에서 계약직을 채용하는데 공고에 계약기간과 업무내용만 있고, 퇴직금 및 성과상여금 지급여부가 누락되어 있습니다. 공공기관 계약직의 경우 퇴직급여 지급의무가 있는지, 그리고 yearly 성과평가에 따른 상여금 지급대상인지 확인바랍니다.",부분공개,13
2025-04-15,미래군 행정지원과,FOI-2025-03195,너울천 산책로 안내해설 인력 채용시 전문자격증 우대기준 (3195호),"너울천 산책로 안내해설 인력 채용시 관광통역안내사 자격증 소지시 어떤 우대를 받는지, 그리고 자격증 미소지자의 경우 업무습득 기간이 어떻게 제공되는지 확인바랍니다. 홍보업무 경력이 해설역할 수행에 어덯게 반영되는지도 알려주세요.",공개,19
2023-11-04,해솔시 행정지원과,FOI-2023-03196,가온로 보행구간 전기차 충전시설 관리직 신체조건 기준 공개 (3196호),"가온로 보행구간 전기차 충전시설 관리 직무 채용시 높으신 곳 작업 및 전기취급 관련 신체조건이 있는지 확인바랍니다. 전기관련 관리자로 오래 근무한 경력이 있는데, 채용시 경력 인정과 신체검사 기준을 알고 싶습니다.",공개,14
2022-08-24,누리시 바른구 행정지원과,FOI-2022-03197,새빛시장 주변 상가 전기안전 점검인력 채용 공고 세부사항 (3197호),"새빛시장 주변 상가에서 전기안전 점검인력을 채용하는데 상가관리 규정상 필수배치 인원 기준과 업무범위를 알고 싶습니다. 전기안전관리 관련자격 기준이 무엇인지, 그리고 상가내 모든 매장 점검 업무를 포함하는지 확인바랍니다.",공개,17
2022-08-12,가람시 새빛구 기획감사과,FOI-2022-03198,도담천 산책로 조명시설 전담관리직 경력직 임금표 공개 청구 (3198호),"도담천 산책로 조명시설 전담관리 경력직 채용시 임금표를 공개해 줄 것을 요청합니다. 경력에 따른 호봉 산정방식과 가족수당, 근속수당 등 부수급 여부를 확인하고 싶습니다. 특히 전기관리자 자격으로 지원시 가점을 받을 수 있는지 알려주세요.",공개,2
2024-08-15,가람시 새빛구 행정지원과,FOI-2024-03199,세움산업단지 입구 전기설비직 채용 일정 및 전형내용 (3199호),"세움산업단지 입구 전기설비직 채용일정과 필기·실기 시험범위를 확인하고 싶습니다. 전기관리자 자격증 소지시 서류전형 가점이 있는지, 그리고 실기시험에서 다루는 세부 직무내용이 무엇인지 알려주세요.",공개,3
2022-11-16,온빛시 기획감사과,FOI-2022-03200,맑은마을 커뮤니티센터 전기엔지니어 계약직 근로조건 설명서 (3200호),"맑은마을 커뮤니티센터에서 전기엔지니어 계약직을 채용하는데 근로조건 설명서에서 업무내용과 계약기간만 나와 있을 뿐, 연장근로 가능시간과 대체휴atisfy 지급 기준이되지 않았습니다. 전기관련 관리자로서 업무강도가 어떤 수준인지, 그리고 야간 긴급출동 의무가 있는지 확인바랍니다.",부존재,4
2023-10-03,라온군 안전총괄과,FOI-2023-03201,새빛시장 주변 노후 전기시설 안전점검 결과 공개 청구 (3201호),최근 새빛시장 주변 상가에서 단전 사고가 반복되고 있습니다. 제 양복 공방도 해당 구간에 위치해 영업에 직접적 피해를 입고 있습니다. 최근 3년간 해당 구간 전기시설 정기 점검 결과와 이상 조치 내용을 공개해 주시기 바랍니다.,부존재,18
2024-04-04,예담시 늘품구 건축허가과,FOI-2024-03202,샘물동 생활권 다세대주택 유리파손 사고 안전 점검 청구 (3202호),거주하는 다세대주택에서 유리창 낙하 사고가 발생했습니다. 세입자 안전을 위해 해당 주택 전체 외벽 유리 안전 점검 결과를 요청합니다. 관리비 투명성도 중요하오니 공사 내역과 함께 조치 내용을 알려주시기 바랍니다.,부분공개,4
2024-08-23,예담시 늘품구 건축허가과,FOI-2024-03203,가온로 보행구간 가로등 결함 점검 결과 공개 청구 (3203호),가온로 보행구간 야간 가로등이 자주 고장 나면서 보행 안전에 우려가 됩니다. 영업을 마치고 귀가할 때 위험하다는 신고가 다수 있었습니다. 해당 구간 가로등 점검 및 교체 이력을 공개해 주시기 바랍니다.,공개,13
2022-04-07,빛솔시 아람구 건축허가과,FOI-2022-03204,열린마을 공원 놀이시설 정기 안전점검 결과 청구 (3204호),손님을 데리고 공원 놀이터를 이용하는데시설 상태가 걱정됩니다. 특히 아이들이 많이 사용하는 시설의 점검 결과를 공식적으로 확인하고 싶습니다. 지난 2년간 정기점검 기록과 안전 등급 결과를 알려주시기 바랍니다.,공개,13
2022-06-27,라온군 안전총괄과,FOI-2022-03205,푸른마루 교차로 신호등 이상 조치 이력 공개 청구 (3205호),푸른마루 교차로 신호등이 순간 켜졌다 꺼지는 현상이 일주일째 지속되고 있습니다. 차량과 보행자 모두 위험에 노출되어 있어 사고 우려가 높습니다. 해당 신호등 이상 신고 처리 결과와 시설 점검 이력을 요청합니다.,공개,12
2022-10-25,온빛시 안전총괄과,FOI-2022-03206,도담천 산책로 바닥 미끄러짐 방지 시설 점검 결과 공개 (3206호),최근 도담천 산책로를 산책 중 미끄러져 다치는 사고가 주변 어르신들 사이에서 빈번하게 보고되고 있습니다. 진료 중 피부 외상 환자가 늘어난 느낌을 받았습니다. 산책로 바닥 미끄러짐 방지 시설 설치 및 점검 이력을 공개해 주시기 바랍니다.,공개,18
2024-10-11,해솔시 안전총괄과,FOI-2024-03207,한울초 주변 통학로 방범등 가동 상태 점검 결과 청구 (3207호),통학 방범등이 새벽 시간대에 꺼져 있어 등교하는 학생들의 안전이 우려됩니다. 피부과 진료 중 학부모 상담에서 학교 앞 안전에 대한 불안이 거론되었습니다. 해당 구간 방범등 가동 시간대 조정 이력과 점검 기록을 공개해 주시기 바랍니다.,공개,12
2023-09-09,세움시 맑은구 안전총괄과,FOI-2023-03208,라온체육센터 주변 운동시설 안전점검 결과 공개 청구 (3208호),환자 권유로 라온체육센터 야외 운동시설을 이용하는데equipment 상태가 불량합니다. 피부과 전문의로서 근골격계 손상 위험을 느껴 점검 결과를 확인하고자 합니다. 외부 운동기구는 제작사 안전 인증과 점검 이력을 모두 알려주시기 바랍니다.,공개,20
2025-05-12,해솔시 건축허가과,FOI-2025-03209,가람공공청사 내 공기청정기 필터 교체 점검 이력 공개 (3209호),가람공공청사 방문 환자 보호자를 위해 공기 질 관리 상태를 확인하고 싶었습니다. 피부과 특성상 공기 중 먼지 및 유해물질 농도가 진료 환경에 영향을 미칩니다. 건물 내 공기청정기 필터 교체 주기 및 점검 결과를 공개해 주시기 바랍니다.,공개,12
2025-03-06,도담군 안전총괄과,FOI-2025-03210,누리버스 정류장 승강장 방호벽 안전점검 결과 청구 (3210호),보건소 출장길에 버스 정류장 승강장 방호벽이 흔들리는 것을 확인했습니다. 승객 추락 위험이 있어 전문의로서 안전 점검을 요청합니다. 해당 정류장 방호벽 설치 시기 및 안전 점검 결과를 알려주시기 바랍니다.,공개,14
2023-07-28,해솔시 건축허가과,FOI-2023-03211,새봄역 환승구역 에스컬레이터 이상 작동 점검 결과 공개 (3211호),출근길 새봄역 에스컬레이터가 비정상적으로 갑자기 멈췄습니다. 동승자들이 크게 놀란 사고가 발생했고 신체적 충격을 받은 분들이 계셨습니다. 해당 에스컬레이터 이상 작동 이력과 점검 결과를 요청합니다.,공개,17
2024-02-22,라온군 안전총괄과,FOI-2024-03212,맑은마을 커뮤니티센터 대강당 구조 안전진단 결과 공개 청구 (3212호),맑은마을 커뮤니티센터 대강당에서 천장 일부가 내려앉는 현상이 보여 참석하신 어르신들이 매우 불안해하셨습니다. 전문의으로서 긴급 구조 안전진단이 필요하다고 판단되어 결과 공개를 요청합니다. 최근 구조 안전진단 보고서를 알려주시기 바랍니다.,공개,4
2025-02-15,누리시 바른구 안전총괄과,FOI-2025-03213,온빛도서관 앞 벤치 지지대 부식 점검 결과 공개 (3213호),도서관 앞 벤치에서 쉬다가 지지대가 부러져 뛰어내린 경험이 있습니다. 고무 플라스틱 소재 연구 경력이 있어 부식이진행 속도를 확인할 필요가 있었습니다. 해당 벤치 제작 소재 정보와 점검 결과를 공개해 주시기 바랍니다.,공개,12
2023-09-04,라온군 건축허가과,FOI-2023-03214,세움산업단지 입구 보안등 센서 오작동 점검 이력 공개 (3214호),구직 면접을 위해 세움산업단지를 방문했는데 출입구 보안등 센서가 비정상 작동하여 위험했습니다. 기술자 출신으로서 센서 작동 원리와 점검 주기를 확인하고 싶었습니다. 해당 보안등 센서 이상 처리 이력과 점검 결과를 알려주시기 바랍니다.,부분공개,12
2022-06-12,가람시 새빛구 건축허가과,FOI-2022-03215,미래복합센터 인근 지하주차장 환기장치 점검 결과 공개 (3215호),미래복합센터 지하주차장 환기장치 가동음이 심해 출입관문증을 발급받았습니다. 일주일 넘게 환기 불량으로 일산화탄소 농도가 걱정되었습니다. 지하주차장 환기장치 점검 결과와 농도 측정 기록을 공개해 주시기 바랍니다.,공개,8
2023-05-11,미래군 안전총괄과,FOI-2023-03216,가온로 보행구간 점자블록 손상 점검 및 보수 이력 공개 (3216호),운송장비 청소원 업무 중 가온로 보행구간 점자블록이 심하게 손상된 것을 확인했습니다. 시각장애인이 이용하는 길목이라 보행 안전에 심각한 우려가 됩니다. 해당 구간 점자블록 손상 신고 처리 결과와 보수 이력을 요청합니다.,공개,7
2023-11-07,미래군 안전총괄과,FOI-2023-03217,한들동 생활권 Elderly 돌봄시설 비상구 안전점검 결과 공개 (3217호),배우자와 부모님 모두 고령이라 Elderly 돌봄시설 이용을 고려하고 있습니다. 비상구 안전 상태가 시설 선택의 중요 기준이 됩니다. 한들동 생활권 돌봄시설 비상구 설치 현황과 최근 안전점검 결과를 알려주시기 바랍니다.,부분공개,19
2023-12-01,가람시 열린구 건축허가과,FOI-2023-03218,너울천 산책로 배수로 막힘으로 인한 미끄러짐 사고 조사 결과 (3218호),너울천 산책로에서 비 오고 나서 배수구가 막혀 물이 고여 미끄러지는 사고가 잦습니다. 본인도 한 차례 넘어져 무릎을 다친 경험이 있습니다. 해당 구간 배수로 막힘 사고 조사 결과와 개선 공사를 알려주시기 바랍니다.,공개,14
2022-10-03,미래군 안전총괄과,FOI-2022-03219,누리버스 정류장 휘장식 노후 천장 구조물 점검 결과 공개 (3219호),누리버스 정류장차실 천장 일부가 내려앉은 것을 목격했습니다. 어루니 분들이 많이 이용하시는 정류장이라 대형 사고 우려가 있습니다. 해당 정류장 천장 구조물 안전 점검 결과를 공개해 주시기 바랍니다.,공개,18
2023-01-26,가람시 새빛구 안전총괄과,FOI-2023-03220,빛솔광장 일대 Elderly 이용시설 손잡이 설치 안전점검 청구 (3220호),빛솔광장 일대 Elderly 운동시설 손잡이가 헐거워져 있는 것을 확인했습니다. 매일 해당 구역을 청소하면서 어르신들이하게 이용하시는 것을 보고 있습니다. 손잡이 설치 안전 기준 충족 여부와 점검 결과를 알려주시기 바랍니다.,부분공개,11
2025-05-11,온빛시 건축허가과,FOI-2025-03221,미르로 교차로 무단횡단 방지 울타리 점검 결과 공개 청구 (3221호),미르로 교차로 주변 무단횡단이 빈번하여 보행자 사고 위험이 높습니다. 특히 학생들이 교차로를 건너는 모습이 걱정됩니다. 해당 구간 무단횡단 방지 울타리 설치 현황과 안전 점검 결과를 공개해 주시기 바랍니다.,비공개,1
2025-08-14,빛솔시 아람구 안전총괄과,FOI-2025-03222,도담천 산책로 흡연부스 소화기 비치 상태 점검 결과 공개 (3222호),도담천 산책로 흡연부스에서 담배꽁초 처리으로 화재 위험이 우려됩니다. 산책로가 나무와 가깝게 위치해 산불 위험도 있습니다. 흡연부스 소화기 비치 여부와 점검 주기를 알려주시기 바랍니다.,비공개,2
2025-03-03,가람시 새빛구 건축허가과,FOI-2025-03223,새빛시장 주변 화물차량 통행로 포장 상태 점검 결과 공개 (3223호),새빛시장 주변 화물차량이 빈번하게 왕래하여 도로 포장이 심하게 파손되었습니다. 차량 통행 시 진동으로 주변 상가 진열품이 흔들리고 있습니다. 해당 구간 도로 포장 상태 점검 결과와 보수 계획을 공개해 주시기 바랍니다.,공개,10
2023-06-30,너울시 물빛구 건축허가과,FOI-2023-03224,한울초 주변 계절별 가로수 방제 이력 공개 청구 (3224호),한울초 주변 통학로 가로수에서가 발견되어 안전 우려가 있습니다. 나무 상태가 나쁘면 낙 위험이 있어 학생들의 등굣길에 위험합니다. 해당 가로수 방제 이력과 점검 결과를 알려주시기 바랍니다.,부분공개,16
2025-12-11,온빛시 안전총괄과,FOI-2025-03225,샘물동 생활권 놀이터 모래톱 위생 점검 결과 공개 청구 (3225호),손녀가 샘물동 생활권 놀이터 모래톱에서 놀다 온 뒤 피부 발진을 보여 피부과 진료를 받았습니다. 모래톱 위생 상태가 원인인지 확인이 필요합니다. 해당 놀이터 모래톱 위생 점검 결과를 공개해 주시기 바랍니다.,부존재,13
2022-02-25,세움시 맑은구 환경위생과,FOI-2022-03226,샘물동 생활권 식품접객업소 위생단속 결과 청구 (3226호),최근 샘물동 생활권 내 식당가 일대에서 실시된 식품위생 일제단속 결과 및 부과된 행정처분의 종류와 규모를 구체적으로 알고 싶습니다. 행정처분 결정 과정의 공정성과 일관성이 궁금합니다.,부분공개,12
2025-03-12,가람시 열린구 환경위생과,FOI-2025-03227,푸른마루 교차로 주변 축산물 포장마차 점검기록 청구 (3227호),"푸른마루 교차로 인근에서 최근 문제가 된 축산물 포장마차에 대한 점검기록, 위반사항 및 개선명령의 구체적 내용을 요청합니다. 주민들의 불안감이 높아 신속한 정보 공개를 희망합니다.",부분공개,3
2022-01-17,온빛시 환경위생과,FOI-2022-03228,식품위생법 위반 경력 공표 제도 운영기준 청구 (3228호),"행정처분을 받은 업소의 이름을 공식적으로 공표하는 식품위생법 위반 경력 공표 제도의 법적 근거와 운영기준, 공표 기간 및 기준을 상세히 알고 싶습니다.",공개,7
2023-09-11,너울시 물빛구 환경위생과,FOI-2023-03229,열린마을 공원 내 야외 바비큐장 위생관리 실태청구 (3229호),"열린마을 공원 내에 설치된 야외 바비큐장 및 식품판매 편의시설의 위생관리 실태, 점검 주기, 최근 및 개선조치 내용을 상세히 요청합니다.",공개,6
2024-06-18,해솔시 보건행정과,FOI-2024-03230,식품업체 행정처분 예고 절차 및 이의신청 방법 청구 (3230호),"식품위생 관련 행정처분을 받기 전 예고 절차가 정상적으로 진행되는지, 처분에 불복할 경우 이의신청 및 심사청구 절차를 구체적으로 알고 싶습니다.",부존재,14
2022-09-13,누리시 바른구 환경위생과,FOI-2022-03231,새빛시장 주변 김밥 및 떡볶이 판매ブース 점검기록 청구 (3231호),새빛시장 주변에서 주로 학생들이 이용하는 김밥 및 떡볶이 판매 booths에 대한 위생 점검 기록과 함께 식중독 의심 환자 발생 시 대응 절차를 알고 싶습니다.,부분공개,13
2022-01-18,미래군 보건행정과,FOI-2022-03232,미래복합센터 인근 제과제빵업체 행정처분 내역 청구 (3232호),"미래복합센터 인근에 소재한 제과제빵 제조업체의 최근 행정처분 사유, 종류, 기간 및 처분 부과 결정 과정을 구체적으로 요청합니다. 행정처분의 형평성이 궁금합니다.",부분공개,12
2025-02-14,해솔시 보건행정과,FOI-2025-03233,식품위생 민원 접수 및 처리경과 안내 절차 청구 (3233호),"식품위생 관련 민원을 공식적으로 신고 접수한 후 처리경과를 안내받는 절차와 처리기간, 결과 통보 방식을 구체적으로 알고 싶습니다.",공개,9
2025-09-13,도담군 환경위생과,FOI-2025-03234,가온로 보행구간 내 간이음식점 위생 점검일정 청구 (3234호),"가온로 보행구간에 영업 중인 간이음식점들의 월별 위생 점검 일정과 점검 항목, 빈도를 알고 싶습니다. 점검 받는 업소들의 공정 대우 여부가 궁금합니다.",공개,2
2025-04-17,빛솔시 아람구 보건행정과,FOI-2025-03235,한울초 주변 통학로 식품판매자동판매기 위생실태청구 (3235호),"한울초 주변 통학로에 설치된 식품판매자동판매기의 위생 관리 상태, 점검 주기 및 청결과 관련된 위생 기준 준수 여부를 구체적으로 요청합니다.",부분공개,2
2023-06-14,너울시 물빛구 환경위생과,FOI-2023-03236,도담천 산책로 주변 카페 식품위생 자율관리 계획 청구 (3236호),"도담천 산책로 주변 카페들이 식품위생 향상을 위해 수립한 자율관리 계획의 내용과 실행 현황, 점검 결과를 알고 싶습니다.",비공개,15
2023-02-07,라온군 환경위생과,FOI-2023-03237,누리버스 정류장 주변 즉석식품판매자 점검결과 청구 (3237호),"누리버스 정류장 주변에서 아침 출근 시간에 영업하는 즉석식품판매자들의 위생 점검 결과와 위반사항, 행정처분 내용을 상세히 알고 싶습니다.",부분공개,2
2025-06-06,미래군 보건행정과,FOI-2025-03238,해솔문화광장 내 음식물 쓰레기 수거 위생처리 현황 청구 (3238호),"해솔문화광장 내 식당가 및 음식물 판매 시설에서 발생하는 음식물 쓰레기의 수거 체계, 위생처리 과정 및 빈도를 구체적으로 요청합니다.",부분공개,19
2023-08-03,도담군 보건행정과,FOI-2023-03239,식품위생 점등애서 지원사업 선정 기준 및 절차 청구 (3239호),"식품위생 분야에서 운영되는 여러 지원사업의 선정 기준, 심의 절차 및 공고 시기를 구체적으로 알고 싶습니다. 선정 과정에서 공정성을 확인하고 싶습니다.",공개,3
2024-08-13,새봄시 한울구 환경위생과,FOI-2024-03240,온빛도서관 앞 분식전문점 위생민원 처리결과 청구 (3240호),"온빛도서관 앞 분식전문점에 대해 주민들이 제기한 위생 민원의 접수부터 처리완료까지의 경과, 처리결과 및 업체에 대한 조치 내용을 알고 싶습니다.",공개,1
2025-07-30,온빛시 환경위생과,FOI-2025-03241,라온체육센터 주변 건강식당 인증 현황 및 점검결과 청구 (3241호),"라온체육센터 주변에서 건강식당 인증을 받은 식당들의 인증 현황, 인증 후 정기점검 결과 및 인증 취소 사례이 있는지 확인하고 싶습니다.",부분공개,7
2022-05-16,세움시 맑은구 환경위생과,FOI-2022-03242,세움산업단지 입구 급식업체 위생관리 상태 점검기록 청구 (3242호),"세움산업단지 입구에서 근거리 노동자들에게 급식 서비스를 제공하는 업체들의 위생관리 상태, 식품 위생 안전 기준 준수 여부를 구체적으로 알고 싶습니다.",부분공개,8
2023-03-12,세움시 맑은구 환경위생과,FOI-2023-03243,맑은마을 커뮤니티센터 식품표시 위반 단속 결과 청구 (3243호),"맑은마을 커뮤니티센터 주변 식품판매업소에서 발견된 식품표시 위반 사항, 단속 결과 및 시정 조치 내용을 상세히 알고 싶습니다.",부분공개,11
2025-02-11,예담시 늘품구 환경위생과,FOI-2025-03244,새봄역 환승구역 내 프랜차이즈 외식업체 점검기록 청구 (3244호),"새봄역 환승구역 내에 여러 프랜차이즈 외식업체가 입점해 있는데, 이들업체에 대한 위생 점검 결과 및 행정처분이 있었는지 알고 싶습니다.",공개,8
2023-01-24,빛솔시 아람구 환경위생과,FOI-2023-03245,가람공공청사 주변 식품업체 행정처분 전 사전자료 청구 (3245호),"가람공공청사 주변에 소재한 특정 식품업체에 대한 행정처분 전 단계의 점검결과, 위반사항 소명 기회 부여 경과 및 처분 결정 과정을 구체적으로 알고 싶습니다.",부분공개,18
2025-10-28,해솔시 보건행정과,FOI-2025-03246,한들동 생활권 학교 주변 식품판매시설 위생점검 계획 청구 (3246호),"한들동 생활권에 있는 학교 주변에서 학생들이 주로 이용하는 편의점과 분식점의 위생 점검 계획, 점검 항목 및 예상 일정을 알고 싶습니다.",부분공개,16
2023-03-01,미래군 환경위생과,FOI-2023-03247,미르로 교차로 주변 야외음식점 위생관리 기준 준수 여부 청구 (3247호),"미르로 교차로 주변에서 야외 영업하는 음식점들의 위생관리 기준 준수 여부, 지적사항 및 개선명령 내용, 이행 여부를 구체적으로 요청합니다.",공개,11
2024-10-01,누리시 바른구 환경위생과,FOI-2024-03248,너울천 산책로 주변 수산판매장 위생점검 결과 청구 (3248호),"너울천 산책로 주변에서 어류 및 수산물 판매가 이루어지는 시설에 대한 위생 점검 결과, 냉장 관리 상태 및 위생 기준 위반 사항을 알고 싶습니다.",부분공개,13
2022-08-15,가람시 새빛구 환경위생과,FOI-2022-03249,빛솔광장 일대 제과점 식품제조 관리 실태청구 (3249호),"빛솔광장 일대에 있는 제과점에서 제조하는 식품의 제조일자 및 유통기한 표시 관리 실태, 과자류 위생관리 기준 준수 여부를 구체적으로 알고 싶습니다.",공개,13
2022-09-29,해솔시 보건행정과,FOI-2022-03250,식품위생 의무교육 이수 현황 및 위생관리자 지정 기준 청구 (3250호),"식품영업 장르별 위생관리자 지정 기준과 해당 의무교육 이수 현황, 지정 취소 및 재지정 절차를 구체적으로 알고 싶습니다.",부분공개,14
2024-11-08,너울시 물빛구 공원녹지과,FOI-2024-03251,공원 내 건강증진시설 설치 및 점검 실적 공개 청구 (3251호),"최근 아파트 단지 인근 열린마을 공원에서 건강증진시설이 설치된 것으로 확인하였습니다. 해당 시설의 설치 목적, 관리 주체, 최근 3년간 정기 점검 일정 및 점검 결과를 알고 싶습니다. 특히 놀이터를 자주 이용하는 자녀의 안전을 위해 점검 담당 기관과 점검 항목을 구체적으로 알려주시기 바랍니다.",공개,18
2022-09-07,미래군 문화체육과,FOI-2022-03252,실내 체육시설 공기질 검사 및 환기 시스템 운영 현황 (3252호),우리 아파트 단지와 가까운 라온체육센터 주변 실내 체육시설의 공기질 검사 결과와 환기 시스템 운영 현황을 알고 싶습니다. 가족 모두 건강에 관심이 많아 시설 내 공기 질관리 이용자 건강 영향을 확인하고 싶습니다. 최근 2년간 분기별 검사 결과와 환기 시스템 점검 일정을 알려주시기 바랍니다.,부존재,19
2022-07-09,여울시 단비구 공원녹지과,FOI-2022-03253,공원 내 놀이터 안전 점검 결과 및 사고 기록 공개 (3253호),"배우자와 자녀가 즐겨 찾는 도담천 산책로에 설치된 놀이터의 안전 점검 결과를 알고 싶습니다. 특히 최근 1년간 안전 점검 일시, 점검 기관, 발견된 문제점 및 보수 사실을 알려주시기 바랍니다. 자녀의 안전한 놀이 환경이 무엇보다 중요합니다.",공개,13
2024-08-03,새봄시 한울구 문화체육과,FOI-2024-03254,공원 내 흡연 구역 지정 및 위반 단속 실적 데이터 (3254호),"공원 내 흡연 구역 지정 현황과 금연구역 위반 단속 실적을 알고 싶습니다. 특히 열린마을 공원과 도담천 산책로 일대의 흡연 구역 위치, 지정 시기, 단속 수 및 최근 1년간 과태료 부과 현황을 알려주시기 바랍니다. 비흡연자 보호를 위한 정책 효과를 확인하고 싶습니다.",부분공개,14
2022-03-10,빛솔시 아람구 공원녹지과,FOI-2022-03255,공원 조명시설 교체 공사 일정 및 야간 안전 관리 계획 (3255호),"아파트 단지와 인접한 새빛시장 주변 공원 조명시설의 노후화 파악하고자 합니다. 최근 2년간 조명시설 교체 공사 일시, 공사 범위, 교체 주기 및 향후 1년간 야간 안전 관리 계획을 알려주시기 바랍니다. 가족의 야간 산책 안전을 위해 반드시 필요한 정보입니다.",부분공개,11
2024-02-01,가람시 열린구 문화체육과,FOI-2024-03256,산책로 통행량 조사 및 안전 시설 점검 실적 공개 (3256호),"누리버스 정류장 인근 너울천 산책로의 최근 1년간 월별 통행량 조사 결과와 안전 시설 점검 실적을 알고 싶습니다. 리프트 조작원으로 매일 야간 근무를 하며 통행 안전에 관심이 많습니다. 특히, 시설, 안내 표지판 점검 결과를 알려주시기 바랍니다.",공개,9
2025-07-03,라온군 문화체육과,FOI-2025-03257,공원 내 전기차 충전시설 설치 현황 및 운영 시간 (3257호),"도담천 산책로 주변 전기차 충전시설 설치 현황과 운영 시간을 알고 싶습니다. 가족과 함께 주말마다 공원을 이용하며 전기차를 선호합니다. 충전시설 위치, 충전 단말 수, 운영 시간, 충전 비용 정보를 알려주시기 바랍니다.",공개,12
2023-11-14,누리시 바른구 공원녹지과,FOI-2023-03258,공원 내 공용 음수대 위생관리 및 수질 검사 결과 (3258호),"열린마을 공원 내 설치된 공용 음수대의 최근 2년간 위생관리 현황과 수질 검사 결과를 알고 싶습니다. 리프트 조작원으로 체육관 이용 시 항상 수질 위생을 확인합니다. 수질 검사 기관, 검사 항목, 검사 결과 및 음수대 청소 일정을 알려주시기 바랍니다.",공개,6
2022-11-29,누리시 바른구 문화체육과,FOI-2022-03259,공원 조명시설 및 야간 보안 체계 구축 현황 (3259호),"가온로 보행구간 일대의 야간 조명 시설 현황과 보안 체계를 알고 싶습니다. 매일 야간 근무 후 해당 구간을 이용하며 보안 안전이 걱정됩니다. 조명 위치, 밝기 수준, 야간 순찰 인력 배치 및 범죄 예방 시설 설치 현황을 알려주시기 바랍니다.",공개,10
2023-06-26,여울시 단비구 공원녹지과,FOI-2023-03260,공원 내 무인 자율주행 단말 운행 현황 및 안전 기준 (3260호),"미래복합센터 인근 공원에서 운행 중인 무인 자율주행 단말의 운행 현황과 안전 관리 기준을 알고 싶습니다. 구직 준비 중으로 정보 통신 분야 경험이 있어 해당 기술에 관심이 많습니다. 단말 운행 시간, 경로, 안전 감지 장치 및 사고 발생 시 대응 절차를 알려주시기 바랍니다.",부존재,6
2025-05-15,세움시 맑은구 문화체육과,FOI-2025-03261,공원 내 공공 와이파이 시설 설치 현황 및 네트워크 보안 체계 (3261호),"한울초 주변 통학로 부근 공원에 설치된 공공 와이파이 시설의 설치 현황과 네트워크 보안 체계를 알고 싶습니다. 전직 정보 통신 관리자로 네트워크 보안에 대한 전문적 관심이 있습니다. 와이파이 접속점 수, 설치 위치, 암호화 방식 및 보안 인증 현황을 알려주시기 바랍니다.",공개,16
2025-05-02,라온군 공원녹지과,FOI-2025-03262,공원 내 정보 안내 키오스크 운영 현황 및 대응 절차 (3262호),"새봄역 환승구역 인접 공원에 설치된 정보 안내 키오스크의 운영 현황과 대응 절차를 알고 싶습니다. 구직 준비 중으로 시설 관리 분야 경력에 관심이 있습니다. 키오스크 설치 수, 주요 서비스 내용, 접수 및 복구 시간, 유지보수 계약 기관을 알려주시기 바랍니다.",부분공개,8
2022-02-08,누리시 바른구 공원녹지과,FOI-2022-03263,공원 내 배터리 폐쇄형 장비 처리 절차 및 환경 영향 평가 (3263호),"공원 내 배터리 폐쇄형 운동시설이나 조명 장비의 폐기물 처리 절차와 환경 영향 평가 결과를 알고 싶습니다. 전직 정보 통신 관리자로 기술적 처리 절차에 관심이 많습니다. 처리 담당 기관, 처리 주기, 환경 영향 평가 결과 및 재활용률을 알려주시기 바랍니다.",부분공개,9
2022-09-06,해솔시 공원녹지과,FOI-2022-03264,공원 내 자동판매기 에너지 소비량 및 효율화 정책 추진 실적 (3264호),"공원 내 자동판매기의 에너지 소비량과 효율화 정책 추진 실적을 알고 싶습니다. 구직 준비 중으로 에너지 관리 분야 경력이 있습니다. 자동판매기 설치 대수, 평균 에너지 소비량, 최근 1년간 효율화 개선 실적 및 향후 계획은 알려주시기 바랍니다.",부분공개,19
2023-04-01,누리시 바른구 공원녹지과,FOI-2023-03265,공원 내 스마트 가로등 에너지 절감 효과 및 운영 데이터 (3265호),"빛솔광장 일대 스마트 가로등의 에너지 절감 효과와 운영 데이터를 알고 싶습니다. 전직 정보 통신 관리자로 IoT 기술 적용 사례에 관심이 많습니다. 스마트 가로등 설치 수, 절감률, 센서 기반 조절 방식 및 유지보수 주기를 알려주시기 바랍니다.",부분공개,7
2023-09-29,도담군 문화체육과,FOI-2023-03266,공원 내역 보안 카메라 설치 위치 및 녹화 데이터 관리 정책 (3266호),"한들동 생활권 공원의 보안 카메라 설치 위치와 녹화 데이터 관리 정책을 알고 싶습니다. 전직 정보 통신 관리자로 데이터 프라이버시에 관심이 많습니다. 카메라 설치 대수, 위치, 녹화 저장 기간, 접근 권한 관리 체계 및 데이터 파기 절차를 알려주시기 바랍니다.",공개,4
2022-05-01,가람시 열린구 문화체육과,FOI-2022-03267,공원 내 조명 자동 제어 시스템 기술 적용 현황 및 효과 (3267호),"가람공공청사 주변 공원의 조명 자동 제어 시스템 기술 적용 현황과 효과를 알고 싶습니다. 전직 정보 통신 관리자로 기술 도입 효과를 분석하고 싶습니다. 자동 제어 시스템 도입 시기, 적용 범위, 효과 측정치 및 향후 확대 계획을 알려주시기 바랍니다.",공개,4
2025-11-27,새봄시 한울구 공원녹지과,FOI-2025-03268,공원 내 ICT 기반 환경 모니터링 센서 설치 및 데이터 공개 범위 (3268호),"미르로 교차로 일대 공원에 설치된 ICT 기반 환경 모니터링 센서의 종류와 데이터 공개 범위를 알고 싶습니다. 구직 준비 중으로 환경 기술 분야에 관심이 있습니다. 센서 종류, 설치 위치, 측정 항목, 데이터 수집 주기 및 공개 여부를 알려주시기 바랍니다.",부분공개,8
2024-06-27,너울시 물빛구 문화체육과,FOI-2024-03269,공원 내 무인 시설 운용 개인정보 수집 및 보호 조치 (3269호),"공원 내 무인 키오스크나 자율주행 단말의 개인정보 수집 현황과 보호 조치를 알고 싶습니다. 전직 정보 통신 관리자로 개인정보보호에 깊은 관심이 있습니다. 수집 항목, 수집 목적, 보유 기간, 제3자 제공 여부 및 보호 기술 현황을 알려주시기 바랍니다.",공개,16
2025-04-05,가람시 새빛구 문화체육과,FOI-2025-03270,공원 내 디지털 콘텐츠 체험시설 운영 현황 및 만족도 조사 (3270호),"새빛시장 주변 공원의 디지털 콘텐츠 체험시설 운영 현황과 이용자 만족도 조사 결과를 알고 싶습니다. 구직 준비 중으로 콘텐츠 기획 분야에 관심이 있습니다. 시설 종류, 운영 시간, 이용자 수, 만족도 조사 결과 및 개선 계획을 알려주시기 바랍니다.",부존재,7
2023-06-06,빛솔시 아람구 문화체육과,FOI-2023-03271,공원 내 조경 식재 현황 및 생태계 보전 조치 내용 (3271호),"전직 조경감리 기술자로서 현재 구직 중이나 profissionaisとしての 관점에서 관심 있습니다. 샘물동 생활권 공원의 최근 2년간 조경 식재 현황과 생태계 보전 조치 내용을 알고 싶습니다. 식재 수종, 면적, 생태통로 설치 여부 및 야생동물 출몰 기록을 알려주시기 바랍니다.",공개,14
2023-02-18,예담시 늘품구 문화체육과,FOI-2023-03272,공원 내 조경 식물 병해충 방제 일정 및 사용 농약 정보 (3272호),"현재 구직 중인 전직 조경감리 기술자로서 직업적 관심이 있습니다. 열린마을 공원의 조경 식물 병해충 방제 일정과 사용 농약 정보를 알고 싶습니다. 최근 1년간 방제 일정, 사용 농약 종류, 희석 배율, 방법 및 방제 효과를 알려주시기 바랍니다.",공개,16
2023-07-31,온빛시 공원녹지과,FOI-2023-03273,공원 내 조경시설 안전 점검 실적 및 보수 공사 내역 (3273호),"도담천 산책로 일대 조경시설의 최근 2년간 안전 점검 실적과 보수 공사 내역을 알고 싶습니다. 전직 조경감리 기술자로 현장 경험을 발휘하고 싶습니다. 점검 기관, 점검 항목, 발견된 안전 및 보수 공사 비용을 알려주시기 바랍니다.",부분공개,14
2024-06-16,온빛시 문화체육과,FOI-2024-03274,공원 내 조경 용수 사용량 및 절수 효과 데이터 (3274호),"새봄역 환승구역 인접 공원의 조경 용수 사용량과 절수 효과를 알고 싶습니다. 전직 조경감리 기술자로서 용수 관리에 관심이 많습니다. 최근 2년간 월별 용수 사용량, 절수 시설 설치 현황, 절수율 및 비용 절감 효과를 알려주시기 바랍니다.",비공개,3
2024-03-02,온빛시 공원녹지과,FOI-2024-03275,공원 내 경관 조명 설계 변경 및 에너지 소비 변화 (3275호),"한울초 주변 통학로 부근 공원의 경관 조명 설계 변경 이력과 에너지 소비 변화를 알고 싶습니다. 전직 조경감리 기술자로서 경관 설계 분야에 관심이 많습니다. 설계 변경 시기, 변경 내용, 적용 기술 및 에너지 소비량 변화를 알려주시기 바랍니다.",부분공개,3
2023-08-30,가람시 새빛구 건축허가과,FOI-2023-03276,샘물동 생활권 재개발 구역 내 단독주택 리모델링 허용 기준 관련 문서 (3276호),"현재 거주 중인 단독주택의 리모델링을 검토 중입니다. 재개발 구역 지정 후 건축물 형태와 용도 변경이 가능한지,また단독주택 특성에 따른 특별 기준하는지 확인이 필요합니다. 구역 지정 시기부터 현재까지의 관련 규정 변경 사항을 포함하여 안내하여 주시기 바랍니다.",비공개,20
2022-02-12,누리시 바른구 도시계획과,FOI-2022-03277,푸른마루 교차로 일대 단독주택 밀도 규제 완화 방안에 대한 주민설명회 자료 (3277호),"푸른마루 교차로 주변 단독주택 밀도 규제 완화 방안이 추진된다는 소식을 들었습니다. 해당 사업의 구체적 내용과 추진 일정,また향후 우리 가구에 미칠 영향에 대해 알고 싶습니다. 특히 주거환경 변화와 관련한 주민 의견 수렴 과정이 투명하게 이루어지고 있는지 확인이 필요합니다.",부분공개,20
2023-07-30,여울시 단비구 건축허가과,FOI-2023-03278,열린마을 공원 인접 단독주택 경관 규제 관련 고시 문서 (3278호),"열린마을 공원 인접 지역에 거주하며 경관 규제의 구체적 기준이 궁금합니다. 특히 공원 조성과 함께 단독주택 외관 변경에 대한 제한이 있는지,また현재까지 경관 관련 위반 사항이 있는 경우 그 처리 현황을 알고 싶습니다.",부분공개,15
2025-07-19,온빛시 건축허가과,FOI-2025-03279,가온로 보행구간 내 단독주택 지하주차장 설치 가능 여부 검토 자료 (3279호),"가옥 노후화로 인해 지하주차장 설치를 검토하고 있습니다. 해당 지역이 보행구간으로 지정되어 있어 건축 제한이 있는지,또한 지하 구조물 설치 시 지하수 영향 등 환경 관련 제약이 있는지 확인이 필요합니다.",공개,1
2025-11-06,미래군 도시계획과,FOI-2025-03280,새빛시장 주변 단독주택 재개발 조합 설립 인가 신청 서류 목록 (3280호),"새빛시장 주변 단독주택가 재개발 조합 설립을 준비하고 있습니다. 조합 설립 인가를 위한 구체적 서류 목록과 심사 기준,また최근 조합 설립이 인가된 사례의 평균 처리 기간을 안내하여 주시기 바랍니다.",공개,18
2022-08-22,세움시 맑은구 건축허가과,FOI-2022-03281,도담천 산책로 인접 아파트 상가 점포 층수 확대 건의에 대한 검토 결과 (3281호),"도담천 산책로 옆 아파트 상가에서 재봉업을 하고 있습니다. 상가 건물의 층수 확대 건의를 올렸는데, 현재까지 검토가 얼마나 진행되었는지, また사업 추진 시 우리 점포에 대한 영업 환경 변화가 있을지 알고 싶습니다.",부분공개,4
2024-02-26,빛솔시 아람구 건축허가과,FOI-2024-03282,한울초 주변 통학로 아파트 단지 내 공동놀이터 설치 계획 문서 (3282호),"아파트 단지에 자녀와 함께 거주하며 놀이터 설치 요청을 한 지 오래되었습니다. 한울초 주변 통학로 접근성 개선과 함께 아파트 단지 내 놀이터 설치 계획이 있는지,또한 구체적인 설치 일정과 규모를 알려주시기 바랍니다.",공개,11
2023-03-25,도담군 도시계획과,FOI-2023-03283,미래복합센터 인근 아파트 전출 주민 정주 여건 실태조사 결과 (3283호),"미래복합센터 인근 아파트 재개발에 대비하여 전출을 고려하고 있습니다. 재개발 이전 다른 주민들의 정주 여건 실태조사 결과를 보고 싶습니다. 특히 아파트 규모별, 별 주거 환경 만족도와 희망 전출 지역 분포를 포함하여 주시기 바랍니다.",비공개,18
2024-08-07,온빛시 도시계획과,FOI-2024-03284,누리버스 정류장 인접 아파트 재건축 비용 분담 기준 마련 지침 (3284호),아파트 재건축 추진 단계로 비용 분담 문제가 중요합니다. 누리버스 정류장 인접 아파트의 경우 재건축 비용 분담 기준이 다른지와 특히 노후 가구에게 추가 부담이 발생하는지 확인이 필요합니다.,공개,7
2024-05-01,여울시 단비구 건축허가과,FOI-2024-03285,해솔문화광장 인접 아파트 경관 디자인 가이드라인 관련 고시 (3285호),"해솔문화광장 인접 아파트에서 거주하며 경관 디자인 가이드라인이 적용된다고 들었습니다. 해당 가이드라인의 구체적 내용과 우리 아파트 외관 변경 시 협의 절차,또한 위반 시 제재 수준을 알고 싶습니다.",비공개,13
2022-03-18,빛솔시 아람구 도시계획과,FOI-2022-03286,온빛도서관 앞 아파트 단지의 문화시설 설치 추진 현황 보고서 (3286호),"아파트 단지에 문화시설이 부족하여 건의를 진행했습니다. 온빛도서관 앞 아파트 단지의 문화시설 설치 추진 현황과 구체적인 설치 장소,운영 방식에 대해 알고 싶습니다.",부분공개,6
2025-07-17,해솔시 도시계획과,FOI-2025-03287,라온체육센터 주변 아파트 재개발 지역 고용 창출사업 세부 내용 (3287호),"라온체육센터 주변 아파트 재개발 지역에서 고용 창출사업이 추진된다고 들었습니다. 세부 내용과 참여 가능 직종,また현재 구직 중인 사람도 신청할 수 있는지 확인이 필요합니다.",부분공개,10
2023-10-15,도담군 건축허가과,FOI-2023-03288,세움산업단지 입구 아파트 안전 점검 결과 및 개선 계획 문서 (3288호),"세움산업단지 입구 인접 아파트에서 거주하며 안전 문제가 걱정됩니다. 특히 산업단지와 인접한 특성상 대기오염,소음,また구조적 안전에 대한 점검 결과와 개선 계획이 있는지 알려주시기 바랍니다.",공개,11
2024-08-24,가람시 새빛구 건축허가과,FOI-2024-03289,맑은마을 커뮤니티센터 인근 아파트 재개발 조합 운영 규정 전문 (3289호),"맑은마을 커뮤니티센터 인근 아파트 재개발 조합의 운영 규정이 필요합니다. 조합원 권리와 의무,투표 방식,また회계 처리 기준 등 핵심 내용이 포함된 공식 문서를 제공하여 주시기 바랍니다.",비공개,7
2022-06-30,해솔시 건축허가과,FOI-2022-03290,새봄역 환승구역 아파트 단지 내 쓰레기수거 동선 개선 기존 사례 (3290호),"새봄역 환승구역 아파트 단지에서 쓰레기 수거 동선이 불편합니다. 기존 다른 아파트 단지에서 수거 동선을 개선한 사례가 있는지, また비용 분담 방식과 개선 효과를 포함하여 안내하여 주시기 바랍니다.",부분공개,6
2023-07-15,가람시 열린구 건축허가과,FOI-2023-03291,가람공공청사 주변 아파트 재건축 사업 추진을 위한 환경영향평가 협의 내용 (3291호),"가람공공청사 주변 아파트 재건축 사업을 추진하며 환경영향평가 협의가 필요합니다. 협의 단계별 진행 상황과 협의 과정에서 제기된 주요 쟁점,또한 환경관리청 반영 여부를 알고 싶습니다.",부분공개,5
2024-03-20,가람시 열린구 건축허가과,FOI-2024-03292,한들동 생활권 아파트 단지의 경로당 설치 신청 처리 경과 (3292호),"한들동 생활권 아파트에 경로당이 없어 신청을 고려하고 있습니다. 기존 신청 처리 경과와 부지 확보 가능성,또한 설치 비용 지원 기준에 대해 알려주시기 바랍니다.",공개,4
2023-09-07,가람시 새빛구 도시계획과,FOI-2023-03293,미르로 교차로 아파트 재개발 구역 내 공동체 시설 운영 계획서 (3293호),"미르로 교차로 인접 아파트 재개발 구역에 공동체 시설 운영 계획이 있다고 들었습니다. 공동체 시설의 종류와 규모,운영 주체,또한 주민 참여 방식에 대한 구체적인 계획 내용을 알고 싶습니다.",비공개,3
2023-02-02,가람시 새빛구 건축허가과,FOI-2023-03294,너울천 산책로 인접 아파트의 녹지 비율 기준 및 위반 시 조치 내역 (3294호),"너울천 산책로 옆 아파트에 거주하며 단지 내 녹지 비율 기준을 확인하고 싶습니다. 해당 아파트 단지의 현행 녹지 비율과 기준 대비 충족 여부,또한 위반 시 부과된 과태료 내역이 있다면 알려주시기 바랍니다.",부분공개,9
2022-12-08,빛솔시 아람구 도시계획과,FOI-2022-03295,빛솔광장 일대 아파트 재건축 마을 만들기 추진 현황 보고서 (3295호),"빛솔광장 일대 아파트 재건축과 함께 마을 만들기 사업이 추진된다고 들었습니다. 마을 만들기 추진 구성과 활동 내용,또한 지금까지 추진된 주요 사업 성과와の 계획을 상세히 알려주시기 바랍니다.",부분공개,14
2025-10-08,온빛시 도시계획과,FOI-2025-03296,샘물동 생활권 아파트 재개발 지구 지정 해제 신청 처리 결과 (3296호),"샘물동 생활권 아파트 재개발 지구 지정 해제를 신청한 지 한 달이 넘었습니다. 현재 처리 단계와 결정 예정 시기,또한 지정 해제 시 재건축 추진 여부에 대한 계획을 알고 싶습니다.",비공개,11
2025-03-15,새봄시 한울구 건축허가과,FOI-2025-03297,푸른마루 교차로 아파트 단지의 사육 관련 관리 규정 현황 (3297호),"아파트 단지에 거주하며 반려동물 관련 규정을 확인하고 싶습니다. 푸른마루 교차로 아파트 단지의 반려동물 사육 가능 여부와 크기 제한,또한 공용 공간 이용 규칙에 대해 알려주시기 바랍니다.",공개,9
2023-08-13,라온군 도시계획과,FOI-2023-03298,열린마을 공원 인접 아파트 단지의 놀이터 안전 기준 적합성 조사 결과 (3298호),"열린마을 공원 옆 아파트 단지 놀이터의 안전이 걱정됩니다. 놀이터 시설에 대한 안전 기준 적합성 조사 결과와 개선이 필요한 사항,또한 개선 추진 일정을 알려주시기 바랍니다.",부분공개,4
2023-06-19,온빛시 도시계획과,FOI-2023-03299,가온로 보행구간 아파트 재개발 주민투표 실시 결과 상세 내역 (3299호),"가온로 보행구간 아파트 재개발 주민투표 결과에 대해 구체적인 내역을 알고 싶습니다. 찬성,반대 비율과 지역별,별 투표율,또한 주민 의견 중 주요 반대 사유가 무엇이었는지 상세히 알려주시기 바랍니다.",부분공개,18
2024-07-16,라온군 도시계획과,FOI-2024-03300,새빛시장 주변 아파트 재건축 건설업체 선정 평가 기준 공시 문서 (3300호),"새빛시장 주변 아파트 재건축업체 선정 평가 기준을 확인하고 싶습니다. 평가 항목별 배점과 심사위원 구성,또한 최근 선정된 업체의 선정 사유를 포함하여 투명하게 공개되어 있는지 알려주시기 바랍니다.",공개,2
2024-05-28,여울시 단비구 교육지원과,FOI-2024-03301,도축장 위생검사 및 친환경 환경개선 사업 추진 현황 (3301호),"전직 도축원 종사자로서 현장 경험이 있습니다. 최근 위생 및 친환경 관련 정책이 강화되고 있는 것으로 알고 있습니다. 샘물동 생활권 내 친환경 도축 환경개선 시범사업 추진 현황과 관련 예산 집행 내역, 그리고 위생검사 기준 개정 일정을 알려주시기 바랍니다.",공개,12
2024-03-16,라온군 교육지원과,FOI-2024-03302,국악인 공연장 확대 조성계획 및 국악 전용 공연장 건립 여부 (3302호),국악인으로 활동하고 있으며 현재 지역 내 국악 전용 공연시설이 부족한 상황입니다. 푸른마루 교차로 일대 문화시설 확충 계획이 있는지도 궁금합니다. 해당 사업 추진 여 추진 일정이 있다면 알려주시기 바랍니다.,부분공개,17
2023-02-05,여울시 단비구 복지정책과,FOI-2023-03303,초등학교 방과후돌봄교실 확충 계획 및 운영시간 확대 여부 (3303호),맞벌이 가구로 어린이가 초등학교에 재학 중입니다. 현재 방과후돌봄교실 운영시간이 오후 6시까지인데 맞벌이 가구로 연장 보육이 필요한 실정입니다. 한울초 주변 통학로 내 방과후돌봄교실 확충 계획과 운영시간 확대 일정이 있는지 확인 요청합니다.,공개,4
2025-06-30,여울시 단비구 교육지원과,FOI-2025-03304,미래복합센터 인근 대규모학원가 운영시간 단속 기준 및 실적 (3304호),국악درس 학원을 운영하려는 계획이 있습니다. 미래복합센터 인근 학원가 확대에 따른 운영시간 단속 기준과 해당 지역 학원 현황 및 집행 현황을 알고 싶습니다. 최근 1년간 단속 실적과 단속 근거 법령도 함께 알려주시기 바랍니다.,공개,17
2025-05-13,가람시 열린구 복지정책과,FOI-2025-03305,가온로 보행구간 예술문화거리 조성사업 추진 경과 및 예정 (3305호),지역 예술문화 활성화를 위해 가온로 보행구간에 예술문화거리 조성사업 추진 여부를 알고 싶습니다. 사업 추진 경과 및 향후 예정 일정을 구체적으로 알려주시기 바랍니다.,부분공개,5
2023-01-07,세움시 맑은구 교육지원과,FOI-2023-03306,지역 국악인 활동 지원금 집행 내역 및 국악동아리 지원 현황 (3306호),"국악인으로서 예술활동 지원금 신청과 집행 내역이 궁금합니다. 지역 국악동아리 지원 현황과 지원금 집행 내역, 그리고 국악인 자체수입 자립 지원 프로그램이 있는지 확인 요청합니다.",부분공개,16
2025-05-23,여울시 단비구 복지정책과,FOI-2025-03307,새빛시장 주변 아동급식 지원사업 대상 선정기준 및 수급 현황 (3307호),"현재 무주택으로 세움산업단지 입구 부근 공동주택에 거주하며 구직 중입니다. 아동급식 지원사업 대상 선정기준과 수급 현황, 수급 가구 소득 분위기 분포를 알고 싶습니다. 특히 맞벌이 가구 우선 배정 기준이 있는지 확인 요청합니다.",부존재,20
2024-01-31,해솔시 교육지원과,FOI-2024-03308,지역능력개발 직업능력개발훈련 과정 운영 현황 및 수강료 (3308호),"현재 구직 중인 상태로 직업능력개발훈련 참여를 검토 중입니다. 지역능력개발시설에서 운영하는 직업능력개발훈련 과정 현황과 수강료 지원 기준, 취약계층 우선 지원 여부를 알려주시기 바랍니다.",부분공개,12
2024-08-06,미래군 교육지원과,FOI-2024-03309,샘물동 생활권 보건위생업 안전관리 교육이수 의무 기준 개정 내용 (3309호),"도축원 경력이 있어 보건위생업 관련 교육을 이수한 경험이 있습니다. 해당 업종 안전관리 교육이수 의무 기준 개정 내용과 교육이수 현황, 그리고 현장 안전 점검 실적 데이터를 알고 싶습니다.",부분공개,5
2022-02-11,온빛시 교육지원과,FOI-2022-03310,지역 내 돌봄교실 확충 계획 및 누리버스 정류장 인접 돌봄시설 현황 (3310호),맞벌이 가구로 만3세 이상 아동 전담 돌봄교실 확충이 시급한 상황입니다. 한울초 주변 통학로와 누리버스 정류장 주변 지역 내 돌봄교실 확충 계획 및 추진 일정을 알려주시기 바랍니다.,공개,19
2022-05-21,해솔시 복지정책과,FOI-2022-03311,지역 단칸방 거주자 주거 안정 지원제도 존재 여부 및 신청 방법 (3311호),"주택 이외의 거처에서 생활하며 구직 중인 상황입니다. 샘물동 생활권 내 단칸방 거주자 대상 주거 안정 지원제도가 있는지, 있다면 신청 자격과 방법을 알려주시기 바랍니다.",부분공개,10
2025-04-20,빛솔시 아람구 교육지원과,FOI-2025-03312,새봄역 환승구역 일대 상가 공실률 및 창업희망자 지원제도 현황 (3312호),새봄역 환승구역 주변 상가 공실률 현황과 창업희망자 지원제도가 지역 상권에 미치는 영향에 대해 파악이 필요합니다. 상가 공실률 통계 및 창업지원 사업 추진 현황을 알려주시기 바랍니다.,부분공개,5
2023-04-06,온빛시 교육지원과,FOI-2023-03313,새빛시장 주변 불법주정차 단속 실적 및 방치차량 처리 현황 (3313호),"새빛시장 주변 불법주정차로 보행자 안전이 위협받고 있습니다. 최근 6개월간 불법주정차 단속 실적과 방치차량 처리 현황, 그리고 주민 불편 접수 처리 실적을 알려주시기 바랍니다.",공개,11
2025-02-15,미래군 복지정책과,FOI-2025-03314,도담천 산책로 환경개선 사업 추진 현황 및 노후시설 교체 계획 (3314호),"62세로 신체적 제약이 증가하는 상황에서 도담천 산책로를 자주 이용합니다. 산책로 환경개선 사업 추진 현황과 노후시설 교체 일정이 있는지, 그리고 취약계층 거동 지원시설 설치 여부를 알려주시기 바랍니다.",부분공개,3
2023-10-14,너울시 물빛구 교육지원과,FOI-2023-03315,맞벌이 가구를 위한 방과후돌봄 프로그램 운영 현황 및 확대 계획 (3315호),"맞벌이 가구로 만3세 이상 아동 전담 방과후돌봄 프로그램이 필요합니다. 한울초 주변 통학로 내 방과후돌봄 프로그램 운영 현황과 확충 계획, 그리고 운영시간 연장을 위한 추진 일정이 있는지 확인 요청합니다.",공개,18
2025-07-05,빛솔시 아람구 교육지원과,FOI-2025-03316,호이스트운전원 전문교육 이수 후 취업 연계 현황 및 지원제도 (3316호),62세 호이스트운전원으로 신체적 부담이 커지고 있는 상황입니다. 호이스트운전원 전문교육 이수 후 취업 연계 현황과 중장년 직업 전환 지원제도 및 신체 부담 업종 재취업 지원 프로그램이 있는지 확인 요청합니다.,부분공개,9
2024-04-24,빛솔시 아람구 교육지원과,FOI-2024-03317,지역 고령자 일자리사업 참여율 및 일자리 창출 실적 통계 (3317호),"62세에 접어들며 고용 불안이 커지고 있습니다. 지역 고령자 일자리사업 참여율과 일자리 창출 실적 통계, 그리고 고령자 구직자를 위한 맞춤형 재취업 지원 프로그램 운영 현황을 알려주시기 바랍니다.",비공개,12
2022-05-31,가람시 새빛구 교육지원과,FOI-2022-03318,라온체육센터 운영시간 확대 필요성 및 지역사회 복지시설 확충 계획 (3318호),라온체육센터 운영시간이 오전 9시부터 오후 7시까지로 짧아 합니다. 특히 은퇴 후 아침 시간 운동 후 오후 활동 제한이 되는 상황입니다. 운영시간 확대 계획 및 지역사회 복지시설 확충 일정이 있는지 확인 요청합니다.,비공개,13
2025-06-02,가람시 열린구 복지정책과,FOI-2025-03319,도담천 산책로 취약계층 거동 지원시설 설치 현황 및 확대 여부 (3319호),62세의 나이에 신체적 제약이 심화되면서 도담천 산책로 이용이 어려워지고 있습니다. 산책로 내 취약계층 거동 지원시설 설치 현황과 확대 계획이 있는지 확인 요청합니다.,비공개,18
2024-05-30,온빛시 복지정책과,FOI-2024-03320,샘물동 일대 대중교통 배차 간격 및 정시성 현황 개선 계획 (3320호),"62세에 신체적 제약이 증가하면서 대중교통 의존도가 높아졌습니다. 샘물동 일대 대중교통 배차 간격 및 정시성 현황, 그리고 취약계층 이동권 보장을 위한 대중교통 개선 계획이 있는지 확인 요청합니다.",부분공개,19
2023-07-15,새봄시 한울구 교육지원과,FOI-2023-03321,새봄역 환승구역 휠체어 이용자 무 이동 동선 확보 여부 (3321호),"62세에 신체 제약이 심화되면서 새봄역 환승구역 내 휠체어리프트 및 엘리베이터 설치 현황이 궁금합니다. 최근 1년간 고장 및 보수 이력, 그리고 휠체어 이용자의 무 이동 동선 확보 여부를 알려주시기 바랍니다.",비공개,18
2022-03-12,라온군 복지정책과,FOI-2022-03322,지역 취약계층 맞춤형지원 프로그램 참여 자격 및 수혜 현황 (3322호),52세 구직자로서 고용관리청 지역 고용정책의 성과와 수혜자 규모를 파악할 필요가 있습니다. 지역서비스센터를 통해 지원받은 맞춤형지원 프로그램 참여 자격 기준과 실제 수혜 현황을 알려주시기 바랍니다.,공개,5
2024-07-10,라온군 교육지원과,FOI-2024-03323,아동급식지원사업 대상아동 선정기준 및 맞벌이 가구 우선 배정 규정 (3323호),"현재 맞벌이 가구로 맞벌이 가구 우선 배정 기준이 있는지 확인이 필요합니다. 아동급식지원사업 대상아동 선정기준과 맞벌이 가구 우선 배정 규정, 그리고 한울초 주변 통학로 내 돌봄교실 확충 계획 및 추진 일정을 알려주시기 바랍니다.",공개,8
2025-02-07,세움시 맑은구 교육지원과,FOI-2025-03324,새봄역 환승구역 CCTV 설치 대수 및 범죄예방 효과 통계 (3324호),"새봄역 환승구역 주변 안전을 위해 CCTV 설치 현황이 궁금합니다. CCTV 설치 대수와 설치 위치, 그리고 최근 1년간 범죄예방 효과를 나타내는 통계를 알려주시기 바랍니다.",공개,20
2022-03-09,해솔시 복지정책과,FOI-2022-03325,지역 고령자 사회참여활성화사업 참여인원 규모 및 프로그램 종류 (3325호),"62세 고령자로 사회참여 기회 확대를 원합니다. 지역사회 내 고령자 사회참여활성화사업 참여인원 규모와 제공되는 프로그램 종류, 그리고 라온체육센터 내 고령자 무료이용 프로그램 운영 여부를 알려주시기 바랍니다.",비공개,20
2024-11-07,예담시 늘품구 복지정책과,FOI-2024-03326,푸른마루 교차로 부근 제조업체 집단 발병 대응 자료 (3326호),"최근 해당 지역 제조업체에서 집단 발병 의심 사례가 보고되었습니다. 종사자 건강 보호를 위해 해당 업체 접촉자 추적 기록과 보건소 대응 매뉴얼, 격리 지침 등 처리 현황 문서를 요청합니다.",부분공개,9
2022-10-16,너울시 물빛구 보건행정과,FOI-2022-03327,문화 행사 참가자 감염병 노출 위험 관련 대기질 자료 (3327호),"불특정 다수와 밀접 접촉이 잦은 환경에서 활동하는 만큼, 보건소가 주관하는 다중 이용 공간 대기질 측정 결과와 소독 이력, 환기 기준 준수 여부 자료가 필요합니다.",공개,18
2024-02-17,해솔시 복지정책과,FOI-2024-03328,가금류 관련 축산 위생 관리 기준 및 현장 점검 결과 (3328호),"이전 직업 특성상 축산 분야에서 동물 유래 감염병 발생 시 소비자와 종사자 모두 큰 영향을 받을 수 있어, 구제역 등 가금류 관련 위생 관리 기준과 최근 검역 점검 결과를 알고 싶습니다.",공개,12
2023-12-02,라온군 보건행정과,FOI-2023-03329,샘물동 지역 숙박업소 위생 관리 계획 및 점검 결과 (3329호),"숙박 관련 관리자로서 다중 이용 공간 위생 기준 마련과 점검 체계 구축이 핵심이라, 해당 지역 숙박업소 위생 관리 계획과 보건소 점검 결과, 개선 요구 사항 내역이 필요합니다.",부분공개,20
2024-08-16,빛솔시 아람구 복지정책과,FOI-2024-03330,연립주택 단지의 해충 구제 및 소독 관련 이력 (3330호),"현재 연립주택에 거주하며 구직 준비를 하고 있는데, 쥐·바퀴벌레 등 해충 구제가 자주 필요합니다. 해당 단지 해충 구제 일시, 사용 약품 종류, 소독 범위 등 이력 문서를 요청합니다.",부분공개,2
2025-08-11,도담군 복지정책과,FOI-2025-03331,보건소 감염병 대응 체계 및 인력 배치 계획 (3331호),"보건소 주관 다중 이용 공간 감염병 대응 체계와 인력 배치 현황, 대응 훈련 실적 등 평시 대비 체계를 파악하고 싶어 관련 문서를 요청합니다.",공개,4
2025-11-18,여울시 단비구 보건행정과,FOI-2025-03332,한울초 주변 통학로 환경 위생 점검 결과 (3332호),"우리 동네 초등학생 자녀와 지역사회 아동을 위해 한울초 주변 통학로 일대의 환경 위생 현황, 보건소 점검 결과, 문제 개선 조치 내역을 알고 싶습니다.",부분공개,2
2023-05-20,새봄시 한울구 복지정책과,FOI-2023-03333,도담천 산책로 공기질 측정 및 위생 관리 현황 (3333호),"부모님과 함께 도담천 산책로를 자주 이용하는데, Outdoor 활동이 많아 산책로 공기질 측정 결과와 위생 관리 계획, 소독 이력 등 안전 관련 자료를 요청합니다.",공개,11
2023-08-03,라온군 보건행정과,FOI-2023-03334,다세대주택 공유 공간 위생 점검 및 소독 이력 (3334호),"다세대주택에 거주하며 공유 공간 위생이 가족 건강과 직결됩니다. 해당 구역 위생 점검 결과, 소독 이력, 관리비 사용 내역 중 위생 항목 지출 자료를 요청합니다.",부분공개,6
2024-03-31,온빛시 복지정책과,FOI-2024-03335,가온로 보행구간 주변 지역사회 건강 데이터 (3335호),"가온로 보행구간과 주변 상가 일대의 대기질 측정값, 호흡기 질환 발생 현황 등 지역사회 건강 관련 기초 데이터를 요청합니다.",부분공개,15
2022-01-15,가람시 열린구 보건행정과,FOI-2022-03336,해솔문화광장 문화행사 감염병 관리 기준 (3336호),"문화행사 참여가 잦은 환경이라 대규모 참여자 감염병 관리가 중요합니다. 해솔문화광장 개최 문화행사 시 보건소 감염병 관리 계획,emergency 대응 매뉴얼 등 자료를 요청합니다.",부분공개,12
2023-12-21,도담군 복지정책과,FOI-2023-03337,세움산업단지 가금류 관련 위생 기준 및 점검 결과 (3337호),축산 분야 재취업 준비 차원에서 세움산업단지 내 가금류 관련 업체 위생 관리 기준과 최근 현장 점검 결과를 확인하고 싶어 관련 문서를 요청합니다.,공개,5
2022-09-27,세움시 맑은구 보건행정과,FOI-2022-03338,빛솔광장 일대 주거 환경 감염병 발생 현황 (3338호),"빛솔광장 주변 아파트 및 다가구주택 밀집 지역에서 최근 호흡기 감염병 발생 건수와 유형, 보건소 조치 내용을 알고 싶어 관련 보고 자료를 요청합니다.",부분공개,11
2024-01-14,너울시 물빛구 보건행정과,FOI-2024-03339,보건소 결핵 환자 관리 현황 및 예산 집행 내역 (3339호),"보건소 결핵 환자 관리 현황, 결핵 발생 추이, 환자 추적 조사 결과와 함께 감염병 대응 사업 예산 집행 내역을 요청하여 지역사회 예방 활동 방향을 파악하고자 합니다.",부분공개,13
2023-11-17,가람시 열린구 보건행정과,FOI-2023-03340,누리버스 정류장 주변 공기질 변화 추이 (3340호),유동 인구가 많은 환승역 근처에서 거주하며 지역사회 공기질 변화에 민감합니다. 누리버스 정류장 주변 최근 공기질 측정값 추이와 보건소 monitoring 계획 자료를 요청합니다.,부분공개,20
2025-11-01,세움시 맑은구 보건행정과,FOI-2025-03341,새봄역 환승구역 역학 조사 결과 및 접촉자 관리 현황 (3341호),"역 근처를 자주 이용하고 자녀도 해당 지역 학교에 다니는데, 새봄역 환승구역에서 감염병 의심 사례 발생 시 역학 조사 결과와 접촉자 관리 현황을 알고 싶어 관련 자료를 요청합니다.",부존재,7
2023-11-09,가람시 열린구 보건행정과,FOI-2023-03342,맑은마을 단독주택 해충 구제 및 위생 시설 기준 (3342호),단독주택에 혼자 거주하며 숙박 관련 관리 업무 경험을 살려 집 주변 위생 환경 개선에 관심을 가지고 있습니다. 해당 지역 해충 구제 이력과 보건소 관리 기준 관련 자료를 요청합니다.,부분공개,5
2024-07-23,여울시 단비구 보건행정과,FOI-2024-03343,보건소 신종 감염병 대비 대응 체계 및 협업 (3343호),"신종 감염병 발생 시 보건소 대응 체계와 인근 의료기관 협업 현황, 전담 인력 배치 및 교육 훈련 실적 등시 대비 체계를 파악하고 싶어 관련 문서를 요청합니다.",부분공개,10
2025-09-09,가람시 열린구 복지정책과,FOI-2025-03344,세움산업단지 구제역 예방접종률 및 축산 위생 기준 (3344호),"구제역 등 동물 유래 감염병 발생 시 축산 종사자뿐 아니라 지역사회 전체에 영향을 줍니다. 해당 단지 구제역 예방접종률, 축산 위생 기준 강화 내용, 현장 점검 결과를 요청합니다.",공개,9
2023-05-25,누리시 바른구 보건행정과,FOI-2023-03345,온빛도서관 주변 아파트 단지 공기질 측정 결과 (3345호),공간 위생과 공기질이 가족 건강에 직결됩니다. 온빛도서관 주변 아파트 단지 일대 최근 실내·실외 공기질 측정 결과와 보건소 관리 계획을 요청합니다.,부분공개,9
2023-01-20,미래군 보건행정과,FOI-2023-03346,가람공공청사 주변 공기질 모니터링 데이터 (3346호),"가람공공청사 주변 공공기관 밀집 지역에서 근무하고 있어 해당 지역 대기질 모니터링 데이터와 보건소 조치 내용, 관련 건강 안내 자료가 필요합니다.",부존재,1
2023-06-01,온빛시 보건행정과,FOI-2023-03347,새빛시장 주변 음식물 쓰레기 위생 처리 방식 (3347호),"새빛시장 주변 음식물 쓰레기 처리 방식과 위생 관리 실태, 보건소 점검 결과 및 개선 요구 사항을 파악하여 지역 상권 위생 환경 개선에 참고하고자 합니다.",부분공개,19
2023-03-26,여울시 단비구 보건행정과,FOI-2023-03348,보건소 감염병 대응 예산 세부 집행 내역 (3348호),"우리 지역사회 보건소 감염병 대응 예산 규모와 세부 집행 내역, 사업별 지출 현황 및 성과 보고 자료를 요청하여 지역민으로서 대응 체계 운영 투명성을 확인하고 싶습니다.",부존재,19
2022-09-03,여울시 단비구 보건행정과,FOI-2022-03349,라온체육센터 주변 공기질 변화 추이 및 관리 현황 (3349호),환승 구역인 라온체육센터 주변에서 불특정 다수가 왕래하므로 공기질 변화에 대한 보건소 관리 현황과 측정 데이터가 필요합니다. 최근 측정값 추이와 조치 내용을 요청합니다.,비공개,6
2024-03-01,도담군 복지정책과,FOI-2024-03350,보건소 의료기관 감염병 협업 체계 및 교육 현황 (3350호),"감염병 대응에서 보건소와 의료기관 협력 체계가 매우 중요합니다. 권역 내 감염병 발생 시 협업 체계, 전담 인력 교육 훈련 실적, 비상 연락 체계 등 현황 자료를 요청합니다.",비공개,9
2022-09-27,누리시 바른구 안전총괄과,FOI-2022-03351,샘물동 생활권 내 지정 대피시설 위치 및 수용인원 현황 (3351호),최근 미세먼지가 심해지고 자연재난 위험이 증가함에 따라 부모님과 함께 거주하는 아파트에서 대피소 위치와 해당 지역 내 대피시설의 수용 가능 인원을 확인하고자 합니다. 샘물동 생활권 내 모든 긴급대피시설의 위치와 대피 가능 인원을 알려주시기 바랍니다.,부분공개,18
2025-07-06,라온군 안전총괄과,FOI-2025-03352,새봄역 환승구역 인근 임시대피소 설치 계획 및 운영시간 (3352호),"지하철 새봄역 환승구역은 통행량이 많고 밀집도가 높아 재해 발생 시 대피가 시급할 것으로 보입니다. 해당 환승구역 내에 임시 대피소를 설치하거나 지정할 계획이 있는지, 운영시간과 안내 체계 등을 알고 싶습니다.",공개,16
2023-05-14,누리시 바른구 행정지원과,FOI-2023-03353,가람공공청사 주변 방재시설 점검 주기 및 점검 결과 (3353호),가람공공청사를 자주 방문하게 되는데 방재시설이 제대로 관리되고 있는지 불안합니다. 해당 청사 주변의 소화기·비상구·방범시설 등의 점검 주기와 최근 점검 결과를 요청합니다.,비공개,14
2022-04-19,가람시 새빛구 안전총괄과,FOI-2022-03354,미래복합센터 인근 대피경로 확보 현황 및 유도 설치 위치 (3354호),미래복합센터 인근은 상가와 업무시설이 밀집해 긴급 대피 시 경로 확보가 중요합니다. 해당 지역의 대피경로와 유도 표지 설치 현황 및 주기적 점검 여부를 알려주시기 바랍니다.,공개,12
2022-02-25,미래군 안전총괄과,FOI-2022-03355,푸른마루 교차로 일대 긴급재난문자 발송 기준 및 발송 이력 (3355호),"최근 교차로 부근에서 지진이나 폭우 등 긴급재난문자를 수신한 적이 있습니다. 어떤 기준과 절차로 재난문자가 발송되며, 푸른마루 교차로 일대에 한해 최근 3년간 발송된 긴급재난문자 이력을 알려주세요.",부존재,10
2022-06-12,가람시 열린구 행정지원과,FOI-2022-03356,한울초 주변 통학로 긴급대피 가능 거점 현황 (3356호),자녀와 함께 거주하며 학교 통학로 안전에 큰 걱정이 됩니다. 한울초 주변 통학로 구간에서 긴급재난 발생 시 학생들이 대피할 수 있는 거점의 위치와 대피 가능 인원을 학교별로 정리하여 알려주시기 바랍니다.,부분공개,14
2023-10-04,해솔시 안전총괄과,FOI-2023-03357,온빛도서관 앞 대피소 수용 인원 초과 시 대안 대피시설 (3357호),온빛도서관 앞 대피소는 공공시설로서 비교적 큰 규모이지만 수용 인원 초과 시 대응 방안이 있는지 궁금합니다. 대피소 만관 시 대안 시설로 전환하는 기준과 해당 대안 시설의 위치를 알고 싶습니다.,부분공개,6
2024-07-04,가람시 열린구 행정지원과,FOI-2024-03358,한들동 생활권 주민대피훈련 실시 현황 및 향후 계획 (3358호),"한들동 생활권은 아파트 단지가 밀집해 있어 주민대피훈련의 필요성을 느끼지만, 실시 여부와 횟수를 잘 알지 못합니다. 최근 2년간 한들동 일대에서 실시된 주민대피훈련 횟수와 향후 실시 계획을 알려주세요.",부분공개,12
2025-06-20,빛솔시 아람구 행정지원과,FOI-2025-03359,가온로 보행구간 내 자연재난 취약 구간 조사 결과 (3359호),가온로 보행구간은 산책로와 인접하여 토석류나 침수 등의 자연재난에 취약할 수 있습니다. 해당 구간에 대한 자연재난 취약도 조사 결과를 طلب합니다. 특히 역사적 피해 이력과 위험 등급을 포함해 주시기 바랍니다.,부분공개,12
2023-02-03,해솔시 행정지원과,FOI-2023-03360,미르로 교차로 사고 시 대피소 간 소요시간 및 경로 정보 (3360호),미르로 교차로는 차량 통행량이 많아 대형 사고 발생 가능성이 있습니다. 사고 발생 시 주변 대피소까지의 소요시간과 대피 경로를 미리 파악하고 싶습니다. 해당 교차로 기준 반경 500미터 내 대피소 연결 경로를 알려주세요.,부분공개,10
2024-01-28,가람시 새빛구 행정지원과,FOI-2024-03361,새빛시장 주변 풍수해 대비 대피로 현황 (3361호),새빛시장 주변은 저지대인 관계로 호우 시 침수 위험이 있습니다. 풍수해 발생 시 시장 관계자와 방문객의 안전한 대피로를 확보할 수 있도록 해당 지역 풍수해 대비 대피 경로와 대피 장소를 요청합니다.,공개,8
2025-08-16,라온군 안전총괄과,FOI-2025-03362,도담천 산책로 하천 범람 시 대피 소요시간 및 안내 체계 (3362호),도담천 산책로를 자주 이용하지만 하천 범람 시 대피 방법과 소요시간을 잘 모릅니다. 도담천 산책로 전 구간에 대해 하천 범람 시 대피 소요시간과 대피 안내 체계 및 안내 현황을 알고 싶습니다.,비공개,16
2025-10-25,라온군 안전총괄과,FOI-2025-03363,누리버스 정류장 주변 재해 시 대피 지원 대상 및 기준 (3363호),누리버스 정류장 주변은 이용객이 많고 노약자 비율도 높아 재해 시 대피 지원이 필요합니다. 해당 정류장 주변 재해 시 대피 지원 대상과 지원 기준 및 최근 지원 실적을 알려주세요.,공개,17
2022-11-05,도담군 행정지원과,FOI-2022-03364,세움산업단지 입구 화학물질 사고 대응 대피 범위 및 절차 (3364호),세움산업단지 입구 주변에는 아파트 등 주거지가 인접해 있어 화학물질 사고 시 대피 범위와 절차에 대한 관심이 높습니다. 해당 단지 화학물질 사고 시 대피 범위·절차·대피소 배정 기준을 알려주세요.,부분공개,3
2023-04-08,도담군 안전총괄과,FOI-2023-03365,맑은마을 커뮤니티센터 지정 대피시설 운영 규정 (3365호),맑은마을 커뮤니티센터를 지정 대피시설로 이용하고 싶지만 운영 규정을 잘 모릅니다. 해당 시설의 대피시설 지정 여부와 운영 규정·개방 시간·관리 담당자 연락처를 알려주세요.,부분공개,5
2024-03-17,세움시 맑은구 안전총괄과,FOI-2024-03366,열린마을 공원 임시 대피소 설치 기준 및 설치 이력 (3366호),열린마을 공원은 개방된 공간으로 재해 시 임시 대피소로 활용할 수 있을지 궁금합니다. 임시 대피소 설치 기준과 최근 3년간 열린마을 공원에 임시 대피소가 설치된 이력을 알려주세요.,부분공개,3
2022-02-28,가람시 열린구 행정지원과,FOI-2022-03367,너울천 산책로 지진 시 대피 가능 대피소 위치 및 거리 (3367호),너울천 산책로를 걷다가 지진이 발생하면 즉시 대피할 수 있는 시설이 필요합니다. 너울천 산책로 전 구간에 대해 지진 시 대피 가능한 대피소 위치와 산책로 구간별 대피소까지의 거리를 알려주세요.,부분공개,14
2022-05-26,미래군 행정지원과,FOI-2022-03368,빛솔광장 일대 화재 시 대피 경로 및 대피 시간 (3368호),"빛솔광장 일대는 상가와 음식점이 밀집해 화재 위험이습니다. 화재 발생 시 대피 경로와 대피 시간, 그리고 대피 과정에서 발생할 수 있는 병목 구간 현황을 알고 싶습니다.",부분공개,16
2024-08-04,누리시 바른구 행정지원과,FOI-2024-03369,가람공공청사 주변 민방위 훈련 실시 시기 및 참여 대상 (3369호),"가람공공청사 주변에서 일상이 밀접하므로 민방위 훈련에 참여하고 싶지만 일정을 잘 모릅니다. 가람공공청사 주변의 민방위 훈련 실시 시기와 참여 대상 범위, 시민 참여 방법을 알려주세요.",부분공개,19
2024-08-14,라온군 행정지원과,FOI-2024-03370,새봄역 환승구역 재난 시 안내방송 언어 지원 현황 (3370호),"새봄역 환승구역은 외국인의 이용도 많은 곳으로, 재난 시 안내방송이 여러 언어로 제공되는지 궁금합니다. 해당 환승구역의 재난 시 안내방송 언어 지원 현황과 다문화 가정이 재난 시 대피 정보를 얻는 방법을 알려주세요.",부분공개,2
2022-03-04,도담군 안전총괄과,FOI-2022-03371,한들동 생활권 내 대피소 내 배설시설 및 편익시설 설치 현황 (3371호),한들동 생활권 대피소에서 장시간 체류 시 배설시설과 기본 편익시설의 확보 여부가 중요합니다. 한들동 생활권 내 모든 대피소에서의 배설시설·급수 시설·침대 등 편익시설 설치 현황을 알려주세요.,공개,14
2024-01-15,빛솔시 아람구 행정지원과,FOI-2024-03372,미래복합센터 인근 주민 대피소 배정 우선순위 기준 (3372호),"미래복합센터 인근은 재해 시 대피소 배정이 필요할 수 있지만, 혼자 거주하는 상황에 배정 우선순위를 잘 모릅니다. 해당 지역 재해 시 대피소 배정 우선순위 기준과 특히 혼거주자·고령자의 우선 배정 여부를 알려주세요.",비공개,14
2024-04-15,가람시 열린구 행정지원과,FOI-2024-03373,도담천 산책로 안전 펜스 및 감시 카메라 설치 현황 (3373호),도담천 산책로를 자주 이용하지만 안전 시설이 부족하다고 느껴집니다. 산책로 전 구간의 안전 펜스 설치 현황과 감시 카메라 대수·위치 및 모니터링 현황을 알고 싶습니다.,공개,6
2024-05-13,너울시 물빛구 안전총괄과,FOI-2024-03374,해솔문화광장 재난 취약계층 전용 대피 공간 확보 현황 (3374호),"해솔문화광장 주변에는 한부모 가구와 자녀가 많아 재난 시 취약계층의 안전한 대피 공간 확보가 중요합니다. 해당 광장 주변에 취약계층 전용 대피 공간이 지정되어 있는지, 취학 전 아이를 동반한 가족의 대피 공간이 있는지 알려주세요.",공개,1
2024-09-20,가람시 새빛구 행정지원과,FOI-2024-03375,라온체육센터 주변 대규모 재난 발생 시 대피 인구 예측 및 대비 계획 (3375호),"라온체육센터 주변은 다세대 아파트와 학교가 인접해 대규모 재난 시 대피 인구가 급증할 수 있습니다. 해당 지역 대규모 재난 발생 시 예상 대피 인구를 예측한 적이 있는지, 그에 따른 대비 계획이 있는지를 알려주세요.",부분공개,9
2024-01-18,여울시 단비구 환경위생과,FOI-2024-03376,섬유류 폐기물 수거·선별 작업 절차 및 현황에 관한 자료 (3376호),샘물동 생활권 내 섬유류 폐기물의 수거·운반·선별 과정이 체계적으로 관리되는지 확인 요청. 선별 작업자로서 작업 공정 관리 실태와 배출량 통계가 필요함.,공개,20
2025-02-24,여울시 단비구 청소행정과,FOI-2025-03377,펠트 제품 폐기물 재활용 시설 운영 현황에 관한 자료 (3377호),"펠트 제품 폐기물을 처리하는 재활용 업체의 시설 현황, 처리 능력, 유해물질 관리 기준 적용 여부를 파악하고자 함. 작업 환경 안전에 직접적인 영향을 미치는 사항임.",부분공개,1
2022-10-18,세움시 맑은구 청소행정과,FOI-2022-03378,섬유 폐기물 매립 제한 정책 시행 계획에 관한 자료 (3378호),"최근 섬유 폐기물 매립 금지 정책 시행에 따른 세부 이행 방안, 기간별 목표, 업종별 배출 기준이 구체적으로 어떻게 수립되어 있는지 확인 요청.",비공개,12
2022-10-24,새봄시 한울구 환경위생과,FOI-2022-03379,섬유 선별원 작업장 환경 측정 기록에 관한 자료 (3379호),"먼지 및 유해물질 노출에 대한 작업 환경 측정 결과, 측정 시점, 개선 조치 여부를 확인 요청. 선별 작업자의 건강권 보장과 직결되는 사항임.",부분공개,2
2023-10-11,온빛시 청소행정과,FOI-2023-03380,섬유 재활용업 허가 기준 및 관리 현황에 관한 자료 (3380호),"섬유 폐기물 재활용업의 허가 기준, 시설 기준, 운영 규정 변경 이력을 파악하고자 함. 선별원으로서 안정성에 영향을 미치는 허가 현황 확인이 필요함.",부분공개,15
2025-09-01,도담군 청소행정과,FOI-2025-03381,젖소 사육 관련 축산 분뇨 처리 현황에 관한 자료 (3381호),"한들동 생활권 내 젖소 사육 과정에서 발생하는 분뇨 처리 체계, 퇴비화 시설 운영 현황, 수계 오염 방지 효과를 파악하고자 함. 사육 농가의 환경관리 실태 확인이 필요함.",부분공개,8
2022-09-05,가람시 새빛구 청소행정과,FOI-2022-03382,젖소 사육 관련 환경 허가·신고 현황에 관한 자료 (3382호),"해당 지역 내 젖소 사육장의 환경 관련 허가·신고 현황, 허가 조건 이행 여부를 파악하고자 함. 주변 환경에 미치는 영향을 객관적으로 평가하기 위한 자료가 필요함.",공개,2
2022-01-31,새봄시 한울구 청소행정과,FOI-2022-03383,축산 분뇨 수거·운반 차량 이동 경로에 관한 자료 (3383호),분뇨 수거·운반 차량이 배출원부터 처리 시설까지 이동하는 경로와 시간대를 확인 요청. 생활권 내 통학로와 인접한 구간에 대한 주민 불안 해소가 목적임.,공개,9
2023-01-19,너울시 물빛구 환경위생과,FOI-2023-03384,축산 폐기물 처리 지원금 지급 현황에 관한 자료 (3384호),"젖소 사육 농가에 지급된 축산 폐기물 처리 지원금 규모, 지급 기준, 집행 내역을 파악하고자 함. 지원 정책의 실효성 여부를 확인하기 위한 기초 자료가 필요함.",부분공개,5
2024-07-18,가람시 열린구 환경위생과,FOI-2024-03385,젖소 사육 관련 환경 모니터링 결과에 관한 자료 (3385호),해당 지역 내 젖소 사육 관련 대기·수질 모니터링 결과를 확인 요청. 사육 농가로서 자체 관리 수준을 객관적으로 진단하고 개선 방안을 모색하고자 함.,비공개,6
2024-06-14,라온군 청소행정과,FOI-2024-03386,자동차 부품 재활용업 폐기물 처리 실적에 관한 자료 (3386호),"도담천 산책로 인접 세움산업단지 내 자동차 부품 재활용 업체 폐기물 처리 실적, 재활용률, 최종 매립량 통계를 파악하고자 함. 기술자としての 전문적 관심이 있음.",공개,13
2023-06-09,예담시 늘품구 청소행정과,FOI-2023-03387,폐유기유 수거·재활용 체계 및 처리 시설 현황에 관한 자료 (3387호),"자동차 관련 폐유기유의 수거 체계, 재활용 시설 처리 능력, 유해물질 관리 기준 적용 현황을 파악하고자 함. 기술적 관점에서 처리 공정의 적정성을 평가하기 위함.",공개,13
2024-08-31,너울시 물빛구 청소행정과,FOI-2024-03388,자동차 경유·윤활유 사용 후 폐기물 발생량 통계에 관한 자료 (3388호),"해당 지역 내 자동차 관련 윤활유·경유 폐기물 연간 발생량, 수집·재활용 실적 통계를 파악하고자 함. 연구 자료로서의 활용을 위한 기초 데이터 확보가 목적임.",공개,12
2022-01-27,누리시 바른구 청소행정과,FOI-2022-03389,자동차 재활용 부품 기준 및 품질인증 정보에 관한 자료 (3389호),"재활용 자동차 부품의 품질 기준, 인증 절차, 시장 유통 현황에 대한 정보를 파악하고자 함. 기술자연구원으로서 품질관리 체계에 대한 전문적 관심이 있음.",비공개,5
2024-01-25,세움시 맑은구 환경위생과,FOI-2024-03390,자동차 재활용 산업 관련 환경영향평가 자료 (3390호),"미래복합센터 인근 자동차 재활용 시설 입지 선정 관련 환경영향평가 초안 및 협의 내용, 주민 의견 수렴 절차를 확인 요청. 시설 인근 주민으로서의 환경권 관심이 있음.",부분공개,12
2025-04-18,온빛시 환경위생과,FOI-2025-03391,조경 관련 폐기물 수거·처리기본계획 수립 현황에 관한 자료 (3391호),해당 지역 내 조경 관련 폐기물 수거·처리기본계획 수립와 계획 내용을 파악하고자 함. 전직 조경 관리자로서 계획의 실효성과 개선점을 분석하기 위함.,부분공개,7
2024-01-26,새봄시 한울구 환경위생과,FOI-2024-03392,조경 관련 녹지 관리 폐기물 처리 실적에 관한 자료 (3392호),"열린마을 공원 및 도담천 산책로 등 녹지 관리 과정에 발생하는 폐기물 종류별 처리 실적, 주요 발생 장소별 처리량을 파악하고자 함. 전문 관리 경험에 기반한 분석 목적임.",공개,15
2024-02-25,라온군 청소행정과,FOI-2024-03393,조경 관련 재활용 시설 현황 및 수 처리 능력에 관한 자료 (3393호),"해당 지역 내 조경 폐기물 재활용 시설 현황, 수 처리 능력, 시설 이용 절차를 파악하고자 함. 재취업 준비 차원에서 시설 운영 분야への 관심.",비공개,8
2024-07-22,도담군 청소행정과,FOI-2024-03394,가람공공청사 주변 폐기물 처리·재활용 관련 자료 공개 청구 135-0 (3394호),가람공공청사 주변 일대의 폐기물 처리·재활용 업무와 관련하여 최근 6개월간 처리된 문서와 집행 내역 일체를 공개하여 주시기 바랍니다. 항목별 세부 내역과 근거 서류를 포함해 주세요.,공개,15
2024-01-17,가람시 열린구 청소행정과,FOI-2024-03395,한울초 주변 통학로 폐기물 처리·재활용 관련 자료 공개 청구 135-1 (3395호),한울초 주변 통학로 일대의 폐기물 처리·재활용 업무와 관련하여 최근 6개월간 처리된 문서와 집행 내역 일체를 공개하여 주시기 바랍니다. 항목별 세부 내역과 근거 서류를 포함해 주세요.,공개,15
2023-06-24,새봄시 한울구 청소행정과,FOI-2023-03396,누리버스 정류장 폐기물 처리·재활용 관련 자료 공개 청구 135-2 (3396호),누리버스 정류장 일대의 폐기물 처리·재활용 업무와 관련하여 최근 1년간 처리된 문서와 집행 내역 일체를 공개하여 주시기 바랍니다. 항목별 세부 내역과 근거 서류를 포함해 주세요.,부분공개,15
2025-07-06,너울시 물빛구 환경위생과,FOI-2025-03397,한울초 주변 통학로 폐기물 처리·재활용 관련 자료 공개 청구 135-3 (3397호),한울초 주변 통학로 일대의 폐기물 처리·재활용 업무와 관련하여 2023년부터 현재까지 처리된 문서와 집행 내역 일체를 공개하여 주시기 바랍니다. 항목별 세부 내역과 근거 서류를 포함해 주세요.,부존재,20
2025-09-12,가람시 열린구 청소행정과,FOI-2025-03398,샘물동 생활권 폐기물 처리·재활용 관련 자료 공개 청구 135-4 (3398호),샘물동 생활권 일대의 폐기물 처리·재활용 업무와 관련하여 2023년부터 현재까지 처리된 문서와 집행 내역 일체를 공개하여 주시기 바랍니다. 항목별 세부 내역과 근거 서류를 포함해 주세요.,부분공개,11
2022-10-28,라온군 청소행정과,FOI-2022-03399,라온체육센터 주변 폐기물 처리·재활용 관련 자료 공개 청구 135-5 (3399호),라온체육센터 주변 일대의 폐기물 처리·재활용 업무와 관련하여 2024년 한 해 처리된 문서와 집행 내역 일체를 공개하여 주시기 바랍니다. 항목별 세부 내역과 근거 서류를 포함해 주세요.,부분공개,7
2024-04-05,세움시 맑은구 환경위생과,FOI-2024-03400,세움산업단지 입구 폐기물 처리·재활용 관련 자료 공개 청구 135-6 (3400호),세움산업단지 입구 일대의 폐기물 처리·재활용 업무와 관련하여 최근 1년간 처리된 문서와 집행 내역 일체를 공개하여 주시기 바랍니다. 항목별 세부 내역과 근거 서류를 포함해 주세요.,공개,14
2022-05-19,가람시 열린구 상하수도과,FOI-2022-03401,샘물동 상수원 수질검사 결과 및 소독 실적 공개 청구 (3401호),"샘물동 일대에 공급되는 상수도에 대해 최근 3년간의 수질검사 결과와 염소 소독 실적, 먹는물 수질기준 초과 이력 및 조치 내용을 알고 싶습니다. 정수장 방류수 수질 데이터와 배관 내 부식물질 농도 변화도 포함해 주세요.",부분공개,16
2022-07-23,누리시 바른구 환경위생과,FOI-2022-03402,가온로 보행구간 상수도 관로 교체 공사 내역 및 시공업체 선정 기준 (3402호),"전직 기술자로서 가온로 보행구간 지하 매설 상수도 관로 교체 공사에 대한 시공업체 선정 기준, 입찰 절차, 계약 금액 내역이 궁금합니다. 공사 품질 관리 기준과 시공 후 수압 시험 결과도 알려주세요.",공개,20
2022-12-09,예담시 늘품구 상하수도과,FOI-2022-03403,샘물동 아파트 단지의 상수도 급수 방식 및 관리 주체 확인 청구 (3403호),"현재 전직 기술자로 구직 중인 상황에서 아파트 상수도 급수 방식(직수식/저수조식)을 확인하고 싶습니다. 급수 시설 관리 주체와 유지보수 담당 기관, 시설 점검 주기도 알려주세요.",공개,7
2023-04-29,세움시 맑은구 환경위생과,FOI-2023-03404,미르로 교차로 주변 상수전 설치 위치 및 하루 사용량 데이터 (3404호),"미르로 교차로 주변 상수전(급수전)의 정확한 설치 위치와 하루 평균 사용량, 수도 계량기 검침 기록을 알고 싶습니다. 상수전 관로 노후도 평가 자료도 포함해 주세요.",공개,5
2022-11-13,미래군 환경위생과,FOI-2022-03405,새봄역 환승구역 지하수도 배관도면 및 누수 이력 공개 (3405호),"새봄역 환승구역 지하 상수도 배관 도면을 확인하고 싶습니다. 최근 5년간 해당 구간의 누수 사고 이력, 보수 공사 내용과 비용 내역도 함께 공개해 주세요.",공개,1
2025-09-12,해솔시 상하수도과,FOI-2025-03406,열린마을 공원 분수대 사용 수도량 및 수질검사 일정에 관한 청구 (3406호),"가정 꾸미기 등을 하면서 공원 내 분수대 수도 사용량과 수질검사 일정, 소독 빈도를 알고 싶습니다. 분수대 물 순환 방식과 수도 요금 지출 내역도 확인하고 싶습니다.",공개,16
2022-11-03,해솔시 상하수도과,FOI-2022-03407,푸른마루 교차로 하수관로 막힘 사고 빈도 및 원인 분석 자료 (3407호),"푸른마루 교차로 일대 하수관로 막힘 사고 발생 빈도와 원인 분석 자료, 사고 시 대응 조치 내용을 알고 싶습니다. 최근 3년간 사고 유형별 통계도 포함해 주세요.",부분공개,3
2023-04-06,여울시 단비구 상하수도과,FOI-2023-03408,한울초 주변 통학로 하수구 개선 공사 계획 및 추진 일정 (3408호),"자녀가 한울초에 다니는데 통학로 하수구 냄새와 범람 문제가 걱정됩니다. 하수구 개선 공사 계획과 추진 일정, 공사 후 환경 영향 평가 결과를 알려주세요.",공개,11
2022-10-20,온빛시 환경위생과,FOI-2022-03409,새빛시장 주변 상가 하수도 사용량 기준 초과 부과 내역 (3409호),새빛시장 주변 상가 중 수도 사용량이 기준을 초과한 사업장 부과 내역과 초과 사용량 산정 기준을 알고 싶습니다. 요금 체납 사업장 현황과 체납 시 조치 내용도 확인하고 싶습니다.,부분공개,6
2023-09-21,온빛시 상하수도과,FOI-2023-03410,도담천 산책로 화장실 상수도와 배수 시설 현황 및 관리 기록 (3410호),"도담천 산책로 이용 시 식수와 세수용 상수도 시설 현황을 확인하고 싶습니다. 산책로 내 화장실 배수 시설 관리 기록, 점검 빈도, 수도 누수 이력도 함께 알려주세요.",공개,2
2022-12-08,새봄시 한울구 환경위생과,FOI-2022-03411,맑은마을 커뮤니티센터 수도미터 검침 방식 및 오류 처리 절차 (3411호),"가정 경제를 관리하며 수도요금 투명성을 확인하고 싶습니다. 맑은마을 커뮤니티센터 관할 지역 수도미터 검침 방식, 검침 오류 발생 시 처리 절차, 환급 기준을 알려주세요.",부분공개,17
2023-02-07,도담군 환경위생과,FOI-2023-03412,가람공공청사 주변 상수도 본관 말소 방식 및 환경 영향 자료 (3412호),"가람공공청사 주변 상수도 본관 말소(폐쇄) 작업 방식과 환경 영향을 알고 싶습니다. 말소 후 토양 및 지하수 영향 조사 결과, 잔류 물질 처리 방법을 포함해 주세요.",비공개,17
2022-07-20,가람시 열린구 환경위생과,FOI-2022-03413,한들동 생활권 하수처리장 방류 수질 기준 여부 확인 청구 (3413호),"한들동 생활권 하수처리장 방류 수질이 법적 기준을 충족하는지 확인하고 싶습니다. 최근 1년간 월별 방류 수질 검사 결과와 방류량, 기준 초과 시 행정 처분 내역을 알려주세요.",부분공개,10
2025-12-11,빛솔시 아람구 상하수도과,FOI-2025-03414,누리버스 정류장 주변 상수전 급수 정지 이력 및 재개 공지 기준 (3414호),누리버스 정류장 주변 상수전 급수 중단 이력과 재개 공지 기준을 알고 싶습니다. 급수 정지 시 주민 통보 방식과 대안 급수 제공 여부도 포함해 주세요.,공개,11
2025-08-25,해솔시 상하수도과,FOI-2025-03415,해솔문화광장 분수 물 순환 시스템 및 수도 사용량 절감 정책 (3415호),"해솔문화광장 분수 물 순환 시스템이 어떤 원리로 작동하는지, 연간 수도 사용량이 어느 정도인지 알고 싶습니다. 공공시설 수도 절감 정책과 광장 별도 수도 요금 지원 사항도 확인하고 싶습니다.",비공개,5
2022-09-12,온빛시 환경위생과,FOI-2022-03416,온빛도서관 앞 하수관로 매설 깊이 및 내진 설계 기준 확인 (3416호),온빛도서관 앞 도로 하수관로의 매설 깊이와 내진 설계 기준을 확인하고 싶습니다. 최근 대비 안전 점검 결과와 관로 교체 예정 일정이 있는지 알려주세요.,공개,2
2022-12-09,새봄시 한울구 상하수도과,FOI-2022-03417,라온체육센터 주변 상수관로 노후도 평가 결과 공개 청구 (3417호),"라온체육센터 주변 상수관로 노후도 평가 결과와 교체 필요 구간을 알고 싶습니다. 평가 기준 항목, 최종 평가 등급, 향후 정비 투자 계획도 포함해 주세요.",부분공개,17
2024-06-27,세움시 맑은구 상하수도과,FOI-2024-03418,세움산업단지 입구 산업용수 공급 체계 및 수질검사 기준 (3418호),"세움산업단지 입구 산업용수 공급 체계와 수질검사 기준을 알고 싶습니다. 산업용수와 생활용수의 수질 기준 차이, 산업용수 별도 요금 체계도 알려주세요.",공개,2
2024-11-02,빛솔시 아람구 상하수도과,FOI-2024-03419,샘물동 상수도에 포함된 소독제 종류 및 농도 변화 데이터 (3419호),"샘물동 상수도에 사용되는 소독제 종류와 계절별 농도 변화를 알고 싶습니다. 최근 2년간 소독제 투입량 변화 추이, 기준 농도 초과 발생 시 주민 알림 방법을 포함해 주세요.",공개,18
2023-01-18,너울시 물빛구 상하수도과,FOI-2023-03420,새빛시장 하수처리시설 설치 비용 보조금 지급 내역 (3420호),"새빛시장 내 상가 하수처리시설 설치 비용 보조금을 신청한 사업체와 지급 금액, 보조금 지급 기준을 알고 싶습니다. 보조금 집행 내역과 사후 방법도 알려주세요.",공개,1
2023-12-14,가람시 새빛구 상하수도과,FOI-2023-03421,도담천 산책로 상수전 수질 자가검사 결과 인정 여부 (3421호),"도담천 산책로 상수전에서 개인적으로 수질 자가검사를 실시했는데, 그 결과가 기관 검사보다 인정받는지 알고 싶습니다. 자가검사 결과 제출 시 인정 기준과 절차를 알려주세요.",부분공개,3
2023-02-22,누리시 바른구 상하수도과,FOI-2023-03422,한들동 생활권 상수도 고가수조 청소 실적 및 점검 주기 (3422호),"한들동 생활권 공동주택 고가수조 청소 실적과 점검 주기를 알고 싶습니다. 수조 청소 담당 업체 선정 기준, 청소 후 수질 검사 결과, 관리 내역도 포함해 주세요.",공개,19
2023-03-31,빛솔시 아람구 환경위생과,FOI-2023-03423,가온로 보행구간 하수관로 CCTV 검사 영상 및 결함 등급 자료 (3423호),가온로 보행구간 하수관로 CCTV 검사 영상 자료와 결함 등급 판정 기준을 알고 싶습니다. 결함 등급별 보수 우선순위 결정 방식과 보수 공사 시기 예정도 알려주세요.,공개,19
2023-02-08,가람시 열린구 상하수도과,FOI-2023-03424,미래복합센터 인근 상수관 누수으로 인한 토양 오염 조사 자료 (3424호),"미래복합센터 인근 상수관 누수로 인해 주변 토양 오염 조사 결과가 있는지 확인하고 싶습니다. 조사 시기, 오염 물질 종류와 농도, 복원 조치 내용을 알려주세요.",비공개,12
2025-11-19,너울시 물빛구 상하수도과,FOI-2025-03425,빛솔광장 일대 하수처리 수역 초과 방류 시 과태료 부과 기준 (3425호),"빛솔광장 일대 하수처리 수역 초과 방류 시 부과되는 과태료 기준과 부과 절차, 감경 요건을 알고 싶습니다. 최근 2년간 초과 방류로 부과된 과태료 총액도 포함해 주세요.",부분공개,17
2022-08-05,해솔시 재무회계과,FOI-2022-03426,소기업 맞춤 바우처 지급 현황 및 집행 현황 공개 청구 (3426호),최근 3년간 샘물동 생활권 내 소기업 맞춤 바우처 지원 대상 업체 선정 기준과 각 업체별 지급액·집행내역을 파악하고자 합니다. 법 전문가 경력으로 지원사업 심사위원 윤리강령과 선정 투명성에 대해 알고 있어 구체적 집행내역을 요청합니다.,공개,20
2022-02-22,미래군 일자리경제과,FOI-2022-03427,소상공인 긴급생활안정지원금 지급れ 관련 배분 내역 청구 (3427호),지난 해 긴급생활안정지원금 지급기간 중 푸른마루 교차로 주변 음식점들에 대한 지급내역과 배분 근거를 알고 싶습니다. 배분 과정에서 특정 업체가 누락된 사유가 있었는지 행정 기록 전체를 요청합니다.,공개,8
2022-01-25,예담시 늘품구 일자리경제과,FOI-2022-03428,새빛시장 상인 대상 매출감소 인정기준 설정 근거 청구 (3428호),새빛시장 주변 상인들을 대상으로 한 매출감소 지원금 산정 시 사용한 비교기간·업계 분류기준·감소율 산출방식이 어떤 근거로 정해졌는지 투명하게 공개해 주시기 바랍니다. 전문가로서행정giver의 재량권 범위를 확인하고 싶습니다.,공개,3
2024-03-13,누리시 바른구 재무회계과,FOI-2024-03429,중앙보조금 성과평가 항목 및 감액 기준공개 청구 (3429호),"과거 법률 전문가 경력을 바탕으로 현재 구직 중인 상황에서, 중앙보조금 지원사업의 성과평가 항목이 어떻게 설계되어 있는지, 평가점수에 따른 차등 감액 기준이 무엇인지 요청합니다. 선정 탈락업체에 대한 사후 방식도 포함해 주십시오.",부분공개,5
2023-03-24,온빛시 일자리경제과,FOI-2023-03430,미래복합센터 인근 소기업 채용촉진 지원금 집행내역 청구 (3430호),미래복합센터 인근에 본사를 둔 소기업들이 받은 채용촉진 지원금의 집행내역을 상세히 알고 싶습니다. 특히 신규 채용 인원수 대비 지급액이 실제 채용과 일치하는지행정으로 확인하고 싶습니다.,부분공개,14
2024-08-08,가람시 새빛구 재무회계과,FOI-2024-03431,음식점 직접검사 시 단속기준 및 개선 발부 내역 공개 (3431호),"최근 2년간 푸른마루 교차로 일대 음식점들을 대상으로 한 직접점검에서 위생단속기준을 어떻게 적용했는지, 개선명령서를 발부한 구체적 사안과 처리결과를 요청합니다. 관리자로서 현장 체계의 일관성을 파악할 필요가 있습니다.",부분공개,2
2024-05-27,미래군 일자리경제과,FOI-2024-03432,배달플랫폼 수수료율 관련 소상공인 수수료 지원금 집행현황 (3432호),"온빛도서관 앞 지역 음식점들이 배달플랫폼 수수료 부담 완화 지원을 받았는데, 그 지원금이 실제로 수수료 감면으로 이어졌는지 집행 과정을 구체적으로 보고받고 싶습니다. 업체당 지원과 실제 감면내역이 맞는지행정을 확인합니다.",공개,14
2023-01-10,너울시 물빛구 일자리경제과,FOI-2023-03433,새봄역 환승구역 내 외식업 창업자금 지원금 심사기준 공개 (3433호),새봄역 환승구역 내 창업한 외식업들이 창업자금을 신청할 때 적용된 심사기준표와 각 항목별 점수대를 공개해 주십시오. 관리자로서 업력·매출·고용인원 기준이 지역특성에 맞게 설계되었는지 확인이 필요합니다.,부분공개,20
2022-04-02,라온군 일자리경제과,FOI-2022-03434,소규모음식점 에너지비용 부담 완화 지원금 집행 실적 공개 (3434호),"한울초 주변 통학로 지역 소규모 음식점들이 에너지비용 부담 완화 지원을 받은 현황을 알고 싶습니다. 신청업체 수 대비 선정업체 수, 업체당 평균지원액, 에너지사용량 감소 실적이 집행성과와 맞물렸는지 보고서를 요청합니다.",부분공개,18
2022-10-27,누리시 바른구 일자리경제과,FOI-2022-03435,음식점 공동광고비 지원사업 심의과정 공개 청구 (3435호),푸른마루 교차로 음식점들이 공동광고비를 지원받은 사업의 심의회의록과 심사위원을 공개해 주십시오. 관리자로서 지역상권 협동 사업의 의사결정 투명성에 관심을 가지고 있습니다.,부분공개,2
2023-03-23,미래군 일자리경제과,FOI-2023-03436,환경감시원 활동지원금 중 지역사회 환경개선비 집행내역 청구 (3436호),최근 1년간 도담천 산책로 및 너울천 산책로 환경감시원 활동지원금 중 지역사회 환경개선사업으로 집행된 금액의 구체적 사용내역과 사업완료일을 알고 싶습니다. 현장 근무자로서 지원금의 실효성을 확인하고 싶습니다.,부존재,7
2025-03-28,미래군 재무회계과,FOI-2025-03437,소기업 환경개선 설비지원금 신청 및 선정 과정 공개 청구 (3437호),가온로 보행구간 주변 소규모 제조업체들이 환경개선 설비지원금을 신청한 기록과 선정·탈락 과정을 상세히 알고 싶습니다. 환경감시원으로서 업종별 환경관리청하 산정방식이 선정기준에 포함되었는지 확인이 필요합니다.,공개,5
2025-06-25,새봄시 한울구 일자리경제과,FOI-2025-03438,배출권거래제 관련 소기업 탄소배출 감축지원금 집행현황 청구 (3438호),세움산업단지 입구 주변 소기업들이 탄소배출 감축 지원금을 받은 후 실제 탄소배출 감소 실적이 있었는지 집행결과보고서를 요청합니다. 환경감시원으로서 탄소배출권거래제 도입이 소기업에 미친 영향을 파악할 필요가 있습니다.,부분공개,19
2024-10-03,가람시 열린구 재무회계과,FOI-2024-03439,지역 환경정화 활동비 지원금 사용내역 및 성과보고 공개 (3439호),"해솔문화광장 및 빛솔광장 일대 환경정화 활동에 투입된 지원금의 사용내역과 환경개선 성과를 보고받고 싶습니다. 감시원으로서 현장 활동의 지원금이 효과적으로 쓰였는지 확인하고, 향후 활동 방향을 모색하고 싶습니다.",부분공개,18
2025-05-09,도담군 일자리경제과,FOI-2025-03440,소기업 재활용 촉진 지원금 신청 경쟁률 및 배분기준 공개 (3440호),"새빛시장 주변 소기업 재활용 촉진 지원금의 신청 경쟁률을 알고 싶습니다. 신청건수 대비 선정건수, 그리고 신청자 간 배분기준이 무엇이었는지행정을 통해 확인하고 싶습니다. 환경감시원으로서 자원순환 정책의 실효성을 파악하기 위함입니다.",부분공개,11
2022-09-07,가람시 새빛구 재무회계과,FOI-2022-03441,한의원 업종 지원금 심사결과 및 재심의 절차 공개 청구 (3441호),"다세대주택에 거주하며 한의원을 운영하다가 현재 구직 중인 상황에서, 업종 지원금 심사결과를 받았는데 탈락 사유가 구체적으로 나와 있지 않아 하려 합니다. 심사탈락의 구체적 사유와 재심의 절차를 알려주시기 바랍니다.",공개,10
2022-09-05,해솔시 재무회계과,FOI-2022-03442,소기업 건강관리 지원금 지급 대상자 선정 기준 공개 청구 (3442호),가람공공청사 주변 한의원을 포함한 소기업 건강관리 지원금의 지급대상자 선정 기준표와 가점항목이 무엇인지 알고 싶습니다. 전문가로서 증진 지원사업의 형평성과 선정 투명성에 관심이 있어 구체적 기준을 요청합니다.,부분공개,7
2024-09-04,도담군 재무회계과,FOI-2024-03443,의료기관 감염예방 지원금 집행 내역 공개 청구 (3443호),한의원에서 감염예방 지원금을 신청한 기록과 집행 내역을 알고 싶습니다. 지원금 지급액 대비 감염예방 물품 구매내역이 실제로 일치하는지행정을 통해 확인하고 싶습니다. 과거 의료기관 운영 경험이 있는에서 요청합니다.,공개,7
2024-11-21,해솔시 일자리경제과,FOI-2024-03444,지역 한의사 한방진흥 지원사업 선정 탈락 내용 공개 (3444호),"한방진흥 지원사업에 신청했다가 탈락되었는데, 탈락에 구체적 탈락 사유가 기재되어 있지 않아 합니다. 심사위원이 어떤 항목을 기준으로 탈락시켰는지, 점수공개가 가능한지 확인하고 싶습니다.",부분공개,18
2022-09-22,너울시 물빛구 일자리경제과,FOI-2022-03445,소기업 디지털 전환 지원금 사용용도 제한기준 공개 청구 (3445호),"다세대주택 기반 소기업으로 디지털 전환 지원금을 신청하려고 하는데, 사용용도 제한기준이 무엇인지, 어떤 지출항목이 지원 대상인지행정을 통해 구체적으로 확인하고 싶습니다. 구직 중 전문가로서 제도 설계의 합리성을 판단하고 싶습니다.",부분공개,17
2022-07-12,여울시 단비구 재무회계과,FOI-2022-03446,한부모 가구 자녀돌봄비 지원금 집행실적 및 지출내역 공개 (3446호),아파트에 자녀와 단독으로 거주하며 한부모 가구로 지원을 받고 있습니다. 최근 지역사회 아동돌봄비 지원금의 집행실적과 해당 아동돌봄시설에서의 지출내역을 구체적으로 알고 싶습니다. 특히 지원금 중 돌봄인건비 비율이 적절하게 배분되었는지 확인이 필요합니다.,공개,6
2024-03-25,누리시 바른구 일자리경제과,FOI-2024-03447,소기업 안전교육비 지원사업 교육기관 선정내역 공개 청구 (3447호),"한부모 가구로 안전에 대한 관심이 높아, 지역 내 소기업 노동자 안전교육비 지원사업의 교육기관 선정 과정이 투명하게 이루어졌는지 확인하고 싶습니다. 교육기관 선정기준과 각 기관별 선정 점수를 행정을 통해 알려주시기 바랍니다.",비공개,14
2023-05-27,새봄시 한울구 일자리경제과,FOI-2023-03448,아동 동반 편의시설 운영비 지원금 집행현황 공개 청구 (3448호),"아파트에 자녀와 함께 거주하는 한부모 가구로서, 지역 내 아동동반 편의시설이 운영비 지원금을 어떤 항목에 썼는지 상세히 알고 싶습니다. 특히 설비비와 인건비 각각의 배분 비율이 보조금 관련 법규에 맞게 집행되었는지행정을 통해 확인합니다.",공개,10
2022-05-24,해솔시 일자리경제과,FOI-2022-03449,소기업 긴급 경영안정 지원금 소득 기준 적용 내역 공개 (3449호),한부모 가구로서 소득 기준이 지원금 지급에 어떻게 적용되었는지 알고 싶습니다. 누리버스 정류장 주변 소기업 긴급 경영안정 지원금 지급 시 가구 소득 기준 산정방식과 그 적용 결과를행정을 통해 구체적으로 요청합니다.,공개,10
2025-12-19,라온군 재무회계과,FOI-2025-03450,지역 아동복지시설 주변 환경개선비 집행성과 공개 청구 (3450호),"한울초 주변 통학로 내 아동복지시설 주변 환경개선사업에 투입된 집행성과를 알고 싶습니다. 한부모 가구로서 자녀의 안전한 생활환경에 관심이 많아 환경개선비가 어떤 구체적 사업에 사용되었는지, 개선전후 환경측정값이 어떻게 달라졌는지행정을 통해 확인합니다.",부분공개,8
2022-11-26,세움시 맑은구 문화체육과,FOI-2022-03451,샘물동 생활권 문화행사 개최 알선 현황 및 보조금 규모 문의 (3451호),"최근 샘물동 생활권에서 문화행사가 다수 개최된 것으로 확인됩니다. 행사의 개최 알선 건수와 관련 보조금 총액, 각 행사의 시행 주체별 보조금 배분 현황을 구체적으로 파악하고자 합니다.",부분공개,10
2024-04-06,너울시 물빛구 문화체육과,FOI-2024-03452,청년 구직자 역량 강화 특별 프로그램 선발 과정 및 선정 기준 확인 요청 (3452호),현재 구직 중인 상황에서 문화 관련 청년 구직자 역량 강화 특별 프로그램의 구체적인 선발 과정과 각 단계별 구체적 선정 기준 및 배점 체계를 투명하게 공개해 주시기 바랍니다.,공개,10
2023-02-02,해솔시 문화체육과,FOI-2023-03453,스포츠 관련 행사 보조금 지급 현황 및 근거 규정 조회 (3453호),지역 내에서 실시된 스포츠 관련 문화 행사 보조금 지급 현황과 보조금 지급 결정의 근거가 된 규정 및 지급 표준액 산정 방식을 알려주시기 바랍니다.,비공개,20
2022-07-06,온빛시 기획감사과,FOI-2022-03454,문화 행사 상시 고용 창출 성과 및 고용 보험 적용 여부 조회 (3454호),문화 행사 개최 시 상시 고용 창출 규모에 대한 성과 보고서와 계약 체결 인원의 고용 보험 적용 여부 및 적용률 통계가 있는지 확인 요청합니다.,부존재,2
2025-05-22,빛솔시 아람구 기획감사과,FOI-2025-03455,축제 기간 교통 혼잡 완화를 위한 대체 교통편 지원금 배분 현황 (3455호),"축제 기간 교통 혼잡 완화를 위해 마련된 대체 교통편 지원금의 총액 규모와 각 대중교통 업체별 지원금 배분 비율, 구체적인 배분 기준을 알고 싶습니다.",공개,6
2022-02-09,가람시 열린구 문화체육과,FOI-2022-03456,문화 ICT 스마트 장비 도입 사업 추진 현황 및 청년 참여 기업 선정 일정 (3456호),"전직 IT 관리자로서 문화 ICT 스마트 장비 도입 사업의 추진 현황과 مراحل별 일정, 청년 신규 참여 기업 선정 일정을 구체적으로 확인하고자 합니다.",부분공개,5
2023-07-14,새봄시 한울구 문화체육과,FOI-2023-03457,청년 구직자 대상 문화 프로그램 수강료 지원 범위 및 추가 부담금 기준 (3457호),현재 구직 중인 상황을 고려하여 청년 구직자 대상 문화 프로그램의 구체적인 수강료 지원 범위와 추가로 본인 부담이 되는 금액의 산정 기준을 명확히 알려주시기 바랍니다.,공개,2
2024-10-04,세움시 맑은구 기획감사과,FOI-2024-03458,스마트 문화 프로그램 추진 현황 및 성과 평가 결과 조회 (3458호),스마트 문화 프로그램의 추진 현황과 성과 평가 결과를 확인하고 싶습니다. 특히 사업 완료 후 목표 대비 실제 성과 달성률과 참여자 만족도 조사 결과가 있는지 알려주세요.,부분공개,20
2022-12-26,라온군 기획감사과,FOI-2022-03459,문화 행사 온라인 플랫폼 기술 표준화 추진 현황 확인 요청 (3459호),문화 행사 온라인 플랫폼 구축 시 적용되는 기술 표준화 추진 현황과 현재 플랫폼 간 데이터 연계 방식의 표준화 진행 단계 및 향후 계획을 알고 싶습니다.,부분공개,8
2025-06-17,해솔시 기획감사과,FOI-2025-03460,열린마을 공원 공연장 인터넷 구축 공사비 배분 내역 조회 (3460호),"열린마을 공원 공연장의 인터넷 구축 사업 추진 현황과 전체 공사비 규모, 장비비 및 공사비 배분 내역과 각 업체별 계약 금액이 있는지 확인 요청합니다.",공개,3
2022-07-14,세움시 맑은구 기획감사과,FOI-2022-03461,한울초 주변 통학로 안전시설 확충 사업 추진 현황 및 확보 예산 규모 (3461호),"한울초 주변 통학로 안전시설 확충 사업 추진 현황과 확보된 예산 규모, 현재 공정률 및 사업 완공 목표 시점을 구체적으로 확인하고 싶습니다.",공개,11
2024-04-17,해솔시 문화체육과,FOI-2024-03462,맑은마을 문화회관 리모델링 공사 발주 방식 및 입찰 추진 일정 조회 (3462호),"맑은마을 문화회관 리모델링 공사의 발주 방식이 어떠한 형태로 결정되었는지, 경쟁 입찰 추진 일정과 입찰 공고 예정 일자를 구체적으로 알려주시기 바랍니다.",부분공개,8
2022-08-13,가람시 열린구 기획감사과,FOI-2022-03463,도담천 산책로 다목적 공연장 조성 사업 총예산 및 재정 확보 현황 (3463호),"도담천 산책로 다목적 공연장 조성 사업의 총예산 규모와 현재까지 확보된 재정 규모 및 확보된 재원의 재원별 비율, 향후 남은 재원 마련 계획이 있는지 확인 요청합니다.",비공개,16
2024-10-09,온빛시 문화체육과,FOI-2024-03464,라온체육센터 주변 공연장 설치 공사 시공업체 선정 방식 및 현지 고용 창출 규모 (3464호),"라온체육센터 주변 공연장 설치 공사의 시공업체 선정 방식과 계약 형태, 계약 금액 규모와 해당 사업으로 창출되는 현지 고용 규모 및 인력 채용 계획이 있는지 확인 요청합니다.",부분공개,17
2023-06-02,가람시 새빛구 기획감사과,FOI-2023-03465,새빛시장 주변 축제 임시 공연장 설치비 지원금 배분 기준 및 상인단체별 지원 비율 (3465호),"새빛시장 주변 축제 기간 임시 공연장 설치비 지원금의 배분 기준과 각 상인단체별 지원 비율이 어떻게 차등 부여되었는지, 그 산정 근거를 구체적으로 알려주시기 바랍니다.",부분공개,14
2024-02-26,새봄시 한울구 문화체육과,FOI-2024-03466,한들동 생활권 문화 향유권 증진 정책 추진 현황 및 예산 편성 규모 (3466호),"한들동 생활권 문화 향유권 증진을 위한 정책 추진 현황과 예산 편성 규모, 추진 계획 및 예상 완성 시점을 구체적으로 확인하고 싶습니다.",부분공개,20
2023-02-24,도담군 문화체육과,FOI-2023-03467,축제 관객 동원비 집행 내역 및 특별 교통 지원비 배분 내역 조회 (3467호),축제 관객 동원비 집행 내역의 구체적 항목별 지출 규모와 교통 접근성 개선을 위해 마련된 특별 교통 지원비 배분 내역을 항목별로 구분하여 공개 요청합니다.,비공개,11
2025-11-20,미래군 문화체육과,FOI-2025-03468,공연장 보조금 심의 업체별 선정 기준 및 배점 체계 공개 여부 확인 (3468호),"공연장 보조금 심의 시 업체별 선정 기준과 배점 체계, 평가 항목별 배점 비율이 투명하게 공개되어 있는지 확인하고 공개되어 있다면 구체적 내용을 알려주시기 바랍니다.",부분공개,5
2025-07-01,빛솔시 아람구 기획감사과,FOI-2025-03469,축제 운영 인력 채용 시 지역 주민 우선 채용 정책 이행 여부 확인 (3469호),"축제 운영 인력 채용 시 지역 주민 우선 채용 정책이 실제로 이행되었는지, 지역 주민 채용 비율과 비지역 주민 채용 비율, 정책 미이행 시 사후 조치 기준이 있는지 확인 요청합니다.",공개,13
2024-08-24,라온군 문화체육과,FOI-2024-03470,특정 업종 특별 지원금 지급 시 기계 제품 생산 관련 업종 구분 및 지급 기준 (3470호),"특정 업종 특별 지원금 지급 시 기계 제품 생산 관련 업종의 구분 방식과 지급 기준, 업종별 차별화된 지급 비율의 산정 근거를 구체적으로 알려주시기 바랍니다.",공개,5
2025-12-04,새봄시 한울구 문화체육과,FOI-2025-03471,새봄역 환승구역 축제 안전관리 계획 비상대피 경로 설정 근거 및 관객 수용 인원 기준 (3471호),"새봄역 환승구역 축제 안전관리 계획의 비상대피 경로 설정 근거와 관객 수용 인원 기준, 해당 기준의 산정 방식 및 규제 근거 규정을 구체적으로 알려주시기 바랍니다.",공개,19
2025-02-23,가람시 새빛구 기획감사과,FOI-2025-03472,품질인증 심사 전문가 선정 과정 투명성 강화를 위한 외부 전문가 위촉 기준 공개 요청 (3472호),"품질인증 심사 전문가 선정 과정의 투명성 강화를 위해 외부 전문가 위촉 기준과 심사 전문가 Pool 구성 방식, 외부 전문가 위촉 시 자격 요건 및 경력 기준이 있는지 확인 요청합니다.",부존재,14
2023-11-10,미래군 문화체육과,FOI-2023-03473,공공문화 행사 친환경 인증 추진 현황 및 관련 부서 협의 일정 확인 (3473호),"공공문화 행사 친환경 인증 추진 현황과 추진 단계별 일정을 확인하고, 추진 과정에서 관련 부서와의 협의 일정이 어떻게 배정되었는지 구체적으로 알려주시기 바랍니다.",공개,9
2023-07-15,예담시 늘품구 기획감사과,FOI-2023-03474,해솔문화광장 공연장 에너지 효율 관련 인증 현황 및 관리 책임 부서 (3474호),"해솔문화광장 공연장 에너지 효율 관련 인증 현황과 에너지 절감 목표 설정 여부, 해당 시설의 에너지 효율 관리 책임 부서 및 관리 담당자 연락 체계가 있는지 확인 요청합니다.",비공개,1
2023-07-10,너울시 물빛구 기획감사과,FOI-2023-03475,문화행사 환경배출 관리 기준 설정 근거 및 현실성 검토 여부 확인 (3475호),"문화행사 환경배출 관리 기준의 설정 근거가 되는 상위 법령 및 구체적 조항, 기준 설정 시 현장 현실성 검토 여부 및 운영자 의견을 수렴한 기록이 있는지 알려주시기 바랍니다.",부분공개,17
2022-08-01,가람시 열린구 도시계획과,FOI-2022-03476,새봄역 환승구역 노선 확대 및 배차간격 알림 요청 (3476호),새봄역 환승구역을 중심으로 한 시내버스 노선 확대와 배차간격 실시간 알림 도입을 요청합니다. 현재 새봄역 환승구역에서 샘물동 생활권까지 접근 가능한 노선이 부족하여 구직 중 이동이 어렵습니다.,부분공개,3
2023-02-18,온빛시 도시계획과,FOI-2023-03477,누리버스 정류장 이동경로 개선 방안 요청 (3477호),누리버스 정류장과 도담천 산책로 주변 지역 간 이동경로 개선 및 안전 시설 설치를 요청합니다. 이 지역은 통학로와 인접하여 어린이 안전 확보가 시급합니다.,부분공개,18
2023-01-11,너울시 물빛구 교통행정과,FOI-2023-03478,대중교통비 지원사업 참여 방법 및 선정 기준 공개 (3478호),저소득 구직자를 대상으로 한 대중교통비 지원사업의 신청 방법과 선정 기준을 구체적으로 알려주시기 바랍니다. 지원금 지급 기간과 지급 방식도 포함해 주세요.,부분공개,8
2022-12-24,미래군 도시계획과,FOI-2022-03479,한울초 주변 통학로 대중교통 접근성 강화 요청 (3479호),"한울초 주변 통학로를 이용하는 학생들의 대중교통 접근성을 강화해 주시기 바랍니다. 현재 통학로 주변 버스 정류장이 적어 학부모들의 우려가 크며, 안전한 등하교 경로 확보가 필요합니다.",부분공개,2
2022-03-05,빛솔시 아람구 도시계획과,FOI-2022-03480,푸른마루 교차로 지하보도 엘리베이터 설치 여부 확인 (3480호),"푸른마루 교차로 지하보도에 엘리베이터 설치 계획이 있는지 확인 요청드립니다. 조부모와 동거하며 경로우대 교통카드를 사용하고자 하는데, 엘리베이터 없이는 지하보도 이용이 어렵습니다.",부분공개,7
2024-04-26,해솔시 교통행정과,FOI-2024-03481,65세 이상 경로우대 카드 발급 및 이용 가능 노선 안내 (3481호),만 65세 이상 노인이 발급받을 수 있는 경로우대 교통카드의 신청 방법과 이용 가능한 버스 노선 목록을 요청합니다. 샘물동 생활권과 한들동 생활권 간 이동이 잦아 교통비 부담이 큽니다.,공개,3
2024-03-15,빛솔시 아람구 도시계획과,FOI-2024-03482,미르로 교차로 일대 무장애 버스 운행 현황 확인 (3482호),미르로 교차로 일대에서 운행되는 저상버スの 배차 간격과 운행 노선을 알려주시기 바랍니다. 무릎이 좋지 않아 일반 버스 이용이 어려운 상황이라 접근성 있는 버스 노선이 필요합니다.,공개,20
2025-10-10,여울시 단비구 도시계획과,FOI-2025-03483,누리버스 정류장 휠체어 승하차 편의시설 점검 결과 (3483호),누리버스 정류장의 휠체어 승하차 편의시설 설치 및 점검 결과를 요청합니다. 버스 정류장 내에서 안전하게 승차하는 것이 어려워 외출을 꺼리게 됩니다.,공개,6
2024-01-24,예담시 늘품구 교통행정과,FOI-2024-03484,가온로 보행구간 시내버스 가능성 타진 (3484호),"가온로 보행구간에 시내버스가할 수 있도록 하는 방안이 있는지 확인 요청드립니다. 가온로 보행구간에서 먼 정류장까지 걸어가야 하는 불편이 있으며, 이동권 확보가 중요합니다.",부존재,14
2023-01-02,여울시 단비구 교통행정과,FOI-2023-03485,시니어 웰페어 교통카드 제도 도입 검토 여부 확인 (3485호),"시니어 웰페어 교통카드 제도 도입을 검토 중인지, 검토 중이라면 구체적인 도입 시기와 지원 범위를 알려주시기 바랍니다. 대중교통비 경감이 건강한 노후를 위해 꼭 필요합니다.",공개,3
2023-01-03,해솔시 도시계획과,FOI-2023-03486,세움산업단지 입구 마을버스 신규 노선 계획 공개 (3486호),세움산업단지 입구에서 새봄역 환승구역까지 연결하는 마을버스 신규 노선 계획이 있는지 알려주시기 바랍니다. 산업단지에 출퇴근하는 주민들의 교통 편의를 위해합니다.,공개,2
2025-01-04,새봄시 한울구 교통행정과,FOI-2025-03487,새빛시장 주변 버스정류장 승차 인원 현황 및 증차 계획 (3487호),새빛시장 주변 버스정류장의 승차 인원 현황과 통학·통근 시간대 증차 계획이 있는지 요청합니다. 혼자 거주하며 일자리를 찾아 다닐 때마다 정차하는 버스가 만원이라 이용이 어렵습니다.,부분공개,3
2023-10-02,가람시 열린구 도시계획과,FOI-2023-03488,누리버스 정류장 무이자 대중교통카드 발급 대상 확대 여부 (3488호),"현재 무이자 대중교통카드 발급 대상이 확대될 예정인지, 확대된다면 확대 대상에 구직자가 포함되는지 확인 요청드립니다. 새봄역 환승구역에서 한울초 주변 통학로까지 이동하는 데 교통비가 부담입니다.",공개,6
2022-05-27,누리시 바른구 도시계획과,FOI-2022-03489,가람공공청사 주변 셔틀버스 운행 시간표 및 이용 방법 (3489호),가람공공청사 주변 셔틀버스의 운행 시간표와 이용 방법을 알려주시기 바랍니다. 취업 활동 중 공공기관 방문이 잦은데 셔틀버스 이용 가능 여부를 파악하고 싶습니다.,공개,12
2025-04-27,누리시 바른구 도시계획과,FOI-2025-03490,맑은마을 커뮤니티센터 대중교통 지원금 신청 절차 안내 (3490호),맑은마을 커뮤니티센터를 통해 신청 가능한 대중교통 지원금의 종류와 신청 절차를 구체적으로 안내해 주시기 바랍니다. 전직 금속 세척기 조작원으로 경력이 중단된 상태라 경제적 부담이 큽니다.,부분공개,15
2022-12-12,해솔시 교통행정과,FOI-2022-03491,도담천 산책로 연계 자전거 도로 대중교통 환승 안내 (3491호),도담천 산책로와 연계된 자전거 도로 구간에서 버스 등 대중교통으로 환승 가능한 지점을 안내해 주시기 바랍니다. 자전거를 이용하다가 버스로 환승할 때 안전한차 시설이 있는지 궁금합니다.,부분공개,9
2022-11-23,누리시 바른구 도시계획과,FOI-2022-03492,양복 제조업 종사자 대중교통비 특별 지원 사업 존재 여부 (3492호),양복 제조원 등 수공업 종사자를 대상으로 한 대중교통비 특별 지원 사업이 있는지 확인 요청드립니다. 다세대주택에서 세움산업단지로 출퇴근하는 길에 교통비가 매달 부담이 됩니다.,부분공개,7
2024-04-28,가람시 새빛구 교통행정과,FOI-2024-03493,새빛시장 주변 화물차량 통제 시간과 버스 운행 영향 (3493호),"새빛시장 주변 화물차량 통제 시간대가 어떻게 설정되어 있는지, 그로 인해 시내버스 운행에 영향을 받는 구간이 있는지 알려주시기 바랍니다. 새벽에 출근하는 통근 버스 이용에 참고하고자 합니다.",부분공개,1
2022-02-21,새봄시 한울구 교통행정과,FOI-2022-03494,누리버스 정류장 주변 유rais 버스 정차 허가 여부 (3494호),누리버스 정류장 주변에 유rais 버스(자가용 셔틀)가 정차할 수 있도록 허가하는 제도가 있는지 알려주시기 바랍니다. 공장 출퇴근 시간에 노선이 부족하여 이동에 어려움을 겪고 있습니다.,비공개,7
2025-07-17,누리시 바른구 도시계획과,FOI-2025-03495,가온로 보행구간 저상버스 배차 간격 단축 가능성 확인 (3495호),가온로 보행구간을 지나가는 저상버스의 배차 간격을 단축할 수 있는지 확인 요청드립니다. 다세대주택에 거주하며 출퇴근 시 휠체어가 필요한 가족도 함께 이동하므로 저상버스 의존도가 높습니다.,공개,16
2024-06-02,세움시 맑은구 도시계획과,FOI-2024-03496,미래복합센터 인근 시내버스 노선도 및 환승 정보 제공 (3496호),미래복합센터 인근에서 운행하는 시내버스 전체 노선도와 환승 정보를 제공해 주시기 바랍니다. 주변 교통 인프라를 파악하여 구직 활동 경로를 효율적으로 계획하고자 합니다.,부분공개,7
2023-09-03,예담시 늘품구 도시계획과,FOI-2023-03497,빛솔광장 일대 야간 버스 운행 시간 연장 계획 공개 (3497호),빛솔광장 일대에서 운행하는 야간 버스의 운행 시간 연장 계획이 있는지 알려주시기 바랍니다. 저녁 야근 후 귀가할 때 버스가 없어 택시비를 감당하기 어려운 상황입니다.,공개,1
2022-04-06,라온군 도시계획과,FOI-2022-03498,한들동 생활권 시내버스 보조금 지급 내역 및 내역 공개 (3498호),한들동 생활권을 운행하는 시내버스에 지급된 보조금 내역과 해당 보조금이 어디에되었는지 알려주시기 바랍니다. 세탁원 경력이된 후 교통비를 절감할 방법을 찾고 있습니다.,부분공개,13
2022-09-01,새봄시 한울구 교통행정과,FOI-2022-03499,샘물동 생활권 마을버스 시범 운영 기간 여부 확인 (3499호),"샘물동 생활권 마을버스 시범 운영 기간이될 예정인지,된다면 언제까지 운행되는지 확인 요청드립니다. 시범 운영 종료 후에도 운행이 지속되는지 우려되어 계획 수립에 참고하고자 합니다.",공개,7
2023-03-21,라온군 교통행정과,FOI-2023-03500,온빛도서관 앞 버스정류장 음성안내 시스템 설치 현황 (3500호),"온빛도서관 앞 버스정류장에 시각장애인을 위한 음성안내 시스템이 설치되어 있는지, 설치되어 있다면 운행 정보 안내 범위를 알려주시기 바랍니다. 노인을 많이 지원해야 하는 상황에서 접근성 정보가 꼭 필요합니다.",공개,14
2022-02-28,라온군 정보통신과,FOI-2022-03501,샘물동 생활권 일대 가로등하부 CCTV 영상 열람 청구 (3501호),작업 교대 후 새벽에 귀가하던 중 샘물동 생활권 가로등 아래에서 정체불명 인물의 추행 시도를 당했습니다. 전후 사정을 확인하고자 해당 구간 가로등 하단 CCTV에 녹화된 영상 전체를 열람하고자 합니다. 해당 일시는 최근 한 달 내로 구체적입니다.,부분공개,15
2022-12-17,세움시 맑은구 정보통신과,FOI-2022-03502,푸른마루 교차로 신호위반 차량 관련 영상 열람 청구 (3502호),전직 식품학 연구원으로 현재 구직 중인 상태입니다. 출퇴근길에 푸른마루 교차로에서 신호위반 차량과 보행자 간 접촉 사고가 발생해 해당 시간대 CCTV 영상을 확인하고 싶습니다. 차량 번호와 운전자의 모습이 필요합니다.,공개,3
2022-03-04,미래군 안전총괄과,FOI-2022-03503,새빛시장 주변 상가 내부 영상 열람 청구 (3503호),현재 구직 중인 전직 보험 상품 개발자입니다. 새빛시장 주변에서 갑자기 출몰한 폭풍 피해 관련 보험 청구 증거자료로 CCTV 영상이 필요합니다. 해당 상가 내اجهات에 설치된 영상을 확인하고자 합니다.,부존재,8
2023-08-27,가람시 열린구 안전총괄과,FOI-2023-03504,도담천 산책로 야간 등하교 통학 영상 열람 청구 (3504호),2세대 가구 구성원 중 한 명이 도담천 산책로를 매일 등교길로 이용하고 있습니다. 최근 일출 전후로 낯선 인물이 따라오는 증상이 있어 안전 확인을 위해 해당 구간 CCTV 전체 영상을 요청합니다.,부분공개,3
2022-09-18,여울시 단비구 정보통신과,FOI-2022-03505,한울초 주변 통학로 CCTV 영상 열람 청구 (3505호),판매 사무원으로 혼자 거주하며 출근길에 한울초 주변 통학로를 자주 지나갑니다. 이번에 통학로에서 아이들 안전을 확인하고자 해당 구간 CCTV에 녹화된 최근 일주일 영상 전부를 열람 청구합니다.,공개,20
2022-01-20,온빛시 정보통신과,FOI-2022-03506,미래복합센터 인근 주출입구 영상 열람 청구 (3506호),공장 작업원으로서 미래복합센터 인근 아파트 단지에 거주합니다. 지난 주말 주출입구에서 본인 차량과 행인의 접촉 사고가 있었는지 확인하고자 해당 CCTV에 녹화된 영상 전부를 요청합니다.,부분공개,10
2023-01-27,누리시 바른구 안전총괄과,FOI-2023-03507,누리버스 정류장 승하차 구간 영상 열람 청구 (3507호),현재 구직 중인 전직 식품학 연구원으로서 출퇴근용 버스를 이용합니다. 누리버스 정류장에서 소지품 분실 가능성이 있어 해당 시간 승하차 장면이 녹화된 CCTV 영상을 확인하고자 합니다.,공개,10
2025-07-14,도담군 정보통신과,FOI-2025-03508,해솔문화광장 축제 기간 전일 영상 열람 청구 (3508호),전직 보험 상품 개발자로 현재 구직 중인 상황에서 해솔문화광장 축제 기간 전야에 참여했습니다. 행사장에서 소중한 물품을 두고 온 듯하여 축제 전일 해당 구역 전체 CCTV 영상을 요청합니다.,부분공개,8
2022-02-27,가람시 새빛구 안전총괄과,FOI-2022-03509,가온로 보행구간 야간 단독 통행 영상 열람 청구 (3509호),혼자 거주하며 가온로 보행구간을 매일 야간에 걸어 출퇴근합니다. 최근 해당 구간에서 소음과 위협을 느끼는 일이 잦아 안전 확인과 경위 확인을 위해 CCTV 영상 열람을 청구합니다.,부분공개,7
2023-01-14,온빛시 정보통신과,FOI-2023-03510,온빛도서관 앞 지하주차장 영상 열람 청구 (3510호),2세대 가구로 아파트에 거주하며 주말마다 온빛도서관을 이용합니다. 도서관 앞 지하주차장에서 차량 문틈 손상 사고가 발생해 해당 시간대 CCTV 전체 영상을 요청합니다. 가해 추정 차량의 색상·형태 확인이 필요합니다.,부분공개,16
2025-04-07,온빛시 안전총괄과,FOI-2025-03511,라온체육센터 운동장 주변 영상 열람 청구 (3511호),공장 조작원으로서 건강을 위해 라온체육센터에서 조깅을 합니다. 최근 운동장 주변에서 뛸 때 추돌 사고가 발생해 다친 상대방이 영상 증거를 달라고 요청해 해당 시간대 CCTV를 확인하고자 합니다.,부존재,12
2024-07-26,너울시 물빛구 정보통신과,FOI-2024-03512,세움산업단지 입구 CCTV 영상 열람 청구 (3512호),전직 자산 운용가로서 현재 구직 중입니다. 세움산업단지 입구에서 등교 준비를 하면서 산업시설 주변을 지나갑니다. 특정 일자에 산업トラ럭과 보행자 간 위 상황 발생 여부를 확인하기 위해 영상을 요청합니다.,부분공개,5
2024-06-07,온빛시 정보통신과,FOI-2024-03513,맑은마을 커뮤니티센터 CCTV 영상 열람 청구 (3513호),혼자 거주하며 단독주택에 사는 판매 사무원입니다. 최근 새벽에 맑은마을 커뮤니티센터 앞을 지나다가 미끄러져 다쳤습니다. 사고 상황을 객관적으로 파악하기 위해 해당 시간 CCTV 영상 전체를 청구합니다.,공개,16
2024-05-12,빛솔시 아람구 정보통신과,FOI-2024-03514,새봄역 환승구역 통로 영상 열람 청구 (3514호),현재 구직 중인 전직 식품학 연구원으로서 새봄역 환승구역을 매일 이용합니다. 환승 통로에서 물건이 떨어져 상실한 것인지 확인하고 싶어 해당 시간대 CCTV 영상을 열람하고자 합니다.,공개,7
2025-07-05,세움시 맑은구 안전총괄과,FOI-2025-03515,가람공공청사 주차장 영상 열람 청구 (3515호),공장 조작원으로서 가람공공청사 주차장을 방문한 뒤 차량 손상이 의심되어 영상 확인을 청구합니다. 해당 시간대 공용 주차장 CCTV 전체 영상에서 본인 차량 주변 모습을 확인하고자 합니다.,부분공개,2
2023-03-10,온빛시 정보통신과,FOI-2023-03516,한들동 생활권 공원 놀이터 영상 열람 청구 (3516호),배우자·자녀와 아파트에 거주하며 한들동 생활권 공원 놀이터를 자주 찾습니다. 자녀가 놀이터에서 다른 아이와 다툼 후 다친 것처럼 보여 해당 시간대 놀이대 주변 CCTV 영상을 확인하고 싶습니다.,부분공개,17
2025-02-19,새봄시 한울구 안전총괄과,FOI-2025-03517,미르로 교차로 신호대기 중 사고 영상 열람 청구 (3517호),현재 구직 중인 전직 보험 상품 개발자로서 미르로 교차로 신호대기 중 뒤쪽에서 들이받힌 느낌이 있었습니다. 사고 여부를 객관적으로 확인하기 위해 해당 신호대기 구간 CCTV 영상 전부를 요청합니다.,부분공개,9
2022-02-19,해솔시 안전총괄과,FOI-2022-03518,너울천 산책로 특정 구간 영상 열람 청구 (3518호),배우자·자녀와 아파트에 거주하는 공장 조작원입니다. 너울천 산책로에서 주말 산책 중 반려동물과 행인의 충돌 사고가 있었는지 확인하기 위해 해당 구간 CCTV 영상을 요청합니다. 동물의 안전도 중요합니다.,부분공개,8
2022-12-27,온빛시 안전총괄과,FOI-2022-03519,빛솔광장 일대 야간 단독 영상 열람 청구 (3519호),혼자 사는 판매 사무원으로서 빛솔광장 일대를 야간에 산책합니다. 최근 낯선 발소리와 따라오는 발자국 소리가 느껴져 안전 확보를 위해 빛솔광장 일대 CCTV 전체 영상을 열람 청구합니다.,공개,2
2024-03-09,미래군 정보통신과,FOI-2024-03520,새빛시장 내 식품판매장 주변 영상 열람 청구 (3520호),전직 식품학 연구원으로서 현재 구직 중이며 새빛시장 내 특정 식품판매장 주변을 자주 지나갑니다. 해당 매장에서 식중독 의심 제품이 판매된 시점의 주변 CCTV 영상을 확인하여 증거자료 확보를 위한 열람을 청구합니다.,공개,13
2025-11-05,온빛시 안전총괄과,FOI-2025-03521,도담천 산책로 특정 휴게소 영상 열람 청구 (3521호),2세대 가구로 도담천 산책로를 주말마다 활용합니다. 산책 중 특정 휴게소 벤치에 소지품을 두고 온 것 같아 해당 구간 CCTV 영상에서 빈자리를 확인하고 싶어 청구합니다. 최근 한 달 내 시간대가 대상입니다.,부분공개,12
2025-01-17,예담시 늘품구 안전총괄과,FOI-2025-03522,푸른마루 교차로 지하보도 진입로 영상 열람 청구 (3522호),공장 조작원으로서 푸른마루 교차로 지하보도 진입로를 매일 이용합니다. 지하보도 진입로에서 발목 미끄러짐 사고가 발생해 해당 시간 CCTV 영상에서 미끄럼 원인 여부를 확인하고자 청구합니다.,공개,13
2022-03-14,가람시 열린구 정보통신과,FOI-2022-03523,가온로 보행구간 점자블록 설치 구간 영상 열람 청구 (3523호),배우자·자녀와 아파트에 거주하는 공장 조작원입니다. 가온로 보행구간 점자블록 설치 구간에서 시각장애인이 넘어지는 사고가 목격되어 안전 점검 자료를 위해 CCTV 영상 전체를 요청합니다.,부분공개,10
2025-05-30,가람시 열린구 정보통신과,FOI-2025-03524,온빛도서관 앞 승강시설 영상 열람 청구 (3524호),현재 구직 중인 전직 자산 운용가로서 온빛도서관 앞 승강시설을 이용합니다. 승강시설 이용 중 고장이 발생해 갑자기 멈춘 경험이 있어 안전 확인 차원에서 해당 승강시설 CCTV 영상 전체를 열람 청구합니다.,공개,17
2025-06-12,빛솔시 아람구 정보통신과,FOI-2025-03525,새봄역 환승구역 자전거 보관소 주변 영상 열람 청구 (3525호),혼자 거주하는 판매 사무원으로서 새봄역 환승구역 자전거 보관소를 매일 이용합니다. 자전거 도난 또는 손상 의심이 있어 해당 시간대 보관소 주변 CCTV 영상을 확인하여 열람을 청구합니다.,비공개,18
2023-04-26,세움시 맑은구 안전총괄과,FOI-2023-03526,샘물동 생활권 교통신호 조정 이력 및 결정 기준 공개 청구 (3526호),"전직 신용 분석가로서 최근 샘물동 생활권 일대의 교통신호 전환 간격이 기존과 달리 변경된 것으로 파악됩니다. 신호 체계 변경의 구체적 시기, 판단 기준, 관련 부서 검토 과정에 대한 기록 공개를 청구합니다. 인근 상가 주차 이용차량과 통과 차량 간 상충 패턴에 대한 데이터를 함께 제공하여 주시기 바랍니다.",부분공개,19
2024-06-05,새봄시 한울구 안전총괄과,FOI-2024-03527,푸른마루 교차로 신호 체계 단속 근거 및 운영 현황 청구 (3527호),"다세대주택에 거주하며 배우자와 함께 생활하는 상황에서, 푸른마루 교차로 주변 보행자 신호 체계에 대해 불안감을 느끼고 있습니다. 해당 구간의 신호 체계 단속 카메라 설치 목적, 단속 적용 기준, 최근 3개월간 처리 건수 및 주요 위반 유형에 관한 기록 공개를 요청합니다. 특히 고령 보행자 안전 관련 근거를 중심으로 확인하고 싶습니다.",부분공개,9
2022-01-05,빛솔시 아람구 교통행정과,FOI-2022-03528,새빛시장 주변 교통 단속 현황 및 신호 체계 분석 청구 (3528호),"전직 토양 환경 기술자로서 데이터 기반 분석을 선호하는 성향입니다. 새빛시장 주변 상업 지역에서 최근 교통 혼잡 및 단속 강화 조치가 이루어진 것으로 파악되어, 해당 구간 신호 체계 운영 정책, 단속 유형별 분류 기준, 처리 현황에 대한 종합 데이터를 요청합니다. 시장 이용 고객들의 접근성 변화를 객관적으로 파악하고자 합니다.",부분공개,16
2024-12-09,라온군 교통행정과,FOI-2024-03529,도담천 산책로 일대 신호 체계 및 단속 기준 자료 청구 (3529호),"구직 활동 중 교통 체계에 대한 관심이 높아졌습니다. 도담천 산책로 인접 구간의 신호 체계 전환 주기, 교통 단속 적용 기준, 주변 통행량 대비 신호 체계 배분 현황에 대한 기록을 공개해 주시기 바랍니다. 전직 기계 조작원으로서 현장 운영의 합리성 여부를 확인하고 싶습니다.",부분공개,4
2022-04-03,누리시 바른구 교통행정과,FOI-2022-03530,한울초 주변 통학로 신호 체계 운영 내역 공개 청구 (3530호),"전직 음식 서비스 종사자로서 안전하고 체계적인 교통 환경에 대한 관심이 높습니다. 한울초 주변 통학로의 신호 체계 운영 정책, 단속 카메라 설치 현황, 학부모 요청에 따른 개선 이력에 대한 기록을 공개해 주시기 바랍니다. 향후 자녀를둔 가족이 발생할 경우를 대비하여 안전한 통학 환경 기준을 확인하고 싶습니다.",부분공개,11
2024-12-18,빛솔시 아람구 안전총괄과,FOI-2024-03531,미래복합센터 인근 신호 체계 변경 내역 및 기준 공개 청구 (3531호),"전직 신용 분석가로서 정책의 일관성과 투명성에 대해 중점적으로 확인합니다. 미래복합센터 인근 교차로 신호 체계 변경 이력, 변경 결정 과정, 해당 구간 교통량 변화에 따른 조정 내역에 관한 기록을 요청합니다. комплекс시설 개관에 따른 교통 체계 변경이 주변 환경에 미친 영향에 대한 데이터를 중심으로 확인하고 싶습니다.",부분공개,12
2024-06-29,너울시 물빛구 교통행정과,FOI-2024-03532,누리버스 정류장 주변 교통 단속 및 신호 체계 실태 청구 (3532호),"다세대주택에서 퇴근 후 저녁 시간대에 주로 이동하며, 누리버스 정류장 주변 교통 상황이 불안합니다. 해당 정류장 인접 구간의 신호 체계 운영 패턴, 교통 단속 유형별 현황, 대중교통 이용객과 일반 차량 간 교차 패턴에 관한 기록을 공개해 주시기 바랍니다. 특히 야간 시간대 신호 체계의 적절성 여부를 확인하고자 합니다.",비공개,18
2023-12-21,예담시 늘품구 교통행정과,FOI-2023-03533,가온로 보행구간 신호 체계 전환 주기 및 안전 데이터 청구 (3533호),"전직 토양 환경 기술자로서 현장 측정과 데이터 분석을 익숙하게 수행해 왔습니다. 가온로 보행구간의 신호 체계 전환 주기, 보행자 신호 대기 시간 현황, 해당 구간 교통 사고 이력과의 상관관계 데이터에 관한 기록을 요청합니다. 기술적 관점에서 신호 체계의 보행자 편의성 여부를 분석하고자 합니다.",공개,2
2024-12-26,누리시 바른구 교통행정과,FOI-2024-03534,세움산업단지 입구 교차로 신호 체계 운영 기록 청구 (3534호),"구직 활동 중 산업단 인근 교통 환경에 대한 관심이 높아졌습니다. 세움산업단지 입구 교차로의 신호 체계 운영 패턴, 화물차량 통행량 대비 신호 배분 현황, 작업자 재실 시간대 교통 혼잡 개선 조치 이력에 관한 기록을 공개해 주시기 바랍니다. 향후 제조업 분야 재취업 가능성을 고려하여 산업단 교통 실태를 파악하고 싶습니다.",공개,9
2025-10-07,해솔시 교통행정과,FOI-2025-03535,맑은마을 커뮤니티센터 앞 신호 체계 및 단속 실태 청구 (3535호),"전직 음식 서비스 종사자로서 주민 소통과 안전에 대한 관심이 높습니다. 맑은마을 커뮤니티센터 앞 구간의 신호 체계 운영 현황, 불법 주정차 단속 현황, 주민 요청에 따른 개선 이력에 관한 기록을 공개해 주시기 바랍니다. 주민 중심 교통 환경 개선 과정을 이해하고 싶습니다.",부분공개,6
2023-12-29,가람시 열린구 교통행정과,FOI-2023-03536,새봄역 환승구역 주변 신호 체계 및 주정차 단속 기준 공개 (3536호),"전직 신용 분석가로서 대규모 환승 주변 교통 체계의 효율성에 대해 분석합니다. 새봄역 환승구역 주변 신호 체계 운영 정책, 환승 이용객 접근성 관련 단속 기준, 택시·공유모빌리티 대기 구역 단속 현황에 대한 기록을 요청합니다. 복합 환승 환경에서의 교통 체계 투명성을 확인하고 싶습니다.",공개,19
2025-04-06,너울시 물빛구 안전총괄과,FOI-2025-03537,열린마을 공원 주변 신호 체계 및 단속 카메라 운영 내역 (3537호),"주말에 열린마을 공원을 자주 방문하며 보행하는 과정에서 안전 환경에 대한 관심이 높아졌습니다. 해당 공원 주변 신호 체계 운영 패턴, 단속 카메라 설치 목적 및 효과 평가 자료, 불법 주정차 빈발 구간 현황에 관한 기록을 공개해 주시기 바랍니다. 가족 단위 방문객의 안전 환경 실태를 파악하고 싶습니다.",부분공개,11
2024-02-14,세움시 맑은구 교통행정과,FOI-2024-03538,해솔문화광장 일대 교통 단속 현황 및 신호 체계 자료 청구 (3538호),"다세대주택에 거주하며 지역 문화시설을 자주 이용합니다. 해솔문화광장 일대 신호 체계 전환 패턴, 주변 불법 주정차 단속 현황, 문화 행사 기간 특별 교통 관리 방안에 관한 기록을 요청합니다. 문화 공간 접근성과 교통 체계의 연관성을 확인하고 싶습니다.",비공개,19
2022-01-06,누리시 바른구 교통행정과,FOI-2022-03539,온빛도서관 앞 신호 체계 단속 근거 및 운영 기록 공개 청구 (3539호),"전직 토양 환경 기술자로서 학술시설 주변 교통 체계에 대한 분석적 관심이 있습니다. 온빛도서관 앞 구간의 신호 체계 단속 근거, 단속 카메라 처리 현황, 도서관 이용객 접근성 관련 개선 요청 처리 이력에 관한 기록을 공개해 주시기 바랍니다. 문화·학술 시설 교통 체계의 적절성을 기술적 관점에서 평가하고 싶습니다.",부분공개,14
2022-07-07,세움시 맑은구 교통행정과,FOI-2022-03540,라온체육센터 주변 교통 단속 및 신호 체계 실태 자료 청구 (3540호),"구직 활동 중 건강 관리와 생활권 교통 환경 파악에 관심을 기울이고 있습니다. 라온체육센터 주변 신호 체계 운영 패턴, 체육시설 이용객 전용 주차 구역 단속 현황, 운동 시간대 교통 혼잡 대응 방안에 관한 기록을 공개해 주시기 바랍니다. 전직 기계 조작원의 경험을 바탕으로 현장 중심 분석을 원합니다.",부존재,15
2025-01-14,가람시 새빛구 교통행정과,FOI-2025-03541,한들동 생활권 불법 주정차 단속 결정 기준 및 처리 현황 청구 (3541호),"전직 음식 서비스 종사자로서 지역 상권 활성화에 대한 관심이 높습니다. 한들동 생활권 불법 주정차 단속 결정 기준, 단속 집중 구간 선정 근거, 최근 6개월 처리 현황 통계에 관한 기록을 요청합니다. 생활권 내 상가 접근성과 단속 강화 사이의 균형점을 파악하고 싶습니다.",공개,11
2025-03-16,미래군 안전총괄과,FOI-2025-03542,가람공공청사 주변 신호 체계 및 단속 카메라 효과 평가 자료 청구 (3542호),"전직 신용 분석가로서 공공시설 주변 교통 체계의 합리성에 주목합니다. 가람공공청사 주변 신호 체계 운영 패턴, 단속 카메라 설치 전후 비교 데이터, 시민 민원 처리 현황에 관한 기록을 공개해 주시기 바랍니다. 공공 인프라 투자 대비 교통 안전 효과의 상관관계를 분석하고 싶습니다.",부분공개,18
2022-09-15,빛솔시 아람구 안전총괄과,FOI-2022-03543,미르로 교차로 신호 체계 변경 이력 및 단속 기준 자료 공개 청구 (3543호),"다세대주택에서 미르로 교차로를 매일 통학 및 출퇴근하며 이용합니다. 해당 교차로 신호 체계 변경 이력, 변경 결정 시 고려 요소, 단속 적용 기준의 일관성 여부에 관한 기록을 요청합니다. 전직 음료 조리사로서 실무자 관점의 교통 환경 평가에 관심이 있습니다.",공개,9
2024-02-26,여울시 단비구 안전총괄과,FOI-2024-03544,너울천 산책로 인접 신호 체계 및 교통 단속 현황 자료 청구 (3544호),"전직 토양 환경 기술자로서 자연친화적 교통 환경에 대한 관심이 높습니다. 너울천 산책로 인접 구간 신호 체계 운영 패턴, 산책로 이용객 안전 관련 단속 현황, 녹지 기반 공간 접근성 평가 자료에 관한 기록을 공개해 주시기 바랍니다. 생태 경관과 교통 안전의 조화 가능성을 탐색하고 싶습니다.",공개,18
2023-05-05,도담군 교통행정과,FOI-2023-03545,빛솔광장 일대 신호 체계 및 불법 주정차 단속 근거 공개 청구 (3545호),"구직 활동 중 밝은 지역 교통 환경에 대한 정보가 필요합니다. 빛솔광장 일대 신호 체계 운영 현황, 불법 주정차 단속 결정 기준, 민원 접수 후 처리 절차에 관한 기록을 요청합니다. 전직 음식 서비스 종사자로서 고객 접점 공간의 교통 체계 실태를 파악하고 싶습니다.",부분공개,1
2025-04-21,여울시 단비구 교통행정과,FOI-2025-03546,새빛시장 주변 교통 단속 패턴 및 신호 체계 운영 기록 청구 (3546호),"전직 신용 분석가로서 시장 상인들과의 대화 중 단속 기준에 대한 불만이 제기되어 수집하고 있습니다. 새빛시장 주변 불법 주정차 단속 유형별 분포, 시장 휴무일과 영업일 단속 빈도 비교, 상인들 제시 민원에 대한 대응 이력에 관한 기록을 공개해 주시기 바랍니다. 상권 보호와 교통 질서 간 균형점 실태를 확인하고 싶습니다.",비공개,7
2023-02-14,미래군 교통행정과,FOI-2023-03547,도담천 산책로 일대 신호 체계 전환 패턴 및 단속 현황 청구 (3547호),"전직 기계 조작원으로서 현장 데이터에 기반한 분석을 선호합니다. 도담천 산책로 일대 신호 체계 전환 패턴, 보행자·차량 신호 전환 간격, 해당 구간 교통 단속 처리 현황에 관한 기록을 요청합니다. 산책로 주변 교통 체계의 기술적 적절성 여부를 평가하고 싶습니다.",부분공개,10
2022-10-18,라온군 안전총괄과,FOI-2022-03548,한울초 주변 통학로 신호 체계 안전 점검 내역 공개 청구 (3548호),"전직 음식 서비스 종사자로서 어린 자녀가 있는 가정의 교통 안전에 깊은 관심을 가지고 있습니다. 한울초 주변 통학로 신호 체계 안전 점검 주기, 점검 항목, 학부모 요청에 따른 개선 이력에 관한 기록을 공개해 주시기 바랍니다. 안전 중심 교통 환경 운영 실태를 확인하고 싶습니다.",부존재,16
2024-10-28,새봄시 한울구 교통행정과,FOI-2024-03549,미래복합센터 인근 신호 체계 및 주정차 단속 운영 자료 청구 (3549호),"다세대주택에서 미래복합센터 인근을 자주 이동하며 교통 체계를 경험합니다. 해당 지역 신호 체계 운영 패턴, 불법 주정차 단속 결정 기준, 단속 처리 건수 추이에 관한 기록을 공개해 주시기 바랍니다. 전직 음료 조리사로서 고객 유입 동선 확보에 대한 현실적 어려움을 고려한 교통 체계 실태 파악을 원합니다.",부분공개,10
2023-10-25,도담군 교통행정과,FOI-2023-03550,누리버스 정류장 주변 신호 체계 및 단속 기준 투명성 자료 청구 (3550호),"전직 토양 환경 기술자로서 데이터 투명성의 중요성을 잘 알고 있습니다. 누리버스 정류장 주변 신호 체계 운영 패턴, 불법 주정차 단속 기준 적용 현황, 단속 결정 과정에서 시민 참여 기회 여부에 관한 기록을 요청합니다. 교통 단속의 투명성과 공정성에 대한 객관적 데이터 확인을 원합니다.",부분공개,1
2022-07-31,너울시 물빛구 도시계획과,FOI-2022-03551,연립주택 단지 주차장 불법 증축 허가 관련 건축물대장 정보 (3551호),"현재 거주하는 연립주택 단지의 주차장에 다른 세대주들이 불법 증축 공사를 진행한 것으로 의심됩니다. 해당 공사가 적법한 건축허가를 받았는지, 또한 주차장 증축에 필요한 및 구조 기준을 갖추었는지 확인하고자 합니다. 기간은 최근 3개월 이내로 파악됩니다.",부분공개,20
2023-01-08,누리시 바른구 도시계획과,FOI-2023-03552,다가구주택 경량벽식 구조 건축허가 시공 방식 확인 청구 (3552호),"배우자와 자녀가 거주하는 아파트 인근 다가구주택 신축 현장에서 경량벽식 공법이 사용되고 있습니다. 해당 공법이 건축법상 기준에 맞게 시공되고 있는지 확인하기 위해, 허가 신청 시 제출된 구조 계산서와 시공 상세 도면을 확인하고자 합니다. 현장 위치는 샘물동 생활권 일대입니다.",부분공개,12
2023-04-03,새봄시 한울구 건축허가과,FOI-2023-03553,새벽 공사 소음 및 안전 위반 관련 현장 점검 기록 공개 (3553호),"부모님과 함께 거주하는 아파트 단지에 인접한 공사 현장에서 새벽 5시경 공사음이 발생하고 있습니다. 관계기관에 현장 점검을 요청한 바 있으며, 점검 과정에서 안전 기준 위반 사항이 적발되었는지 확인하기 위해 현장 점검 기록의 공개를 청구합니다.",공개,2
2022-12-05,빛솔시 아람구 건축허가과,FOI-2022-03554,분식집 운영 점포 용도변경 허가 여부 확인 청구 (3554호),"배우자와 자녀의 생계를 위해 분식집을 운영하고자 인근 상가 점포를 계약할 예정입니다. 해당 건물이 점포주거 용도로 적법한 용도변경 허가를 받았는지, 또한 건축물대장 상 용도와 실제 사용 현황이 일치하는지 확인하고자 합니다. 점포 위치는 새빛시장 주변입니다.",공개,4
2024-02-29,너울시 물빛구 도시계획과,FOI-2024-03555,인접 대형 건축물 일조권 침해 우려 관련 허가 서류 확인 (3555호),"현재 혼자 거주하는 단독주택에 인접하여 대형 건축물이 신축되고 있습니다. 해당 건축물이 인접 대지에 일조권을 침해하지 않는지, 또한 법적 기준에 맞는 채광 분석을 수행했는지 확인하기 위해 건축허가 신청 시 제출된 채광 시뮬레이션 결과를 공개해 줄 것을 청구합니다.",부분공개,8
2024-10-14,미래군 건축허가과,FOI-2024-03556,다가구주택 지하실 용도 변경 신고 접수 및 처리 내역 (3556호),현재 거주하는 연립주택 단지 인근 다가구주택의 지하실이 주거 용도에서 다른 용도로 변경된 것으로 파악됩니다. 해당 용도 변경에 대해 신고가 접수되었고 어떤 행정 처분이 내려졌는지 확인하기 위해 신고 접수 내역 및 처리 결과 공개를 청구합니다.,공개,11
2023-01-16,빛솔시 아람구 도시계획과,FOI-2023-03557,한울초 주변 통학로 인접 건물 경관 허가 현황 (3557호),"배우자와 자녀가 아파트에 거주하며 아이의 안전을 가장 중요하게 생각합니다. 자녀가 한울초등학교를 등교하는 통학로 주변 건축물의 경관 허가가 적법하게 이루어졌는지 확인하기 위해, 해당 건축물의 경관 심사 결과 공개를 청구합니다.",부분공개,9
2022-10-12,새봄시 한울구 도시계획과,FOI-2022-03558,상가 건물 경관 디자인 심사 결과 공개 청구 (3558호),"부모님과 함께 거주하는 아파트 단지의 조망을 가리는 푸른마루 교차로 근처 상가 건물이 신축되었습니다. 해당 건물이 취득한 경관 디자인 심사 결과와 최종 허가 여부를 확인하여, 심사 과정에서 주변 주거 환경에 미치는 영향이 충분히 고려되었는지 파악하고자 합니다.",부분공개,1
2022-02-21,라온군 건축허가과,FOI-2022-03559,연립주택 외벽 보수 공사 허가 및 안전 점검 결과 (3559호),"현재 거주하는 연립주택 단지의 외벽에서 균열이 발견되어 보수 공사가 진행되고 있습니다. 해당 공사에 필요한 건축허가 및 안전 점검 결과가 어떻게 이루어졌는지 확인하여, 공사가 적법하고 안전하게 진행되고 있는지 파악하고자 합니다.",비공개,12
2024-07-08,도담군 건축허가과,FOI-2024-03560,다가구주택 구조 변경 허가 신청 이력 확인 청구 (3560호),"배우자와 자녀와 함께 거주하는 아파트 인근 다가구주택에서 구조 변경 공사가 이루어지고 있습니다. 해당 공사에 대한 구조 변경 허가 신청 이력이 있는지, 또한 허가 시 구조 안전성 검토가 적절히 이루어졌는지 확인하기 위해 건축행정 기록 공개를 청구합니다.",비공개,3
2023-03-27,새봄시 한울구 도시계획과,FOI-2023-03561,아파트 단지 불법 옥상 난간 덧붙임 행정 조치 현황 (3561호),"현재 거주하는 아파트 단지의 특정 동에서 입주자대표회의의 동의 없이 옥상 난간이 덧붙여진 사실을 확인하였습니다. 이에 대한 관리주체 및 관계기관의 행정 조치 내역을 공개하여, 해당 불법 건축물에 대한 시정 요구 및 이행 여부를 파악하고자 합니다.",공개,7
2023-10-24,가람시 열린구 도시계획과,FOI-2023-03562,다가구주택 공용부분 방화문 설치 기준 적합성 관련 건축행정 기록 (3562호),"배우자와 자녀가 거주하는 아파트에 인접한 다가구주택의 공용 복도에서 방화문이 설치되어 있지 않은 것으로 파악됩니다. 해당 건축물의 방화 구획 설정이 건축법 기준에 맞게 이루어졌는지 확인하기 위해, 허가 신청 시 제출된 방화 구획 설정도면 공개를 청구합니다.",공개,20
2022-05-23,세움시 맑은구 건축허가과,FOI-2022-03563,상가 건물 증축 허가 및 대지 경계 관련 지적측량 결과 (3563호),"부모님과 함께 거주하는 아파트 단지에 인접한 새빛시장 주변 상가 건물에서 대지에 대한 증축 공사가 추진되고 있습니다. 해당 증축으로 인해 대지 경계선을り 이웃 관계와 분쟁이 우려되어, 증축 허가 신청 시 첨부된 지적측량 결과를 공개해 줄 것을 청구합니다.",부분공개,8
2024-01-18,해솔시 도시계획과,FOI-2024-03564,공동주택 단지 불법 증축 신고 처리 현황 공개 청구 (3564호),현재 거주하는 아파트 단지 내 특정 세대에서 전용 시설에 해당하는 부분을 무단 증축하여세대의 공동 이용 공간을 침해한 사실을 확인하고 신고한 바 있습니다. 신고 이후 관계기관이 어떤 처리 절차를 진행했는지 그 결과를 확인하고자 합니다.,비공개,20
2023-02-28,해솔시 도시계획과,FOI-2023-03565,도담천 산책로 인접 건축물 건축선 설정 정보 공개 (3565호),현재 혼자 거주하는 단독주택이 위치해 있는 도담천 산책로 주변에 새로운 건축물이 들어서고 있습니다. 해당 건축물의 건축선 설정이 neighboring 소유 건축물의 및 통풍에 영향을 미치지 않는지 확인하기 위해 건축선 설정 관련 서류 공개를 청구합니다.,부분공개,3
2022-04-12,새봄시 한울구 건축허가과,FOI-2022-03566,상가 건물 지하 증축 허가 시 안전 점검 기록 확인 청구 (3566호),현재 거주하는 연립주택 단지의 neighboring 새빛시장 주변 상가 건물에서 지하 부분 증축 공사가 진행되고 있습니다. 해당 공사에 대한 건축허가 시 지하 구조 안전에 대한 점검 기록이 어떻게 이루어졌는지 확인하고자 합니다.,공개,19
2023-12-01,너울시 물빛구 건축허가과,FOI-2023-03567,노후 건축물 안전 진단 결과 공개 청구 (3567호),"배우자와 자녀가 아파트에서 거주하며 생활하는에 대해 안전을 가장 중요하게 생각합니다. 해솔문화광장 인접 지역에 위치한 노후 건축물에 대한 안전 진단 결과가 어떻게 내려졌는지, 또한 보수 또는 재건축 계획이 존재하는지 확인하기 위해 정보 공개를 청구합니다.",부분공개,2
2022-08-12,가람시 새빛구 도시계획과,FOI-2022-03568,대지 경계 분쟁 관련 지적측량 결과 확인 청구 (3568호),"배우자와 자녀가 거주하는 아파트 인근 미래복합센터 인근 대지에서 경계 분쟁이 발생하고 있습니다. 분쟁 당사자 간 합의 없이측에서 대지 경계 설정을 주장하고 있어, 행정기관에 접수된 지적측량 결과 및 처리 내역을 공개하여 사실 관계를 확인하고자 합니다.",부분공개,16
2024-01-03,여울시 단비구 도시계획과,FOI-2024-03569,상가 재건축 사업 추진 현황 확인 청구 (3569호),"부모님과 함께 거주하는 아파트 단지에 인접한 미르로 교차로 주변 상가 지역에서 재건축 사업이 추진되고 있다는 소식을 접하였습니다. 해당 재건축 추진이 현재 거주 환경에 어떤 영향을 미칠지 파악하기 위해, 사업 추진 현황 및 관련 허가 내역을 확인하고자 합니다.",공개,7
2024-05-19,도담군 도시계획과,FOI-2024-03570,인접 건축물 붕괴 위험 안전 진단 결과 공개 (3570호),"현재 혼자 거주하는 단독주택과 가까운 너울천 산책로 주변 건축물에서 벽체 균열이 확인되어 붕괴 위험이 우려됩니다. 이에 대해 관계기관에서 실시한 안전 진단 결과를 공개하여, 해당 건축물의 현재 안전 상태 및 응급 조치 여부를 확인하고자 합니다.",공개,19
2025-11-13,도담군 건축허가과,FOI-2025-03571,다가구주택 불법설 신고 접수 여부 확인 청구 (3571호),"배우자와 자녀가 거주하는 아파트 단지의 후문 출입구 인근 다가구주택에서 2층설 공사가 진행되고 있습니다. 해당 공사에 대한 적법한 건축허가 없이되고 있는 것으로 의심되어, 관계기관에 해당 신고 접수 여부와 처리 결과를 확인하고자 합니다.",부분공개,12
2022-11-27,라온군 건축허가과,FOI-2022-03572,점포주거 건물 용도변경 허가 및 건축물대장 정보 (3572호),"배우자와 자녀의 생활비를 마련하기 위해 새빛시장 주변 점포주거 건물을 임차하여 분식집을 운영하고자 합니다. 해당 건물의 용도변경 허가 여부와 건축물대장 전산 정보를 확인하여, 점포주거 용도로 적법하게 사용 가능한 건물인지 파악하고자 합니다.",비공개,20
2024-01-15,미래군 건축허가과,FOI-2024-03573,대형 건축물 일조권 영향 분석 자료 공개 청구 (3573호),"현재 혼자 거주하는 단독주택의 창가에서 일조가 급격히 감소한 것을 느낄 수 있게 되었습니다. 인접 대형 건축물의 신축과 관련이 있는 것으로 파악되어, 허가 신청 시 제출된 일조권 영향 분석 자료의 공개를 청구하여 법적 기준을 충족하는지 확인하고자 합니다.",공개,3
2025-10-26,가람시 새빛구 도시계획과,FOI-2025-03574,주거용 건물 용도 변경 이력 및 허가 서류 공개 (3574호),"현재 거주하는 연립주택 단지 인근 다가구주택이 주거 용도에서 다른 용도로 변경된 경위가 궁금합니다. 해당 건물의 용도 변경 이력과 허가 서류가 어떻게 처리되었는지 확인하여, 현재 residential 환경의 적정성을 파악하고자 합니다.",공개,2
2023-09-20,여울시 단비구 도시계획과,FOI-2023-03575,인접 건축물 용도별 층수 구분 기준 적용 여부 확인 (3575호),부모님과 함께 거주하는 아파트의 조망이 보장되는 층수에 대해 주변 건축물의 용도별 층수 구분 기준이 어떻게 적용되었는지 확인이 필요합니다. 새봄역 환승구역 주변 건축물의 용도별 층수 설정이 도시계획 기준에 맞게 이루어졌는지 파악하기 위해 관련 기록 공개를 청구합니다.,부분공개,19
2024-02-19,가람시 열린구 안전총괄과,FOI-2024-03576,샘물동 생활권 대기질 측정 기록 및 개선 고지 청구 (3576호),최근 6개월간 샘물동 생활권 내 대기오염도가 심해지고 있습니다. 화학물 가공업 체향 및 주변 공장 가동 증가로 의심됩니다. 정확한 오염도 수치와 원인 파악을 위해 해당 기간 대기질 측정 기록 및 개선 시행 계획을 청구합니다.,부분공개,3
2024-09-16,누리시 바른구 안전총괄과,FOI-2024-03577,미래복합센터 인근 소음진동 실태조사 결과 청구 (3577호),구직 활동 중 미래복합센터 인근 공사를 자주 이용하는데 공사 소음이 심각합니다. 취업와 건강에 지장을 주고 있어 해당 지역의 소음진동 실태조사 결과를 요청합니다. 특히 밤사이 공사 진행 여부와 규제 기준 여부를 알고 싶습니다.,공개,12
2024-04-01,여울시 단비구 안전총괄과,FOI-2024-03578,푸른마루 교차로 교통소음 저감시설 설치 의사결정 과정 청구 (3578호),주거지 접근성을 위해 다니던 길목에 교통소음이 만성적입니다. 친환경 직장 탐색 중 건강에 대한 불안이 커서 푸른마루 교차로 주변 교통소음 저감시설 설치 관련 의사결정 과정과 예산 배분 근거를 요청합니다.,부분공개,12
2024-05-20,미래군 환경위생과,FOI-2024-03579,새봄역 환승구역 공기질 점검 현황 및 점검기준 고지 청구 (3579호),새봄역 환승구역은 지하 구조로 인해 공기순환이 불량합니다. 구직을 위해 매일 이용하는데 두통과 피로가 누적되고 있습니다. 해당 구간의 공기질 점검 현황과 기준치 초과 시 대응 방안을 알려주시기 바랍니다.,부분공개,11
2024-12-09,가람시 새빛구 환경위생과,FOI-2024-03580,도담천 산책로 야간 조명 시설 유지보수 기록 청구 (3580호),취업를위해 야간 아르바이트를 고려 중인데 안전 문제로 걱정됩니다. 도담천 산책로 야간 조명 시설의 유지보수 이력과 점멸 및 소등 발생 기록을 확인하여 안전한 이동로로서의 관리 현황을 파악하고자 합니다.,부분공개,4
2022-01-21,해솔시 안전총괄과,FOI-2022-03581,가온로 보행구간 불법주정차 단속 실적 및 배치 근거 청구 (3581호),주택 이외의 거처에서 생활하며 가온로 보행구간을 자주 이용합니다. 불법주정차로 인해 보행자 안전이 위협받고 있으며 특히 시각장애인의 이동에 위험합니다. 해당 구간의 단속 실적과 배치 기준 근거를 요청합니다.,비공개,3
2023-07-15,새봄시 한울구 환경위생과,FOI-2023-03582,새빛시장 주변 음식물 쓰레기 수거 일정 및 민원 처리 경위 청구 (3582호),혼자 거주하며 새빛시장 주변 상가에서 식사를 해결합니다. 음식물 쓰레기 방치로 인한 악취와 위생 문제가 심각합니다. 수거 일정 변경 이력과 관련 민원 처리 경위 및 개선 효과를 확인할 수 있는 자료를 요청합니다.,부분공개,10
2023-04-10,누리시 바른구 안전총괄과,FOI-2023-03583,누리버스 정류장 대기질 개선 시범사업 선정 기준 및 결과 청구 (3583호),대중교통을 주로 이용하는 환경에서 누리버스 정류장 대기질이 우려됩니다. 최근 추진된 대기질 개선 시범사업의 선정 기준과 해당 정류장의 선정 여부 및 배분 예산 규모를 알려주시기 바랍니다.,공개,5
2024-01-28,가람시 새빛구 환경위생과,FOI-2024-03584,한울초 주변 통학로 방범등 가동 이력 및 고장 접수 처리 내역 청구 (3584호),혼자 거주하며 새벽에 일어나는 편입니다. 한울초 주변 통학로 방범등이 자주 소등되어 안전 불안이 큽니다. 최근 1년간 방범등 가동 이력과 고장 접수 처리 소요 시간 등 관리 실태를 확인하고 싶습니다.,공개,16
2025-01-03,미래군 환경위생과,FOI-2025-03585,가람공공청사 주변 대기오염도 측정소 위치 및 설치 연혁 청구 (3585호),"직장 환경에서 환경 분야에 관심을 갖게 되어 공부 중입니다. 가람공공청사 주변 대기오염도 측정소 위치와 설치 연혁, 그리고 측정 데이터의 정확도 관련 품질관리 절차를 알고 싶습니다.",부분공개,10
2023-03-12,너울시 물빛구 환경위생과,FOI-2023-03586,온빛도서관 앞 공기정화시설 설치 검토 기록 및 주민 의견 수렴 과정 청구 (3586호),배우자와 함께 거주하며 아파트를 자주 방문합니다. 도서관 이용 시 공기질 개선을 원하고 있으며 온빛도서관 앞 공기정화시설 설치 검토 기록과 주민 의견 수렴 과정을 요청합니다. 특히 어떤 기준으로 설치가 결정되는지 알고 싶습니다.,공개,17
2025-10-08,라온군 안전총괄과,FOI-2025-03587,아파트 배기가스 배관 점검 주기 및 관리 실적 청구 (3587호),"배우자와 거주하는 아파트에서 공기질 이상을 느껴 관련 정보를 요청합니다. 우리 아파트 배기가스 배관의 점검 주기와 최근 관리 실적, 그리고 주변 대기오염도와의 상관관계에 대한 조사 자료를 알려주시기 바랍니다.",부분공개,3
2024-10-22,가람시 새빛구 환경위생과,FOI-2024-03588,한들동 생활권 미세먼지 저감 대책 추진 현황 및 예산 배분 기준 청구 (3588호),가족과 함께 거주하며 자녀의 건강이 가장 걱정됩니다. 한들동 생활권의 미세먼지 저감 대책 추진 현황과 예산 배분 기준을 확인하여 우리 지역에 대한 관심 수준을 가늠해보고 싶습니다.,비공개,6
2024-02-04,가람시 열린구 환경위생과,FOI-2024-03589,미르로 교차로 교통체증에 따른 대기오염 영향 분석 자료 청구 (3589호),금융업무로 출퇴근 시간을 자주 맞추는데 미르로 교차로 교통체증이 심합니다. 체증에 따른 대기오염 영향을 분석한 자료가 있는지 확인 요청합니다. 특히 정지∙발행 반복 구간의 배기가스 배출량값이 있으면 알려주세요.,공개,3
2025-07-01,여울시 단비구 안전총괄과,FOI-2025-03590,가온로 보행구간 흡연 구역 지정 기준 및 위반 단속 실적 청구 (3590호),배우자와 산책 시 흡연으로 인한 간접흡연 피해가 걱정됩니다. 가온로 보행구간의 흡연 구역 지정 기준과 위반 시 단속 실적 및 과태료 부과 현황을 알려주시기 바랍니다. 비흡연 구역으로의 전환 가능성도 알고 싶습니다.,공개,2
2024-11-23,가람시 열린구 환경위생과,FOI-2024-03591,맑은마을 커뮤니티센터 냉난방 시설 소음도 측정 기록 청구 (3591호),배우자 별거 상태로 혼자 거주하며 스트레스가 많습니다. 맑은마을 커뮤니티센터를 방문하면 냉난방 시설 소음이 신경 쓰입니다. 해당 시설의 소음도 측정 기록과 기준치 초과 시 조치 여부를 확인하고자 합니다.,부분공개,9
2022-07-04,해솔시 안전총괄과,FOI-2022-03592,도담천 산책로 무단 투기 현장 적발 현황 및 수거 실적 청구 (3592호),"아파트에서 산책로를 자주 이용하는데 곳곳 투기물이 눈에 띕니다. 환경미관과 수질 오염이 걱정되어 도담천 산책로 무단 투기 현장 적발 현황과 수거 실적, 그리고 재발 방지 대책이 있는지 확인 요청합니다.",부분공개,6
2022-09-10,라온군 환경위생과,FOI-2022-03593,미래복합센터 인근 건축공사 소음 측정값 및 규제 기준 준수 여부 청구 (3593호),"현재 아르바이트 중평가 분야를 관심을 갖고 있습니다. 미래복합센터 인근 건축공사의 소음 측정값과 규제 기준 준수 여부, 그리고 시 행정처분 내용을 알려주시기 바랍니다.",공개,1
2022-07-12,여울시 단비구 환경위생과,FOI-2022-03594,새빛시장 주변 음식물 처리시설 운영 시간 및 악취 저감 조치 내역 청구 (3594호),혼자 거주하며 새빛시장 주변에서 생활합니다. 음식물 처리시설 운영 시간과 악취 저감 조치 내역을 알고 싶습니다. 특히 야간 및 휴일 운영 시간의 저감 시설 가동 여부와 주기적 결과를 요청합니다.,공개,6
2022-05-29,누리시 바른구 안전총괄과,FOI-2022-03595,아파트 외벽 단열 효과 및 결로 발생 민원 처리 기록 청구 (3595호),배우자와 자녀가 함께 거주하는 아파트에서 겨울철 결로 문제가 심각합니다. 외벽 단열 효과에 대한 검사 결과와 결로 발생에 대한 기존 민원 처리 기록을 확인하여 올바른 개선을 요청할 수 있는 근거를 알고 싶습니다.,부분공개,18
2022-02-22,미래군 안전총괄과,FOI-2022-03596,라온체육센터 주변 공기질 실시간 모니터링 시스템 도입 계획 및 운영 현황 청구 (3596호),"취미로 운동을 하며 라온체육센터를 자주 이용합니다. 주변 공기질이 궁금하여 실시간 모니터링 시스템 도입 계획이 있는지, 있다면 현재 운영 현황은 어떤지 확인 요청합니다. 운동 시 호흡기 건강에 참고하고 싶습니다.",공개,15
2023-05-30,가람시 새빛구 안전총괄과,FOI-2023-03597,누리버스 정류장 미세먼지 농도 변화 패턴 분석 자료 청구 (3597호),"에스컬레이터 설치 및 정비 업무를 하며 시설물과 환경의 연관성에 관심을 갖고 있습니다. 누리버스 정류장의 미세먼지 농도 변화 패턴을 분석한 자료가 있는지, 이용객 증가 시간대와 계절별 농도 차이를 확인할 수 있는 데이터를 요청합니다.",부분공개,5
2022-09-15,해솔시 안전총괄과,FOI-2022-03598,한울초 주변 통학로 안전시설 확충 사업 추진 경과 및 예산 규모 청구 (3598호),"배우자와 자녀와 함께 거주하며 자녀의 통학이 가장 중요합니다. 한울초 주변 통학로 안전시설 확충 사업 추진 경과와 배정된 예산 규모, 그리고 현재 완료된 구간과 향후 추진 일정을 알려주시기 바랍니다.",공개,12
2025-12-04,해솔시 환경위생과,FOI-2025-03599,샘물동 생활권 통합환경관리 계획 수립 배경 및 주민 참여 절차 청구 (3599호),"다년 간 시설물 유지보수 경험을 통해 환경관리에도 관심이 많아졌습니다. 샘물동 생활권 통합환경관리 계획 수립 배경과 주민 참여 절차, 그리고 의견 수렴 시된 내용과 반영되지 않은 의견에 대한 처리 결과를 알고 싶습니다.",부분공개,7
2022-02-18,라온군 안전총괄과,FOI-2022-03600,너울천 산책로 수질 조사 빈도 및 오염 원인 별 분류 결과 청구 (3600호),"가정과 직장에서 수질 관련 교육을 받은 바 있습니다. 너울천 산책로의 수질 조사 빈도와 오염 원인별로 분류한 결과, 그리고 특정 구간 오염 심화 시 조치 내용과 언론 보도 후 대응 기록을 요청합니다.",비공개,12
2022-04-16,가람시 새빛구 복지정책과,FOI-2022-03601,맑은마을 커뮤니티센터 영유아 프로그램 운영비 집행내역 청구 (3601호),만 3세 자녀를둔 가정보장에서 맑은마을 커뮤니티센터에서 운영되는 영유아 돌봄 프로그램의 예산 규모와 항목별 집행 현황을 확인하고 싶습니다. 프로그램 참여 가족의 이용 만족도 조사 결과도 포함되어 있는지 궁금합니다.,공개,7
2024-10-11,빛솔시 아람구 재무회계과,FOI-2024-03602,샘물동 생활권 아동놀이터 설치 사업비 세부 내역 청구 (3602호),"아파트 단지에 어린이가들이 모여 살고 있어 샘물동 생활권 내 아동놀이터 설치 사업의 전체 예산과 업체 선정 과정, 시공 업체와의 계약 내용을 알고 싶습니다.",부분공개,12
2024-07-11,예담시 늘품구 재무회계과,FOI-2024-03603,미래복합센터 인근 다문화가족 지원시설 구축 사업 집행내역 청구 (3603호),"다문화가족이 거주하는 지역에서 미래복합센터 인근에 지원시설이 건립되었다는 소식을 들었는데, 해당 사업의 전체 예산 규모, 국비와 지방비 비율, 주요 집행 항목별 금액을 확인하고 싶습니다.",공개,7
2023-08-08,해솔시 재무회계과,FOI-2023-03604,가람공공청사 내 복지관 프로그램 수강료 지원금 집행내역 청구 (3604호),"직장 근무와 육아를 병행하는 상황에서 가람공공청사 내 복지관에서 운영되는_program 수강료 지원제도를 이용하려고 합니다. 지원금 예산 규모와 신청 자격 기준, 심사 과정을 알고 싶습니다.",부존재,1
2025-02-25,누리시 바른구 복지정책과,FOI-2025-03605,새봄역 환승구역실 설치 사업비 사용 내역 청구 (3605호),출산 후 처음으로 대중교통을 이용하게 되었는데 새봄역 환승구역에 설치된실의 유지관리 비용과 관련 복지 사업 예산이 어떻게 사용되었는지 확인하고 싶습니다.,공개,1
2023-11-09,가람시 새빛구 재무회계과,FOI-2023-03606,온빛도서관 앞 노인복지시설 운영비 집행 현황 청구 (3606호),"60대 후반의 부모님이 온빛도서관 앞 노인복지시설을 이용하고 계신데, 해당 시설의 운영비 중 정부가 보조하는 예산 규모와 서비스 항목별 지출 내역을 알고 싶습니다.",공개,16
2025-12-16,온빛시 복지정책과,FOI-2025-03607,누리버스 정류장 주변 무료급식 운영비 집행내역 청구 (3607호),어려운 상황의 이웃에게 무료급식소를 운영하면서 정부 지원 예산이 어떻게 사용되는지 투명하게 확인하고 싶습니다. 누리버스 정류장 주변 급식 운영에 투입된 예산의 전체 규모와 식재료비 인건비 비율을 알고 싶습니다.,공개,11
2023-08-28,온빛시 복지정책과,FOI-2023-03608,한울초 주변 통학로 안전시설 설치 사업비 상세 내역 청구 (3608호),주변 초등학교 통학로를 자주 이용하게 되는데 한울초 주변 통학로에 설치된 안전시설의 설치 비용과 유지보수 예산이 어떻게 집행되었는지 확인하고 싶습니다.,공개,20
2022-06-01,온빛시 복지정책과,FOI-2022-03609,가온로 보행구간 장애인 편의시설 설치 사업비 집행내역 청구 (3609호),고령화된에서에 불편을 느끼는 주민들이 늘어나는데 가온로 보행구간에 설치된 장애인 편의시설의 설치 비용과 해당 사업의 추진 일정을 알고 싶습니다.,공개,16
2022-10-13,누리시 바른구 복지정책과,FOI-2022-03610,도담천 산책로 노약자 휴게공간 조성 사업 예산 사용 내역 청구 (3610호),부모님이 도담천 산책로를 산책하시는데 노약자 휴게공간이 조성되었다고 합니다. 해당 사업에 투입된 예산의 규모와 조성 내용별 지출 현황을 알고 싶습니다.,공개,20
2024-01-16,세움시 맑은구 복지정책과,FOI-2024-03611,샘물동 생활권 직업훈련 프로그램 운영비 집행내역 청구 (3611호),현재 직업 전환을 준비하면서 여러 직종에 지원하고 있는 상황입니다. 샘물동 생활권 내에서 운영되는 직업훈련 프로그램의 예산 규모와 훈련비 지원 대상자 선정 기준을 알고 싶습니다.,비공개,3
2023-06-11,가람시 열린구 복지정책과,FOI-2023-03612,새빛시장 주변 일자리 창출 사업비 사용 내역 청구 (3612호),실직 후 구직이고 어머니와 함께 생활하면서 생계비를 절감하고 있습니다. 새빛시장 주변 상인들을 대상으로 한 일자리 창출 사업의 예산 규모와 참여 업체 선정 과정을 알고 싶습니다.,부존재,19
2024-05-20,예담시 늘품구 재무회계과,FOI-2024-03613,푸른마루 교차로 고용촉진 장려금 집행 현황 청구 (3613호),취업 준비생으로서 지역 고용촉진 정책에 관심이 많은데 푸른마루 교차로 주변 소규모 사업장에 지급되는 고용촉진 장려금의 예산 규모와 지원 조건을 확인하고 싶습니다.,부분공개,6
2022-09-18,해솔시 재무회계과,FOI-2022-03614,한들동 생활권 구직자 생활지원금 지급 내역 청구 (3614호),"현재 무급 실업 상태로 한들동 생활권에 거주하면서 생활고를 겪고 있습니다. 지역에서 제공하는 구직자 생활지원금의 전체 예산과 지급 규모, 신청 추첨 과정을 알고 싶습니다.",부분공개,14
2025-03-14,세움시 맑은구 재무회계과,FOI-2025-03615,미르로 교차로 직업상담 서비스 운영비 집행내역 청구 (3615호),전직 경력이 있는 기술 분야 경력직으로 재취업 상담을 받고 싶은데 미르로 교차로 소재 직업상담소에 대한 정부 지원 예산이 어떻게 사용되었는지 확인하고 싶습니다.,부분공개,9
2024-12-23,누리시 바른구 재무회계과,FOI-2024-03616,열린마을 공원 주변 주거환경개선 사업비 집행내역 청구 (3616호),가족과 함께 단독주택에서 거주하면서 주변 주거환경 개선 사업에 관심을 가지고 있습니다. 열린마을 공원 주변 주거환경개선 사업의 예산 규모와 지원 대상 가구 선정 기준을 알고 싶습니다.,부분공개,13
2024-10-23,라온군 재무회계과,FOI-2024-03617,세움산업단지 입구 안전 점검 지원 사업비 사용 내역 청구 (3617호),산업단지에 출퇴근하는 노동자로서 세움산업단지 입구 도로의 안전 점검 지원 사업에 투입된 예산의 규모와 점검 항목을 확인하고 싶습니다.,부분공개,1
2022-03-08,미래군 복지정책과,FOI-2022-03618,너울천 산책로 주민참여형 생활환경 개선사업 예산 내역 청구 (3618호),주거지 주변 환경 정화에 주민 참여 프로그램을 운영해보고 싶은데 너울천 산책로 주변 주민참여형 생활환경 개선사업에 대한 보조금 규모와 프로그램 운영비를 알고 싶습니다.,공개,14
2022-12-06,빛솔시 아람구 재무회계과,FOI-2022-03619,빛솔광장 일대 노후주택 개량 지원 사업비 집행 현황 청구 (3619호),"older에 거주하면서 주택 수리를 못하고 있는데 빛솔광장 일대 노후주택 개량 지원 사업의 예산 규모와 지원 대상 선정 기준, 개량 공사의 종류별 지원 한도를 알고 싶습니다.",부분공개,7
2023-08-07,너울시 물빛구 재무회계과,FOI-2023-03620,가람공공청사 주변 에너지 효율화 주택 개선 사업비 내역 청구 (3620호),냉난방비 부담이 큰 상황에서 가람공공청사 주변 에너지 효율화 주택 개선 사업에 지원받고 싶습니다. 해당 사업의 전체 예산과 보anton 금액 산정 기준을 알고 싶습니다.,부분공개,6
2025-08-07,미래군 재무회계과,FOI-2025-03621,라온체육센터 주변 산업재해 예방 사업비 집행내역 청구 (3621호),화학물 가공 현장에서 근무하면서 산업재해 예방에 대한 관심이 높습니다. 라온체육센터 주변 사업장에 대한 산업재해 예방 교육 및 설비 지원 사업의 예산 규모와 지원 내용을 알고 싶습니다.,공개,4
2024-12-16,해솔시 복지정책과,FOI-2024-03622,새봄역 환승구역 직장인 건강관리 프로그램 운영비 내역 청구 (3622호),장시간 근무로 건강 관리에 어려움을 느끼고 있는데 새봄역 환승구역 근처에서 운영되는 직장인 건강관리 프로그램의 정부 지원 예산과 서비스 내용을 알고 싶습니다.,공개,12
2023-04-11,새봄시 한울구 재무회계과,FOI-2023-03623,해솔문화광장 작업자 복지시설 설치 사업비 사용 내역 청구 (3623호),야간작업 환경을 고려한 복지시설 설치 사업을 찾고 있는데 해솔문화광장 주변 작업자 복지시설 설치에 투입된 예산의 규모와 시설 내용을 확인하고 싶습니다.,공개,9
2022-01-25,예담시 늘품구 재무회계과,FOI-2022-03624,맑은마을 커뮤니티센터 근로자 가족 지원 프로그램 예산 집행 현황 청구 (3624호),배우자와 함께 생활하며き 맞벌이 가정을 위한 지원에 관심을 가지고 있습니다. 맑은마을 커뮤니티센터에서 운영되는 근로자 가족 지원 프로그램의 예산 규모와 돌봄 서비스 종류별 지출을 알고 싶습니다.,부분공개,2
2024-02-23,예담시 늘품구 복지정책과,FOI-2024-03625,한들동 생활권 산업보건센터 운영비 집행내역 청구 (3625호),유해 화학물질 취급 작업 환경에서 근무하며 산업보건관리를 받고 싶은데 한들동 생활권 산업보건센터의 정부 지원 예산 규모와 검진·교육 서비스 항목별 비용 배분을 알고 싶습니다.,부분공개,16
2022-05-08,미래군 기획감사과,FOI-2022-03626,새빛시장 주변 상가 감시원 인력 배치 현황 (3626호),"새빛시장 주변 상가 감시원 인력 배치 현황을 알고 싶습니다. 최근 6개월간 새빛시장 주변 상가 감시원 인원 수, 배치 지역, 근무 형태, 담당 구역 범위를 포함한 인력 배치 현황을 청구합니다. 특히 새빛시장 주변 주요 상가의 순찰 빈도 변화가 있는지 확인이 필요합니다.",공개,14
2024-08-20,미래군 기획감사과,FOI-2024-03627,샘물동 생활권 순찰원 배치 및 업무 추진비 내역 (3627호),"샘물동 생활권 순찰원 배치 현황과 업무 추진비 사용 내역을 알고 싶습니다. 최근 1년간 샘물동 생활권 순찰원 배치 일시, 활동 지역, 주요 활동 내용과 업무 추진비 사용 내역을 청구합니다. 배치가 효율적으로 이루어지고 있는지 확인이 필요합니다.",부존재,11
2023-02-08,도담군 기획감사과,FOI-2023-03628,새빛시장 감시원 급여 지급 내역 (3628호),"새빛시장 감시원 급여 지급 내역을 알고 싶습니다. 최근 6개월간 감시원별 급여 지급 일시, 급여 항목, 세금 공제 내역을 포함한 급여 대장 사본을 청구합니다. 급여 지급 기준과 지급 일정이 투명하게 이루어지고 있는지 확인이 필요합니다.",부분공개,20
2025-01-26,온빛시 기획감사과,FOI-2025-03629,새빛시장 주변 방범 카메라 설치 현황 (3629호),"새빛시장 주변 방범 카메라 설치 현황을 알고 싶습니다. 현재 설치된 방범 카메라 위치, 설치 일시, 카메라 사양, 관리 담당 부서, 유지보수 주기를 포함한 현황을 청구합니다. 범죄 예방 효과 분석이 필요합니다.",부분공개,8
2022-11-18,미래군 기획감사과,FOI-2022-03630,도담천 산책로 조경 식재 및 유지관리비 내역 (3630호),"도담천 산책로 조경 식재 및 유지관리비 지출 내역을 알고 싶습니다. 최근 2년간 조경 식재 종류, 식재 면적, 식재비, 유지관리비 지출 내역을 포함한 비용 내역을 청구합니다. 조경 식재 예산이 적절하게 집행되었는지 확인이 필요합니다.",부분공개,11
2024-09-15,세움시 맑은구 재무회계과,FOI-2024-03631,도담천 산책로 조경 식재 관련 사업자 선정 근거 (3631호),"도담천 산책로 조경 식재 관련 사업자 선정 근거를 알고 싶습니다. 최근 조경 식재 관련 사업자의 선정 기준, 평가 항목, 심의 과정, 선정 사유를 포함한 사업자 선정 근거를 청구합니다. 선정 과정의 공정성을 확인하고 싶습니다.",부분공개,15
2023-01-23,누리시 바른구 기획감사과,FOI-2023-03632,도담천 산책로 조경 식재 관련 계약 체결 내역 (3632호),"도담천 산책로 조경 식재 관련 계약 체결 내역을 알고 싶습니다. 최근 계약 체결 일시, 계약 상대방, 계약 금액, 계약 기간, 지급 조건을 포함한 계약 체결 내역을 청구합니다. 계약이 적정하게 체결되었는지 확인이 필요합니다.",부분공개,3
2024-05-06,누리시 바른구 기획감사과,FOI-2024-03633,조경 식재 관련 구청 지원사업 선정 기준 (3633호),"조경 식재 관련 구청 지원사업 선정 기준을 알고 싶습니다. 최근 3년간 조경 식재 관련 구청 지원사업의 선정 기준, 신청 자격 요건, 심의 과정, 선정 결과를 포함한 지원사업 선정 기준을 청구합니다. 향후 지원사업 참여를 위해 확인이 필요합니다.",부존재,20
2024-06-11,온빛시 기획감사과,FOI-2024-03634,누리버스 정류장 주변 보행 안전시설 설치 공사비 내역 (3634호),"누리버스 정류장 주변 보행 안전시설 설치 공사비 지출 내역을 알고 싶습니다. 최근 1년간 보행 안전시설 설치 공사의 공사 항목, 공사비 지출 내역, 시공 업체, 공사 완료 일시를 포함한 공사비 내역을 청구합니다. 공사비 집행 내역이 적정하게 이루어졌는지 확인이 필요합니다.",부분공개,16
2025-01-18,예담시 늘품구 기획감사과,FOI-2025-03635,누리버스 정류장 주변 무장애 보행로 설치 공사 낙찰 업체 선정 근거 (3635호),"누리버스 정류장 주변 무장애 보행로 설치 공사 낙찰 업체 선정 근거를 알고 싶습니다. 최근 무장애 보행로 설치 공사의 입찰 공고 일시, 입찰 참여 업체 수, 낙찰 업체 선정 기준, 평가 점수, 낙찰 사유를 포함한 낙찰 업체 선정 근거를 청구합니다.",부분공개,5
2023-09-10,새봄시 한울구 재무회계과,FOI-2023-03636,누리버스 정류장 주변 보행 안전시설 설치 공사의 발주 방식 및 계약 조건 (3636호),"누리버스 정류장 주변 보행 안전시설 설치 공사의 발주 방식 및 계약 조건을 알고 싶습니다. 최근 보행 안전시설 설치 공사의 발주 방식, 계약 형태, 계약 금액 산정 근거, 하도급 여부를 포함한 발주 방식 및 계약 조건을 청구합니다.",부분공개,7
2024-01-28,가람시 열린구 기획감사과,FOI-2024-03637,한울초 주변 통학로 확장을 위한 예산 배분 내역 (3637호),"한울초 주변 통학로 확장을 위한 예산 배분 내역을 알고 싶습니다. 한울초 주변 통학로 확장 관련 사업의 최근 2년간 예산 편성 내역, 사업별 배정 예산, 집행 현황, 잔액 처리 내역을 포함한 예산 배분 내역을 청구합니다.",부분공개,15
2024-12-13,미래군 기획감사과,FOI-2024-03638,미르로 교차로 주변 행정동 업무 추진비 사용 내역 (3638호),"미르로 교차로 주변 행정동 업무 추진비 사용 내역을 알고 싶습니다. 최근 1년간 미르로 교차로 주변 행정동의 업무 추진비 사용 내역, 사용 항목별 금액, 영수증 첨부 여부를 포함한 업무 추진비 사용 내역을 청구합니다.",부분공개,9
2023-10-05,새봄시 한울구 재무회계과,FOI-2023-03639,너울천 산책로 경관 조명 설치 관련 업무 추진비 사용 내역 (3639호),"너울천 산책로 경관 조명 설치 관련 업무 추진비 사용 내역을 알고 싶습니다. 최근 1년간 너울천 산책로 경관 조명 설치 관련 업무 추진비 사용 내역, 사용 항목별 금액, 지출 근거를 포함한 업무 추진비 사용 내역을 청구합니다.",부분공개,12
2024-12-15,라온군 기획감사과,FOI-2024-03640,빛솔광장 일대 행정동 업무 추진비 사용 내역 (3640호),"빛솔광장 일대 행정동 업무 추진비 사용 내역을 알고 싶습니다. 최근 1년간 빛솔광장 일대 행정동의 업무 추진비 사용 내역, 사용 항목별 금액, 사용 일시, 사용 대상을 포함한 업무 추진비 사용 내역을 청구합니다. 세입자 대표로서 확인이 필요합니다.",공개,9
2023-02-06,새봄시 한울구 기획감사과,FOI-2023-03641,미래복합센터 인근 시민시설 운영비 지출 내역 (3641호),"미래복합센터 인근 시민시설 운영비 지출 내역을 알고 싶습니다. 최근 1년간 미래복합센터 인근 시민시설의 시설 유지비, 인건비, 운영비 지출 내역, 지출 근거를 포함한 운영비 지출 내역을 청구합니다. 시민 시설 운영비가 효율적으로 사용되었는지 확인이 필요합니다.",공개,10
2025-12-20,도담군 재무회계과,FOI-2025-03642,행정동 업무 추진비 편성 기준 및 운용 규정 내역 (3642호),"행정동 업무 추진비 편성 기준 및 운용 규정을 알고 싶습니다. 현재 행정동 업무 추진비의 편성 기준, 사용 가능 항목, 사용 한도, 승인 절차, 사후 보고 요건 등을 포함한 운용 규정을 청구합니다. 공직자 행동강령에 따른 집행 기준을 확인하고 싶습니다.",부분공개,19
2024-11-29,가람시 새빛구 재무회계과,FOI-2024-03643,가온로 보행구간 현금인출기 설치 및 유지보수 관련 예산 집행 내역 (3643호),"가온로 보행구간 현금인출기 설치 및 유지보수 관련 예산 집행 내역을 알고 싶습니다. 최근 1년간 가온로 보행구간 현금인출기 설치비, 유지보수비, 수리비 지출 내역을 포함한 예산 집행 내역을 청구합니다. 해당 구간 현금인출기 서비스가 적절히 제공되었는지 확인이 필요합니다.",비공개,2
2024-04-18,온빛시 기획감사과,FOI-2024-03644,새봄역 환승구역 현금인출기 설치 현황 및 임대차 계약 내역 (3644호),"새봄역 환승구역 현금인출기 설치 현황 및 임대차 계약 내역을 알고 싶습니다. 현재 새봄역 환승구역 현금인출기 설치 대수, 위치,, 임대차 계약 기간, 임대료, 계약 상대방을 포함한 임대차 계약 내역을 청구합니다.",공개,11
2025-05-15,해솔시 재무회계과,FOI-2025-03645,새봄역 환승구역 현금인출기 유지보수 계약 및 업체 선정 내역 (3645호),"새봄역 환승구역 현금인출기 유지보수 계약 및 업체 선정 내역을 알고 싶습니다. 현재 유지보수 계약 기간, 계약 금액, 유지보수 범위, 업체 선정 방식, 업체명을 포함한 유지보수 계약 및 업체 선정 내역을 청구합니다.",부분공개,15
2025-10-20,라온군 기획감사과,FOI-2025-03646,현금인출기 설치 관련 공공시설 임대차 계약 조건 및 임대료 책정 기준 (3646호),"현금인출기 설치 관련 공공시설 임대차 계약 조건 및 임대료 책정 기준을 알고 싶습니다. 현금인출기 설치 관련 공공시설 임대차 계약의 임대료 산정 방식, 임대료 책정 기준, 계약 갱신 방식, 계약 해지 조건을 포함한 계약 조건 및 임대료 책정 기준을 청구합니다.",공개,14
2023-08-19,해솔시 기획감사과,FOI-2023-03647,누리버스 정류장 주변 자치회관 현금인출기 설치 및 유지보수 관련 예산 배분 내역 (3647호),"누리버스 정류장 주변 자치회관 현금인출기 설치 및 유지보수 관련 예산 배분 내역을 알고 싶습니다. 최근 2년간 누리버스 정류장 주변 자치회관 현금인출기 설치비, 임대료, 유지보수비 예산 편성 및 배분 내역을 포함한 예산 배분 내역을 청구합니다.",공개,8
2022-09-05,누리시 바른구 기획감사과,FOI-2022-03648,가람공공청사 주변 자치회관 현금인출기 설치 및 유지보수 관련 예산 배분 내역 (3648호),"가람공공청사 주변 자치회관 현금인출기 설치 및 유지보수 관련 예산 배분 내역을 알고 싶습니다. 최근 2년간 가람공공청사 주변 자치회관 현금인출기 설치 및 유지보수 관련 예산 편성 내역, 배정 예산, 집행 현황, 집행 잔액 처리 내역을 포함한 예산 배분 내역을 청구합니다.",부분공개,16
2024-04-11,해솔시 재무회계과,FOI-2024-03649,도담천 산책로 업무추진비·예산 집행 관련 자료 공개 청구 145-0 (3649호),도담천 산책로 일대의 업무추진비·예산 집행 업무와 관련하여 최근 6개월간 처리된 문서와 집행 내역 일체를 공개하여 주시기 바랍니다. 항목별 세부 내역과 근거 서류를 포함해 주세요.,공개,4
2022-05-26,예담시 늘품구 기획감사과,FOI-2022-03650,누리버스 정류장 업무추진비·예산 집행 관련 자료 공개 청구 145-1 (3650호),누리버스 정류장 일대의 업무추진비·예산 집행 업무와 관련하여 2024년 한 해 처리된 문서와 집행 내역 일체를 공개하여 주시기 바랍니다. 항목별 세부 내역과 근거 서류를 포함해 주세요.,공개,3
2022-05-28,세움시 맑은구 재무회계과,FOI-2022-03651,푸른마루 교차로 주변 공원 조성공사 수의계약 추진 내역 (3651호),푸른마루 교차로 일대에 시민공간 조성 공사가 수의계약으로 진행된 것으로 확인되어 계약 절차의 적정성과 업체 선정 기준을 알고자 합니다. 해당 구간의 설계 변경 이력과 시공 세부내역을 요청합니다.,공개,8
2023-01-30,해솔시 재무회계과,FOI-2023-03652,세움산업단지 입구 도로 확포장 공사 발주 세부내역 (3652호),"세움산업단지 입구 도로 확포장 공사가 수의계약으로 발주되었는지 확인하고자 하며, 계약 금액과 기간 및 안전관리 계획을 요청합니다.",부분공개,3
2025-05-22,누리시 바른구 일자리경제과,FOI-2025-03653,미래복합센터 인근 환경개선사업 입찰 참여 업체 목록 (3653호),미래복합센터 인근 환경개선사업 입찰에 참여했던 업체들의 사업자등록 현황과 시공 경험 여부를 확인하여 지역 중소기업 보호 실태를 파악하고자 합니다.,부분공개,2
2025-04-23,가람시 열린구 일자리경제과,FOI-2025-03654,도의료급여 관련 소모품 공급 수의계약 내역 공개 (3654호),도의료급여 소모품 공급이 수의계약으로만 이루어지고 있어 계약 업체 선정 절차와 가격 결정 방식을 검토하고자 합니다. 최근 3년간 계약 체결 내역을 요청합니다.,부분공개,18
2025-02-22,빛솔시 아람구 일자리경제과,FOI-2025-03655,새봄역 환승구역 내 대중교통 시설물 유지보수 계약 현황 (3655호),새봄역 환승구역의 엘리베이터와 에스컬레이터 유지보수 계약이 특정 업체에 수의계약으로 되어 있는지에 대한 확인과 계약 만료 시점을 알고 싶습니다.,공개,15
2023-10-24,여울시 단비구 재무회계과,FOI-2023-03656,가온로 보행구간 가로등 LED 교체 공사 낙찰 업체 선정 기준 (3656호),가온로 보행구간 가로등 LED 교체 공사가 낙찰된 업체 선정 과정에서 지역업체 가점을 부여했는지 여부와 평가 배점표를 요청합니다.,공개,7
2022-03-09,여울시 단비구 일자리경제과,FOI-2022-03657,누리버스 정류장 주변 상가 재개발 수의계약 추진 경위 (3657호),"누리버스 정류장 주변 상가 재개발 계획이 수의계약으로 추진된 사연을 파악하고자 하며, 사업시행인가 취득 과정과 주민 의견 수렴 절차를 요청합니다.",공개,19
2025-01-30,새봄시 한울구 재무회계과,FOI-2025-03658,한울초 주변 통학로 안전시설 설치 입찰 결과와 계약 금액 (3658호),"한울초 주변 통학로 안전시설 설치 공사에 대한 입찰 결과와 최종 계약 금액, 시공업체명을 알고 싶습니다. 계약 후 설계 변경이 있었는지도 확인 부탁드립니다.",공개,13
2023-09-03,미래군 일자리경제과,FOI-2023-03659,열린마을 공원 놀이시설 교체 수의계약 결정 과정 (3659호),열린마을 공원 놀이시설 교체 공사가 수의계약으로 결정된 사유와 계약 업체 선정 과정에서 고려된 기술력 평가 항목을 요청합니다.,부존재,1
2022-06-24,빛솔시 아람구 일자리경제과,FOI-2022-03660,샘물동 생활권 미세먼지 저감 시설 구축 입찰 참여 업체 현황 (3660호),샘물동 생활권 미세먼지 저감 시설 구축 공사에 입찰 참여를 고려하고 있어 최근 동일 업종 공사 수행 경험을 확인하고 싶습니다.,공개,19
2023-05-23,너울시 물빛구 일자리경제과,FOI-2023-03661,맑은마을 커뮤니티센터 증축 공사 계약 조건과 (3661호),맑은마을 커뮤니티센터 증축 공사가 수의계약으로 진행된 것으로 파악되어 계약 조건과 및 하자 기간을 요청합니다.,부분공개,10
2024-10-09,너울시 물빛구 일자리경제과,FOI-2024-03662,도담천 산책로 조명설비 교체 입찰 낙찰가와 예정가격 비교 (3662호),도담천 산책로 조명설비 교체 입찰의 낙찰가와 예정가격을 비교하여 적정 계약 여부를 판단하고자 합니다.,부분공개,20
2025-08-23,새봄시 한울구 일자리경제과,FOI-2025-03663,한들동 생활권 공공시설 에너지효율화 공사 수의계약 추진 내역 (3663호),한들동 생활권 내 공공시설 에너지효율화 공사가 수의계약으로 추진된 사유와 계약 금액 산정 근거를 알고 싶습니다.,비공개,4
2022-09-03,누리시 바른구 재무회계과,FOI-2022-03664,가람공공청사 주변 주차장 확포장 입찰 결과와 시공업체 (3664호),"가람공공청사 주변 주차장 확포장 공사에 대한 입찰 결과와 낙찰 업체명, 그리고 계약 후 공기 단축 여부를 확인하려 합니다.",부분공개,12
2025-01-21,미래군 일자리경제과,FOI-2025-03665,라온체육센터 주변 체육시설 설치 수의계약 세부 조건 (3665호),라온체육센터 주변 체육시설 설치 공사가 수의계약으로 진행된 구체적 사유와 시설물의 사양 및 설치 일정을 요청합니다.,공개,8
2023-08-08,예담시 늘품구 일자리경제과,FOI-2023-03666,새빛시장 주변 시장정비사업 입찰 참가 업체 능력 (3666호),새빛시장 주변 시장정비사업 입찰에 참여했던 업체들의능력평가를 확인하여 향후 입찰참가를 위한 참고자료로 활용코자 합니다.,공개,20
2024-08-26,라온군 재무회계과,FOI-2024-03667,미르로 교차로 교통안전시설 설치 입찰 평가 항목 공개 (3667호),미르로 교차로 교통안전시설 설치 공사의 입찰 평가 항목별 배점 기준과 지역업체 가점 여부를 요청합니다. 평가 결과에도 접속하고 싶습니다.,공개,10
2023-05-05,라온군 일자리경제과,FOI-2023-03668,너울천 산책로 생태복원 공사의 수의계약 추진 사유와 계약 금액 (3668호),너울천 산책로 생태복원 공사가 수의계약으로 추진된 구체적 사유를 알고 싶으며 계약 금액이 어떻게 산정되었는지도 요청합니다.,공개,15
2025-02-17,세움시 맑은구 일자리경제과,FOI-2025-03669,빛솔광장 일대 조경 식재 공사 낙찰 업체 경력 확인 (3669호),빛솔광장 일대 조경 식재 공사에 낙찰된 업체의 과거 경력을 확인하여 확보 여부를 판단하고자 합니다.,부분공개,2
2024-12-10,도담군 일자리경제과,FOI-2024-03670,온빛도서관 앞 무 개선 공사 입찰 참여 업체 자격 요건 (3670호),온빛도서관 앞 무 개선 공사에 입찰 참여하기 위해 필요한 업체 자격 요건과 동일 업종 경력 기준을 확인하고 싶습니다.,공개,19
2024-02-20,너울시 물빛구 일자리경제과,FOI-2024-03671,해솔문화광장 축제장 설치 공사 수의계약 조건 공개 (3671호),"해솔문화광장 축제장 설치 공사가 특정 업체에 수의계약으로 발주된 사유와 계약 금액, 일정 등을 요청합니다.",부분공개,1
2023-03-30,누리시 바른구 재무회계과,FOI-2023-03672,세움산업단지 산업폐수 처리시설 운영 위탁 입찰 내역 (3672호),세움산업단지 산업폐수 처리시설 운영 위탁 입찰에 참여했던 업체들의 선정 기준과 최종 계약 조건을 확인하고자 합니다.,공개,1
2023-08-11,해솔시 재무회계과,FOI-2023-03673,푸른마루 교차로 도로 포장 공사 수의계약 추진 경위와 업체 선정 사유 (3673호),푸른마루 교차로 도로 포장 공사가 수의계약으로 추진된 경위와 업체 선정 사유를 명확히 알고 싶습니다. 계약 금액이 시중 시가와 비교하여 적정한지도 확인 부탁드립니다.,부분공개,11
2025-08-09,너울시 물빛구 일자리경제과,FOI-2025-03674,새봄역 환승구역내 상가テナント 입찰 선정 결과와 선정 기준 (3674호),새봄역 환승구역 내 희망テナント 입찰의 선정 결과와 평가 기준을 확인하여 향후 입찰 참가 시 참고하려 합니다.,공개,9
2025-08-21,누리시 바른구 일자리경제과,FOI-2025-03675,도담천 산책로 유지보수 계약 변경 이력과 계약 금액 변동 내역 (3675호),도담천 산책로 유지보수 계약의 변경 이력과 계약 금액 변동 내역을 확인하여 주민들의 세금 사용 투명성을 파악하고자 합니다.,공개,13
2024-07-22,예담시 늘품구 기획감사과,FOI-2024-03676,구직자 취업알선 성적 공개 청구 (3676호),"현재 구직중인 상태에서 샘물동 생활권 고용센터를 통해 접수한 취업알선 성적 결과를 상세히 알려달라는 청구입니다. 어떤 직종에 얼마나 지원했고, 면접까지 진행된 건수와 최종 채용 확정 건수를 구체적으로 확인할 수 있는지 묻고 있습니다.",부분공개,4
2022-11-30,가람시 열린구 기획감사과,FOI-2022-03677,직업훈련 수강료 환급 기준 공개 (3677호),"사진현상 기술 경력을 바탕으로 디지털 전환 직업훈련을 수강하려 합니다. 새봄역 환승구역 소재 직업전문학교에서 수강료 환급 대상 선정 기준과 환급 비율, 지급 시기를 안내해 주시기 바랍니다.",부분공개,11
2023-06-28,가람시 새빛구 행정지원과,FOI-2023-03678,취업희망직종별 지원사업 안내 (3678호),"현재 실직 상태로 경제적 어려움을 겪고 있으며, 가온로 보행구간 인근 소재 구직자 지원센터에서 운영 중인 취업희망직종별 지원사업을 상세히 알려달라는 청구입니다. 신청 자격과 지원 내용, 선정 일정을 구체적으로 요구합니다.",부분공개,14
2024-04-29,새봄시 한울구 행정지원과,FOI-2024-03679,경력기술인 우선채용 규정 공개 (3679호),"사진현상 분야 경력이 풍부한 기술인으로서, 관련 제조업체에서 경력기술인 우선채용 규정을 적용했는지 확인하고자 합니다. 열린마을 공원 주변 제조업체 인사담당 부서에 해당 규정이 있는지, 적용 가 있는지 알려달라는 청구입니다.",공개,1
2024-12-22,가람시 새빛구 기획감사과,FOI-2024-03680,구직자 건강검진 지원사업 내용 공개 (3680호),"구직 등록 시 건강검진 지원사업 참여 여부와 지원 범위를 확인하고자 합니다. 누리버스 정류장 인근 보건소에서 제공하는 구직자 건강검진 지원사업의 대상 자격, 검진 항목, 수검 방법을 자세히 알려주시기 바랍니다.",부분공개,13
2022-12-14,누리시 바른구 행정지원과,FOI-2022-03681,사회교사 자격시험 출제범위 공개 (3681호),"사회 교사로 활동 준비 중인 사람으로서, 교원자격시험 출제범위와 출제 비율을 상세히 알려달라는 청구입니다. 한울초 주변 통학로 인근 시험센터에서 실시하는 자격시험의 과목별 출제범위를 명확히 하고자 합니다.",공개,7
2023-03-30,여울시 단비구 행정지원과,FOI-2023-03682,임용후보자 공개경쟁시험 합격자 발표 절차 (3682호),"교육직 임용후보자 공개경쟁시험의 합격자 발표 절차와 이의신청 방법을 알고 싶습니다. 라온체육센터 주변 교육청에서 운영하는 임용시험의 최종합격자 발표 시기, 발표 방식, 불합격자 피드백 제공 여부를 상세히 요구합니다.",부분공개,19
2025-09-17,해솔시 기획감사과,FOI-2025-03683,사회교사 직무연수 이수 규정 공개 (3683호),"현직 사회 교사로서 직무연수 이수 의무와 이수 시간 기준을 확인하고 싶습니다. 온빛도서관 앞 교육연수원 운영 규정에서 직무연수 의무 이수 시간, 미이수 시 조치 내용, 연수 면제 조건을 구체적으로 알려달라는 청구입니다.",부존재,9
2023-08-23,해솔시 행정지원과,FOI-2023-03684,교원 채용 신체검사 기준표 공개 (3684호),교원 채용 시 시행되는 신체검사 기준표와 합불 판정 기준을 확인하고 싶습니다. 해솔문화광장 인근 보건소에서 사용하는 교원임용 신체검사 기준표의 항목별 판정 기준을 명확히 알려달라는 청구입니다.,부분공개,7
2025-07-25,너울시 물빛구 기획감사과,FOI-2025-03685,교원자격증 발급 처리기간 및 절차 공개 (3685호),"교원자격증 발급 신청 후 처리기간과 필요 서류를 확인하고 싶습니다. 미래복합센터 인근 자격증 발급 기관에서 교원자격증 신청부터 발급까지의 처리기간, 추가 서류 요건, 우편 수령 여부를 상세히 알려달라는 청구입니다.",부존재,14
2024-12-12,누리시 바른구 기획감사과,FOI-2024-03686,제조업 기술자 기능시험 실기평가 기준 공개 (3686호),금속 분무기 조작원으로 장기 근무한 경력을 바탕으로 기술자격을 취득하려 합니다. 세움산업단지 입구 소재 기능시험 실시기관에서 금속 분무 관련 기술시험 실기평가 채점 기준과 배점 비율을 알려달라는 청구입니다.,공개,14
2023-02-05,가람시 열린구 기획감사과,FOI-2023-03687,근로자 직업능력개발 훈련비 지원 기준 (3687호),"다문화 가구 상황에서 자녀 양육비를 절감하기 위해 직업능력개발 훈련 참여를 중입니다. 한들동 생활권 직업능력개발센터에서 훈련비 지원 대상 선정 기준과 지원 금액, 신청 절차를 상세히 알려달라는 청구입니다.",공개,8
2022-01-27,해솔시 행정지원과,FOI-2022-03688,제조업 산업안전보건 교육시간 이수 기준 (3688호),"제조업 현장에서 산업안전보건 교육을 받아야 하는 종류와 연간 이수 시간을 확인하고 싶습니다. 푸른마루 교차로 인근 안전교육원에서 산업안전 관련 필수 교육 종류, 이수 시간, 미이수 시 벌칙을 알려달라는 청구입니다.",부분공개,19
2022-01-05,가람시 새빛구 기획감사과,FOI-2022-03689,가족 부양 부담 경감 지원사업 신청 요건 (3689호),"배우자와 자녀, 어머니와 함께 거주하며 가구를 부양하고 있어 경제적 부담이 큽니다. 맑은마을 커뮤니티센터에서 운영 중인 가족 부양 경감 지원사업의 신청 자격, 지원 내용, 소득 기준을 알려달라는 청구입니다.",비공개,9
2024-08-16,도담군 기획감사과,FOI-2024-03690,제조업 희망 직종 취업박람회 일정 공개 (3690호),"금속 분무기 조작 경력을 바탕으로 관련 업종 취업박람회에 참여하고 싶습니다. 새빛시장 주변 인재센터에서 개최 예정인 제조업 취업박람회 일시, 장소, 참여 기업 수, 사전 등록 방법을 알려달라는 청구입니다.",부분공개,6
2022-07-27,빛솔시 아람구 기획감사과,FOI-2022-03691,고령 기술자 재취업 지원금 지급 기준 공개 (3691호),"만 76세의 고령 기술자로서 은퇴 후 재취업을 준비하고 있습니다. 도담천 산책로 인근 노인일자리를 통해 재취업 지원금 지급 대상 선정 기준과 지급 금액, 지급 기간을 알려달라는 청구입니다.",공개,12
2023-07-31,도담군 행정지원과,FOI-2023-03692,고령자 전동차 우선석 배치 기준 공개 (3692호),"고령자로서 대중교통 이용 시 불편을 겪고 있어, 시내버스 및 지하철 우선석 배치 기준을 확인하고 싶습니다. 미르로 교차로 인근 교통센터에서 고령자 우선석 지정 기준, 표시 방법, 이용 규칙을 알려달라는 청구입니다.",부존재,14
2023-01-27,가람시 열린구 행정지원과,FOI-2023-03693,노인일자리 사업 참여 조건 및 일당 기준 (3693호),"만 76세 기술자로서 은퇴 후 생활비를 보충하기 위해 노인일자리 사업 참여를 원합니다. 너울천 산책로 인근 노인복지관 운영 일자리 사업의 참여 조건, 일당 금액, 근무 시간, 휴무일을 알려달라는 청구입니다.",부분공개,19
2024-11-30,새봄시 한울구 기획감사과,FOI-2024-03694,고령자 공공시설 이용 편의시설 설치 현황 (3694호),"고령 기술자로서 공공시설 이용 시 안전 편의시설 설치 현황을 확인하고 싶습니다. 빛솔광장 일대 공공시설의 엘리베이터, 손잡이, 점자블록 설치 현황과 불편신고 방법을 알려달라는 청구입니다.",비공개,15
2023-01-27,새봄시 한울구 행정지원과,FOI-2023-03695,고령자 의료비 감면 대상 기준 공개 (3695호),"고령화로 인한 의료비 부담이 증가하고 있어 의료비 감면 대상 기준을 확인하고 싶습니다. 가람공공청사 주변 보건소에서 만 65세 이상 의료비 감면 대상 기준, 감면 비율, 신청 방법을 알려달라는 청구입니다.",공개,20
2025-07-07,가람시 새빛구 행정지원과,FOI-2025-03696,IT업계 경력직 채용공고 방식 공개 (3696호),"네트워크 프로그래머 경력을 바탕으로 경력직 채용공고가 되는 방식을 확인하고 싶습니다. 샘물동 생활권 IT 인재뱅크에서 경력직 채용공고 게시 방식, 공고 기간, 면접 전환률을 알려달라는 청구입니다.",비공개,5
2024-10-12,빛솔시 아람구 행정지원과,FOI-2024-03697,네트워크 분야 기술자격 취득 환급 지원 내용 (3697호),"네트워크 프로그래머로서 최신 기술자격 취득을 준비하고 있습니다. 네트워크 관련 기술자격 시험 응시료 환급 지원금 대상 선정 기준과 환급 금액, 신청 방법을 알려달라는 청구입니다.",부분공개,19
2024-02-14,세움시 맑은구 행정지원과,FOI-2024-03698,자녀 학원비 지원사업 신청 자격 공개 (3698호),"배우자와 자녀와 함께 아파트에 거주하며 자녀 학원비 부담이 큽니다. 가온로 보행구간 인근 복지관 운영 자녀 학원비 지원사업의 신청 자격, 소득 기준, 지원 금액을 알려달라는 청구입니다.",공개,13
2022-12-07,미래군 행정지원과,FOI-2022-03699,IT기업_swaggie 문화 및 복리후생 비교 정보 (3699호),"네트워크 프로그래머로서 직장을 옮기려는 계획이 있어, 주요 IT기업의 복리후생제도를 비교하고 싶습니다. 열린마을 공원 주변 고용센터에서 공개 가능한 주요 IT기업 복리후생 제도 개요와 직무별 근무 환경을 알려달라는 청구입니다.",부분공개,1
2023-04-30,라온군 행정지원과,FOI-2023-03700,웹개발자 국기지원 훈련과정 일정 공개 (3700호),"네트워크 프로그래머로서 웹개발 분야 국기지원 훈련과정 참여를 원합니다. 누리버스 정류장 인근 직업전문학교에서 웹개발 국기지원 훈련과정의 개강 일정, 교육 시간, 수료 후 취업 연계율을 알려달라는 청구입니다.",부분공개,16
2024-01-30,온빛시 안전총괄과,FOI-2024-03701,샘물동 생활권 놀이시설 안전점검 결과 공개 청구 (3701호),"최근 샘물동 생활권 내 아파트 단지에 설치된 놀이시설 안전점검 결과를 요청합니다. 특히 고령 거주자가한 단지인 만큼, 놀이시설 구조물의 부식 상태 및 균열 여부를 중심으로 조사된 자료가 필요합니다. 전체 점검 일람표와 시정 요구 사항이 포함된 문서를 제공하여 주십시오.",부분공개,13
2025-12-12,새봄시 한울구 건축허가과,FOI-2025-03702,푸른마루 교차로 보행로 안전점검 결과 청구 (3702호),푸른마루 교차로 주변 보행로에 대한 최근 3년간 안전점검 결과 자료를 요청합니다. 전문가로서 보행자 안전에 영향을 미치는 노후 포장재 및 방수층 상태에 대한 구체적 수치를 확인하고자 합니다. 점검 주기 및 보수 이력도 함께 제공하여 주십시오.,부분공개,14
2022-09-03,너울시 물빛구 안전총괄과,FOI-2022-03703,새빛시장 주변 비상구 설치 현황 청구 (3703호),새빛시장 주변 상가 건물들의 비상구 설치 및 유지 관리 상태에 대한 안전점검 결과를 요청합니다. 시장 내 식품 관련 시설이 다수 입주해 있어 화재 시 대피 경로 확보가 필수적입니다. 최근 점검에서 지적된 사항과 개선 조치 내용을 포함해 주십시오.,부분공개,13
2022-07-07,빛솔시 아람구 건축허가과,FOI-2022-03704,도담천 산책로 바닥 미끄러짐 방지 시설 점검 결과 (3704호),도담천 산책로의 최근 안전점검 결과에서 미끄러짐 사고 위험 구간에 대한 조치를 요청합니다. 특히 비 오는 날 다발하는 사고를 예방하기 위한 방범 그립 설치 현황 및 보수 일정을 확인하고자 합니다. 사고 접수 기록도 함께 제공하여 주십시오.,공개,7
2022-04-14,가람시 새빛구 건축허가과,FOI-2022-03705,한울초 주변 통학로 가로등 안전점검 결과 청구 (3705호),한울초등학교 주변 통학로에 설치된 가로등 시설의 최근 안전점검 결과 자료를 요청합니다. 전문가로서 조명 밝기 기준 충족 여부 및 전선 노후화에 따른 점검 기록을 중점적으로 확인하고자 합니다. 교체 예정 시설 목록도 포함해 주십시오.,부분공개,13
2023-01-24,온빛시 안전총괄과,FOI-2023-03706,미래복합센터 엘리베이터 정기 점검 결과 공개 청구 (3706호),"미래복합센터 내 설치된 엘리베이터 3대의 최근 정기 점검 결과를 요청합니다. 현재 구직 중인 신분이므로 시설 관리 수준이 취업 역량 평가에 영향을 미칠 수 있어, 점검 항목별 합격 여부 및 고장 이력을 확인하고자 합니다. 수리 이력도 함께 제공하여 주십시오.",비공개,20
2024-11-28,라온군 건축허가과,FOI-2024-03707,누리버스 정류장차실 안전 점검 결과 청구 (3707호),누리버스 정류장차실의 안전 점검 결과를 요청합니다. 대중교통 이용객의 을 위한 구조물 안전성 및 유리 파손 위험에 대한 점검 기록을 확인하고자 합니다. 특히 바람에 따른 파손 사고 우려 구간에 대한 조사 결과를 중점적으로 요청합니다.,부분공개,6
2024-05-15,예담시 늘품구 건축허가과,FOI-2024-03708,해솔문화광장 분수대 전기 시설 점검 결과 청구 (3708호),해솔문화광장 분수대 관련 전기 시설 안전점검 결과를 요청합니다. 최근 폭우 시 발생 가능한 전기 사고 예방을 위한 점검 기록을 확인하고자 합니다. 누전 차단기 점검 결과 및 수중 전등 케이블 상태에 대한 자료를 요청합니다.,공개,13
2023-01-15,예담시 늘품구 안전총괄과,FOI-2023-03709,온빛도서관 앞 지하차도 침수 방지 시설 점검 결과 (3709호),"온빛도서관 앞 지하차도의 침수 방지 시설에 대한 최근 안전점검 결과를 요청합니다. 도서관 이용객 중 노약자가 많은 만큼, 우수 펌프 가동 여부 및 배수구 막힘 상황에 대한 구체적 점검 기록을 확인하고자 합니다. 최근 침수 사고 대응 기록도 함께 제공하여 주십시오.",공개,12
2025-02-18,예담시 늘품구 건축허가과,FOI-2025-03710,라온체육센터 구조물 안전 점검 결과 공개 청구 (3710호),라온체육센터 주구조물에 대한 최근 안전점검 결과를 요청합니다. 체육관 시설 이용 시 안전 확보를 위한 지붕 구조 및 용접부 상태 점검 기록을 확인하고자 합니다. 특히 강풍 시 구조적 안정성에 대한 평가 결과를 중점적으로 요청합니다.,부분공개,1
2022-05-25,도담군 건축허가과,FOI-2022-03711,세움산업단지 입구 가로등 안전 점검 결과 청구 (3711호),세움산업단지 입구 가로등 시설의 최근 안전점검 결과를 요청합니다. 산업단지로 출퇴근하는 근로자 들의 야간 안전 통행을 위해 가로등 밝기 기준 충족 여부 및 전선 노후 상태에 대한 점검 기록을 확인하고자 합니다. 사고 다발 구간에 대한 개선 내용도 포함해 주십시오.,공개,12
2025-03-10,새봄시 한울구 건축허가과,FOI-2025-03712,맑은마을 커뮤니티센터 피트니스 시설 점검 결과 청구 (3712호),맑은마을 커뮤니티센터 내에 설치된 피트니스 운동기구의 안전점검 결과를 요청합니다. 주민 이용시설인 만큼 기계식 재선택기의 벨트 마모 상태 및 프레임 균열 여부에 대한 점검 기록을 확인하고자 합니다. 특히 최근 고장 사고 발생 여부도 함께 제공하여 주십시오.,공개,4
2022-04-27,누리시 바른구 건축허가과,FOI-2022-03713,새봄역 환승구역 계단 안전 점검 결과 공개 청구 (3713호),"새봄역 환승구역 내 계단 및 에스컬레이터 안전점검 결과를 요청합니다. 직장인 및 학생이 다수 이용하는 환승시설인 만큼, 미끄러짐 방지 그릅 상태 및 긴급 정지 장치 작동 여부에 대한 점검 기록을 확인하고자 합니다. 최근 사고 접수 현황도 함께 제공하여 주십시오.",공개,13
2022-12-21,너울시 물빛구 안전총괄과,FOI-2022-03714,가람공공청사 옥상 terrace 안전 점검 결과 청구 (3714호),가람공공청사 옥상 terrace 구조물의 안전점검 결과를 요청합니다. 시민 옥상 공간인 만큼 활력 coefficient 및 방범 부재 상태에 대한 점검 기록을 확인하고자 합니다. 특히 강풍 시 안전성에 대한 평가 결과와 보수 이력을 중점적으로 요청합니다.,부분공개,16
2024-01-27,해솔시 안전총괄과,FOI-2024-03715,한들동 생활권 어린이 놀이터 안전 점검 결과 청구 (3715호),한들동 생활권 내 아파트 단지 놀이터 시설의 최근 안전점검 결과를 요청합니다. 전문가로서 균열 점검 기록 및 시정 조치 내용을 중심으로 확인하고자 합니다. 특히 모래 놀이터 위생 상태 점검 결과와 놀이기구 고정 상태에 대한 자료도 함께 제공하여 주십시오.,부분공개,6
2022-12-18,온빛시 건축허가과,FOI-2022-03716,미르로 교차로 신호등 정기 점검 결과 공개 청구 (3716호),미르로 교차로 신호등의 최근 정기 점검 결과를 요청합니다. 대규모 교차로인 만큼 신호 제어 장치 이상 유무 및 전원 공급 시스템 안정성에 대한 점검 기록을 확인하고자 합니다. 특히 정전 시 비상 전원 가동 여부 및 백업 시스템 작동 결과를 중점적으로 요청합니다.,공개,13
2022-02-05,온빛시 건축허가과,FOI-2022-03717,너울천 산책로 투명 펜스 안전 점검 결과 청구 (3717호),너울천 산책로에 설치된 투명 펜스의 안전점검 결과를 요청합니다. 산책로 이용객의 안전한 통행 확보를 위해 패널 고정 상태 및 유리 강도 등급에 대한 점검 기록을 확인하고자 합니다. 특히 파손 시 유리 파편 위험도에 대한 평가 결과도 함께 제공하여 주십시오.,공개,13
2022-03-11,새봄시 한울구 안전총괄과,FOI-2022-03718,빛솔광장 일대 벤치 시설 안전 점검 결과 청구 (3718호),빛솔광장 일대에 설치된 벤치 시설의 안전점검 결과를 요청합니다. 시민 휴식 공간인 만큼 구조물 안정성 및 나사 조임 상태에 대한 점검 기록을 확인하고자 합니다. 특히 파손된 벤치 보수 현황과 교체 예정 목록도 함께 제공하여 주십시오.,공개,18
2025-09-04,예담시 늘품구 안전총괄과,FOI-2025-03719,샘물동 생활권 비상대피로 안전 점검 결과 공개 청구 (3719호),샘물동 생활권 비상대피로의 안전점검 결과를 요청합니다. 전문가로서 대피로 확보 및 유도 표지판 상태에 대한 점검 기록을 확인하고자 합니다. 특히 유도등 밝기 기준 충족 여부 및 배터리 수명 상태에 대한 자료를 중점적으로 요청합니다.,비공개,20
2025-04-20,도담군 건축허가과,FOI-2025-03720,새빛시장 냉방 시설 안전 점검 결과 청구 (3720호),"새빛시장 내 상가 냉방 시설의 안전점검 결과를 요청합니다. 현재 구직 중인 신분으로, 시장 시설 관리 수준이 취업 선택에 영향을 미칠 수 있어 냉각기 성능 및 전선 규격에 대한 점검 기록을 확인하고자 합니다. 특히 냉매 누출 검사 결과도 함께 제공하여 주십시오.",비공개,7
2022-09-25,새봄시 한울구 안전총괄과,FOI-2022-03721,도담천 산책로 흡연 구역 안전 시설 점검 결과 (3721호),도담천 산책로 흡연 구역 주변 안전 시설에 대한 점검 결과를 요청합니다. 산책로 이용객의 금연 환경 보호를 위한 담배종착물 수거함 상태 및 소화기 비치 여부에 대한 점검 기록을 확인하고자 합니다. 특히 여름철 화재 위험에 대한 평가 결과를 중점적으로 요청합니다.,공개,16
2025-01-02,온빛시 안전총괄과,FOI-2025-03722,한울초 주변 놀이터 충격 흡수 매트 점검 결과 청구 (3722호),한울초등학교 주변 놀이터 충격 흡수 매트 안전점검 결과를 요청합니다. 초등학생들이 안전하게할 수 있도록 매트 두께 기준 충족 여부 및 접합부 상태에 대한 점검 기록을 확인하고자 합니다. 특히 최근 매트 교체 이력도 함께 제공하여 주십시오.,공개,18
2022-07-23,가람시 새빛구 건축허가과,FOI-2022-03723,미래복합센터 주차장 방범 카메라 점검 결과 공개 청구 (3723호),미래복합센터 주차장의 방범 카메라 안전점검 결과를 요청합니다. 주차 이용자의 차량 및 재산 보호를 위해 카메라 설치 각도 및 영상 해상도 기준 충족 여부에 대한 점검 기록을 확인하고자 합니다. 특히 야간 촬영 가능 여부에 대한 평가 결과를 중점적으로 요청합니다.,공개,5
2024-04-12,라온군 건축허가과,FOI-2024-03724,누리버스 정류장 휠체어 리프트 안전 점검 결과 청구 (3724호),누리버스 정류장의 휠체어 리프트 안전점검 결과를 요청합니다. 장애인이 포함한 교통 약자가 이용하는 시설인 만큼 리프트 적재 용량 및 긴급 정지 장치 작동 여부에 대한 점검 기록을 확인하고자 합니다. 특히 최근 이력과 보수 현황도 함께 제공하여 주십시오.,부분공개,12
2022-12-07,라온군 건축허가과,FOI-2022-03725,가온로 보행구간 점자블록 안전 점검 결과 공개 청구 (3725호),가온로 보행구간 점자블록의 안전점검 결과를 요청합니다. 시각장애인의 안전한 통행을 위해 점자블록 들뜸 및 파손 상태에 대한 점검 기록을 확인하고자 합니다. 특히 우수 시 미끄러짐 위험 구간에 대한 평가 결과와 보수 우선순위 선정 기준도 함께 제공하여 주십시오.,부분공개,12
2025-11-05,가람시 열린구 환경위생과,FOI-2025-03726,푸른마루 교차로 주변 식당 위생등급 현황 및 최근 행정처분 내역 (3726호),우리 가구의 식생활 안전을 위해 해당 지역 식당들의 위생등급 결과와 최근 3년간 행정처분 현황을 알려주세요. 특히 과태료 부과나 영업정지 처분이 있었던 시설의 위반 내용과 기간을 알고 싶습니다.,부분공개,2
2025-02-19,라온군 환경위생과,FOI-2025-03727,새빛시장 내 식품판매업소 점검계획 및 지도교육 일정 (3727호),시장을 자주 이용하는데 최근 식품 위생 문제가 우려되어 해당 시장의 식품판매업소 대한 점검계획과 지도교육 일정을 공개해 주세요. 특히 신선식품 취급업체의 냉장시설 관리 기준를 알고 싶습니다.,부분공개,14
2024-06-08,온빛시 보건행정과,FOI-2024-03728,한울초 주변 통학로 인근 분식점 위생수준 및 소비자피해 현황 (3728호),"자녀의 통학로를 자주 지나는데 해당 분식점이 위생적으로 관리되고 있는지 우려됩니다. 최근 위생점검 결과와 소비자피해 신고 접수 현황을 알려주시고, 행정 경과도 알려주세요.",공개,7
2022-06-05,라온군 환경위생과,FOI-2022-03729,샘물동 생활권 대형급식업체 위생관리 현황 및 식중독 사고 기록 (3729호),"맞벌이 가구로 맞벌이 가정이 많아 급식업체 이용률이 높은데, 해당 지역 대형급식업체의 위생관리 실태와 과거 식중독 사고 기록을 비교 분석하여 공개해 주시면 향후 급식 선택에 참고하고 싶습니다.",공개,13
2024-11-12,가람시 새빛구 보건행정과,FOI-2024-03730,가온로 보행구간 식품자동판매기 위생관리 기준 및 점검 실적 (3730호),야간에 출퇴근 길에 해당 구간의 식품자동판매기를 자주 이용합니다. 최근 위생점검 결과와 유지관리 기준 그리고 냉각시설 관리 현황을 알려주세요. 식품안전 확보를 위한 조치내용도 궁금합니다.,공개,5
2023-05-07,빛솔시 아람구 보건행정과,FOI-2023-03731,미래복합센터 주변 배달음식 전문점 위생등급 분포 현황 (3731호),"직장인으로서 배달음식에 의존하는 날이 많은데, 해당 지역 배달전문점들의 위생등급 현황을 전체적으로 파악하고 싶습니다. 특히 우량등급 미 업체들의 위반 항목이 무엇인지 알려주세요.",부존재,1
2025-08-05,가람시 새빛구 보건행정과,FOI-2025-03732,온빛도서관 앞 커피숍 식품제조판매업 위생점검 지적사항 및 개선 이행 (3732호),도서관 이용 시 항상 커피숍을 이용하는데 위생 상태가 눈에 띕니다. 최근 위생점검에서 지적받은 사항과 개선 명령 이행 여부를 확인하고 싶습니다. 행정처분이 있었다면 내용과 기간도 알려주세요.,공개,15
2023-06-07,새봄시 한울구 환경위생과,FOI-2023-03733,라온체육센터 주변 제과제빵업체 HACCP 인증 현황 및 위생수준 (3733호),"피트니스 센터를 다니면서 건강식에 관심이 많은데, 해당 지역 제과제빵업체들의 HACCP 인증 취득 현황과 위생관리 수준을 비교하여 공개해 주세요. 인증 미 업체들의 개선계획도 있으면 알려주세요.",부분공개,4
2023-09-05,너울시 물빛구 보건행정과,FOI-2023-03734,새봄역 환승구역 음식물 쓰레기 수거 현황 및 위생관리 방안 (3734호),매일 출퇴근길에 해당 환승구역을 이용하는데 음식물 쓰레기 처리와 위생관리가 불안합니다. 최근 환경미화 현황과 위생관리 강화 및 점검 실적을 알려주시기 바랍니다.,부분공개,2
2025-01-28,도담군 환경위생과,FOI-2025-03735,도담천 산책로 주변 야외 바비큐장 위생점검 기준 및 점검 실적 (3735호),"주말 가족과 산책로를 찾는데 야외 바비큐시설 이용 시 위생이 걱정됩니다. 해당 시설의 위생점검 기준과 최근 점검 실적, 그리고 겨울철 야외 식품 취급 안전관리을 알려주세요.",부분공개,2
2024-11-15,여울시 단비구 보건행정과,FOI-2024-03736,누리버스 정류장 주변 편의점 도시락 위생관리 실태 조사 결과 (3736호),학생이 자주 이용하는 정류장 주변 편의점에서 도시락을 구매하는데 위생 상태가 걱정됩니다. 해당 편의점들의 도시락 취급 위생관리 실태 조사 결과와 즉석식품 관리 기준를 알고 싶습니다.,부분공개,1
2022-05-19,예담시 늘품구 환경위생과,FOI-2022-03737,가람공공청사 주변 식당 배달 전용 주방 위생 기준 및 지도점검 계획 (3737호),"맞벌이 가구로 배달음식에 의존하는데, 배달 전용 주방의 위생관리가 제대로 되고 있는지 궁금합니다. 해당 지역 배달 전문 식당들의 위생 기준 적용 현황과 향후 지도점검 계획을 알려주세요.",부분공개,3
2022-02-11,미래군 보건행정과,FOI-2022-03738,한들동 생활권 중앙시장 식품표시 현황 및 위생관리 실태 (3738호),연구직 경력이 있어 데이터 기반 분석을 선호합니다. 중앙시장의 식품표시과 위생관리 실태를 통계로 정리하여 공개해 주시면 지역 식품 안전도 현황을 객관적으로 파악하는 데 도움이 됩니다.,공개,6
2024-05-22,라온군 보건행정과,FOI-2024-03739,미르로 교차로 주변 떡집 및 한식뷔페 위생점검 지적사항 비교 (3739호),미래 직장을 구하기 위해 해당 지역 상권을 분석 중입니다. 떡집과 한식뷔페의 위생점검 지적사항을 항목별로 비교 분석한 자료와 행정처분 현황을 알려주시면 창업 또는 취업 판단에 참고하겠습니다.,공개,10
2025-06-04,세움시 맑은구 환경위생과,FOI-2025-03740,너울천 산책로 주변 아이스크림 판매업체 위생관리 현황 및 계절별 점검 계획 (3740호),"최근 아이스크림 위생 문제가 뉴스를 통해 알려지면서 걱정입니다. 해당 지역 아이스크림 판매업체의 위생관리 현황과 여름철 특별점검 계획을 알려주시고, 위생등급 분포도 알려주시기 바랍니다.",공개,3
2022-01-09,온빛시 환경위생과,FOI-2022-03741,맑은마을 커뮤니티센터 식 inúmer주점 위생등급 현황 및 행정처분 이력 (3741호),형제자매와 함께 거주하며 생활비를 절감하기 위해 지역 주점 이용 시 위생 상태가 중요합니다. 해당 지역 식 inúmer주점들의 위생등급 현황과 과태료 또는 시정명령 등 행정처분 이력을 알려주세요.,부분공개,3
2023-08-19,가람시 새빛구 환경위생과,FOI-2023-03742,세움산업단지 입구 급식업체 위생관리 기준과 최근 점검결과 (3742호),"산업단지 근무자들이 주로 이용하는 급식업체의 위생관리가 걱정됩니다. 해당 급식업체들의 위생관리 기준 적용 현황과 최근 점검 결과를 알려주시고, 식중독 사고 예방 위한 조치 내용도 알려주세요.",부분공개,6
2024-06-19,새봄시 한울구 환경위생과,FOI-2024-03743,빛솔광장 일대 제과점 위생등급 현황과 HACCP 인증업체 비율 (3743호),피트니스 부업 매출 분석을 위해 해당 지역 제과점들의 위생등급 분포와 HACCP 인증 비율을 알고 싶습니다. 위생등급이 낮거나 미인증인 업체들의 주요 위반 항목도 알려주시면 마케팅 전략 수립에 참고하겠습니다.,공개,7
2023-02-15,가람시 새빛구 보건행정과,FOI-2023-03744,해솔문화광장 주변 떡볶이 및 분식집 위생점검 지적사항과 개선 명령 이행 (3744호),"맞벌이 가구로 자녀에게 분식을 사주는 날이 많은데, 위생 상태가 걱정됩니다. 해당 지역 분식집들의 위생점검 지적사항과 개선 이행 여부를 확인하고 싶습니다. 어머니로서 안심하고 음식을 구매하고 싶습니다.",부분공개,4
2025-10-31,가람시 새빛구 환경위생과,FOI-2025-03745,열린마을 공원 야외 음식물 제공 행사 시 위생관리 지침 및 지도점검 실적 (3745호),"사회복지 종사 경력이 있어 지역 축제 위생관리에 관심이 많습니다. 공원에서 열리는 야외 음식물 제공 행사 시 위생관리 지침 내용과 행사별 지도점검 실적을 알려주시고, 사고 발생 시 대응체계도 알려주세요.",공개,5
2024-01-29,너울시 물빛구 환경위생과,FOI-2024-03746,가온로 보행구간 식품자동판매기 식중독 사고 접수 현황 및 안전관리 조치 (3746호),"Mobility 제한이 있는で 외출이 어려워 식품자동판매기에 많이 의존합니다. 해당 구간 자동판매기의 식중독 사고 접수 현황과 안전관리 조치를 알려주시고, 고령자 배려 위한 접근성 개선도 있는지 궁금합니다.",공개,5
2022-02-24,도담군 환경위생과,FOI-2022-03747,누리버스 정류장 주변 경로당 급식 지원사업 위생관리 기준 및 점검 실적 (3747호),고령자를 위한 급식 지원사업의 위생관리 기준이 잘 지켜지고 있는지 알고 싶습니다. 해당 경로당 급식 지원사업에 대한 위생점검 실적과 식중독 사고 예방 위한 교육을 실시했는지 알려주세요.,부분공개,11
2022-12-26,새봄시 한울구 환경위생과,FOI-2022-03748,샘물동 생활권 재래시장 여름철 수산물 위생관리 특별점검 계획 (3748호),"더위가 시작되면서 수산물 위생이 걱정됩니다. 재래시장의 여름철 수산물 특별점검 계획과 냉각시설 관리 기준 적용 현황을 알려주시고, 위반업체에 대한 행정처분 기준도 알려주시기 바랍니다.",부분공개,19
2024-03-15,해솔시 환경위생과,FOI-2024-03749,미래복합센터 인근 도시락 도시락팩 제조업체 HACCP 적용 현황 및 위생등급 (3749호),"직장인으로서 도시락팩에 의존하는데 제조업체의 위생관리가 중요합니다. 해당 제조업체들의 HACCP 적용 현황과 위생등급 분포를 알려주시고, 최근 소비자피해 접수 현황도 알려주시기 바랍니다.",공개,19
2025-09-09,누리시 바른구 보건행정과,FOI-2025-03750,한울초 주변 분식점 위생등급과 배달전문 가맹점 위생관리 실태 비교 (3750호),자녀가 즐겨먹는 분식점과 배달음식의 위생 상태를 비교해 보고 싶습니다. 통학로 주변 분식점과 배달전문 가맹점의 위생등급 및 관리 실태를 항목별로 비교한 자료를 공개해 주시면 자녀관리에 참고하겠습니다.,부분공개,9
2023-02-24,여울시 단비구 문화체육과,FOI-2023-03751,열린마을 공원 조경 식재 설계도서 및 식물 목록 공개 청구 (3751호),"전직 도시 계획 및 설계 분야 경력 기술서 작성을 위해 최근 5년간 열린마을 공원 조경 식재 설계도서와 식물 목록, 관리 이력을 요청합니다. 경력 증빙에 반드시 필요하며 경력 재직 기간은 2019년부터 2023년까지입니다.",공개,2
2024-02-20,빛솔시 아람구 문화체육과,FOI-2024-03752,푸른마루 교차로 근린 공원 안전 점검 수행 기관 및 기준 청구 (3752호),"배우자와 자녀를하며 아파트에서 거주하는 선박 승무원으로, 근린 공원 이용 시 안전 문제가 우려되어 푸른마루 교차로 근린 공원의 안전 점검 수행 기관, 점검 빈도, 안전 기준, 사고 이력, 보수 이력을 요청합니다.",공개,7
2025-10-21,도담군 문화체육과,FOI-2025-03753,해솔문화광장 공원 조성 설계안 및 조성 공사비 내역 청구 (3753호),"어머니와 동거하며 아파트에 거주하는 화학 연구원으로, 공원 조성 과정의 학술 자료를 연구 목적으로 활용하기 위해 해솔문화광장 공원 조성 설계안, 조성 공사비 내역, 조성 후 관리비 지원 체계, 연간 관리 예산 배분을 요청합니다.",부분공개,8
2025-06-13,여울시 단비구 문화체육과,FOI-2025-03754,가온로 보행구간 주변 녹지 관리 용역 입찰 관련 서류 청구 (3754호),"배우자와 자녀를 부양하며 주택 이외의 거처에서 거주하는 전직 용접 기술자로, 구직 중 시민참여 녹지 운영 프로그램 참여를 준비하며 입찰 공고 내용을 파악하고자 가온로 보행구간 주변 녹지 관리 용역 입찰 관련 서류를 요청합니다.",부분공개,16
2023-04-30,예담시 늘품구 공원녹지과,FOI-2023-03755,온빛도서관 앞 공원 어린이 놀이시설 안전 점검 이력 청구 (3755호),"배우자와 자녀를 거주시키며 아파트에 사는 법률 관리자로, 업무상 안전 기준 검토를 위해 온빛도서관 앞 공원 내 어린이 놀이시설 안전 점검 이력과 관련 안전 기준 개정 내역을 요청합니다. 안전 관련 민원 처리 시 참고할 예정입니다.",부분공개,7
2022-11-08,가람시 열린구 문화체육과,FOI-2022-03756,도담천 산책로 수질 환경 조사 데이터베이스 공개 청구 (3756호),"어머니와 동거하며 아파트에 거주하는 화학 연구원으로, 학술 연구 목적의 수질 환경 데이터를 활용하기 위해 도담천 산책로 수질 환경 조사 데이터를 요청합니다. 검사 기관, 검사 일정, 검사 결과, 수질 등급 판정 기준이 필요합니다.",부분공개,11
2024-02-10,라온군 공원녹지과,FOI-2024-03757,새빛시장 주변 공원 녹지 확충 계획 관련 서류 청구 (3757호),"배우자와 자녀를하며 주택 이외의 거처에서 거주하는 전직 용접 기술자로, 구직 중 시민참여 녹지 확충 사업 참여 가능성을 파악하기 위해 새빛시장 주변 공원 녹지 확충 계획, 추진 일정, 후보지 목록, 우선순위 선정 기준, 사업비 배분 내역을 요청합니다.",부분공개,9
2024-11-19,미래군 공원녹지과,FOI-2024-03758,가람공공청사 주변 녹지 현황 조사 데이터 공개 청구 (3758호),"배우자와 자녀를 거주시키며 아파트에 사는 법률 관리자로, 업무 관련 녹지 현황 자료를 검토하기 위해 가람공공청사 주변 녹지 현황 조사 데이터를 요청합니다. 조사 시기, 조사 대상 식물 종 수, 녹지 피복률, 녹지 기능 평가 결과가 필요합니다.",비공개,11
2024-08-09,가람시 새빛구 문화체육과,FOI-2024-03759,새봄역 환승구역 공원 설계 데이터베이스 학술 연구용 청구 (3759호),"어머니와 동거하며 아파트에 거주하는 화학 연구원으로, 학술 연구 목적에 활용 가능한 새봄역 환승구역 공원 설계 데이터베이스 관련 자료를 요청합니다. 시설물 배치 수치, 동선 배치 현황, 수목 식재 좌표, 경관 분석 수치, 조경 설계 지형 데이터가 필요합니다.",공개,2
2023-10-28,빛솔시 아람구 공원녹지과,FOI-2023-03760,라온체육센터 주변 공원 시민참여 녹지 관리 사업 참여 안내 청구 (3760호),"배우자와 자녀를시키며 아파트에 사는 법률 관리자로, 업무 관련 시민참여 제도 검토를 위해 라온체육센터 주변 공원 시민참여 녹지 관리 사업 참여 신청 방법, 선정 기준, 선정 절차, 사업 시행 기간, 주민 만족도 조사 결과를 요청합니다.",부분공개,13
2024-12-22,해솔시 문화체육과,FOI-2024-03761,누리버스 정류장 인접 공원 수질 모니터링 데이터 공개 청구 (3761호),"배우자와 자녀를하며 아파트에서 거주하는 선박 승무원으로, 연구원 출신 지인의 의뢰로 누리버스 정류장 인접 공원 수질 모니터링 데이터를 요청합니다. 검사 기관, 검사 일정, 검사 결과, 수질 등급 판정 기준이 필요합니다.",공개,12
2025-04-14,빛솔시 아람구 문화체육과,FOI-2025-03762,미르로 교차로 근린 공원 녹지 관리 용역 사업자 계약 정보 청구 (3762호),"배우자와 자녀를 부양하며 아파트에서 거주하는 선박 승무원으로, 공원 이용 시 관리 수준 파악을 위해 미르로 교차로 근린 공원 녹지 관리 용역 사업자와 계약 기간, 계약 금액, 용역 수행 실적, 용역 평가 결과를 요청합니다.",부존재,10
2023-12-17,가람시 열린구 문화체육과,FOI-2023-03763,샘물동 생활권 공원 녹지 확충 지원금 지급 내역 공개 청구 (3763호),"배우자와 자녀를시키며 주택 이외의 거처에서 거주하는 전직 용접 기술자로, 구직 중 시민참여 녹지 운영 프로그램 참여 준비를 위해 샘물동 생활권 내 공원 녹지 확충 관련 주민참여 운영 프로그램 운영비 지원금 지급 내역을 요청합니다.",비공개,6
2025-06-20,예담시 늘품구 공원녹지과,FOI-2025-03764,열린마을 공원 조경 식재 설계 변경 이력 공개 청구 (3764호),"전직 도시 계획 및 설계 분야 경력 기술서 작성을 위해 열린마을 공원 조경 식재 설계 변경 이력을 요청합니다. 설계 변경 승인 일시, 설계 변경 신청 사유, 설계 변경 후 식물 목록, 설계 변경 전후 비교가 필요하며 경력 증빙 자료로 활용할 예정입니다.",공개,11
2023-03-12,라온군 공원녹지과,FOI-2023-03765,도담천 산책로 수질 환경 조사 데이터베이스 공개 청구 (3765호),"어머니와 동거하며 아파트에 거주하는 화학 연구원으로, 학술 연구 목적의 수질 환경 데이터를 활용하기 위해 도담천 산책로 수질 환경 조사 데이터를 요청합니다. 조사 기관, 조사 일정, 조사 항목, 조사 결과, 수질 등급 판정 기준이 필요합니다.",공개,2
2022-12-22,미래군 공원녹지과,FOI-2022-03766,가온로 보행구간 주변 녹지 관리 용역 입찰 관련 서류 청구 (3766호),"배우자와 자녀를 부양하며 아파트에서 거주하는 선박 승무원으로, 공원 녹지 관리 수준 파악을 위해 가온로 보행구간 주변 녹지 관리 용역 입찰 관련 서류를 요청합니다. 입찰 공고 내용, 입찰 참가 업체 수, 입찰 평가 기준, 낙찰 업체 선정 내역, 계약 조건이 필요합니다.",부존재,7
2025-12-11,누리시 바른구 문화체육과,FOI-2025-03767,너울천 산책로 환경 모니터링 데이터베이스 학술용 청구 (3767호),"어머니와 동거하며 아파트에 거주하는 화학 연구원으로, 학술 연구 목적에 활용 가능한 너울천 산책로 환경 모니터링 데이터베이스 관련 자료를 요청합니다. 산책로 내 생태 조사 항목, 조사 시기, 조사 결과 데이터, 생물 종 현황, 환경 변화 추이 분석 결과가 필요합니다.",공개,20
2024-02-22,빛솔시 아람구 공원녹지과,FOI-2024-03768,맑은마을 커뮤니티센터 주변 공원 역사자원 활용 검토 자료 청구 (3768호),"배우자와 자녀를시키며 아파트에 사는 법률 관리자로, 업무 관련 역사자원 활용 검토 자료를 검토하기 위해 맑은마을 커뮤니티센터 주변 공원 역사자원 활용 검토 자료를 요청합니다. 역사자원 목록, 역사자원 현황, 역사자원 주변 환경, 역사자원 활용 방안, 역사자원 관련 예산 배분 현황이 필요합니다.",부분공개,17
2025-07-10,가람시 새빛구 문화체육과,FOI-2025-03769,한울초 주변 통학로 연결 구간 개선 공사 안전 점검 기준 청구 (3769호),"배우자와 자녀를 부양하며 아파트에서 거주하는 선박 승무원으로, 자녀 통학로 안전 문제에 관심을 가지고 한울초 주변 통학로와 도담천 산책로 연결 구간 개선 공사와 관련된 안전 점검 기준을 요청합니다. 안전 점검 항목, 안전 점검 방법, 안전 점검 담당 기관, 안전 점검 결과 처리 절차가 필요합니다.",부분공개,17
2024-09-03,도담군 공원녹지과,FOI-2024-03770,가온로 보행구간 주변 수목 관리 현황 데이터베이스 공개 청구 (3770호),"배우자와 자녀를시키며 주택 이외의 거처에서 거주하는 전직 용접 기술자로, 구직 중 시민참여 녹지 운영 프로그램 참여 준비를 위해 가온로 보행구간 주변 수목 관리 현황 데이터베이스를 요청합니다. 전체 수목 수, 수종별 분포, 수목 건강도, 수목 관리 일정, 수목 관리 예산이 필요합니다.",공개,6
2024-06-03,해솔시 공원녹지과,FOI-2024-03771,누리버스 정류장 인접 공원 녹지 확충 지원금 지급 내역 청구 (3771호),"배우자와 자녀를 부양하며 주택 이외의 거처에서 거주하는 전직 용접 기술자로, 구직 중 시민참여 녹지 확충 사업 참여 가능성을 파악하기 위해 누리버스 정류장 인접 공원의 녹지 확충 관련 지원금 지급 내역을 요청합니다. 지원금 지급 절차, 지원금 지급 금액, 지원금 사용 내역, 지원금 성과 보고서가 필요합니다.",부분공개,5
2025-11-06,여울시 단비구 공원녹지과,FOI-2025-03772,새봄역 환승구역 공원 설계 데이터베이스 학술 연구용 청구 (3772호),"전직 도시 계획 및 설계 분야 경력 기술서 작성을 위해 새봄역 환승구역 공원 설계 데이터베이스 학술 연구 목적 활용 가능한 데이터 목록을 요청합니다. 데이터 제공 조건, 데이터 활용 방법, 데이터 제공 기관, 데이터 관련 안내가 필요하며 경력 증빙 자료로 활용할 예정입니다.",부분공개,1
2024-03-25,가람시 새빛구 문화체육과,FOI-2024-03773,미르로 교차로 근린 공원 시민참여 녹지 운영 성과 보고서 청구 (3773호),"배우자와 자녀를시키며 아파트에 사는 법률 관리자로, 업무 관련 시민참여 운영 성과 자료를 검토하기 위해 미르로 교차로 근린 공원의 시민참여 녹지 운영 프로그램 운영 성과 보고서를 요청합니다. 프로그램 참여 인원, 프로그램 운영 기간, 프로그램 운영 성과, 주민 만족도 조사 결과가 필요합니다.",공개,4
2022-11-26,라온군 공원녹지과,FOI-2022-03774,가온로 보행구간 주변 녹지 관리 용역 안전 점검 이력 공개 청구 (3774호),"배우자와 자녀를 부양하며 아파트에서 거주하는 선박 승무원으로, 공원 녹지 관리 수준 파악을 위해 가온로 보행구간 주변 녹지 관리 용역의 안전 점검 이력을 요청합니다. 점검 기관, 점검 일정, 점검 항목, 점검 결과, 점검 후 조치 사항이 필요합니다.",부분공개,14
2024-04-20,온빛시 공원녹지과,FOI-2024-03775,한울초 주변 통학로 연결 구간 관리 주체 확인 및 협력 체계 청구 (3775호),"배우자와 자녀를 부양하며 아파트에서 거주하는 선박 승무원으로, 자녀 통학로 안전 문제에 관심을 가지고 한울초 주변 통학로와 도담천 산책로 연결 구간의 관리 주체를 확인하고자 합니다. 관리 기관 목록, 관리 기관 연락처, 관리 기관 업무 분장, 관리 기관별 담당 업무, 관리 기관 협력 체계가 필요합니다.",비공개,8
2024-04-08,새봄시 한울구 도시계획과,FOI-2024-03776,샘물동 재개발 사업 환경영향평가 자료 청구 (3776호),"샘물동 일대 재개발 사업의 환경영향평가 보고서 및 측정 데이터를 요청합니다. 공기질, 소음, 수질 관련 최근 3년간 자료를 제공해 주시기 바랍니다.",부분공개,8
2023-01-08,미래군 도시계획과,FOI-2023-03777,재개발 정비구역 내 건축물 안전점검 결과 청구 (3777호),재개발 정비구역 내 건축물의 구조 안전점검 보고서 및 긴급 보수 필요 부위 자료를 요청합니다. 특히 내진 설계 관련 문서를 포함해 주세요.,공개,5
2023-09-19,너울시 물빛구 도시계획과,FOI-2023-03778,재개발 지원사업 참여 자격 기준 자료 청구 (3778호),현재 구직 중인 장기 무주택자 가구를 위한 재개발 지원사업의 선정 기준 및 배정 현황 자료를 요청합니다. 향후 사업 일정도 포함해 주세요.,부존재,9
2025-10-20,온빛시 건축허가과,FOI-2025-03779,재개발 공사 소음·진동 실태조사 자료 청구 (3779호),샘물동 재개발 공사 소음·진동 실태조사 결과를 요청합니다. 공사 시간 준수 여부 및 측정 기록을 포함해 주시기 바랍니다.,부분공개,12
2022-01-20,빛솔시 아람구 도시계획과,FOI-2022-03780,재개발 보상금 산정 기준 자료 청구 (3780호),재개발 사업의 보상금 산정 기준 및 개별 보상 내역 자료를 요청합니다. 특히 아파트 보유 가구와의 차등 기준을 포함해 주세요.,공개,11
2024-10-31,온빛시 건축허가과,FOI-2024-03781,단독주택 재개발 지역의 보상 정책 안내 청구 (3781호),단독주택 밀집 지역의 재개발 보상 정책 및 철거 지원금 기준을 요청합니다. 특히 제재기 조작원 직군에 대한 별도 지원이 있는지 확인하고자 합니다.,부분공개,1
2023-07-10,해솔시 건축허가과,FOI-2023-03782,재개발 공사현장 관리 계획 자료 청구 (3782호),푸른마루 교차로 일대 재개발 공사현장 관리 계획을 요청합니다. 통행 우회로 지정 및 단속 기준도 포함해 주세요.,부분공개,7
2022-07-22,너울시 물빛구 도시계획과,FOI-2022-03783,재개발 교육 환경 변화 자료 청구 (3783호),재개발 사업 자녀 교육 환경 변화에 대한 및 학교 이전 계획을 요청합니다. 한울초 주변 통학로 안전도 포함해 주세요.,공개,9
2024-09-21,세움시 맑은구 도시계획과,FOI-2024-03784,재개발 보상금 지급 및 연체 현황 자료 청구 (3784호),재개발 보상금의 지급 및 연체 발생 현황에 대한 자료를 요청합니다. 향후 지급 일정도 함께 제공해 주시기 바랍니다.,부분공개,15
2024-01-02,새봄시 한울구 건축허가과,FOI-2024-03785,단독주택 재개발의Dustrial Safety 기준 자료 청구 (3785호),단독주택 지역 재개발 시 Dustrial 안전 기준 및 환경 정화 비용 기준을 요청합니다. 특히 제재기 조작원 작업 환경 관련 기준을 포함해 주세요.,부분공개,20
2022-01-04,가람시 새빛구 도시계획과,FOI-2022-03786,아파트 재개발 사업의 주거 안정 지원금 기준 자료 청구 (3786호),아파트 기반 재개발 사업의 주거 안정 지원금 기준 및 신청 방법 자료를 요청합니다. 현재 구직 중인 세대주에 대한 우선 배정 기준도 포함해 주세요.,부분공개,11
2025-07-11,너울시 물빛구 도시계획과,FOI-2025-03787,재개발 정비구역 지정 투명성 자료 청구 (3787호),열린마을 공원 주변 재개발 정비구역 지정 입안 과정 및 주민 의견 수렴 기록을 요청합니다. 공개록도 포함해 주시기 바랍니다.,부분공개,12
2025-08-14,누리시 바른구 건축허가과,FOI-2025-03788,재개발시설 이용 안내 자료 청구 (3788호),재개발 공사시설 이용 안내 및 임시시설 설치 계획을 요청합니다. 특히 온빛도서관 앞 통행로 변경 사항을 포함해 주세요.,공개,18
2023-09-13,라온군 도시계획과,FOI-2023-03789,재개발 사업의 사회적 영향 자료 청구 (3789호),재개발 사업의 지역 사회적 영향 결과 및 주민 가구 구성 변화 자료를 요청합니다. 특히 독신 가구 및 고령자 가구 대응 정책을 포함해 주세요.,공개,8
2024-07-01,미래군 건축허가과,FOI-2024-03790,재개발 보상금처리 안내 자료 청구 (3790호),재개발 보상금의처리 방법 및 세액 감면 기준 자료를 요청합니다. 특히 배우자와 별거 중인 가구의 적용 기준을 포함해 주세요.,부분공개,4
2022-03-29,라온군 건축허가과,FOI-2022-03791,고령자 단독주택 재개발의 접근성 개선 계획 자료 청구 (3791호),고령자 단독주택 재개발 지역의 접근성 개선 계획 및 이동권 보장 방안을 요청합니다. 특히 너울천 산책로 주변 보행 환경 개선을 포함해 주세요.,비공개,11
2022-04-25,너울시 물빛구 건축허가과,FOI-2022-03792,재개발 사업의 자료 청구 (3792호),재개발 및 체결 절차 자료를 요청합니다. 특히 혼자 거주하는 고령자 가구에 대한 계약 유의 사항을 포함해 주세요.,공개,6
2022-12-18,라온군 도시계획과,FOI-2022-03793,재개발시설 이용 안내 자료 청구 (3793호),재개발 공사 가장 가까운 의료시설 위치 및 이용 안내 자료를 요청합니다. 특히 라온체육센터 주변 응급 대응 체계를 포함해 주세요.,부분공개,19
2023-08-23,새봄시 한울구 도시계획과,FOI-2023-03794,재개발 보상금의 생활 지원 사업 자료 청구 (3794호),재개발 보상금 가구의 생활 지원 사업 종류 및 신청 자료를 요청합니다. 특히 전직 혼례 종사원 경력에 대한 재취업 지원이 있는지 확인하고자 합니다.,공개,1
2024-09-06,라온군 도시계획과,FOI-2024-03795,재개발 사업의참여 절차 안내 자료 청구 (3795호),재개발사업의참여 절차 및 주민 결과 공표 방법을 요청합니다. 특히 빛솔광장 일대 주민총회 진행 과정을 포함해 주세요.,비공개,19
2025-04-27,라온군 건축허가과,FOI-2025-03796,재개발의 결과 자료 청구 (3796호),재개발사업의 결과 및 업체 선정 기준 자료를 요청합니다. 특히 환경친화적 시공 방식 도입 여부를 포함해 주세요.,비공개,11
2023-12-05,세움시 맑은구 도시계획과,FOI-2023-03797,재개발지역정화 자료 청구 (3797호),재개발지역정화 및 완료 예상 시기 자료를 요청합니다. 특히 새빛시장 주변 오염 토지 정화 현황을 포함해 주세요.,공개,15
2023-11-04,라온군 건축허가과,FOI-2023-03798,재개발사업의주민이주 지원 정책 자료 청구 (3798호),재개발사업의주민이주 지원 정책 및 임시 주거 제공 기준 자료를 요청합니다. 특히 배우자 및 자녀와 함께 거주하는 가구에 대한 지원 내용을 포함해 주세요.,비공개,15
2022-11-23,가람시 새빛구 건축허가과,FOI-2022-03799,재개발사업의사회학 자료 청구 (3799호),재개발사업의사회학적 영향 연구 용역 보고서 및 정책 건의사항을 요청합니다. 특히 지역 공동체 변화에 대한 분석을 포함해 주세요.,비공개,1
2024-12-17,빛솔시 아람구 도시계획과,FOI-2024-03800,재개발사업의공익 시설 계획 자료 청구 (3800호),재개발사업의공익 시설 계획 및 지역주민 이용 편의 시설 규모 자료를 요청합니다. 특히 미래복합센터 인근 시설 내용을 포함해 주세요.,공개,14
2024-03-29,빛솔시 아람구 교육지원과,FOI-2024-03801,돌봄교실 운영 시간 및 이용 인원 공개 청구 (3801호),"조부모님과 동거하며 가정의 돌봄 역할에 관심을 갖고 있습니다. 샘물동 생활권 내 초등학교 돌봄교실의 평일 및 주말 운영 시간, 비수기 운영 여부, 최근 3년간 연도별 이용 인원 변동 현황을 요청합니다.",부분공개,14
2024-02-25,빛솔시 아람구 교육지원과,FOI-2024-03802,초등학생 급식비 지원 사업 예산 집행 내역 공개 (3802호),"전직 목사로서 지역사회 복지 제도에 관심이 많습니다. 샘물동 생활권 관내 초등학교의 최근 3년간 급식비 지원 사업 예산 규모, 집행 내역, 지원 대상 가구 수 및 선정 기준을 공개해 주시기 바랍니다.",부분공개,17
2022-10-30,빛솔시 아람구 교육지원과,FOI-2022-03803,학교 인근 무질서 주차 단속 현황 공개 (3803호),"다세대주택 거주민으로서 주차 갈등이 심각합니다. 푸른마루 교차로 주변 도로의 최근 2년간 주차 위반 단속 건수, 단속 시간대 분포, 부과된 과태료 규모를 요청합니다.",공개,16
2024-09-22,라온군 교육지원과,FOI-2024-03804,돌봄교실 식단 공개 청구 (3804호),"조부모님 건강식에 관심이 많아 초등학교 돌봄교실의 월간 식단 계획, 식품 원산지 시행 현황, 영양사 배치 여부를 요청합니다.",공개,2
2024-10-27,너울시 물빛구 교육지원과,FOI-2024-03805,학교 급식 납품 업체 선정 기준 공개 (3805호),"공정한 납품 업체 선정이 지역 경제에 중요합니다. 열린마을 공원 인근 초등학교 급식 납품 업체 선정 평가 기준, 심사 위원 구성, 업체 선정 절차 전년도 내역을 요청합니다.",부분공개,11
2022-11-19,예담시 늘품구 교육지원과,FOI-2022-03806,미래복합센터 내 돌봄시설 설치 계획 공개 (3806호),"구직 중인 기업인으로서 시설 운영 효율성에 관심이 있습니다. 미래복합센터 인근에 설치 계획인 돌봄시설의 규모, 수용 인원, 예상 인력 배치 기준, 향후 5개년 운영 예산 계획을 요청합니다.",부존재,19
2023-02-26,해솔시 복지정책과,FOI-2023-03807,방과후돌봄교실 우수기관 선정 기준 공개 (3807호),"다년간 경영 경험을 바탕으로 우수기관 선정 기준의 합리성을 검토하고자 합니다. 관내 방과후돌봄교실 우수기관 선정을 위한 평가 항목별 배점, 현장 심사 방법, 최근 3년간 선정 기관을 요청합니다.",공개,6
2024-04-07,세움시 맑은구 교육지원과,FOI-2024-03808,온빛도서관 앞 공원 야간 안전시설 운영 현황 공개 (3808호),"야간 외출이 잦아 안전시설에 관심을 갖게 되었습니다. 온빛도서관 앞 열린마을 공원의 최근 3년간 야간 조명 시설 설치 현황, 범죄 예방 시설 종류 및 위치, 순찰를 요청합니다.",공개,1
2024-12-30,도담군 교육지원과,FOI-2024-03809,돌봄시설 지정업체 계약 갱신 절차 공개 (3809호),"구직 준비 차원에서 민간 돌봄시설 지정 절차와 계약 갱신 기준을 알고 싶습니다. 관내 민간 돌봄시설 기준, 계약 갱신 심사의 주요 평가 요소, 계약 기간 및 갱신 절차를 요청합니다.",부분공개,14
2025-11-19,온빛시 교육지원과,FOI-2025-03810,한울초등학교 주변 도로 확충 계획 공개 (3810호),"고령로서 안전한 교통 환경에 관심이 많습니다. 한울초등학교 주변 가온로 보행구간의 최근 5년간 도로 확충 공사 내역 및 향후 개선 계획, 보도 정비 현황을 요청합니다.",공개,14
2025-07-22,세움시 맑은구 교육지원과,FOI-2025-03811,돌봄교실 이용 자격 기준 및 소득 공개 (3811호),"현재 구직 중인 상황에서 급여 수준과 상관없이 정확한 정보를 원합니다. 연립주택에 혼자 거주하며 관내 방과후돌봄교실 이용 자격 기준, 소득 요건 부과의 단계별 구분, 비수혜 가구 유형별 비율을 요청합니다.",공개,14
2024-03-13,미래군 복지정책과,FOI-2024-03812,돌봄시설 설치 신고 절차 및 서식 공개 (3812호),"보험 사무 경력이 있어행정 절차에 익숙합니다. 관내 민간 돌봄시설 설치 신고에 필요한 서류 목록, 신고 처리 기간, 현장 검사 항목 및 기준을 요청합니다.",부분공개,14
2023-11-06,세움시 맑은구 복지정책과,FOI-2023-03813,새봄역 환승구역 교통 접근성 개선 현황 공개 (3813호),"통근 시간 단축에 관심이 많습니다. 새봄역 환승구역에서 누리버스 정류장까지 이어지는 돌봄시설 이용 통학 버스 노선 현황, 정류장별 배차 간격, 최근 2년간 개선 공사 내역을 요청합니다.",부분공개,17
2023-09-19,미래군 복지정책과,FOI-2023-03814,돌봄비 감면 시행 내역 공개 (3814호),"보험 업무 경력을 바탕으로 급여 차등제에 관심을 갖고 있습니다. 관내 돌봄비 감면의 소득 분위별 감면 비율, 감면 적용 인원 추이, 감면 미적용 사유별 유형 분포 최근 3개년 내역을 요청합니다.",부분공개,13
2022-07-15,누리시 바른구 복지정책과,FOI-2022-03815,돌봄시설 입소 대기자 현황 공개 (3815호),"주택 단지 내 돌봄시설 수급 불균형이 걱정입니다. 한들동 생활권 관내 전체 돌봄시설의 현 입소 대기자 수, 대기 기간별 분포, 연도별 입소 전환율을 요청합니다.",부분공개,19
2023-04-04,여울시 단비구 복지정책과,FOI-2023-03816,노인 돌봄시설 확충 계획 공개 (3816호),"가사 도우미로서 고령 이용자 접근성에 관심이 많습니다. 라온체육센터 주변 경로당 및 노인 돌봄시설의 최근 3년간 이용자 수 추이, 시설 확충 계획, 접근성 개선 공사 예정 현황을 요청합니다.",공개,11
2024-11-30,빛솔시 아람구 교육지원과,FOI-2024-03817,혼자 거소자 서비스 현황 공개 (3817호),"고령 단독 가구에 대한 배식 서비스 운영 현황이 궁금합니다. 맑은마을 커뮤니티센터 관내 혼자 거소하시는 어르신을 위한 서비스 제공 횟수, 이용자 수, 식단 유형 및 최근 2년간 운영비 지출 내역을 요청합니다.",부존재,6
2023-10-01,누리시 바른구 복지정책과,FOI-2023-03818,새빛시장 주변 보도 정비 현황 공개 (3818호),"어르신들이 시장을 자주 이용하시는데 보도가 불편합니다. 새빛시장 주변 가람공공청사 앞 일대의 최근 3년간 보도 재정비 현황, 점자블록 설치 위치, 전동차자 안전 시설 현황을 요청합니다.",부분공개,13
2023-10-23,도담군 복지정책과,FOI-2023-03819,재가노인 돌봄サービス 제공 기관 현황 공개 (3819호),"가사 도우미 업무 경험으로 재가 돌봄 기관 정보가 필요합니다. 한들동 생활권 내 재가노인돌봄서비스 제공 기관 수, 기관 유형별 분포, 서비스 이용자 수 및 평균 이용 기간을 요청합니다.",공개,12
2022-08-11,가람시 새빛구 복지정책과,FOI-2022-03820,돌봄시설 안전 점검 결과 공개 (3820호),"이용자 안전이 무엇보다 중요합니다. 누리버스 정류장 인근 돌봄시설의 최근 2년간 안전 점검 실시 횟수, 적발 주요 문제점 유형, 개선 조치 완료 현황을 요청합니다.",부분공개,16
2025-03-01,도담군 복지정책과,FOI-2025-03821,한울초등학교 통학로 안전 시설 설치 현황 공개 (3821호),"교통 설계 경력으로 학교 통학로 안전에 특별한 관심이 있습니다. 한울초등학교 통학로인 너울천 산책로 구간의 과속방지턱,. , 시각 장애인을 위한 음향 신호기 설치 현황 및 최근 3년간 내역을 요청합니다.",부분공개,15
2022-12-28,온빛시 복지정책과,FOI-2022-03822,돌봄시설 주변 주정차 단속 기준 공개 (3822호),"학교 주변 교통 설계 실무 경험이 있습니다. 도담천 산책로 주변 돌봄시설 앞 도로의 주정차 단속 기준, 단속 가능 시간대 범위, 단속-exempt 상황 유형을 행정 사실관계를 바탕으로 요청합니다.",공개,8
2024-04-11,여울시 단비구 교육지원과,FOI-2024-03823,한들동 생활권 인구 집중도에 따른 돌봄시설 부족 분석 공개 (3823호),"교통 계획 업무를 고려할 때 인구 동향 파악이 중요합니다. 한들동 생활권의 최근 5년간 유초등학생 인구 추이, 돌봄시설 수 대비 수용 비율, 미래 인구 변동에 따른 시설 수요 예측 자료를 요청합니다.",부분공개,4
2025-04-09,너울시 물빛구 교육지원과,FOI-2025-03824,돌봄시설 연계 대중교통 배차 간격 현황 공개 (3824호),"보호자가 아동과 함께 이용하는 대중교통 환경이 궁금합니다. 샘물동 생활권 내 돌봄시설 주요 이용 구간인 새봄역 환승구역과 빛솔광장 일대 누리버스 주요 노선의 배차 간격, 환승 편의 시설 종류 및 위치를 요청합니다.",공개,18
2023-08-08,너울시 물빛구 복지정책과,FOI-2023-03825,가람공공청사 주변 불법 주정차 개선 실적 공개 (3825호),"가사 도우미로 이용자 이동 동선을 확인하고 싶습니다. 가람공공청사 주변 도로의 최근 3년간 불법 주정차 위반 건수 추이, 단속 강화 기간 및 방법, 개선 실적으로 도로명 주소 및별 현황을 요청합니다.",공개,13
2024-12-21,너울시 물빛구 복지정책과,FOI-2024-03826,모델 활동 중 보건소 예방접종 지원 가능 시간대 공개 청구 (3826호),"모델로 활동 중이라 시간대가 불규칙하여 보건소 예방접종 시간에 맞춰 참여가 어려움. 최근 계절독감 예방접종을 앞두고 있어, 보건소 야간·주말 운영 시간과 사전 예약 방식으로 이동 가능.",공개,5
2023-04-14,가람시 열린구 복지정책과,FOI-2023-03827,다세대주택 세탁실 사용 시 감염병 소독 기준 관련 정보 청구 (3827호),다세대주택에 거주하며 공유 세탁실을 이용 중. 코로나19 등 호흡기 감염병 유행 시 세탁실 소독 기준이 보건소에서 어떻게 안내되는지 확인 요청.,부분공개,9
2025-11-05,예담시 늘품구 복지정책과,FOI-2025-03828,코로나19 후유증 진료 가능 의료기관 목록 청구 (3828호),코로나19 완치 후 후유증으로 호흡기·신경계 증상을 겪고 있음. 보건소에서 안내하는 후유증 진료 협력 의료기관 목록과 방문 준비사항을 알고 싶음.,공개,3
2022-09-08,라온군 보건행정과,FOI-2022-03829,보건소 건강검진 수검권 배부 일정 및 신청 방법 공개 청구 (3829호),"모델로서 체형·피부 등 신체 관리에 신경을 쓰고 있어 정기 건강검진 참여를 고려 중. 올해 수검권 배부 일정과 신청 기간, 우선순위 기준이 있는지 확인 요청.",공개,17
2024-11-03,라온군 보건행정과,FOI-2024-03830,마스크 착용 의무 완화 시 예방접종 완료자 혜택 안내 청구 (3830호),예방접종을 완료한 본인에게 보건소에서 마스크 착용 의무 완화 등 조치 차등 적용 여부를 안내하고 있는지 확인 요청. 착용 면제 증명 발급 가능 여부도 포함.,공개,11
2022-03-27,온빛시 보건행정과,FOI-2022-03831,선별원 작업장 집중 관리 시기 및 보건소 현장점검 일정 공개 (3831호),"섬유·펠트 선별원으로 일하며장에서 입자 노출이 빈번. 보건소에서 집중 관리를 시행하는 시기, 현장점검 일정을 사전에 알려달라는 내용.",공개,6
2022-11-08,너울시 물빛구 보건행정과,FOI-2022-03832,혼거 고령자 코로나19 취약계층 우선 의료자원 배분 기준 공개 (3832호),혼자 거주하는 고령자로 코로나19 감염 시 중증 위험이 높음. 보건소에서 취약계층 우선 의료자원 배분 기준이 어떻게 설정되어 있는지 확인 요청.,비공개,2
2025-10-17,새봄시 한울구 보건행정과,FOI-2025-03833,계절독감 예방접종 무료 대상자 연령 기준 변경 내역 공개 (3833호),작년까지 무료 대상자였으나 올해 기준 변경 여부를 확인 필요. 보건소에서 발표한 예방접종 무료 대상자 연령 기준 변경 내역을 요청.,공개,13
2022-10-12,가람시 새빛구 보건행정과,FOI-2022-03834,다세대주택 공용부분 특별소독 지원 사업 신청 절차 공개 (3834호),다세대주택 관리비 부족으로 공용부분 소독이 제대로 이루어지지 않고 있음. 보건소 특별소독 지원 사업 존재 여부와 신청 요건·절차를 알고 싶음.,부분공개,14
2024-11-10,예담시 늘품구 보건행정과,FOI-2024-03835,호흡기 감염병 유행 시 고령 단독가구 우선 방문 건강 상담 안내 (3835호),혼자 사는 고령자로 유행 시 보건소에서 방문 건강 상담을 지원하는지 확인 요청. 방문 대상 선정 기준과 신청 가능 여부를 포함.,공개,4
2023-07-01,여울시 단비구 보건행정과,FOI-2023-03836,취업 준비 중 보건소 구직자 감염병 예방 교육 프로그램 참여 안내 (3836호),기술 감독 경력으로 구직 중이며 일자리가인 상황. 보건소에서 구직자를 대상으로 하는 감염병 예방 교육 프로그램이나 건강 지원 프로그램이 있는지 확인 요청.,공개,19
2023-09-16,빛솔시 아람구 복지정책과,FOI-2023-03837,보건소 운영 취업 지원 연계 건강 프로그램 선정 결과 공개 청구 (3837호),보건소가 취업과 연계하여 건강 프로그램을 운영한다는 안내를 받음. 본인의 신청 사업 선정 결과 확인 및 선정 기준 공개를 요청.,공개,14
2025-09-01,누리시 바른구 보건행정과,FOI-2025-03838,코로나19 격리 기간 중 건강 돌봄 지원물품 배급 대상 선정 기준 공개 (3838호),격리 기간 중 건강 돌봄 지원물품 배급 대상자가 되기 위한 선정 기준을 확인 요청. 본인 신청 여부와 관계없이 기준을 알고 싶음.,공개,2
2023-07-01,세움시 맑은구 보건행정과,FOI-2023-03839,보건소 예방접종센터 위생 관리 점검 빈도 및 기준 공개 청구 (3839호),예방접종을 자주 이용하는 몸이라 위생 관리 상태가 걱정이 됨. 보건소 예방접종센터의 위생 관리 점검 빈도와 기준이 어떻게 되는지 확인 요청.,부분공개,6
2025-08-30,세움시 맑은구 복지정책과,FOI-2025-03840,호흡기 감염병 다발 계절 대비 보건소 비상 대응 체제 개시 시기 공개 (3840호),코로나19 이후 호흡기 감염병 유행 시 보건소 비상 대응 체제 개시 시점에 대해 알려달라는 내용. 가을철 유행 대비 대응 계획 공개 범위를 확인 요청.,부분공개,5
2024-07-11,세움시 맑은구 보건행정과,FOI-2024-03841,가사 도우미로서 보건소 감염병 예방교육 수강 가능 기관 목록 공개 (3841호),가사 도우미로 일하며 여러 가정을 방문하는. 감염병 예방지식을 쌓기 위해 보건소 인정 예방교육 수강 기관 목록과 인정 절차를 알고 싶음.,부분공개,18
2025-08-22,너울시 물빛구 복지정책과,FOI-2025-03842,고령자 건강 돌봄 돌봄 종사자 감염병 관리 지침 제공 여부 확인 청구 (3842호),친인척과 함께 거주하며 가사 도우미로 방문 근무. 고령자 돌봄 종사자로서 보건소에서 제공하는 감염병 관리 지침 수령 가능 여부와 수령 방법을 확인 요청.,공개,3
2022-01-26,새봄시 한울구 복지정책과,FOI-2022-03843,보건소 지정 이동 제약 고령자 예방접종 출장 서비스 신청 기준 공개 (3843호),85세로 이동에 제약이 있어 보건소 예방접종 출장 서비스를 듣고 있음. 출장 서비스 신청 가능 기준과 보건소 새빛시장 주변 서비스 가능 범위를 확인 요청.,공개,3
2023-12-27,해솔시 복지정책과,FOI-2023-03844,보건소 한울초 주변 통학로 학부모 감염병 안전 교육 프로그램 현황 공개 (3844호),가사 도우미로 한울초 주변 가정에 자주 방문. 학부모 대상 감염병 안전 교육 프로그램이 있는지 확인하고 참여 가능한 프로그램을 알려달라는 내용.,부분공개,4
2023-12-08,새봄시 한울구 보건행정과,FOI-2023-03845,고령자 우선 의료이용 지정 지역 내 보건소 의료 지원 서비스 공개 (3845호),고령자 우선 의료이용가 지정된 것으로 확인. 해당 지역 내 보건소 의료 지원 서비스 내용과 고령자 우선 이용 절차를 확인 요청.,비공개,7
2024-02-06,누리시 바른구 복지정책과,FOI-2024-03846,주택 이외 거처 거주자 보건소 예방접종 접근성 강화 정책 공개 청구 (3846호),주택 이외 거처에 거주하며 보건소 접근이 어려움. 보건소에서 비주택 거주자 예방접종 접근성 강화를 위해 어떤 정책을 시행하는지 확인 요청.,공개,12
2022-09-19,도담군 복지정책과,FOI-2022-03847,코로나19 장기화 시 구직자 정신건강 지원 프로그램 제공 여부 확인 (3847호),골프장 캐디 경력으로 구직 중이며 코로나19 장기화로 경제적·심리적 어려움이 큼. 보건소에서 구직자 대상 정신건강 지원 프로그램이 있는지 확인 요청.,부분공개,11
2025-03-28,라온군 복지정책과,FOI-2025-03848,미래복합센터 인근 보건소 외래 진료 시간 확대 계획 공개 청구 (3848호),"부모와 동거하며 부모 건강 관리를 신경 쓰고 있음. 미래복합센터 인근 보건소 외래 진료 시간 확대 계획이 있는지, 확대 시 그 일정을 알려달라는 내용.",부분공개,7
2024-01-03,너울시 물빛구 복지정책과,FOI-2024-03849,비주택 거주 구직자 건강검진 무료 가능 여부 및 절차 공개 (3849호),"부모와 동거 중이나 주택 이외 거처에 거주하며 건강검진 참여 기회가 적음. 구직자 신분으로 보건소 건강검진 무료 가능한지, 신청 절차를 알고 싶음.",부분공개,4
2025-04-14,새봄시 한울구 복지정책과,FOI-2025-03850,청년 구직자 감염병 취약계층 우선 예방접종 대상 여부 확인 청구 (3850호),golF장 캐디 경력으로 구직 중이며 불안정한 생활로 면역력이 약해진 것 같다는 생각이 듬. 청년 구직자가 감염병 취약계층 예방접종 우선 대상에 해당하는지 확인 요청.,공개,11
2024-10-16,해솔시 행정지원과,FOI-2024-03851,샘물동 생활권 내 공공시설 대피소 배치 현황 및 대피경로 관련 정보 청구 (3851호),"취학 자녀가 있는 가정으로, 재해 발생 시 도서관 및 어린이집 등 공공시설에서의 대피절차가 자녀 안전에 직접적 영향을 미칩니다. 샘물동 생활권 내 공공시설 대피소 배치 현황 및 해당 시설에서 지정된 대피경로, 특히 어린이 이용시설 우선 대피순위 기준에 대해 알고 싶습니다.",공개,6
2024-05-04,빛솔시 아람구 안전총괄과,FOI-2024-03852,샘물동 생활권 대피시설 안전 점검 이력 및 내진 진단 결과 청구 (3852호),"아파트에 거주하며 가족의 안전이 최우선입니다. 도서관 업무 특성상 이용객 안전 확보 의무를 인지하고 있어, 샘물동 생활권 대피시설들의 최근 안전 점검 이력과 내진 진단 결과, 구조 안전성 평가 자료를 요청합니다.",부분공개,9
2022-08-03,세움시 맑은구 안전총괄과,FOI-2022-03853,아파트 단지를 포함한 대피소 별 emergency물자 비축 현황 및 배급 계획 (3853호),"취학 자녀를 둔 부모로서 재해 시 가족 survival이 최우선 관심사입니다. 현재 우리 아파트 단지를 포함한 샘물동 생활권 대피소별 emergency물자 비축 현황, 종류별 수량, 갱신 주기 및 배급 계획에 대해 공개 요청합니다.",부존재,11
2025-08-23,온빛시 안전총괄과,FOI-2025-03854,재난 구호 활동 시 도서관 역할 및 대피 지원 협업체계 관련 내규 (3854호),"직장인으로서 재해 시 도서관의 대피 지원 역할과 관련된 내규 및 협업체계를 파악하고자 합니다. 샘물동 생활권 도서관 대피 지원 내규, 관련기관 협력 체계, 직원 대피임무 배치 기준 등 내부운영규정을 요청합니다.",부분공개,11
2023-04-29,빛솔시 아람구 행정지원과,FOI-2023-03855,샘물동 생활권 내 대피소 내 비상연락체계 및 안내 시스템 운영 현황 (3855호),"이용객 대피 시 신속한 안내가 필수적입니다. 샘물동 생활권 대피소 내 비상연락체계 구성, 안내표지 체계, 음성안내 시스템 설치 현황 및 피난인식표 부착 현황에 대해 정보를 요청합니다.",부분공개,6
2025-05-10,너울시 물빛구 행정지원과,FOI-2025-03856,푸른마루 교차로 일대 긴급차량 진입로 확보 현황 및 교통통제 기준 (3856호),"화물차 운전자로서 대형차량 통행규제와 긴급차량 진입로 확보 여부가 업무에 직접적 영향입니다. 푸른마루 교차로 일대 긴급차량 진입로 확보 현황, 긴급차량 전용도로 지정 여부 및 교통통제 시 화물차량 우회 기준을 알고 싶습니다.",공개,17
2023-12-17,예담시 늘품구 안전총괄과,FOI-2023-03857,재난 발생 시 화물차량 물자수송 역할 배정 기준 및 협력 협정 현황 (3857호),"화물차 운전자로 재해 시 물자수송 인력으로 동원 가능성에 대해 질문합니다. 재난 발생 시 화물차량 물자수송 역할 배정 기준, 관할기관과의 협력 협정 체결 현황, 수송임무 절차에 대해 공개 요청합니다.",공개,3
2023-02-02,새봄시 한울구 행정지원과,FOI-2023-03858,푸른마루 교차로 주변 재해옥외피난장 위치 및 대형차량 주자 가능 면적 (3858호),"업무 특성상 차량을 통한 대피 가능성을 검토 중입니다. 푸른마루 교차로 주변 재해옥외피난장 위치, 대형차량 주자 가능 면적, 피난장 내 차량 구역 구분 현황에 대해 알려주실 것을 요청합니다.",부분공개,20
2022-11-03,해솔시 행정지원과,FOI-2022-03859,화물차 전문 대피경로 및 위험물운반차량 통행 제한 구간 현황 (3859호),"위험물 적재 가능성을 배제할 수 없는 직업 특성상, 재해 시 화물차 전문 대피경로 지정 현황 및 위험물운반차량 통행 제한 구간에 대해 알고 싶습니다. 해당 구간 지정 근거, 제한 시간, 우회 경로 자료를 요청합니다.",공개,8
2024-01-16,빛솔시 아람구 행정지원과,FOI-2024-03860,푸른마루 교차로 일대 방재시설 점검 주기 및 관리 현황 자료 (3860호),"도로 방재시설의 관리 상태가 긴급차량 진입에 직접적 영향입니다. 푸른마루 교차로 일대 가드레일, 방음벽, 방호벽 등 방재시설 점검 주기, 최근 점검 결과, 보수 이력에 대해 공개 요청합니다.",부분공개,13
2024-08-07,미래군 안전총괄과,FOI-2024-03861,재난 emergency 알림 서비스 제공 기준 및 수신 설정 방법 안내 (3861호),"한부모 가정으로 자녀만을 담당하고 있어, 재해 시 즉각적인 정보 획득이 필수적입니다. 재난 emergency 알림 서비스 제공 기준, 발표 조건, 수신 설정 방법, 문자 및 앱 알림 발송 이력 확인 방법에 대해 안내를 요청합니다.",공개,10
2025-04-17,온빛시 안전총괄과,FOI-2025-03862,어린이를 동반한 가족 우선 대피 프로그램 운영 현황 및 신청 방법 (3862호),"취학 자녀를 동반한 한부모 가정이므로, 재해 시 자녀 안전 확보를 위한 특별 지원이 필요합니다. 열린마을 공원 일대 대피소 내 어린이를 동반한 가족 우선 대피 프로그램 운영 현황, 대상 기준, 신청 방법에 대해 알려주실 것을 요청합니다.",부분공개,7
2023-08-24,누리시 바른구 행정지원과,FOI-2023-03863,혼자 이동 어려운 취약계층 대상 대피 지원 서비스 제공 현황 (3863호),"자녀를 동반한 한부모 가정이므로 이동 지원이 필요합니다. 열린마을 공원 일대 혼자 이동 어려운 취약계층 대상 대피 지원 서비스 제공 현황, 지원 요청 연락처, 지원 인력 배치 기준에 대해 공개 요청합니다.",부분공개,12
2023-10-21,빛솔시 아람구 안전총괄과,FOI-2023-03864,대피소 내 자녀 임시 돌봄 지원 시설 및 운영 시간에 관한 정보 (3864호),"재해 시 자녀 돌봄 지원이 가장 큰 걱정입니다. 열린마을 공원 일대 대피소 내 자녀 임시 돌봄 지원 시설 유무, 운영 시간, 돌봄 인력 배치 현황,에 대해 알려주실 것을 요청합니다.",부분공개,17
2025-12-06,온빛시 행정지원과,FOI-2025-03865,재난 유형별 대피소 이전 또는 대피 미진행 시 강제 조치 기준 (3865호),"자녀를 보호해야 하는 입장에서 대피 지시에 따르지 않을 경우 조치 기준이 중요합니다. 열린마을 공원 일대 재난 유형별 대피소 이전 기준, 대피 미진행 시 강제 조치 유형 및 근거 규정에 대해 공개 요청합니다.",공개,16
2025-07-27,예담시 늘품구 행정지원과,FOI-2025-03866,재난대비 재건 일용근로자 기준 및 현재 일손 모집 공고 현황 (3866호),"현재 구직 중인 건축관련 기술자로서, 재해 발생 시 재건 사업장에서 일용근로자로 참여할 수 있는 기회가 있는지 알고 싶습니다. 재난대비 재건 일용근로자 기준, 자격 요건, 현재 일손 모집 공고 현황 및 근무 조건을 공개 요청합니다.",공개,8
2022-02-25,여울시 단비구 행정지원과,FOI-2022-03867,재난취약 건축물 정밀안전진단 결과 및 재건 지원 대상 건축물 목록 (3867호),"전직 건축관련 기술자로서 건축물 안전 진단 결과를 확인하고 싶습니다. 가온로 보행구간 주변 재난취약 건축물 정밀안전진단 결과, 판정 등급, 재건 지원 대상 건축물 목록 및 지원 내용을 알고 싶습니다.",부분공개,4
2023-09-05,가람시 열린구 행정지원과,FOI-2023-03868,재난대비 방재교육 이수 기관 지정 기준 및 건축기술자 대상 교육 과정 (3868호),"구직 중으로 재취업 준비 차원에서 방재 관련 자격·교육 이수를 고려 중입니다. 방재교육 이수 기관 지정 기준, 건축기술자 대상 방재교육 과정 운영 현황, 교육비 지원 여부 및 수료 후 자격 인정 범위에 대해 알려주실 것을 요청합니다.",공개,17
2023-10-20,도담군 행정지원과,FOI-2023-03869,재난구조·피난 shelter 설계 시 건축기술자 자문 활용 현황 및 계약 방식 (3869호),"건축관련 기술 경력을 바탕으로 재해 관련 설계 업무에 참여하고 싶습니다. 가온로 보행구간 주변 재난구조·피난 shelter 설계 시 건축기술자 자문 활용 현황, 계약 방식, 수준 및 참여 신청 절차를 공개 요청합니다.",부분공개,18
2023-06-09,가람시 새빛구 안전총괄과,FOI-2023-03870,재난 후 건축물 붕괴 위험 분류 기준 및 복구순위 결정 방식 (3870호),"전직 건축기술자로서 재난 후 건축물 안전 등급 분류 방식이 궁금합니다. 가온로 보행구간 주변 건축물 붕괴 위험 분류 기준, 복구순위 결정 방식, 안전 등급별 복구 기한 기준에 대해 공개 요청합니다.",부분공개,5
2022-05-06,누리시 바른구 안전총괄과,FOI-2022-03871,새빛시장 주변 지역재난 대응 주민편의시설 설치 현황 및 이용 방법 (3871호),"혼자 거주하며 사회적 관계가 제한적인 환경에서, 재해 시 정보 접근성이 걱정됩니다. 새빛시장 주변 지역재난 대응 주민편의시설 설치 현황,, 운영 시간, 이용 시 필요 서류를 알고 싶습니다.",비공개,4
2025-01-22,세움시 맑은구 행정지원과,FOI-2025-03872,주택 이외 거처 거주자를 위한 특별 대피 지원 제도 및 신청 절차 (3872호),"주택 이외의 거처에 거주하며 배우자와 별거 상태로 혼자 생활 중입니다. 새빛시장 주변 주택 이외 거처 거주자를 위한 특별 대피 지원 제도 유무, 신청 자격, 신청 절차, 제공되는 지원 내용에 대해 공개 요청합니다.",공개,16
2024-07-12,너울시 물빛구 안전총괄과,FOI-2024-03873,재난 구호 배급 시 혼거자순위 및 배급 장소 별 이용 가능 시간 (3873호),"사회 교사として에도 관심이 있어, 재해 시 구호물자 배급 체계를 파악하고자 합니다. 새빛시장 주변 재난 구호물자 배급 시 혼거자순위, 배급 장소 별 이용 가능 시간, 배급 방식 및 배급량 기준에 대해 알려주실 것을 요청합니다.",공개,6
2025-11-28,가람시 열린구 안전총괄과,FOI-2025-03874,도담천 산책로 일대 재해옥외피난장 지정 현황 및 접근 경로 안내 (3874호),"도담천 산책로 일대를 자주 이용하며, 재해 시 옥외피난장 접근 경로를 사전에 파악하고 싶습니다. 해당 지역 재해옥외피난장 지정 현황, 위치, 접근 경로, 이용 가능 시간 및 주변 주차 가능 여부에 대해 공개 요청합니다.",비공개,12
2025-07-28,가람시 새빛구 안전총괄과,FOI-2025-03875,재난 대응 volunteer 활동 참여 방법 및 교원 대상 특별 활동 프로그램 현황 (3875호),"사회 교사로서 재해 시 volunteer 활동에 참여하고 싶습니다. 도담천 산책로 일대 재난 대응 volunteer 활동 참여 방법, 교원 대상 특별 활동 프로그램 유무, 활동 유형, 안전 교육 이수 요구사항에 대해 알려주실 것을 요청합니다.",공개,20
2024-12-15,미래군 청소행정과,FOI-2024-03876,용융 도금 공정 폐수 및 슬러지 처리 실적 공개 청구 (3876호),"샘물동 생활권 소재 도금업체에서하는 폐수 및 슬러지가 일반 쓰레기 수거 일정과 겹치면서 악취 문제가 빈번하게 발생하고 있습니다. 해당 업체의 최근 2년간 폐수 배출량, 슬러지 위탁 처리 실적, 허가 조건 이행 현황을 알고 싶습니다. 특히 우리 아파트 하층 가구의 민원이 반복 제기된 사실이 있는지도 함께 공개해 주시기 바랍니다.",부분공개,7
2025-11-14,라온군 환경위생과,FOI-2025-03877,용융 도금기 사용 사업장 배출허용기준 초과 이력 및 행정제재 내역 (3877호),"푸른마루 교차로 인근 공단 내 도금 작업장에서 용융 도금기를 사용하는 것으로 파악됩니다. 해당 사업장의 대기배출허용기준 초과 이력, 환경패소제 조치 내용, 시정명령 및 과태료 부과 사실이 있었는지 최근 3년간 행정제재 현황을 요청합니다.",부분공개,5
2025-04-28,라온군 환경위생과,FOI-2025-03878,샘물동 생활권 사업장 유해폐기물 지정 및 반입·반출 실적 (3878호),"우리 아파트 단지에서 가장 가까운 산업폐기물 처리업체의 유해폐기물 지정 현황, 반입 반출 실적, 보관 기간 초과 사실이 있었는지 궁금합니다. 특히 사업장 인접 아파트 주민들의 건강권 보장을 위해 해당 정보를 알고 싶습니다.",공개,16
2023-10-09,해솔시 청소행정과,FOI-2023-03879,가온로 보행구간 음식물 쓰레기 수거함 설치 현황 및 수거 주기 (3879호),"가온로 보행구간 주변 상가에서 배출되는 음식물 쓰레기가 여름철마다 악취를 일으켜 통행자에게 불편을 주고 있습니다. 해당 구간 음식물 수거함 위치, 수거 빈도, 위생 관리 실태가 적정한지 파악이 필요합니다.",공개,8
2023-01-14,여울시 단비구 청소행정과,FOI-2023-03880,도금 관련 특정관리시설 폐수 방류 수질 검사 결과 공개 (3880호),"샘물동 생활권 관할 특정관리시설에서 도금 공정의 폐수가 방류되는 경우 수질 검사 결과가 기준에 미달한 사례가 있었는지 확인이 필요합니다. 최근 1년간 방류수 수질 검사 성적서, 측정일시, 초과 항목 및 빈도를 알려주시기 바랍니다.",부분공개,7
2022-10-21,예담시 늘품구 청소행정과,FOI-2022-03881,열린마을 공원 주변 재활용선별업체 영업 위반 시정 조치 이력 (3881호),열린마을 공원 인접 재활용선별업체가 야간 작업 중 소음과 분진으로 인근 주민의 생활환경을하고 있습니다. 자녀와 연립주택에서 거주하며 야간 소음에 대한 불안이 큰 만큼 해당 업체에 대한 행정 시정 조치 이력을 알고 싶습니다.,공개,6
2024-01-14,온빛시 환경위생과,FOI-2024-03882,행사 전시 폐자재 수거·처리 의무 위반 사업장 단속 결과 (3882호),새빛시장 주변에서 행사를한 후 폐자재를 무단 투기한 것으로 의심되는 사업장에 대해 어떤 단속이 이루어졌는지 궁금합니다. 시장 주변 환경 위생 관리 차원에서 해당 단속 결과 및 시정 조치 내용을 알려주시기 바랍니다.,부분공개,1
2025-03-18,너울시 물빛구 환경위생과,FOI-2025-03883,한울초 주변 통학로 음식물 쓰레기 적치 개선 조치 결과 (3883호),"한울초 주변 통학로에 음식물 쓰레기가 장기간 적치되어 자녀의 통학 환경이 불결합니다. 해당 구간 환경정화 담당 부서와 계약업체의 수거 이행 여부, 개선 조치 결과를 요청합니다. 자녀의 건강과 안전한 통학 환경을 위해 시급히 확인이 필요합니다.",부분공개,15
2024-05-03,온빛시 환경위생과,FOI-2024-03884,재활용품업소 지정 및 폐업 이력 공개 (3884호),"연립주택 주변 재활용품업소의 최근 3년간 폐업·신규 지정 현황, 사유 등이 궁금합니다. 부적격소가 우후 복산처럼 생겨나 환경문제가되지 않는지 우려되어 관련 자료를 요청합니다.",부분공개,20
2025-02-12,도담군 환경위생과,FOI-2025-03885,행사장 폐기물 배출 신고 현황 및 수거·처리 실적 비교 (3885호),미래복합센터 인근에서 열린 대규모 행사 이후 폐기물 배출 신고와 실제 수거·처리 실적에 차이가 있는지 확인이 필요합니다. 행사 종류별 폐기물 배출량 산정 기준과 처리 위탁 실적이 일치하는지 보고서를 요청합니다.,공개,11
2025-06-21,너울시 물빛구 청소행정과,FOI-2025-03886,한들동 생활권 소각장 가동 금지 조치 및 주민 의견 수렴 과정 (3886호),"한들동 생활권 소재 소각시설 가동 금지 조치가 어떤 절차로 이루어졌는지, 주민 의견 수렴 과정에서 어떤 목소리가 반영되었는지 알고 싶습니다. 전직 우편집배원으로 평생 근무하며 환경 업무에 관심이 많아 관련 과정을 상세히 확인하고자 합니다.",부분공개,8
2022-11-29,누리시 바른구 청소행정과,FOI-2022-03887,폐기물 수거 용역업체 선정 기준 및 평가 점수 공개 (3887호),"다세대주택이 위치한 한들동 생활권의 폐기물 수거 용역이 재투찰되었습니다. 용역업체 선정 시 어떤 평가 기준이 적용되었는지, 지원 사업장별 평가 점수와 선정 사유를 알고 싶습니다. 구직 중으로 공공 용역 선정 과정의 공정성에 관심이 많습니다.",부분공개,5
2024-01-27,누리시 바른구 환경위생과,FOI-2024-03888,신규 폐기물 처리업체 등록 심사 시 사업장 현장 점검 내역 (3888호),"새봄역 환승구역 인근에 신규 등록된 폐기물 처리업체의 등록 심사 과정에서 현장 점검을 실시했는지, 어떤 기준으로 적합 판정을 내렸는지 궁금합니다. 기존 업체와의 형평성과 공정성 여부를 확인하고 싶습니다.",부분공개,15
2024-10-09,라온군 청소행정과,FOI-2024-03889,폐기물 수집·운반차량 사고 이력 및 안전 관리 실적 (3889호),"한들동 생활권에서 운행되는 폐기물 수집·운반차량의 최근 2년간 사고 이력과 안전 관리 실적을 알고 싶습니다. 전직 우편집배원으로서 물류 운송 안전에 대한 관심이 크며, 특히 우리 단지 주변 차량 통행 안전과도 관련이 있어 자료를 요청합니다.",공개,3
2023-01-28,가람시 열린구 청소행정과,FOI-2023-03890,가람공공청사 주변 음식물류폐기물 에너지화 시설 운영 현황 (3890호),"가람공공청사 주변 에너지화 시설의 처리 용량 대비 실제 처리 실적, 운영 시간대별 가동률, 환경 유해물질 배출 현황이 적정한지 확인이 필요합니다. 인근 다세대주택 거주로서 대기 환경에 대한 우려가 있어 관련 자료를 요청합니다.",비공개,5
2024-11-17,가람시 열린구 청소행정과,FOI-2024-03891,미르로 교차로 매립지 확대 계획 환경영향평가 자료 공개 (3891호),"미르로 교차로 일대 매립지 확장에 대한 환경영향평가 협의 결과, 주요 항목별 통과 여부 및 조건부 통과 조건 내용을 알고 싶습니다. 화력발전장치 운전 경력자로서 폐기물 처리와 환경 규제 사이의 균형에 대한 관심이 높아 관련 자료를 요청합니다.",부분공개,13
2025-03-28,빛솔시 아람구 청소행정과,FOI-2025-03892,폐기물 처리 지원금 지급 대상 선정 기준 및 심사 내역 (3892호),"현재 구직 중인 신분이 폐기물 처리 관련 지원금이나 보조금 지급 대상에 해당하는지 확인이 필요합니다. 지원금 선정 시 자격 요건, 심사 항목, 선정·탈락 사업장 수 및 탈락 사유가 무엇인지 구체적으로 알려주시기 바랍니다.",부분공개,17
2025-04-07,예담시 늘품구 환경위생과,FOI-2025-03893,소각 재활용률을 높이기 위한 교육·홍보 사업 추진 실태 (3893호),"우리 아파트가 위치한 생활권에서 소각 재활용률을 높이기 위한 시민 교육 및 홍보 사업을 어떤 내용으로 추진했는지, 예산 규모와 집행 실적을 알고 싶습니다. 환경 인식 제고가 실질적 재활용률을 높이는 데 기여하는지 확인이 필요합니다.",공개,11
2025-06-16,새봄시 한울구 환경위생과,FOI-2025-03894,폐기물 수거 종량제 봉투 가격 책정 근거 및 손익 분석 (3894호),"아파트 단지를 통해 공급되는 폐기물 수거 종량제 봉투 가격 책정 근거가 무엇인지, 생산 원가 대비 판매가의 차익 구조가 어떻게 되는지 공개해 주시기 바랍니다. 혼자 거주하며 폐기물 비용 부담이 생활비에서 차지하는 비중이 높아 가격 산정 과정의 투명성에 관심이 있습니다.",부분공개,7
2023-07-28,세움시 맑은구 청소행정과,FOI-2023-03895,가온로 보행구간 불법투기 단속활동 실태 및 과태료 부과 현황 (3895호),"가온로 보행구간에서 반복적으로 불법 투기 사례가 발생하고 있습니다. 해당 구간에 대한 단속 활동 횟수, 단속 인력 배치 현황, 과태료 부과 건수 및 부과 금액이 얼마나 되는지 알려주시기 바랍니다. 보도자료를 통해서는 실제 단속 강도가 잘 파악되지 않습니다.",공개,10
2023-10-05,예담시 늘품구 청소행정과,FOI-2023-03896,새봄역 환승구역 음식물 수거차량 청소 주기 및 위생 기준 (3896호),"새봄역 환승구역에서 음식물 수거차량이 하루에 몇 회 운행하는지, 차량 청소 및 소독 주기가 어떻게 되는지 궁금합니다. 하역 및 적재 단순 종사원으로서 폐기물 수거 현장의 위생 관리 수준을 객관적으로 파악하고자 합니다.",비공개,2
2022-07-09,온빛시 청소행정과,FOI-2022-03897,폐기물 중간처리시설 방류수 수질 기준 초과 납부 부담금 내역 (3897호),"맑은마을 커뮤니티센터 인근 폐기물 중간처리시설의 방류수 수질 기준 초과 납부 부담금 부과 이력이 있는지, 부과 금액이 얼마인지 확인이 필요합니다. 초과 배출에 대한 부담금이 실제 개선 유인으로 작용했는지 효과 분석 자료를 함께 요청합니다.",부분공개,10
2025-07-15,예담시 늘품구 청소행정과,FOI-2025-03898,폐기물 재활용률 목표 달성률 및 미달 사업장 행정지도 내역 (3898호),"최근 3년간 폐기물 재활용률 목표에 미달한 사업장에 대한 행정지도 횟수, 지도 내용, 개선 명령 이행 여부를 알고 싶습니다. 재활용률이 목표에 미달된 구체적인 업종별 현황과 미달 사업장에 대한 관리가 이루어지고 있는지 확인이 필요합니다.",공개,20
2025-06-23,도담군 청소행정과,FOI-2025-03899,폐기물 수거 종량제 봉투 판매 수익금 사용 내역 공개 (3899호),"아파트 단지에서 판매되는 폐기물 수거 종량제 봉투 수익금이 어떤 용도로 사용되고 있는지 명확히 알고 싶습니다. 수익금의 일정 비율이 자원순환 시설 설치나 환경 개선 사업에 재투자되는지, 구체적인 세입·세출 내역을 요청합니다.",부분공개,4
2025-07-25,너울시 물빛구 환경위생과,FOI-2025-03900,가람공공청사 주변 폐기물 중간처리시설 주변 지하수 영향 조사 결과 (3900호),"가람공공청사 주변에 위치한 폐기물 중간처리시설이 주변 지하수 수질에 미치는 영향을 파악한 적이 있는지, 조사 결과가 있다면 공개해 주시기 바랍니다. 아파트 단지가 가까이 위치해 있어 먹는물 수질 안전에 직접적 우려가 됩니다.",부분공개,18
2025-06-06,너울시 물빛구 상하수도과,FOI-2025-03901,샘물동 생활권 상수도 수질검사 결과 및 급수함 점검 일정 청구 (3901호),현재 구직 중으로 자취 아파트에서 생활하고 있습니다. 수도꼭지 물의 색상과 냄새가 비정상적으로 느껴져 수질이 의심됩니다. 최근 1년간 샘물동 생활권 상수도 수질검사 결과와 해당 지역 급수전 점검 일정을 공개하여 주시기 바랍니다. 특히성분과 잔류염소 농도 수치를 확인하고 싶습니다.,부분공개,14
2025-03-12,빛솔시 아람구 환경위생과,FOI-2025-03902,아파트 단지의 정수장 운영 현황 및 먹는물 수질 기준 위반 이력 청구 (3902호),"구직 중인 상황이라 저렴한 아파트를 구하여 거주하고 있습니다. 주변에서 정수장 관리가 미흡하다는 이야기가 있어 걱정이 됩니다. 해당 아파트 단지 정수장의 운영 현황, 수질 기준 위반 이력 및 개선 조치 내용을 알고 싶습니다. 관리규약상 정수장 점검 주기와 실적도 포함하여 주세요.",부분공개,1
2022-04-25,온빛시 환경위생과,FOI-2022-03903,샘물동 상수도 배수관 교체 공사의 시공 업체 선정 기준과 공정성 검증 방안 청구 (3903호),구직 준비와 동시에 생활비를 절감하기 위해 수도 요금도 중요하게 생각하고 있습니다. 지역 상수관 교체 공사가 수년간 지연되고 있어 본인이 부담하는 수도요금이 불필요하게 높아지지 않는지 우려됩니다. 배수관 교체 공사의 시공 업체 선정 기준과 공정성 검증 방안을 알려주세요.,부분공개,1
2023-09-11,도담군 환경위생과,FOI-2023-03904,가온로 보행구간 가로수변 급수전 안전 점검 결과 및 어린이 보호구역 수질 환경 청구 (3904호),"미래에 자녀를 두고 가정할 가능성을 대비하여 어린이 안전 환경에도 관심을 가지고 있습니다. 가온로 보행구간 주변의 급수전 점검 결과를 확인하고, 해당 구간이 어린이 보호구역에 해당하는지 수질 환경 현황을 알고 싶습니다.성분과 세균 수치가 기준 이내인지 알려주세요.",공개,9
2023-07-17,가람시 열린구 상하수도과,FOI-2023-03905,상수도 요금 고지서 항목별 산정 근거와 누수 탐지장치 설치 지원 사업 청구 (3905호),구직 중이라 소득이 불안정하여 수도요금 세부 내역을 꼼꼼히 확인합니다. 최근 부과된 상수도 요금 고지서의 항목별 산정 근거를 상세히 알고 싶습니다. 또한 누수 탐지장치 설치 지원 사업이 있다면 신청 자격과 절감 효과를 알려주세요.,공개,15
2023-04-29,도담군 상하수도과,FOI-2023-03906,세움산업단지 배수시설 정기 점검 결과 및 인근 단독주택 방류수 수질 조사 청구 (3906호),"사출기 조작원으로 근무하며 산업용수 관리에 대해 전문적인 관심을 가지고 있습니다. 세움산업단지 주변 배수시설의 정기 점검 결과를 확인하고, 인근 단독주택 지역 방류수의 수질 조사 결과를 알고 싶습니다. 특히 총질소와 총phosphorus 농도를 중점적으로 확인하고자 합니다.",공개,5
2025-05-29,미래군 환경위생과,FOI-2025-03907,가람공공청사 주변 하수도 막힘 사고 발생 현황 및 도로 침수 방지 청구 (3907호),가족과 함께 거주하는 단독주택에서 생활하며 생활권 환경 보전에 신경 씁니다. 가람공공청사 주변 하수도가 막혀 도로가 침수된 사례가 있는지 최근 3년간 사고 발생 현황을 알려주세요. 또한 침수 방지를 위한시설の 개선 계획이 있는지 확인하고 싶습니다.,부분공개,9
2025-07-02,너울시 물빛구 환경위생과,FOI-2025-03908,단독주택 지역 하수처리장 방류수 수질 기준 적합 여부 및 청구 (3908호),"조작원으로 일하며 공정 관리의 중요성을 잘 알고 있습니다. 가족이 거주하는 단독주택 소재 지역 하수처리장의 방류수 수질이 법적 기준에 적합한지, 환경 모니터링 계획이 어떻게 운영되는지 알고 싶습니다. 환경관리청 지정 수질 기준 항목 전체를 포함하여 주세요.",부분공개,7
2025-10-04,가람시 새빛구 상하수도과,FOI-2025-03909,푸른마루 교차로 상수도관 누수 사고 수리 경과 및 교통 영향 분석 청구 (3909호),가족의 안전한 생활환경을 위해 상수관 사고 수리 과정의 투명성에도 관심을 가지고 있습니다. 푸른마루 교차로에서 발생한 상수도관 누수 사고의 수리 경과와 함께 교통 영향 분석 자료를 공개해 주세요. 보수 공사 기간과 조치 내용도 확인하고 싶습니다.,부분공개,12
2022-05-06,여울시 단비구 환경위생과,FOI-2022-03910,하수도 사용료 감면 제도 신청 요건과 다문화가족 적용 사례 청구 (3910호),자녀의 미래 교육비와 생활비를 함께 준비하며 수도요금 관리도 중요하게 생각합니다. 하수도 사용료 감면 제도가 있다면 신청 요건과 절감 효과를 알고 싶습니다. 특히 다문화가족이나 저소득 가구 적용 사례가 있는지 확인해 주세요.,공개,17
2023-05-16,도담군 상하수도과,FOI-2023-03911,새빛시장 주변 음식물 배출 수계 관리 현황 및 위생 점검 결과 청구 (3911호),전직 기계 설치 및 정비원으로 현장을 바탕으로위생과 환경관리에 관심을 가지고 있습니다. 새빛시장 주변 음식물 배출 수계 관리 현황을 알고 싶습니다. 연결 시설 점검 결과와 음식물 쓰레기 수처리 현황을 포함하여 주세요.,부분공개,4
2023-12-03,너울시 물빛구 상하수도과,FOI-2023-03912,다세대주택 공동 급수설비 관리 규정과 수질 기준 위반 시 제재내용 청구 (3912호),가족과 함께 다세대주택에서 거주하며 공동 급수설비의 관리 수준이 걱정됩니다. 다세대주택 공동 급수설비 관리 규정과 수질 기준 위반 시 부과되는 제재 내용을 알려주세요. 특히 급수 청소 의무 이행 현황이 어떻게 관리되는지도 알고 싶습니다.,부분공개,8
2022-12-02,너울시 물빛구 상하수도과,FOI-2022-03913,한울초 주변 통학로 상수도 가스켓 교체 공사 내역 청구 (3913호),자녀의 안전한 통학 환경을 위해 학교 주변 인프라 현황을 확인합니다. 한울초 주변 통학로에서 상수도관 가스켓 교체 공사가 있었는지 내역과 공사 효과를 알고 싶습니다. 교체 후 수질 개선 효과와 유지보수 주기도 포함하여 알려주세요.,부분공개,2
2025-02-08,해솔시 환경위생과,FOI-2025-03914,지역 상수원별 수질검사 비용 배분 기준과 투명성 확보 방안 청구 (3914호),"구직 준비 중이기도 하지만 전문 기술자로서의 역량을 발휘할 수 있는 기회에 관심이 많습니다. 지역 상수원별 수질검사 비용 배분 기준이 어떻게 운영되는지, 검사 기관 선정 과정의 투명성은 어떻게 확보되는지 알고 싶습니다.",부분공개,18
2023-01-10,세움시 맑은구 상하수도과,FOI-2023-03915,맑은마을 커뮤니티센터 공공수도 개방 시간 및 비상시 대피시설 위치 청구 (3915호),가족과 함께 지역사회 활동에하며 비상 상황에도 대비하고 싶습니다. 맑은마을 커뮤니티센터 인근 공공수도 개방 시간과 비상시 대피시설 위치 및 사용 방법을 알려주세요. 지역 재난 대응 계획에 포함된 상수도 비상도 확인하고 싶습니다.,부존재,14
2023-04-25,빛솔시 아람구 환경위생과,FOI-2023-03916,도담천 산책로 친수구역 수질 환경 조사 결과 및 생태 보전 현황 청구 (3916호),구직 중에도봉사활동과 환경 보전 활동을 통해 사회 기여를 시도하고 있습니다. 도담천 산책로 주변 친수구역의 수질 환경 조사 결과를 알고 싶습니다. 생태 보전 현황과 함께 수질 개선을 위한 사업이 진행 중인지 알려주세요.,공개,13
2025-01-17,세움시 맑은구 상하수도과,FOI-2025-03917,미래복합센터 인근 상수도 관로 노후도 평가 결과 및 교체 우선순위 선정 기준 청구 (3917호),"가족과 함께 지역사회 기반시설 현황을 관심을 가지고 있습니다. 미래복합센터 인근 상수도 관로의 노후도 평가 결과와 교체 우선순위 선정 기준을 알고 싶습니다. 특히 누수 위험 지역으로 분류된 구간이 있는지, 해당 지역 대응 요령이 있는지 알려주세요.",공개,8
2025-04-21,예담시 늘품구 환경위생과,FOI-2025-03918,누수 신고 처리 절차 및 수선 비용 부과 기준에 대한 상세 청구 (3918호),"현재 구직 중이라 사소한 수도 비용도 부담이 됩니다. 누수 신고 처리 절차가 어떻게 운영되는지, 수선 비용 부과 기준이 어떻게 산정되는지 상세히 알고 싶습니다. 특히 사용자가 부담하는 수선 범위와 행정 비용 포함 여부를 명확히 알려주세요.",공개,19
2024-05-18,미래군 환경위생과,FOI-2024-03919,한들동 생활권 저수조 청소 업무 위탁 현황 및 위생 관리 기준 이행 실적 청구 (3919호),조부모님과 함께 거주하며 고령자 주거 환경 위생 관리의 중요성을 체감하고 있습니다. 한들동 생활권 저수조 청소 업무 위탁 현황과 위생 관리 기준 이행 실적을 알고 싶습니다. 위탁업체 선정 기준과 점검 주기도 포함하여 알려주세요.,공개,7
2023-06-12,빛솔시 아람구 환경위생과,FOI-2023-03920,새봄역 환승구역 우수 침투 시설 운영 현황 및 유지관리 주기 청구 (3920호),"구직 준비와 함께 환경 문제에도 관심을 가지고 있습니다. 새봄역 환승구역 우수 침투 시설의 운영 현황을 알고 싶습니다. 시설 용량과 유지관리 주기, 최근 수질 검사 결과를 포함하여 알려주세요. 우수 관리 효과와 한계도 함께 파악하고 싶습니다.",부분공개,13
2023-11-29,가람시 열린구 환경위생과,FOI-2023-03921,분식집 조리용수의 수질 기준과 공공 상수도 수질검사 목 대비 분석 청구 (3921호),"분식 조리사로서 조리용수 수질에 직접적인 전문적 관심을 가지고 있습니다. 식품 제조용수의 수질 기준이 공공 상수도 수질검사 항목과 어떻게 다른지, 조리업에서 특별히 신경 써야 할 항목이 무엇인지 분석 자료를 제공해 주세요. 특히 중금속과 세균 관련 기준치를 비교해 주세요.",공개,19
2023-12-30,너울시 물빛구 환경위생과,FOI-2023-03922,아파트 단지 상수도를 통한 급수 온수 시스템 Corrosion 관리 현황 청구 (3922호),가정에서 자녀와 함께 생활하며 생활용수 온도 관리와 위생 상태를 중요하게 생각합니다. 아파트 단지에서 상수도를 통한 급수 온수 시스템의 관리 현황을 알고 싶습니다. 배관 내부 스케일 축적 현황과 세척 주기도 포함하여 알려주세요.,부분공개,14
2024-05-10,해솔시 환경위생과,FOI-2024-03923,누리버스 정류장 주변 하수관로 정화 점검 일정 및 악취 방지 조치 청구 (3923호),자녀를 데리고 버스를 타는 과정에서 대중교통 주변 환경 위생에 신경을 씁니다. 누리버스 정류장 주변 하수관로 정화의 점검 일정과 악취 방지 조치 내용을 알고 싶습니다. 특히 주변 거주 환경에 미치는 영향과 개선 계획이 있는지 확인해 주세요.,공개,6
2025-12-05,가람시 열린구 환경위생과,FOI-2025-03924,가온로 보행구간 빗물받이 폐쇄에 따른 우수 배제 문제와 대응 청구 (3924호),"가족의 안전한 통 출퇴근을 위해 보행로 환경에 관심을 가지고 있습니다. 가온로 보행구간 빗물받이가 폐쇄된 구간이 있는지, 우수 배제 문제가 발생한 사례와 대응 방안을 알고 싶습니다. 특히 우기철 침수 위험 구간이 지도상 어디인지 알려주세요.",부분공개,9
2023-05-27,예담시 늘품구 상하수도과,FOI-2023-03925,상수도 요금 체납 시 공급 중단 기준과 사정 신청 절차 및 구제 조치 청구 (3925호),"자녀의 교육비와 생활비를 우선시하다 보면 수도요금 납부 일정이 부담될 때가 있습니다. 상수도 요금 체납 시 공급 중단 기준이 어떻게 운영되는지, 사정 신청 절차와 구제 조치에는 어떤 것이 있는지 알고 싶습니다. 특히 긴급 연대책임 기간도 알려주세요.",부분공개,14
2022-04-11,예담시 늘품구 재무회계과,FOI-2022-03926,소규모상인 긴급경영안정지원금 선정 심사기준 공개 청구 (3926호),"배치 번호 157 구역 내 푸른마루 교차로 인근에서 식당 운영 준비 중입니다. 정부 창업edu 이수 후 지원금 신청했으나 서류심사 탈락 통보를 받았습니다. 심사진행 과정과 채점기준을 명확히 알고 싶어 관련 심사세부항목과 배점표, 탈락사유 등급 분류 기준을 요청합니다.",공개,14
2025-08-12,너울시 물빛구 일자리경제과,FOI-2025-03927,소규모상인 임대료 지원사업 복수 신청 이력 조회 청구 (3927호),새빛시장 주변 점포 임차를 준비하며 보건관리청 긴급복지지원과 고용관리청 상용전환 뒤편지원금 등을 중복 신청했습니다. 각 부처 지원금 지급 현황과 중복수급 여부를 확인하고 본인 금융거래 내역을 비교하고자 합니다.,부분공개,13
2024-02-13,누리시 바른구 재무회계과,FOI-2024-03928,소규모상인 지원금 집행대상 명단 공개 청구 (3928호),한울초 주변 통학로와 도담천 산책로 사이 상권에서 생활편의점 운영 중입니다. 동 지역 참여 지원금 규모와 집행 현황을 파악하여 경쟁상권 대비 자영업 활성화를 위한 기초자료로 활용코자 청구합니다.,비공개,1
2023-01-21,가람시 열린구 일자리경제과,FOI-2023-03929,소규모상인 국고보조금 성과평가 보고서 열람 청구 (3929호),"미르로 교차로 인접상가에서 수산물 유통업 종사하다 최근 매출 급감으로 어려움을 겪고 있습니다. 국고보조금 지원 이후 지원대상업체의 매출 회복률, 고용 유지율 등 성과평가 보고서 원본을 확인하여 후속 지원 확대 가능성을 예측하고 싶습니다.",공개,3
2023-11-06,빛솔시 아람구 재무회계과,FOI-2023-03930,소규모상인 지원금 신청 처리기간 및 공개 청구 (3930호),누리버스 정류장 인근에서 장애인용 운동시설 설치 업종 준비 중입니다. 지원금 신청 접수일로부터 심사완료까지 소요기간 관행이 지역별로 상이한지 파악하고 싶습니다. 157 배치 내 동일 업종 신청건 처리기간을 비교하고자 합니다.,부분공개,12
2022-02-21,미래군 일자리경제과,FOI-2022-03931,소규모상인 임대료 지원금 소득기준 적정성 관련 자료 청구 (3931호),"샘물동 생활권 단독주택에 거주하며 새봄역 환승구역에서 봉제품 수선업 영 중입니다. 소득인정액 산정 방식과 자영업자 사업소득 계산 기준을 구체적으로 알려면 어떤 서류가 필요한지, 현재 기준이 실상황을 제대로 반영하는지 판단하고 싶습니다.",부분공개,11
2024-06-03,여울시 단비구 일자리경제과,FOI-2024-03932,소규모상인 긴급경영안정지원금 신청 기각서 원본 열람 청구 (3932호),"가온로 보행구간 맞은편에서 음식점운영 중이며 최근 손님이 크게 줄었습니다. 긴급경영안정지원금을 신청했다가 기각 통보를 받았는데, 통보서에 적힌 기각사유가 너무 추상적입니다. 구체적 탈락 사유와 보완 가능항목이 있는지 확인하고 싶습니다.",공개,15
2025-08-10,해솔시 일자리경제과,FOI-2025-03933,소규모상인 에너지비용 지원금 전기요금 감면 규모 공개 청구 (3933호),"열린마을 공원 인접 상점에서 식재료업 영하며 냉장고 가동으로 전기요금이 부담됩니다. 전기요금 감면 지원금 지급 규모가 월별로 어떻게 책정되는지, 업종별 차등 기준이 있는지 파악하여 에너지 비용 절감을 위한 전략 수립에 참고하고자 합니다.",공개,1
2023-08-09,여울시 단비구 재무회계과,FOI-2023-03934,소규모상인 정부 대출이자 지원금 상환유예 관련 규정 열람 청구 (3934호),"빛솔광장 일대에서 카페를 운영하며 정부 보증 창업대출을 받았다가 최근 영업 어려움으로 상환 유예를 신청하려 합니다. 상환유예 가능 기간, 이자 지원 지속 여부, 향후 재상환 방식 등 관련 규정을 상세히 확인하고 싶습니다.",부존재,10
2025-12-21,빛솔시 아람구 재무회계과,FOI-2025-03935,소규모상인 고용보험료 지원사업 신청자격 기준 공개 청구 (3935호),"온빛도서관 앞 상가에서 개인사업자로 활동 중이며 종업원 채용을 고려하고 있습니다. 고용보험료 지원사업의 상시근로자 기준, 지원 기간, 상한 등을 구체적으로 파악하여 인력채용 비용을 미리 산출하고 싶습니다.",부분공개,18
2025-08-23,가람시 새빛구 재무회계과,FOI-2025-03936,소규모상인 정부구매 물품 공급업체 선정내역 공개 청구 (3936호),"라온체육센터 주변에서 식품가공업을 영하며 정부구매 식품 공급업체 등록을 희망합니다. 현재 등록된 업체명단과 제품별 공급단가, 계약기간 등을 확인하여 자신의 제품 경쟁력을 분석하고 등록 절차를 파악하고 싶습니다.",공개,8
2025-04-12,해솔시 일자리경제과,FOI-2025-03937,소규모상인 친환경 포장재 전환 지원금 집행 내역 열람 청구 (3937호),"한들동 생활권에서 음식물포장 업종을 영하며 친환경 포장재 전환 지원금을 신청했습니다. 지원금 집행 내역이 본인이 납품받은 포장재별 금액과 일치하는지 확인하고, 미사용 금액 환수 여부를 파악하고 싶습니다.",부분공개,2
2025-06-17,온빛시 재무회계과,FOI-2025-03938,소규모상인 매출 하락 인정 기준 산정 방식 공개 청구 (3938호),"가람공공청사 주변에서 의류편집숍을 운영하며 매출 감소로 어려움을 겪고 있습니다. 매출 하락 인정 기준이 월별 특정 기간 기준으로 산정되는지, 금융기관 거래내역과 세금 신고 자료 중 어느 것을 우선 반영하는지 구체적으로 확인하고 싶습니다.",공개,18
2023-09-22,예담시 늘품구 일자리경제과,FOI-2023-03939,소규모상인 행정지도 조치 기록 열람 청구 (3939호),"세움산업단지 입구에서 음식점을 영하던 중 행정지도를 받은 이력이 있습니다. 지도 조치 내용, 개선 이행 기한 등이 기록으로 남아 있는지 확인하고, 지도 후 지원금 신청 시 불이익 여부를 파악하고 싶습니다.",공개,14
2025-09-03,온빛시 재무회계과,FOI-2025-03940,소규모상인 상권분석 보고서 원본 열람 청구 (3940호),"새빛시장 주변에서 신선식품 취급업을 준비하며 상권분석 보고서를 직접 구매하기 부담스럽습니다. 에서 보유한 상권분석 보고서 원본을 열람하여 해당 지역 유동인구, 소득수준, 업종 경쟁도 등을 확인하고 싶습니다.",부분공개,11
2022-12-12,너울시 물빛구 재무회계과,FOI-2022-03941,소규모상인 운영비 지원금 청구서 처리 담당자 정보 공개 청구 (3941호),누리버스 정류장 인접 상점에서 영업 중이며 운영비 지원금을 청구한 뒤 심사의견을 받았습니다. 심사 진행 상황과 담당 부서·담당자명을 알고 싶습니다. 문의 전화 연결 시 담당자로 대응이 어려워 직접 확인을 요청합니다.,공개,15
2022-10-03,여울시 단비구 일자리경제과,FOI-2022-03942,소규모상인 정부 보조금 부정수급 신고 처리결과 공개 청구 (3942호),"도담천 산책로 인근 상가를 지나가며 특정 점포가 지원금을 부정수급하는 것 같아 의심됩니다. 해당 점포에 대한 신고 접수 여부와 조사 진행 현황, 처리결과를 알고 싶습니다. 본인 신고건 처리 결과도 함께 확인하고 싶습니다.",부분공개,3
2024-06-19,세움시 맑은구 재무회계과,FOI-2024-03943,소규모상인 창업준비자 교육이수 인정 범위 관련 규정 열람 청구 (3943호),"푸른마루 교차로 인근에서 창업준비 중이며 정부 창업edu 수료 후 지원금을 신청했습니다. 수료 인정 기간, 재수료 가능 여부, 온라인 교육과 대면 교육의 인정 차이 등 세부 기준을 명확히 파악하고 싶습니다.",공개,4
2024-10-01,빛솔시 아람구 재무회계과,FOI-2024-03944,소규모상인 상가 임대차료 지원 한도액 산정 근거 공개 청구 (3944호),"샘물동 생활권 단독주택에 거주하며 해솔문화광장 인근 상가 임대를 고려 중입니다. 임대차료 지원 한도액이 월세 금액의 일정 비율인지, 상가 위치와 면적에 따라 차등 적용되는지 기준을 구체적으로 확인하고 싶습니다.",공개,6
2023-10-03,가람시 새빛구 재무회계과,FOI-2023-03945,소규모상인 고용 지원금 신청 시 사업장 실태조사 기준 열람 청구 (3945호),"가온로 보행구간에서 섬유업 영하며 고용 지원금을 신청했습니다. 신청 후 사업장 실태조사가 실시된다고 들었는데, 조사 항목과 기준, 조사 시ち 필요 여부를 알고 싶습니다. 불이익이 되지 않을까 걱정됩니다.",공개,7
2022-03-07,누리시 바른구 재무회계과,FOI-2022-03946,소규모상인 사업자 등록 말소 이력 관련 지원금 환수 근거 자료 청구 (3946호),"미르로 교차로 인접 상가를 사용하다가 사업자등록을 말소한 이력이 있습니다. 말소 전 받은 지원금 중 사용 의무 미이행 환수 대상인지, 환수 기준과 이율, 분할 납부 가능 여부를 구체적으로 확인하고 싶습니다.",부분공개,9
2022-01-31,가람시 새빛구 일자리경제과,FOI-2022-03947,소규모상인 소비자생활협동조합 가입 지원금 관련 규정 열람 청구 (3947호),한울초 주변 통학로 인접 상점 운영 중이며 소비자생활협동조합 가입 시 지원되는 금액과 가입 조건을 파악하고 싶습니다. 소비자생활협동조합 가입으로 얻을 수 있는 혜택과 정부 지원금 연계 가능 여부를 확인하고 싶습니다.,부분공개,14
2025-11-08,예담시 늘품구 재무회계과,FOI-2025-03948,소규모상인 마케팅 지원사업 수행업체 선정 평가기준 공개 청구 (3948호),"새봄역 환승구역에서 기념품 판매업을 영하며 마케팅 지원사업 참여를 준비하고 있습니다. 마케팅 대행업체 선정 평가위원회 구성, 평가항목, 가점 요소 등을 파악하여 지원사업 참여 전략을 세우고 싶습니다.",부분공개,7
2022-07-07,온빛시 일자리경제과,FOI-2022-03949,소규모상인 의료비 특별공제 적용 기준 관련 자료 열람 청구 (3949호),"빛솔광장 일대에서 건강기능식품 판매업을 영하며 본인 의료비 부담이 큽니다. 자영업자 의료비 특별공제 적용 기준, 연간 공제, 증빙서류 요건 등을 구체적으로 파악하여 다음 연도 종합소득세 신고에 참고하고자 합니다.",부분공개,20
2022-04-28,해솔시 일자리경제과,FOI-2022-03950,소규모상인 시설현대화 지원금 변경 신청 처리절차 공개 청구 (3950호),"온빛도서관 앞 점포에서 초기 신청한 시설현대화 지원금 내용 일부를 변경하고자 합니다. 변경 신청 가능 기간, 제출 서류, 처리기간, 변경 전후 지원금액 차이 등 절차 전반을 구체적으로 확인하고 싶습니다.",부분공개,5
2022-05-04,가람시 새빛구 문화체육과,FOI-2022-03951,새빛시장 야외판매 부스 설치 기준 및 허가 절차 관련 정보 청구 (3951호),"최근 새빛시장 주변에서 음식류 제품을 직접 판매하려고 준비 중이다. 부스를 설치할 수 있는 구역의 범위와 영업 가능 시간대가 어떻게 되는지, 허가 신청 시 필요한 서류 목록과 처리 기간이 궁금하다. 시장 내 기존 점포와의 거리 규제도 있는지 알려주시기 바란다.",공개,19
2022-07-17,가람시 열린구 기획감사과,FOI-2022-03952,푸른마루 교차로 단속 구역 내 노점 상반기 집행 내역 청구 (3952호),"푸른마루 교차로 일대에서 경찰 단속을 여러 차례 받았는데, 같은 구간에서 다른 상인들은 단속을 면제한 경우가 있는 것 같다. 올 상반기 중 해당 구역에서 이루어진 식품 관련 단속 건수와 부과된 과태료 규모, 그리고 단속 기준이 되는 구체적 위반 항목이 무엇인지 확인하고 싶다.",부분공개,17
2023-08-30,너울시 물빛구 문화체육과,FOI-2023-03953,가온로 보행구간 야시장 문화행사 개최 계획 및 참여 안내 청구 (3953호),"가온로 보행구간에서 여름철 야간문화행사가 열리는 것으로 들었다. 음식판매 관련 부스를 운영해보고 싶은데 행사의 구체적인 일정과 참여 신청 시기, 참가비 여부를 알고 싶다. 또 문화행사 보조금 지원 대상에 소규모 음식업자도 포함되는지 알려주시기 바란다.",부분공개,15
2022-10-11,라온군 문화체육과,FOI-2022-03954,샘물동 생활권 내 식품접객업 영업시간 제한 조례 세부 기준 청구 (3954호),"비주거용 건물에 거주하면서 해당 건물의 1층에서 간단한 음식을 판매하려고 준비 중이다. 해당 건물지역가 식품접객업 영업시간에 대한 별도 규제가 있는지, 특히 늦은 시간대 영업을 할 경우 주의해야 할 소음 규제 기준이 있는지 구체적으로 알고 싶다.",부분공개,15
2025-07-31,새봄시 한울구 문화체육과,FOI-2025-03955,미래복합센터 인근 음식 제조가공 시설 지원사업 신청 안내 청구 (3955호),"실제로 제품을 만들어 판매하고 싶은 마음이 있는데 소규모 제조가공 시설을 갖추기가 어렵다. 미래복합센터 인근에 공동 KitchKitchen 시설이 있거나 지원받을 수 있는 제도인지, 신청 자격 요건과 현재 사용 가능한 좌석 수가 있는지 확인하고 싶다.",부분공개,15
2022-10-20,빛솔시 아람구 기획감사과,FOI-2022-03956,한울초 주변 통학로 문화공연 행사 상반기 시행 내역 청구 (3956호),"구직 준비 중인데 방과 후 한울초 주변 통학로에서 펼쳐지는 문화공연 행사의 진행 현황을 확인하고 싶다. 상반기 중 어떤 공연이 몇 차례 열렸고, 진행을 맡은 업체 선정 기준 및 공연 관계자 수가 어떻게 되는지 알려주시기 바란다.",공개,6
2025-04-24,새봄시 한울구 문화체육과,FOI-2025-03957,누리버스 정류장 주변street food 트럭 운영 허가 제도 도입 검토 현황 청구 (3957호),"전역 후 구직이며 음식관련 일자리를 찾고 있다. 누리버스 정류장 주변에서 요즘 트럭 형태의 음식 판매가 허용되는지, 그런 형식의 영업이 가능하려면 어떤 허가 절차를む해야 하는지 알고 싶다. 현재 운영 중인 트럭 수와 기간 제한도 알려주시기 바란다.",부분공개,13
2025-08-04,도담군 문화체육과,FOI-2025-03958,열린마을 공원 지역문화 활동 참여 청년 지원금 상반기 집행 내역 청구 (3958호),"전역 후 사회초년생으로서 열린마을 공원에서 열리는 문화에 적극 참여하려고 한다. 해당 행사의 문화활동 지원금 지급 대상자 선정 기준이 무엇인지, 올 상반기 동안 지원금을 수령한 인원수와 지원 금액 수준이 어느 정도인지 파악하고 싶다.",부분공개,13
2023-11-05,새봄시 한울구 문화체육과,FOI-2023-03959,가람공공청사 주변 공공기관 문화교실 강사 채용 계획 청구 (3959호),"전역 후 새로운 분야에 도전해보고 싶어 강사 관련 일자리를 알아보고 있다. 가람공공청사 주변 공공기관에서 운영하는 문화교실 강사 채용 일정이 있는지, 지원 자격 조건에 경력이 있는지, 보수 수준이 대략 어떻게 되는지 알고 싶다.",부분공개,11
2025-02-26,너울시 물빛구 기획감사과,FOI-2025-03960,한들동 생활권 내 구직자 대상 문화강좌 수강료 지원 사업 신청 안내 청구 (3960호),"전역 후 직장을 구하지 못한 상태에서 자기계발을 하고 싶은 마음이 있다. 한들동 생활권에서 구직자를 대상으로 수강료를 지원하는 프로그램이 있는지, 신청 시 필수 서류와 소득 기준 제한이 있는지 알려주시기 바란다.",공개,12
2025-05-04,너울시 물빛구 문화체육과,FOI-2025-03961,빛솔광장 일대 가을문화제 공연 선정 기준 및 심사 내역 청구 (3961호),"전직 가구 디자인 경력을 바탕으로 전시 관련 일거리를 찾고 있다. 빛솔광장 일대에서 열리는 가을문화제에 전시 부스 참가 업체를 선정할 때 어떤 기준으로 판단하는지, 올 해 심사받은 업체 목록과 각 업체의 선정 점수가 어떻게 되는지 확인하고 싶다.",비공개,10
2022-06-15,새봄시 한울구 기획감사과,FOI-2022-03962,새봄역 환승구역 문화광장 설치 사업 시행 계획 및 업체 선정 내역 청구 (3962호),"새봄역 환승구역에 문화광장이 들어선다는 소식에 관심을 가지고 있다. 해당 시설 설치 공사를 맡은 업체 선정 과정이 어떻게 이루어졌는지, 현재 공정이 어느 정도 진행되었는지, 향후 부지 내 문화 프로그램 운영 계획이 있는지 알려주시기 바란다.",공개,3
2025-01-18,온빛시 기획감사과,FOI-2025-03963,누리버스 정류장 주변 공익 지원금 상반기 집행 현황 청구 (3963호),"전직 가구 디자이너로서 활동에 참여하려고 준비 중이다. 누리버스 정류장 주변에서 상반기 중 공익활동에 지원금을 받은 단체와 그 금액 규모가 어떤지, 지원금 사용 내역에 대한 보고 의무가 있는지 알고 싶다.",비공개,17
2022-08-19,도담군 문화체육과,FOI-2022-03964,온빛도서관 앞 지역 문화행사 상반기 관객 동원 및 만족도 조사 결과 청구 (3964호),"전직 가구 디자이너로서 문화 행사 기획 분야로 전직을 준비하고 있다. 온빛도서관 앞 상반기 문화행사의 관객 수 규모가 어느 정도인지, 행사 만족도 조사에서 주요 불만 사항이 무엇이었는지 파악하여 향후 기획 시 참고하고 싶다.",공개,5
2025-06-23,세움시 맑은구 기획감사과,FOI-2025-03965,도담천 산책로 조형물 설치 업체 선정 투명성 확보 위한 평가 기준 공개 청구 (3965호),"도담천 산책로에 설치된 조형물에 대해 관심을 가지고 있다. 해당 조형물 제작 업체 선정 시 설계 제안서를 얼마나 비중 있게 반영했는지, 시공비가 업체 제안 금액 그대로되었는지 알 수 있는 자료가 있는지 확인하고 싶다.",공개,14
2022-11-18,미래군 문화체육과,FOI-2022-03966,라온체육센터 주변 체육관 문화행사 주관 업체 선정 내역 및 계약 조건 청구 (3966호),"전직 가구 디자이너로서 전시 설계 분야 경력을 문화행사 기획에 활용하고 싶다. 라온체육센터 주변 체육관에서 열리는 문화행사의 주관 업체 선정 이력이 있는지, 선정 시 고려한 업체 포트폴리오 수준이 어느 정도인지 확인하고 싶다.",공개,10
2025-03-10,가람시 열린구 기획감사과,FOI-2025-03967,새빛시장 주변 한부모 가족 대상 문화활동 프로그램 상반기 운영 내역 청구 (3967호),"자녀와 함께 거주하며 경제적으로 어려운 상황이다. 새빛시장 주변에서 한부모 가정의 자녀를 위한 문화체험 프로그램이 있는지, 상반기 중 진행된 프로그램의 종류와 참여 자녀 수, 가족 단위 지원금이 있었는지 확인하고 싶다.",공개,18
2022-09-18,해솔시 기획감사과,FOI-2022-03968,맑은마을 커뮤니티센터 아동돌봄 문화교실 상반기 운영 시간 및 이용자 통계 청구 (3968호),"취업을 준비해야 하는데-appropriate 돌봄 시설이 부족하여 걱정이 크다. 맑은마을 커뮤니티센터에서 아동 돌봄과 연계된 문화교실이 있는지, 상반기 운영 시간대가 어떻게 되고, 현재 이용 중인 자녀 수가 얼마나 되는지 알려주시기 바란다.",공개,10
2023-08-20,예담시 늘품구 문화체육과,FOI-2023-03969,한울초 주변 통학로 방과후 문화프로그램 수강료 감면 제도 안내 청구 (3969호),"한부모 가정이자 자녀의 방과후 문화활동 비용 부담이 크다. 한울초 주변 통학로 연변 교육기관에서 수강료 감면이나 무상 프로그램을 지원하는 제도가 있는지, 신청 자격 요건과 감면율이 어떻게 되는지 확인하고 싶다.",공개,15
2023-09-23,여울시 단비구 기획감사과,FOI-2023-03970,누리버스 정류장 주변 돌봄종사자 대상 상반기 고용 안정 지원금 집행 내역 청구 (3970호),"전직 가사 도우미로서 고용이 불안정하여 걱정이 크다. 누리버스 정류장 주변에서 돌봄종사자를 대상으로 고용 안정 지원금을 지급하는 사업이 있는지, 상반기 지급 대상 인원수와 1인당 지원 금액 규모가 어떻게 되는지 확인하고 싶다.",공개,15
2024-04-14,빛솔시 아람구 기획감사과,FOI-2024-03971,가람공공청사 주변 문화여가 프로그램 상반기 운영 내역 및 만족도 결과 청구 (3971호),"나이가 들어도 꾸준히 사회활동에 참여하고 싶은 마음이다. 가람공공청사 주변에서 시니어 을 대상으로 하는 문화여가 프로그램이 있는지, 상반기 진행된 프로그램 종류와 만족도 조사 결과가 어떤지 알고 싶다.",부분공개,14
2023-07-25,너울시 물빛구 기획감사과,FOI-2023-03972,새봄역 환승구역 내 접근 편의시설 설치 현황 및 향후 설치 계획 청구 (3972호),"보행이 불편해지고 이동에 어려움을 느끼고 있다. 새봄역 환승구역 내에서나 신체 불편자가하기 쉬운 엘리베이터나 에스컬레이터가 설치되어 있는지, 향후 추가 설치 계획이 있는지 확인하고 싶다.",공개,12
2025-08-26,누리시 바른구 문화체육과,FOI-2025-03973,너울천 산책로 경관 우수 사례 선정 및 이력에 관한 정보 청구 (3973호),"젖소 사육 경험을 바탕으로 농촌 경관 유지에 관심이 많다. 너울천 산책로의 경관이 우수하다고 평가를 받은 적이 있는지, 수상이나 이력이 있다면 그때 심사 기준이 무엇이었는지 알고 싶다.",공개,9
2022-09-26,미래군 문화체육과,FOI-2022-03974,한들동 생활권 내 농업인 문화 복지 프로그램 상반기 시행 내역 청구 (3974호),"전직 농업인으로서 지역사회에서 문화 혜택을 누리기 어렵다는 불만이 있다. 한들동 생활권에서 농업인이나 농업관계자를 위한 문화 복지 프로그램이 있는지, 상반기 진행된 프로그램 종류와 참여 인원, 본인 부담 비용이 있었는지 확인하고 싶다.",공개,17
2022-08-03,가람시 열린구 문화체육과,FOI-2022-03975,세움산업단지 입구 농촌 문화 체험 프로그램 상반기 유치 계획 및 실적 청구 (3975호),"젖소 사육 경력을 지역사회에 알리고 싶어 도시 주민 대상 농촌 문화 체험 프로그램을 찾아보고 있다. 세움산업단지 입구 지역에서 농촌 문화 체험 행사가 열리는지, 상반기 유치 실적과-program/program 운영 주체, 참가비 책정 기준이 어떻게 되는지 알려주시기 바란다.",공개,3
2022-11-01,너울시 물빛구 교통행정과,FOI-2022-03976,샘물동 생활권 시내버스 72번 노선 검토 및 운행 현황 공개 청구 (3976호),"최근 시내버스 72번 노선이 배차 간격이 40분 이상으로 늘어 일상 출퇴근에 불편이 큽니다. 특히 자동차 엔진 조립원인 근무 특성상 야간 교대 근무 후 새벽에 귀가하는데 대중교통 이용이 어려워졌습니다. 해당 노선의 최근 6개월간 배차 간격, 운행 시간대, 승객 이용 현황 등 운영 데이터 공개를 요청합니다.",공개,14
2024-05-05,누리시 바른구 도시계획과,FOI-2024-03977,푸른마루 교차로 주변 시내버스 정류장 승강장 개선 사업 추진 현황 (3977호),푸른마루 교차로에 설치된 시내버스 정류장 승강장이 노후화되어 고령자가 이용하기 어렵습니다. 특히 무릎 관절에 문제가 있는 사람이 많아 저상형 승강장으로의 계획이 있는지 확인이 필요합니다. 해당 정류장 보수 및 개선 사업의 추진 일정과 예산 배분 현황을 알고 싶습니다.,부분공개,8
2022-07-17,도담군 교통행정과,FOI-2022-03978,시립버스 에너지 비용 보조금 지급 기준 및 주민 공개 자료 (3978호),"시립버스가 사용하는 연료비 보조금의 산정 방식이 투명하게 공개되지 않아 시민으로서 불안합니다. 연간 보조금 규모, 버스 1대당 보조금 단가, 최근 3년간 보조금 증감 추이 등 재정 지원 현황을 상세히 알려주시기 바랍니다.",비공개,10
2023-06-24,여울시 단비구 교통행정과,FOI-2023-03979,새빛시장 주변 마을버스 신규 노선 개설 계획 관련 검토 문서 (3979호),"새빛시장 주변에는 대규모 상가가 들어서いる 반면 대중교통 접근성이 부족합니다. 자동차 조립 현장 근무 시 차량이 제한되어 시장 방문이 어렵고, 배우자와 자녀의 장보기 교통 수단 확보가 시급합니다. 해당 지역 마을버스 신규 노선 개설 자료와 추진 일정을 공개해 주시기 바랍니다.",공개,20
2024-01-11,가람시 새빛구 도시계획과,FOI-2024-03980,누리버스 정류장 실시간 버스 도착 정보 시스템 운영 현황 및 정확도 (3980호),"누리버스 정류장에서 스마트폰 앱으로 버스 도착 정보를 확인하는데 자주 오차가 발생합니다. 귀가 시간이 늦어지는 야간에는 정확한 도착 정보가 필수적인데, 현재 시스템의 오류율과 개선 계획에 대해 시민으로서 확인이 필요합니다. 시스템 운영 현황 보고서와 오류 처리 절차 자료 공개를 요청합니다.",공개,12
2023-12-27,미래군 도시계획과,FOI-2023-03981,미래복합센터 인근 광역버스 환승역사 건설 사업 보조금 사용 내역 (3981호),"미래복합센터 인근에 건설 중인 환승역사 사업에 대한 보조금이 어디에 쓰이는지 확인이 필요합니다. 전직 전도사 경력으로 구직 활동 중이라 경제적 이해관계가 있는 시민으로서 보조금 사용의 투명성을 요구합니다. 해당 사업의 총 사업비, 보조금 지급 내역, 공사 진행률을 공개해 주시기 바랍니다.",비공개,13
2024-07-02,너울시 물빛구 교통행정과,FOI-2024-03982,가온로 보행구간 장애인 이용 편의시설 설치 현황 및 보수 계획 (3982호),"가온로 보행구간에 휠체어 이용자가 위한 경사로가 제대로 되어있지 않아 딸의 친구인 장애인이 등교 시 불편을 겪고 있습니다. 현재 해당 구간의 장애인 편의시설 현황과 보수 계획, 향후 설치 예정 시설에 대한 자료를 요청합니다.",공개,13
2022-05-28,여울시 단비구 교통행정과,FOI-2022-03983,온빛도서관 앞 버스 정류소 셔틀버스 운행 시간표 조정 근거 자료 (3983호),자녀들이 온빛도서관에서 독서 학습을 하는데 셔틀버스 운행 시간이 학교 방과 후 시간과 맞지 않아 직접 마중을 나가야 하는 번거로움이 있습니다. 현재 운행 시간표 설정 기준과 최근 조정 이력을 알고 싶습니다.,부분공개,2
2024-02-09,여울시 단비구 교통행정과,FOI-2024-03984,한울초 주변 통학로 교통안전 시설물 설치 및 유지보수 내역 (3984호),"자녀의 통학로인 한울초 주변에 신호등과 미끄럼 방지턱이 제대로 작동하지 않는 구간이 있습니다. 현재 구직 중인로시설への접근성이 중요하며, 해당 시설물의 설치 연도, 보수 이력, 점검 주기 자료를 공개해 주시기 바랍니다.",부분공개,18
2022-09-04,누리시 바른구 교통행정과,FOI-2022-03985,시내버스 종점 변경이 지역 주민 교통 접근성에 미치는 영향 분석 보고서 (3985호),최근 시내버스 종점이 변경되면서 교통 사각지대가 발생했다는 주민 민원이 있습니다. 구직 활동 중 직접 차량이 없어 건강한 종점 변경이 지역 주민들의 생활에 미치는 영향에 대한 분석 자료를 요청합니다.,공개,13
2023-12-22,해솔시 도시계획과,FOI-2023-03986,세움산업단지 입구 시내버스 정류장 신설 관련 교통 영향 평가 자료 (3986호),"세움산업단지에 신규 공장이 입주하면서수가 크게 늘었으나 아직 대중교통 접근성이 부족합니다. 연구원으로서 정확한 데이터에 기반한 판단이 필요하므로, 해당 지역 정류장 신설시 교통 영향 평가 보고서와 예상 이용 인원을 공개해 주시기 바랍니다.",공개,2
2023-07-24,새봄시 한울구 교통행정과,FOI-2023-03987,도담천 산책로 주변 순환 버스 운행 시범사업 추진 현황 보고서 (3987호),도담천 산책로를 찾는 고령 관광객 증가로 주변 교통 여건이 복잡해지고 있습니다. 아저씨가 산책로 이용 시 대중교통으로 접근하기 어려운 점을 개선하기 위해 추진 중인 순환 버스 시범사업의 현재 진행 현황과 향후 확대 계획 자료를 요청합니다.,공개,4
2023-07-26,해솔시 교통행정과,FOI-2023-03988,시립버스 대절 서비스 신청 절차 및 이용 가능 시간대 확대 검토 자료 (3988호),"연구원으로 잦은 야간 실험 후 귀가 시 일반 버스 운행이 않아 대절 서비스 이용을 고려하고 있습니다. 현재 대절 서비스의 신청 방법, 이용 가능 시간대, 희망 이용 시 비용 부담 수준에 대한 자료를 알고 싶습니다.",공개,7
2025-06-16,온빛시 교통행정과,FOI-2025-03989,라온체육센터 주변 광역버스 정류장 승강장 개선 시범사업 예산 배분 (3989호),라온체육센터를 찾는 장애인 및 고령が안전하게 버스를 이용하려면 승강장 개선이 필수적입니다. 아버지의 편의를 위해 해당 지역의 승강장 개선 시범사업 예산 배분 현황과 내용을 공개해 주시기 바랍니다.,부분공개,19
2023-11-07,빛솔시 아람구 교통행정과,FOI-2023-03990,가람공공청사 주변 복합 환승센터 건립 계획 관련 주민 설명회 자료 (3990호),가람공공청사 주변에 복합 환승센터 건립 계획이 있다는 소식을 들었습니다. 아버지와 함께 정기적으로 공공청사를 방문하므로 향후 교통 여건 변화에 대한 정보가 필요합니다. 현재까지 진행된 주민 설명회 자료와 계획안 내용을 공개해 주시기 바랍니다.,부분공개,4
2024-02-24,빛솔시 아람구 도시계획과,FOI-2024-03991,한들동 생활권 순환 미니버스 노선 확대에 따른 이용자 만족도 조사 결과 (3991호),한들동 생활권의 순환 미니버스가 확대 운행된 후 실제 이용객들의 반응이 어떠한지 궁금합니다. 어머니와 함께 대중교통을 이용하는の로서 서비스 개선에 반영될 만족도 조사 결과를 공개해 주시기 바랍니다.,부분공개,14
2022-05-15,빛솔시 아람구 도시계획과,FOI-2022-03992,미르로 교차로 지하차도 보행자 출구 관련 교통 정량 분석 자료 (3992호),미르로 교차로에 지하차도가 있어 건널목 이용이 불편합니다. 어머니와 산책 시 맨홀 뚜껑 위를 걸어야 하는 상황으로 위험합니다. 지하차도 보행자 출구 분석 자료와 주민 의견 수렴 결과를 공개해 주시기 바랍니다.,부분공개,5
2024-02-15,너울시 물빛구 도시계획과,FOI-2024-03993,새봄역 환승구역 저상 버스 배차 비율 및 확대 계획 공식 문서 (3993호),"새봄역 환승구역에서 저상 버스 배차 비율이 매우 낮아 부모님과 함께 이동 시 매우 불편합니다. 아버지의 mobility으로 저상 버스 이용이 필수적인데, 현재 저상 버스 배차 현황과 향후 확대 계획에 대한 공식 문서를 요청합니다.",공개,2
2023-04-29,가람시 새빛구 교통행정과,FOI-2023-03994,시내버스 대중교통 카드 환승 할인 정책 시행 효과 분석 보고서 (3994호),연구원으로 출퇴근 시 시내버스를 자주 이용하는데 대중교통 카드 환승 할인이 어떻게 적용되는지 체감이 잘 되지 않습니다. 환승 할인 정책의 시행 효과에 대한 분석 보고서와 실제 절약 액수 통계를 공개해 주시기 바랍니다.,비공개,9
2024-03-27,빛솔시 아람구 교통행정과,FOI-2024-03995,새빛시장 주변 야간 버스 운행 segurança 강화 관련 공식 발표 자료 (3995호),새빛시장 주변은 야간에이 부족하고 야간 버스 이용 시 안전이 걱정됩니다. 어머니 혼자 야간에 대중교통을 이용하는 상황이므로 강화의 공식 발표 자료를 요청합니다.,비공개,18
2023-04-03,세움시 맑은구 도시계획과,FOI-2023-03996,누리버스 정류장 노후화 교체 사업 추진 현황 및 예산 집행 내역 (3996호),전직 간판 제작 및 설치원으로서 정류장 노후화 교체 사업에 전문적 관심이 있습니다. 현재 업계 종사자가 없는 상황이기에 정류장 교체 사업의 시장 규모와 전망에 대해 데이터로 확인이 필요합니다. 해당 사업의 추진 현황과 예산 집행 내역을 공개해 주시기 바랍니다.,공개,7
2023-10-29,너울시 물빛구 도시계획과,FOI-2023-03997,가온로 보행구간 자전거 공유サービス 도입 검토 자료 및 주민 수렴 결과 (3997호),가온로 보행구간에 자전거 공유서비스 도입을 검토 중이라는 소식을 들었습니다. 구직 활동 중 mobility 확보가 중요하고 환경도 보호하고 싶어 공유서비스 이용을 희망합니다. 도입 검토 자료와 주민 수렴 결과를 공개해 주시기 바랍니다.,부분공개,15
2024-06-25,가람시 열린구 도시계획과,FOI-2024-03998,시립버스 내 wi-fi 제공 서비스 확대 계획 관련 입찰 공고 및 선정 기준 (3998호),전직 간판 제작 및 설치업 경력으로 wi-fi 장비 납품 사업에 관심이 있습니다. 시립버스 내 wi-fi 제공 서비스 확대 계획의 입찰 공고 내용과 선정 기준에 대해 알고 싶습니다.,비공개,13
2022-09-26,가람시 열린구 교통행정과,FOI-2022-03999,미래복합센터 인근 환승 주차장 자전거시설 확충 계획 (3999호),미래복합센터 인근 환승 주차장에 자전거시설가 부족합니다. 부모님과 함께 대중교통과 자전거를 연계하여 이동하고 싶은데 현재 시설이 부족합니다. 향후 확충 계획과 예산 배분 현황을 공개해 주시기 바랍니다.,부분공개,18
2024-03-22,너울시 물빛구 도시계획과,FOI-2024-04000,해솔문화광장 야간 문화 행사 기간 특별 대중교통 운행 계획 (4000호),해솔문화광장에서 열리는 야간 문화 행사에 대중교통으로 참여하고 싶으나 밤늦게까지 대중교통이하지 않아 걱정이 됩니다. 향후 야간 문화 행사 기간 특별 대중교통 운행 계획과 추가 배차 계획 자료를 공개해 주시기 바랍니다.,비공개,1
